year,geo_actividad,section_key,municipio,casos_agricultura,casos_construccion,casos_industria,casos_actividad_no_consta,casos_servicios,actividad_total_conocida,pct_servicios,pct_industria_construccion
2021,20210101_38001_D01_S001,38001_D01_S001,Adeje,2.0,40.0,21.0,0.0,591.0,654.0,90.36697247706422,9.327217125382264
2021,20210101_38001_D01_S002,38001_D01_S002,Adeje,13.0,39.0,22.0,0.0,942.0,1016.0,92.71653543307086,6.003937007874016
2021,20210101_38001_D01_S003,38001_D01_S003,Adeje,14.0,39.0,18.0,1.0,993.0,1064.0,93.32706766917293,5.357142857142857
2021,20210101_38001_D01_S004,38001_D01_S004,Adeje,31.0,37.0,28.0,0.0,682.0,778.0,87.66066838046272,8.354755784061696
2021,20210101_38001_D01_S005,38001_D01_S005,Adeje,47.0,58.0,39.0,0.0,860.0,1004.0,85.65737051792829,9.661354581673306
2021,20210101_38001_D01_S006,38001_D01_S006,Adeje,26.0,50.0,37.0,0.0,986.0,1099.0,89.7179253867152,7.916287534121929
2021,20210101_38001_D01_S007,38001_D01_S007,Adeje,11.0,30.0,25.0,0.0,1306.0,1372.0,95.18950437317784,4.0087463556851315
2021,20210101_38001_D01_S008,38001_D01_S008,Adeje,7.0,56.0,20.0,1.0,892.0,975.0,91.48717948717949,7.794871794871795
2021,20210101_38001_D01_S009,38001_D01_S009,Adeje,9.0,48.0,36.0,0.0,1093.0,1186.0,92.15851602023609,7.082630691399663
2021,20210101_38001_D01_S010,38001_D01_S010,Adeje,10.0,23.0,28.0,0.0,532.0,593.0,89.7133220910624,8.600337268128161
2021,20210101_38001_D01_S011,38001_D01_S011,Adeje,46.0,60.0,19.0,0.0,1270.0,1395.0,91.0394265232975,5.663082437275985
2021,20210101_38001_D01_S012,38001_D01_S012,Adeje,11.0,45.0,32.0,0.0,750.0,838.0,89.49880668257757,9.18854415274463
2021,20210101_38001_D01_S013,38001_D01_S013,Adeje,7.0,58.0,24.0,0.0,1307.0,1396.0,93.62464183381088,5.873925501432665
2021,20210101_38001_D01_S014,38001_D01_S014,Adeje,10.0,17.0,10.0,0.0,517.0,554.0,93.32129963898917,4.873646209386282
2021,20210101_38001_D01_S015,38001_D01_S015,Adeje,12.0,39.0,20.0,0.0,787.0,858.0,91.72494172494173,6.876456876456876
2021,20210101_38001_D01_S016,38001_D01_S016,Adeje,8.0,27.0,16.0,0.0,524.0,575.0,91.1304347826087,7.478260869565218
2021,20210101_38001_D01_S017,38001_D01_S017,Adeje,14.0,40.0,18.0,1.0,928.0,1000.0,92.8,5.8
2021,20210101_38001_D01_S018,38001_D01_S018,Adeje,3.0,82.0,24.0,0.0,1488.0,1597.0,93.17470256731372,6.637445209768315
2021,20210101_38002_D01_S001,38002_D01_S001,Agulo,18.0,30.0,6.0,0.0,287.0,341.0,84.1642228739003,10.557184750733137
2021,20210101_38003_D01_S001,38003_D01_S001,Alajeró,21.0,69.0,19.0,0.0,680.0,789.0,86.1850443599493,11.153358681875792
2021,20210101_38004_D01_S001,38004_D01_S001,Arafo,20.0,50.0,76.0,0.0,698.0,844.0,82.70142180094787,14.928909952606634
2021,20210101_38004_D01_S002,38004_D01_S002,Arafo,16.0,44.0,67.0,0.0,504.0,631.0,79.87321711568939,17.591125198098258
2021,20210101_38004_D01_S003,38004_D01_S003,Arafo,22.0,53.0,49.0,0.0,617.0,741.0,83.26585695006747,13.765182186234817
2021,20210101_38005_D01_S001,38005_D01_S001,Arico,56.0,20.0,30.0,0.0,176.0,282.0,62.4113475177305,17.73049645390071
2021,20210101_38005_D01_S002,38005_D01_S002,Arico,37.0,11.0,37.0,0.0,184.0,269.0,68.40148698884758,17.843866171003718
2021,20210101_38005_D01_S003,38005_D01_S003,Arico,46.0,31.0,42.0,0.0,314.0,433.0,72.51732101616628,16.859122401847575
2021,20210101_38005_D01_S004,38005_D01_S004,Arico,40.0,69.0,94.0,0.0,852.0,1055.0,80.75829383886256,15.450236966824644
2021,20210101_38005_D01_S005,38005_D01_S005,Arico,72.0,80.0,87.0,0.0,574.0,813.0,70.60270602706026,20.541205412054122
2021,20210101_38005_D01_S006,38005_D01_S006,Arico,33.0,14.0,40.0,0.0,176.0,263.0,66.92015209125475,20.53231939163498
2021,20210101_38006_D01_S001,38006_D01_S001,Arona,10.0,36.0,36.0,0.0,397.0,479.0,82.88100208768267,15.031315240083508
2021,20210101_38006_D01_S002,38006_D01_S002,Arona,13.0,40.0,27.0,0.0,583.0,663.0,87.93363499245852,10.105580693815988
2021,20210101_38006_D01_S003,38006_D01_S003,Arona,14.0,84.0,50.0,0.0,983.0,1131.0,86.91423519009726,11.84792219274978
2021,20210101_38006_D01_S004,38006_D01_S004,Arona,19.0,69.0,37.0,0.0,834.0,959.0,86.96558915537018,11.05318039624609
2021,20210101_38006_D01_S005,38006_D01_S005,Arona,15.0,34.0,18.0,0.0,717.0,784.0,91.45408163265306,6.63265306122449
2021,20210101_38006_D01_S006,38006_D01_S006,Arona,7.0,20.0,14.0,0.0,568.0,609.0,93.26765188834155,5.582922824302135
2021,20210101_38006_D01_S007,38006_D01_S007,Arona,73.0,48.0,12.0,0.0,542.0,675.0,80.29629629629629,8.88888888888889
2021,20210101_38006_D01_S008,38006_D01_S008,Arona,46.0,37.0,13.0,0.0,630.0,726.0,86.77685950413223,6.887052341597796
2021,20210101_38006_D01_S009,38006_D01_S009,Arona,12.0,62.0,37.0,0.0,922.0,1033.0,89.25459825750242,9.583736689254598
2021,20210101_38006_D01_S010,38006_D01_S010,Arona,10.0,59.0,55.0,0.0,768.0,892.0,86.09865470852019,12.780269058295964
2021,20210101_38006_D01_S011,38006_D01_S011,Arona,13.0,39.0,28.0,1.0,1306.0,1386.0,94.22799422799423,4.834054834054834
2021,20210101_38006_D01_S012,38006_D01_S012,Arona,7.0,23.0,24.0,0.0,379.0,433.0,87.52886836027713,10.854503464203233
2021,20210101_38006_D01_S013,38006_D01_S013,Arona,90.0,66.0,36.0,0.0,788.0,980.0,80.40816326530613,10.408163265306122
2021,20210101_38006_D01_S014,38006_D01_S014,Arona,15.0,25.0,19.0,0.0,936.0,995.0,94.07035175879398,4.422110552763819
2021,20210101_38006_D01_S015,38006_D01_S015,Arona,6.0,22.0,14.0,1.0,897.0,939.0,95.52715654952077,3.8338658146964857
2021,20210101_38006_D01_S016,38006_D01_S016,Arona,15.0,91.0,45.0,0.0,1227.0,1378.0,89.04208998548621,9.869375907111756
2021,20210101_38006_D01_S017,38006_D01_S017,Arona,10.0,9.0,4.0,0.0,289.0,312.0,92.62820512820512,4.166666666666667
2021,20210101_38006_D01_S018,38006_D01_S018,Arona,37.0,82.0,48.0,0.0,1404.0,1571.0,89.36982813494589,8.274984086569065
2021,20210101_38006_D01_S019,38006_D01_S019,Arona,4.0,17.0,15.0,0.0,533.0,569.0,93.67311072056239,5.62390158172232
2021,20210101_38006_D01_S020,38006_D01_S020,Arona,4.0,43.0,16.0,0.0,1072.0,1135.0,94.44933920704845,5.1982378854625555
2021,20210101_38006_D01_S021,38006_D01_S021,Arona,67.0,55.0,43.0,0.0,685.0,850.0,80.58823529411765,11.529411764705882
2021,20210101_38006_D01_S022,38006_D01_S022,Arona,24.0,57.0,38.0,0.0,857.0,976.0,87.80737704918033,9.73360655737705
2021,20210101_38006_D01_S023,38006_D01_S023,Arona,48.0,57.0,26.0,1.0,701.0,832.0,84.2548076923077,9.975961538461538
2021,20210101_38006_D01_S024,38006_D01_S024,Arona,12.0,64.0,25.0,1.0,715.0,816.0,87.62254901960785,10.906862745098039
2021,20210101_38006_D01_S025,38006_D01_S025,Arona,6.0,35.0,23.0,0.0,521.0,585.0,89.05982905982906,9.914529914529915
2021,20210101_38006_D01_S026,38006_D01_S026,Arona,11.0,65.0,35.0,0.0,1177.0,1288.0,91.38198757763975,7.763975155279503
2021,20210101_38006_D01_S027,38006_D01_S027,Arona,19.0,67.0,42.0,0.0,858.0,986.0,87.0182555780933,11.05476673427992
2021,20210101_38006_D01_S028,38006_D01_S028,Arona,47.0,46.0,36.0,0.0,651.0,780.0,83.46153846153847,10.512820512820513
2021,20210101_38006_D01_S029,38006_D01_S029,Arona,57.0,30.0,13.0,1.0,379.0,479.0,79.12317327766179,8.977035490605427
2021,20210101_38006_D01_S030,38006_D01_S030,Arona,18.0,53.0,21.0,0.0,824.0,916.0,89.95633187772926,8.078602620087336
2021,20210101_38006_D01_S031,38006_D01_S031,Arona,77.0,60.0,22.0,0.0,570.0,729.0,78.18930041152264,11.248285322359397
2021,20210101_38006_D01_S032,38006_D01_S032,Arona,9.0,52.0,25.0,0.0,679.0,765.0,88.75816993464052,10.065359477124183
2021,20210101_38006_D01_S033,38006_D01_S033,Arona,5.0,55.0,19.0,0.0,774.0,853.0,90.73856975381008,8.675263774912075
2021,20210101_38006_D01_S034,38006_D01_S034,Arona,42.0,34.0,19.0,1.0,379.0,474.0,79.957805907173,11.181434599156118
2021,20210101_38007_D01_S001,38007_D01_S001,Barlovento,59.0,42.0,21.0,4.0,391.0,513.0,76.21832358674465,12.280701754385966
2021,20210101_38007_D01_S002,38007_D01_S002,Barlovento,27.0,29.0,21.0,1.0,137.0,214.0,64.01869158878505,23.364485981308412
2021,20210101_38008_D01_S001,38008_D01_S001,Breña Alta,17.0,33.0,19.0,0.0,440.0,509.0,86.44400785854617,10.216110019646365
2021,20210101_38008_D01_S002,38008_D01_S002,Breña Alta,23.0,85.0,40.0,3.0,686.0,834.0,82.25419664268586,14.988009592326138
2021,20210101_38008_D01_S003,38008_D01_S003,Breña Alta,24.0,68.0,41.0,3.0,810.0,943.0,85.89607635206787,11.558854718981973
2021,20210101_38008_D01_S004,38008_D01_S004,Breña Alta,21.0,57.0,34.0,0.0,574.0,686.0,83.6734693877551,13.26530612244898
2021,20210101_38009_D01_S001,38009_D01_S001,Breña Baja,28.0,54.0,29.0,0.0,779.0,890.0,87.52808988764045,9.325842696629213
2021,20210101_38009_D01_S002,38009_D01_S002,Breña Baja,31.0,61.0,38.0,0.0,689.0,819.0,84.12698412698413,12.087912087912088
2021,20210101_38009_D01_S003,38009_D01_S003,Breña Baja,4.0,20.0,9.0,0.0,340.0,373.0,91.15281501340482,7.774798927613941
2021,20210101_38009_D01_S004,38009_D01_S004,Breña Baja,17.0,24.0,23.0,0.0,315.0,379.0,83.11345646437995,12.401055408970976
2021,20210101_38010_D01_S001,38010_D01_S001,Buenavista del Norte,94.0,18.0,16.0,1.0,320.0,448.0,71.42857142857143,7.589285714285714
2021,20210101_38010_D01_S002,38010_D01_S002,Buenavista del Norte,30.0,22.0,4.0,0.0,183.0,239.0,76.56903765690376,10.878661087866108
2021,20210101_38010_D01_S003,38010_D01_S003,Buenavista del Norte,100.0,15.0,10.0,0.0,342.0,467.0,73.23340471092077,5.353319057815845
2021,20210101_38010_D01_S004,38010_D01_S004,Buenavista del Norte,96.0,23.0,19.0,0.0,355.0,493.0,72.00811359026369,8.519269776876268
2021,20210101_38011_D01_S001,38011_D01_S001,Candelaria,18.0,41.0,45.0,1.0,706.0,810.0,87.1604938271605,10.617283950617283
2021,20210101_38011_D01_S002,38011_D01_S002,Candelaria,3.0,27.0,44.0,0.0,495.0,569.0,86.99472759226714,12.478031634446397
2021,20210101_38011_D01_S003,38011_D01_S003,Candelaria,19.0,67.0,55.0,1.0,965.0,1106.0,87.25135623869801,11.030741410488245
2021,20210101_38011_D01_S004,38011_D01_S004,Candelaria,6.0,21.0,35.0,0.0,520.0,582.0,89.34707903780068,9.621993127147766
2021,20210101_38011_D01_S005,38011_D01_S005,Candelaria,4.0,23.0,22.0,0.0,387.0,436.0,88.76146788990826,10.321100917431192
2021,20210101_38011_D01_S006,38011_D01_S006,Candelaria,2.0,39.0,47.0,0.0,813.0,901.0,90.2330743618202,9.544950055493896
2021,20210101_38011_D01_S007,38011_D01_S007,Candelaria,8.0,39.0,51.0,1.0,919.0,1017.0,90.3638151425762,8.849557522123893
2021,20210101_38011_D01_S008,38011_D01_S008,Candelaria,3.0,17.0,35.0,0.0,418.0,473.0,88.37209302325581,10.993657505285412
2021,20210101_38011_D01_S009,38011_D01_S009,Candelaria,2.0,22.0,29.0,0.0,400.0,453.0,88.30022075055187,11.258278145695364
2021,20210101_38011_D01_S010,38011_D01_S010,Candelaria,2.0,27.0,24.0,0.0,440.0,493.0,89.24949290060852,10.344827586206897
2021,20210101_38011_D01_S011,38011_D01_S011,Candelaria,3.0,30.0,43.0,0.0,670.0,746.0,89.81233243967829,9.785522788203753
2021,20210101_38011_D01_S012,38011_D01_S012,Candelaria,7.0,26.0,37.0,0.0,575.0,645.0,89.14728682170542,9.767441860465116
2021,20210101_38011_D02_S001,38011_D02_S001,Candelaria,17.0,38.0,53.0,0.0,617.0,725.0,85.10344827586206,12.551724137931034
2021,20210101_38011_D02_S002,38011_D02_S002,Candelaria,9.0,34.0,49.0,0.0,569.0,661.0,86.08169440242058,12.556732223903177
2021,20210101_38011_D02_S003,38011_D02_S003,Candelaria,15.0,59.0,64.0,0.0,699.0,837.0,83.51254480286738,14.695340501792115
2021,20210101_38011_D02_S004,38011_D02_S004,Candelaria,4.0,50.0,48.0,0.0,511.0,613.0,83.3605220228385,15.986949429037521
2021,20210101_38011_D02_S005,38011_D02_S005,Candelaria,2.0,39.0,35.0,0.0,685.0,761.0,90.01314060446781,9.724047306176084
2021,20210101_38012_D01_S001,38012_D01_S001,Fasnia,19.0,50.0,30.0,0.0,485.0,584.0,83.04794520547945,13.698630136986301
2021,20210101_38012_D01_S002,38012_D01_S002,Fasnia,26.0,35.0,46.0,0.0,358.0,465.0,76.98924731182795,17.419354838709676
2021,20210101_38013_D01_S001,38013_D01_S001,Frontera,74.0,68.0,28.0,2.0,632.0,802.0,78.80299251870325,11.970074812967582
2021,20210101_38013_D01_S002,38013_D01_S002,Frontera,39.0,56.0,52.0,1.0,564.0,711.0,79.32489451476793,15.189873417721518
2021,20210101_38014_D01_S001,38014_D01_S001,Fuencaliente de la Palma,38.0,23.0,29.0,1.0,286.0,376.0,76.06382978723404,13.829787234042554
2021,20210101_38014_D01_S002,38014_D01_S002,Fuencaliente de la Palma,40.0,21.0,21.0,1.0,228.0,310.0,73.54838709677419,13.548387096774194
2021,20210101_38015_D01_S001,38015_D01_S001,Garachico,45.0,35.0,25.0,1.0,406.0,511.0,79.45205479452055,11.741682974559687
2021,20210101_38015_D01_S002,38015_D01_S002,Garachico,14.0,6.0,6.0,1.0,170.0,196.0,86.73469387755102,6.122448979591836
2021,20210101_38015_D02_S001,38015_D02_S001,Garachico,76.0,24.0,15.0,2.0,340.0,455.0,74.72527472527473,8.571428571428571
2021,20210101_38015_D02_S002,38015_D02_S002,Garachico,31.0,59.0,14.0,0.0,311.0,415.0,74.93975903614458,17.59036144578313
2021,20210101_38016_D01_S001,38016_D01_S001,Garafía,52.0,49.0,18.0,0.0,359.0,478.0,75.10460251046025,14.01673640167364
2021,20210101_38017_D01_S001,38017_D01_S001,Granadilla de Abona,16.0,30.0,31.0,0.0,392.0,469.0,83.58208955223881,13.00639658848614
2021,20210101_38017_D01_S002,38017_D01_S002,Granadilla de Abona,15.0,23.0,14.0,0.0,351.0,403.0,87.09677419354838,9.181141439205955
2021,20210101_38017_D01_S003,38017_D01_S003,Granadilla de Abona,47.0,89.0,63.0,0.0,1045.0,1244.0,84.0032154340836,12.218649517684888
2021,20210101_38017_D01_S004,38017_D01_S004,Granadilla de Abona,27.0,40.0,35.0,0.0,407.0,509.0,79.96070726915521,14.734774066797643
2021,20210101_38017_D01_S005,38017_D01_S005,Granadilla de Abona,21.0,15.0,32.0,1.0,238.0,306.0,77.77777777777777,15.359477124183007
2021,20210101_38017_D01_S006,38017_D01_S006,Granadilla de Abona,21.0,30.0,26.0,0.0,411.0,488.0,84.22131147540983,11.475409836065573
2021,20210101_38017_D01_S007,38017_D01_S007,Granadilla de Abona,19.0,52.0,45.0,0.0,944.0,1060.0,89.05660377358491,9.150943396226415
2021,20210101_38017_D01_S008,38017_D01_S008,Granadilla de Abona,29.0,54.0,19.0,0.0,460.0,562.0,81.85053380782918,12.98932384341637
2021,20210101_38017_D01_S009,38017_D01_S009,Granadilla de Abona,31.0,62.0,57.0,0.0,864.0,1014.0,85.20710059171597,11.735700197238659
2021,20210101_38017_D01_S010,38017_D01_S010,Granadilla de Abona,16.0,61.0,45.0,0.0,972.0,1094.0,88.84826325411335,9.689213893967093
2021,20210101_38017_D01_S011,38017_D01_S011,Granadilla de Abona,25.0,88.0,39.0,0.0,843.0,995.0,84.72361809045226,12.763819095477388
2021,20210101_38017_D01_S012,38017_D01_S012,Granadilla de Abona,13.0,45.0,23.0,0.0,420.0,501.0,83.83233532934132,13.572854291417165
2021,20210101_38017_D01_S013,38017_D01_S013,Granadilla de Abona,28.0,49.0,36.0,0.0,640.0,753.0,84.9933598937583,11.288180610889775
2021,20210101_38017_D01_S014,38017_D01_S014,Granadilla de Abona,15.0,61.0,37.0,0.0,886.0,999.0,88.68868868868869,9.80980980980981
2021,20210101_38017_D01_S015,38017_D01_S015,Granadilla de Abona,36.0,68.0,24.0,2.0,547.0,675.0,81.03703703703704,13.62962962962963
2021,20210101_38017_D01_S016,38017_D01_S016,Granadilla de Abona,12.0,25.0,17.0,0.0,364.0,418.0,87.08133971291866,10.047846889952153
2021,20210101_38017_D01_S017,38017_D01_S017,Granadilla de Abona,15.0,58.0,27.0,0.0,639.0,739.0,86.46820027063599,11.502029769959405
2021,20210101_38017_D01_S018,38017_D01_S018,Granadilla de Abona,31.0,95.0,45.0,1.0,1362.0,1533.0,88.8454011741683,9.132420091324201
2021,20210101_38017_D01_S019,38017_D01_S019,Granadilla de Abona,22.0,43.0,30.0,1.0,533.0,628.0,84.87261146496816,11.624203821656051
2021,20210101_38017_D01_S020,38017_D01_S020,Granadilla de Abona,45.0,61.0,60.0,0.0,872.0,1038.0,84.00770712909441,11.657032755298651
2021,20210101_38017_D01_S021,38017_D01_S021,Granadilla de Abona,26.0,60.0,43.0,1.0,880.0,1009.0,87.21506442021804,10.20812685827552
2021,20210101_38017_D01_S022,38017_D01_S022,Granadilla de Abona,16.0,44.0,35.0,0.0,712.0,807.0,88.22800495662949,9.789343246592317
2021,20210101_38017_D01_S023,38017_D01_S023,Granadilla de Abona,41.0,43.0,26.0,0.0,602.0,712.0,84.5505617977528,9.691011235955056
2021,20210101_38017_D01_S024,38017_D01_S024,Granadilla de Abona,31.0,49.0,33.0,0.0,748.0,861.0,86.87572590011614,9.523809523809524
2021,20210101_38017_D01_S025,38017_D01_S025,Granadilla de Abona,40.0,68.0,33.0,0.0,622.0,763.0,81.52031454783749,13.237221494102227
2021,20210101_38017_D01_S026,38017_D01_S026,Granadilla de Abona,0.0,0.0,0.0,0.0,0.0,0.0,,
2021,20210101_38017_D01_S027,38017_D01_S027,Granadilla de Abona,0.0,0.0,0.0,0.0,0.0,0.0,,
2021,20210101_38018_D01_S001,38018_D01_S001,"Guancha, La",16.0,50.0,22.0,0.0,391.0,479.0,81.62839248434238,15.031315240083508
2021,20210101_38018_D01_S002,38018_D01_S002,"Guancha, La",45.0,67.0,22.0,0.0,518.0,652.0,79.4478527607362,13.650306748466258
2021,20210101_38018_D01_S003,38018_D01_S003,"Guancha, La",36.0,114.0,33.0,0.0,671.0,854.0,78.57142857142857,17.21311475409836
2021,20210101_38019_D01_S001,38019_D01_S001,Guía de Isora,46.0,46.0,35.0,0.0,641.0,768.0,83.46354166666667,10.546875
2021,20210101_38019_D01_S002,38019_D01_S002,Guía de Isora,97.0,61.0,27.0,0.0,674.0,859.0,78.46332945285215,10.244470314318976
2021,20210101_38019_D01_S003,38019_D01_S003,Guía de Isora,44.0,45.0,26.0,1.0,579.0,694.0,83.42939481268012,10.230547550432277
2021,20210101_38019_D01_S004,38019_D01_S004,Guía de Isora,115.0,41.0,23.0,0.0,737.0,916.0,80.4585152838428,6.986899563318778
2021,20210101_38019_D01_S005,38019_D01_S005,Guía de Isora,98.0,51.0,16.0,0.0,844.0,1009.0,83.64717542120911,6.640237859266601
2021,20210101_38019_D01_S007,38019_D01_S007,Guía de Isora,86.0,50.0,16.0,0.0,442.0,594.0,74.41077441077441,11.11111111111111
2021,20210101_38019_D01_S008,38019_D01_S008,Guía de Isora,112.0,37.0,15.0,0.0,573.0,737.0,77.74762550881954,7.055630936227951
2021,20210101_38019_D01_S009,38019_D01_S009,Guía de Isora,59.0,50.0,25.0,0.0,580.0,714.0,81.23249299719888,10.504201680672269
2021,20210101_38019_D01_S010,38019_D01_S010,Guía de Isora,90.0,61.0,21.0,0.0,908.0,1080.0,84.07407407407408,7.592592592592593
2021,20210101_38019_D01_S011,38019_D01_S011,Guía de Isora,38.0,40.0,38.0,0.0,570.0,686.0,83.09037900874635,11.370262390670554
2021,20210101_38020_D01_S001,38020_D01_S001,Güímar,20.0,28.0,30.0,0.0,395.0,473.0,83.50951374207189,12.26215644820296
2021,20210101_38020_D01_S002,38020_D01_S002,Güímar,25.0,49.0,48.0,0.0,530.0,652.0,81.28834355828221,14.877300613496933
2021,20210101_38020_D01_S003,38020_D01_S003,Güímar,31.0,49.0,56.0,0.0,699.0,835.0,83.7125748502994,12.574850299401197
2021,20210101_38020_D01_S004,38020_D01_S004,Güímar,100.0,33.0,30.0,0.0,393.0,556.0,70.68345323741008,11.33093525179856
2021,20210101_38020_D01_S005,38020_D01_S005,Güímar,7.0,11.0,20.0,0.0,179.0,217.0,82.48847926267281,14.285714285714286
2021,20210101_38020_D01_S006,38020_D01_S006,Güímar,10.0,32.0,24.0,0.0,281.0,347.0,80.97982708933718,16.138328530259365
2021,20210101_38020_D01_S007,38020_D01_S007,Güímar,31.0,72.0,53.0,0.0,819.0,975.0,84.0,12.820512820512821
2021,20210101_38020_D01_S008,38020_D01_S008,Güímar,11.0,33.0,31.0,0.0,262.0,337.0,77.74480712166172,18.991097922848663
2021,20210101_38020_D01_S009,38020_D01_S009,Güímar,20.0,42.0,21.0,0.0,280.0,363.0,77.13498622589532,17.355371900826448
2021,20210101_38020_D01_S010,38020_D01_S010,Güímar,16.0,31.0,34.0,0.0,349.0,430.0,81.16279069767442,15.116279069767442
2021,20210101_38020_D01_S011,38020_D01_S011,Güímar,16.0,65.0,82.0,0.0,1041.0,1204.0,86.46179401993355,12.209302325581396
2021,20210101_38020_D01_S012,38020_D01_S012,Güímar,0.0,0.0,0.0,0.0,0.0,0.0,,
2021,20210101_38020_D02_S001,38020_D02_S001,Güímar,33.0,30.0,36.0,0.0,375.0,474.0,79.11392405063292,13.924050632911392
2021,20210101_38020_D02_S002,38020_D02_S002,Güímar,10.0,22.0,29.0,0.0,256.0,317.0,80.7570977917981,16.08832807570978
2021,20210101_38020_D03_S001,38020_D03_S001,Güímar,20.0,43.0,27.0,0.0,392.0,482.0,81.32780082987551,14.522821576763485
2021,20210101_38020_D03_S002,38020_D03_S002,Güímar,26.0,32.0,31.0,0.0,351.0,440.0,79.77272727272727,14.318181818181818
2021,20210101_38021_D01_S001,38021_D01_S001,Hermigua,14.0,43.0,5.0,1.0,213.0,275.0,77.45454545454545,17.454545454545453
2021,20210101_38021_D02_S001,38021_D02_S001,Hermigua,19.0,37.0,8.0,0.0,263.0,327.0,80.42813455657492,13.761467889908257
2021,20210101_38022_D01_S001,38022_D01_S001,Icod de los Vinos,20.0,32.0,26.0,0.0,403.0,481.0,83.78378378378379,12.058212058212058
2021,20210101_38022_D01_S002,38022_D01_S002,Icod de los Vinos,12.0,31.0,26.0,0.0,451.0,520.0,86.73076923076923,10.961538461538462
2021,20210101_38022_D01_S003,38022_D01_S003,Icod de los Vinos,8.0,24.0,15.0,0.0,302.0,349.0,86.53295128939828,11.174785100286533
2021,20210101_38022_D01_S004,38022_D01_S004,Icod de los Vinos,12.0,16.0,10.0,0.0,270.0,308.0,87.66233766233766,8.441558441558442
2021,20210101_38022_D01_S005,38022_D01_S005,Icod de los Vinos,11.0,19.0,14.0,0.0,248.0,292.0,84.93150684931507,11.301369863013699
2021,20210101_38022_D01_S006,38022_D01_S006,Icod de los Vinos,13.0,49.0,29.0,1.0,422.0,513.0,82.26120857699804,15.2046783625731
2021,20210101_38022_D02_S001,38022_D02_S001,Icod de los Vinos,59.0,80.0,14.0,0.0,274.0,427.0,64.16861826697892,22.014051522248245
2021,20210101_38022_D02_S002,38022_D02_S002,Icod de los Vinos,29.0,67.0,20.0,1.0,327.0,443.0,73.81489841986456,19.63882618510158
2021,20210101_38022_D03_S001,38022_D03_S001,Icod de los Vinos,27.0,75.0,32.0,0.0,353.0,487.0,72.48459958932239,21.971252566735114
2021,20210101_38022_D03_S002,38022_D03_S002,Icod de los Vinos,20.0,44.0,29.0,0.0,288.0,381.0,75.59055118110236,19.16010498687664
2021,20210101_38022_D03_S003,38022_D03_S003,Icod de los Vinos,27.0,42.0,25.0,1.0,224.0,318.0,70.44025157232704,21.069182389937108
2021,20210101_38022_D03_S004,38022_D03_S004,Icod de los Vinos,24.0,55.0,31.0,0.0,287.0,397.0,72.29219143576826,21.662468513853906
2021,20210101_38022_D04_S001,38022_D04_S001,Icod de los Vinos,22.0,35.0,18.0,0.0,225.0,300.0,75.0,17.666666666666668
2021,20210101_38022_D04_S002,38022_D04_S002,Icod de los Vinos,38.0,46.0,37.0,0.0,468.0,589.0,79.45670628183362,14.091680814940577
2021,20210101_38022_D04_S003,38022_D04_S003,Icod de los Vinos,30.0,71.0,39.0,0.0,459.0,599.0,76.62771285475793,18.363939899833056
2021,20210101_38022_D04_S004,38022_D04_S004,Icod de los Vinos,19.0,35.0,15.0,0.0,306.0,375.0,81.6,13.333333333333334
2021,20210101_38022_D05_S001,38022_D05_S001,Icod de los Vinos,11.0,30.0,10.0,0.0,193.0,244.0,79.09836065573771,16.39344262295082
2021,20210101_38022_D05_S002,38022_D05_S002,Icod de los Vinos,39.0,79.0,33.0,1.0,655.0,806.0,81.26550868486352,13.895781637717121
2021,20210101_38023_D01_S001,38023_D01_S001,San Cristóbal de La Laguna,3.0,14.0,21.0,1.0,328.0,366.0,89.61748633879782,9.562841530054644
2021,20210101_38023_D01_S002,38023_D01_S002,San Cristóbal de La Laguna,2.0,20.0,16.0,0.0,455.0,493.0,92.2920892494929,7.302231237322515
2021,20210101_38023_D01_S003,38023_D01_S003,San Cristóbal de La Laguna,4.0,33.0,24.0,0.0,645.0,706.0,91.35977337110482,8.073654390934845
2021,20210101_38023_D01_S004,38023_D01_S004,San Cristóbal de La Laguna,5.0,20.0,14.0,0.0,244.0,283.0,86.21908127208481,12.014134275618375
2021,20210101_38023_D01_S005,38023_D01_S005,San Cristóbal de La Laguna,1.0,18.0,26.0,2.0,503.0,548.0,91.78832116788321,8.02919708029197
2021,20210101_38023_D01_S006,38023_D01_S006,San Cristóbal de La Laguna,5.0,34.0,30.0,0.0,593.0,662.0,89.57703927492447,9.667673716012084
2021,20210101_38023_D01_S007,38023_D01_S007,San Cristóbal de La Laguna,2.0,40.0,26.0,2.0,643.0,711.0,90.43600562587905,9.282700421940929
2021,20210101_38023_D01_S008,38023_D01_S008,San Cristóbal de La Laguna,5.0,13.0,20.0,0.0,407.0,445.0,91.46067415730337,7.415730337078652
2021,20210101_38023_D01_S009,38023_D01_S009,San Cristóbal de La Laguna,4.0,22.0,33.0,0.0,404.0,463.0,87.25701943844493,11.879049676025918
2021,20210101_38023_D01_S010,38023_D01_S010,San Cristóbal de La Laguna,8.0,32.0,29.0,0.0,538.0,607.0,88.63261943986821,10.049423393739703
2021,20210101_38023_D01_S011,38023_D01_S011,San Cristóbal de La Laguna,7.0,17.0,7.0,0.0,239.0,270.0,88.51851851851852,8.88888888888889
2021,20210101_38023_D01_S012,38023_D01_S012,San Cristóbal de La Laguna,2.0,23.0,22.0,0.0,416.0,463.0,89.8488120950324,9.719222462203025
2021,20210101_38023_D01_S013,38023_D01_S013,San Cristóbal de La Laguna,1.0,16.0,14.0,0.0,395.0,426.0,92.72300469483568,7.042253521126761
2021,20210101_38023_D01_S014,38023_D01_S014,San Cristóbal de La Laguna,2.0,19.0,26.0,0.0,377.0,424.0,88.91509433962264,10.61320754716981
2021,20210101_38023_D01_S015,38023_D01_S015,San Cristóbal de La Laguna,2.0,17.0,26.0,0.0,481.0,526.0,91.4448669201521,8.17490494296578
2021,20210101_38023_D01_S016,38023_D01_S016,San Cristóbal de La Laguna,5.0,14.0,20.0,0.0,691.0,730.0,94.65753424657534,4.657534246575342
2021,20210101_38023_D01_S017,38023_D01_S017,San Cristóbal de La Laguna,7.0,18.0,19.0,0.0,596.0,640.0,93.125,5.78125
2021,20210101_38023_D01_S018,38023_D01_S018,San Cristóbal de La Laguna,2.0,29.0,23.0,0.0,392.0,446.0,87.89237668161435,11.659192825112108
2021,20210101_38023_D01_S019,38023_D01_S019,San Cristóbal de La Laguna,4.0,11.0,15.0,0.0,342.0,372.0,91.93548387096774,6.989247311827957
2021,20210101_38023_D01_S020,38023_D01_S020,San Cristóbal de La Laguna,4.0,12.0,7.0,0.0,358.0,381.0,93.96325459317585,4.986876640419948
2021,20210101_38023_D01_S021,38023_D01_S021,San Cristóbal de La Laguna,5.0,16.0,18.0,0.0,594.0,633.0,93.8388625592417,5.371248025276461
2021,20210101_38023_D01_S022,38023_D01_S022,San Cristóbal de La Laguna,0.0,22.0,21.0,0.0,458.0,501.0,91.41716566866268,8.582834331337326
2021,20210101_38023_D01_S023,38023_D01_S023,San Cristóbal de La Laguna,6.0,34.0,37.0,1.0,866.0,943.0,91.83457051961824,7.52916224814422
2021,20210101_38023_D01_S024,38023_D01_S024,San Cristóbal de La Laguna,3.0,21.0,15.0,0.0,265.0,304.0,87.17105263157895,11.842105263157896
2021,20210101_38023_D01_S025,38023_D01_S025,San Cristóbal de La Laguna,8.0,56.0,40.0,0.0,600.0,704.0,85.22727272727273,13.636363636363637
2021,20210101_38023_D01_S026,38023_D01_S026,San Cristóbal de La Laguna,1.0,9.0,17.0,0.0,494.0,521.0,94.81765834932821,4.990403071017274
2021,20210101_38023_D01_S027,38023_D01_S027,San Cristóbal de La Laguna,5.0,25.0,32.0,0.0,438.0,500.0,87.6,11.4
2021,20210101_38023_D01_S028,38023_D01_S028,San Cristóbal de La Laguna,5.0,28.0,40.0,0.0,786.0,859.0,91.50174621653085,7.916181606519208
2021,20210101_38023_D01_S029,38023_D01_S029,San Cristóbal de La Laguna,3.0,17.0,11.0,0.0,377.0,408.0,92.40196078431373,6.862745098039215
2021,20210101_38023_D01_S030,38023_D01_S030,San Cristóbal de La Laguna,11.0,33.0,24.0,1.0,691.0,759.0,91.04084321475626,7.509881422924901
2021,20210101_38023_D01_S031,38023_D01_S031,San Cristóbal de La Laguna,4.0,21.0,12.0,1.0,638.0,675.0,94.51851851851852,4.888888888888889
2021,20210101_38023_D01_S032,38023_D01_S032,San Cristóbal de La Laguna,4.0,31.0,28.0,0.0,405.0,468.0,86.53846153846153,12.606837606837606
2021,20210101_38023_D01_S033,38023_D01_S033,San Cristóbal de La Laguna,2.0,17.0,20.0,0.0,308.0,347.0,88.76080691642652,10.662824207492795
2021,20210101_38023_D02_S001,38023_D02_S001,San Cristóbal de La Laguna,0.0,23.0,22.0,1.0,377.0,422.0,89.33649289099526,10.663507109004739
2021,20210101_38023_D02_S002,38023_D02_S002,San Cristóbal de La Laguna,9.0,17.0,11.0,0.0,321.0,358.0,89.66480446927375,7.82122905027933
2021,20210101_38023_D02_S003,38023_D02_S003,San Cristóbal de La Laguna,2.0,15.0,23.0,0.0,350.0,390.0,89.74358974358974,9.743589743589743
2021,20210101_38023_D02_S004,38023_D02_S004,San Cristóbal de La Laguna,3.0,24.0,19.0,0.0,374.0,420.0,89.04761904761905,10.238095238095237
2021,20210101_38023_D02_S005,38023_D02_S005,San Cristóbal de La Laguna,3.0,38.0,32.0,0.0,495.0,568.0,87.14788732394366,12.32394366197183
2021,20210101_38023_D02_S006,38023_D02_S006,San Cristóbal de La Laguna,8.0,31.0,27.0,0.0,387.0,453.0,85.43046357615894,12.803532008830022
2021,20210101_38023_D02_S007,38023_D02_S007,San Cristóbal de La Laguna,8.0,34.0,23.0,0.0,614.0,679.0,90.42709867452136,8.394698085419735
2021,20210101_38023_D02_S008,38023_D02_S008,San Cristóbal de La Laguna,8.0,23.0,24.0,0.0,353.0,408.0,86.51960784313725,11.519607843137255
2021,20210101_38023_D02_S009,38023_D02_S009,San Cristóbal de La Laguna,2.0,33.0,31.0,0.0,526.0,592.0,88.85135135135135,10.81081081081081
2021,20210101_38023_D02_S010,38023_D02_S010,San Cristóbal de La Laguna,12.0,42.0,52.0,1.0,751.0,857.0,87.63127187864644,10.968494749124854
2021,20210101_38023_D02_S011,38023_D02_S011,San Cristóbal de La Laguna,1.0,12.0,23.0,0.0,509.0,545.0,93.39449541284404,6.422018348623853
2021,20210101_38023_D02_S012,38023_D02_S012,San Cristóbal de La Laguna,3.0,29.0,21.0,0.0,657.0,710.0,92.53521126760563,7.042253521126761
2021,20210101_38023_D02_S013,38023_D02_S013,San Cristóbal de La Laguna,5.0,61.0,48.0,0.0,615.0,729.0,84.36213991769547,14.9519890260631
2021,20210101_38023_D02_S014,38023_D02_S014,San Cristóbal de La Laguna,7.0,40.0,30.0,0.0,512.0,589.0,86.92699490662139,11.884550084889643
2021,20210101_38023_D02_S015,38023_D02_S015,San Cristóbal de La Laguna,7.0,26.0,22.0,0.0,488.0,543.0,89.87108655616943,8.839779005524862
2021,20210101_38023_D02_S016,38023_D02_S016,San Cristóbal de La Laguna,9.0,69.0,76.0,0.0,1400.0,1554.0,90.09009009009009,9.330759330759332
2021,20210101_38023_D02_S017,38023_D02_S017,San Cristóbal de La Laguna,5.0,45.0,38.0,0.0,678.0,766.0,88.51174934725849,10.835509138381202
2021,20210101_38023_D02_S018,38023_D02_S018,San Cristóbal de La Laguna,3.0,26.0,25.0,0.0,470.0,524.0,89.69465648854961,9.732824427480915
2021,20210101_38023_D02_S019,38023_D02_S019,San Cristóbal de La Laguna,6.0,17.0,19.0,0.0,455.0,497.0,91.54929577464789,7.2434607645875255
2021,20210101_38023_D02_S020,38023_D02_S020,San Cristóbal de La Laguna,3.0,28.0,18.0,0.0,309.0,358.0,86.31284916201118,12.849162011173185
2021,20210101_38023_D02_S021,38023_D02_S021,San Cristóbal de La Laguna,5.0,31.0,36.0,0.0,791.0,863.0,91.65701042873697,7.76361529548088
2021,20210101_38023_D02_S022,38023_D02_S022,San Cristóbal de La Laguna,4.0,25.0,22.0,0.0,482.0,533.0,90.43151969981238,8.818011257035648
2021,20210101_38023_D02_S023,38023_D02_S023,San Cristóbal de La Laguna,1.0,30.0,35.0,0.0,542.0,608.0,89.14473684210526,10.69078947368421
2021,20210101_38023_D02_S024,38023_D02_S024,San Cristóbal de La Laguna,1.0,23.0,33.0,0.0,295.0,352.0,83.80681818181819,15.909090909090908
2021,20210101_38023_D03_S001,38023_D03_S001,San Cristóbal de La Laguna,3.0,19.0,17.0,0.0,274.0,313.0,87.53993610223642,11.501597444089457
2021,20210101_38023_D03_S002,38023_D03_S002,San Cristóbal de La Laguna,3.0,57.0,71.0,0.0,1113.0,1244.0,89.46945337620579,10.289389067524116
2021,20210101_38023_D03_S003,38023_D03_S003,San Cristóbal de La Laguna,2.0,19.0,28.0,0.0,572.0,621.0,92.10950080515298,7.568438003220612
2021,20210101_38023_D03_S004,38023_D03_S004,San Cristóbal de La Laguna,6.0,72.0,57.0,0.0,679.0,814.0,83.41523341523342,15.847665847665848
2021,20210101_38023_D03_S005,38023_D03_S005,San Cristóbal de La Laguna,9.0,56.0,37.0,0.0,516.0,618.0,83.49514563106796,15.048543689320388
2021,20210101_38023_D03_S006,38023_D03_S006,San Cristóbal de La Laguna,4.0,36.0,47.0,0.0,879.0,966.0,90.99378881987577,8.592132505175984
2021,20210101_38023_D03_S007,38023_D03_S007,San Cristóbal de La Laguna,3.0,26.0,18.0,0.0,246.0,293.0,83.95904436860069,15.017064846416382
2021,20210101_38023_D03_S008,38023_D03_S008,San Cristóbal de La Laguna,12.0,53.0,57.0,0.0,902.0,1024.0,88.0859375,10.7421875
2021,20210101_38023_D03_S009,38023_D03_S009,San Cristóbal de La Laguna,5.0,18.0,17.0,0.0,297.0,337.0,88.13056379821958,10.385756676557863
2021,20210101_38023_D03_S010,38023_D03_S010,San Cristóbal de La Laguna,3.0,20.0,13.0,0.0,246.0,282.0,87.23404255319149,11.702127659574469
2021,20210101_38023_D03_S011,38023_D03_S011,San Cristóbal de La Laguna,5.0,38.0,43.0,0.0,478.0,564.0,84.7517730496454,14.361702127659575
2021,20210101_38023_D03_S012,38023_D03_S012,San Cristóbal de La Laguna,21.0,49.0,33.0,0.0,478.0,581.0,82.27194492254733,14.113597246127366
2021,20210101_38023_D03_S013,38023_D03_S013,San Cristóbal de La Laguna,22.0,60.0,44.0,1.0,557.0,683.0,81.5519765739385,15.226939970717423
2021,20210101_38023_D03_S014,38023_D03_S014,San Cristóbal de La Laguna,5.0,24.0,18.0,0.0,196.0,243.0,80.65843621399176,17.28395061728395
2021,20210101_38023_D03_S015,38023_D03_S015,San Cristóbal de La Laguna,6.0,33.0,20.0,0.0,419.0,478.0,87.65690376569037,11.087866108786612
2021,20210101_38023_D03_S016,38023_D03_S016,San Cristóbal de La Laguna,8.0,43.0,40.0,0.0,564.0,655.0,86.10687022900764,12.67175572519084
2021,20210101_38023_D03_S017,38023_D03_S017,San Cristóbal de La Laguna,7.0,28.0,33.0,0.0,335.0,403.0,83.12655086848635,15.136476426799007
2021,20210101_38023_D03_S018,38023_D03_S018,San Cristóbal de La Laguna,7.0,24.0,13.0,0.0,211.0,255.0,82.74509803921569,14.509803921568627
2021,20210101_38023_D03_S019,38023_D03_S019,San Cristóbal de La Laguna,9.0,77.0,61.0,1.0,1164.0,1311.0,88.78718535469108,10.526315789473685
2021,20210101_38023_D03_S020,38023_D03_S020,San Cristóbal de La Laguna,5.0,34.0,37.0,0.0,320.0,396.0,80.8080808080808,17.92929292929293
2021,20210101_38023_D03_S021,38023_D03_S021,San Cristóbal de La Laguna,5.0,23.0,44.0,0.0,347.0,419.0,82.81622911694511,15.990453460620525
2021,20210101_38023_D03_S022,38023_D03_S022,San Cristóbal de La Laguna,1.0,12.0,10.0,0.0,359.0,382.0,93.97905759162303,5.7591623036649215
2021,20210101_38023_D03_S023,38023_D03_S023,San Cristóbal de La Laguna,5.0,36.0,20.0,0.0,376.0,437.0,86.04118993135012,12.814645308924485
2021,20210101_38023_D03_S024,38023_D03_S024,San Cristóbal de La Laguna,4.0,19.0,34.0,0.0,354.0,411.0,86.13138686131387,12.895377128953772
2021,20210101_38023_D03_S025,38023_D03_S025,San Cristóbal de La Laguna,9.0,50.0,48.0,0.0,743.0,850.0,87.41176470588235,11.529411764705882
2021,20210101_38023_D03_S026,38023_D03_S026,San Cristóbal de La Laguna,2.0,27.0,34.0,0.0,487.0,550.0,88.54545454545455,11.090909090909092
2021,20210101_38023_D03_S027,38023_D03_S027,San Cristóbal de La Laguna,0.0,0.0,0.0,0.0,0.0,0.0,,
2021,20210101_38023_D03_S028,38023_D03_S028,San Cristóbal de La Laguna,0.0,0.0,0.0,0.0,0.0,0.0,,
2021,20210101_38023_D03_S029,38023_D03_S029,San Cristóbal de La Laguna,0.0,0.0,0.0,0.0,0.0,0.0,,
2021,20210101_38023_D04_S001,38023_D04_S001,San Cristóbal de La Laguna,4.0,41.0,49.0,1.0,660.0,754.0,87.53315649867373,11.936339522546419
2021,20210101_38023_D04_S002,38023_D04_S002,San Cristóbal de La Laguna,11.0,56.0,64.0,0.0,903.0,1034.0,87.33075435203095,11.60541586073501
2021,20210101_38023_D04_S003,38023_D04_S003,San Cristóbal de La Laguna,9.0,54.0,43.0,0.0,659.0,765.0,86.14379084967321,12.679738562091503
2021,20210101_38023_D04_S004,38023_D04_S004,San Cristóbal de La Laguna,6.0,34.0,25.0,0.0,323.0,388.0,83.24742268041237,15.206185567010309
2021,20210101_38023_D04_S005,38023_D04_S005,San Cristóbal de La Laguna,3.0,21.0,23.0,0.0,380.0,427.0,88.99297423887587,10.304449648711945
2021,20210101_38023_D04_S006,38023_D04_S006,San Cristóbal de La Laguna,6.0,51.0,44.0,0.0,467.0,568.0,82.21830985915493,16.725352112676056
2021,20210101_38023_D04_S007,38023_D04_S007,San Cristóbal de La Laguna,8.0,49.0,29.0,0.0,605.0,691.0,87.55426917510854,11.287988422575976
2021,20210101_38023_D04_S008,38023_D04_S008,San Cristóbal de La Laguna,0.0,0.0,0.0,0.0,0.0,0.0,,
2021,20210101_38023_D05_S001,38023_D05_S001,San Cristóbal de La Laguna,61.0,69.0,32.0,0.0,273.0,435.0,62.758620689655174,23.2183908045977
2021,20210101_38023_D05_S002,38023_D05_S002,San Cristóbal de La Laguna,87.0,59.0,36.0,0.0,375.0,557.0,67.32495511669659,17.0556552962298
2021,20210101_38023_D05_S003,38023_D05_S003,San Cristóbal de La Laguna,39.0,31.0,32.0,0.0,339.0,441.0,76.87074829931973,14.285714285714286
2021,20210101_38023_D05_S004,38023_D05_S004,San Cristóbal de La Laguna,37.0,26.0,33.0,0.0,284.0,380.0,74.73684210526316,15.526315789473685
2021,20210101_38023_D05_S005,38023_D05_S005,San Cristóbal de La Laguna,40.0,64.0,62.0,0.0,655.0,821.0,79.78075517661388,15.347137637028014
2021,20210101_38023_D05_S006,38023_D05_S006,San Cristóbal de La Laguna,27.0,43.0,34.0,0.0,363.0,467.0,77.73019271948608,16.488222698072803
2021,20210101_38023_D05_S007,38023_D05_S007,San Cristóbal de La Laguna,22.0,34.0,48.0,1.0,571.0,675.0,84.5925925925926,12.148148148148149
2021,20210101_38023_D05_S008,38023_D05_S008,San Cristóbal de La Laguna,52.0,35.0,32.0,0.0,244.0,363.0,67.21763085399449,18.457300275482094
2021,20210101_38023_D05_S009,38023_D05_S009,San Cristóbal de La Laguna,23.0,50.0,59.0,1.0,947.0,1079.0,87.76645041705282,10.10194624652456
2021,20210101_38023_D05_S010,38023_D05_S010,San Cristóbal de La Laguna,42.0,51.0,54.0,0.0,503.0,650.0,77.38461538461539,16.153846153846153
2021,20210101_38023_D05_S011,38023_D05_S011,San Cristóbal de La Laguna,39.0,26.0,21.0,0.0,274.0,360.0,76.11111111111111,13.055555555555555
2021,20210101_38023_D05_S012,38023_D05_S012,San Cristóbal de La Laguna,59.0,67.0,35.0,0.0,378.0,539.0,70.12987012987013,18.923933209647494
2021,20210101_38023_D05_S013,38023_D05_S013,San Cristóbal de La Laguna,36.0,27.0,12.0,0.0,244.0,319.0,76.48902821316615,12.225705329153605
2021,20210101_38023_D05_S014,38023_D05_S014,San Cristóbal de La Laguna,38.0,49.0,43.0,1.0,486.0,616.0,78.8961038961039,14.935064935064934
2021,20210101_38023_D05_S015,38023_D05_S015,San Cristóbal de La Laguna,0.0,0.0,0.0,0.0,0.0,0.0,,
2021,20210101_38023_D06_S001,38023_D06_S001,San Cristóbal de La Laguna,8.0,34.0,36.0,0.0,510.0,588.0,86.73469387755102,11.904761904761905
2021,20210101_38023_D06_S002,38023_D06_S002,San Cristóbal de La Laguna,6.0,33.0,22.0,0.0,602.0,663.0,90.79939668174963,8.295625942684767
2021,20210101_38023_D06_S003,38023_D06_S003,San Cristóbal de La Laguna,4.0,46.0,29.0,0.0,420.0,499.0,84.16833667334669,15.030060120240481
2021,20210101_38023_D06_S004,38023_D06_S004,San Cristóbal de La Laguna,6.0,38.0,41.0,0.0,404.0,489.0,82.61758691206543,16.155419222903884
2021,20210101_38024_D01_S001,38024_D01_S001,"Llanos de Aridane, Los",66.0,62.0,27.0,7.0,810.0,965.0,83.93782383419689,9.22279792746114
2021,20210101_38024_D01_S002,38024_D01_S002,"Llanos de Aridane, Los",48.0,54.0,36.0,0.0,571.0,709.0,80.53596614950635,12.693935119887165
2021,20210101_38024_D01_S003,38024_D01_S003,"Llanos de Aridane, Los",69.0,54.0,33.0,2.0,485.0,641.0,75.66302652106084,13.57254290171607
2021,20210101_38024_D01_S004,38024_D01_S004,"Llanos de Aridane, Los",33.0,26.0,16.0,4.0,323.0,398.0,81.15577889447236,10.552763819095478
2021,20210101_38024_D01_S005,38024_D01_S005,"Llanos de Aridane, Los",47.0,23.0,17.0,0.0,398.0,485.0,82.0618556701031,8.24742268041237
2021,20210101_38024_D01_S006,38024_D01_S006,"Llanos de Aridane, Los",52.0,43.0,22.0,3.0,421.0,538.0,78.25278810408922,12.0817843866171
2021,20210101_38024_D01_S007,38024_D01_S007,"Llanos de Aridane, Los",46.0,59.0,28.0,2.0,453.0,586.0,77.3037542662116,14.84641638225256
2021,20210101_38024_D01_S008,38024_D01_S008,"Llanos de Aridane, Los",39.0,58.0,27.0,3.0,514.0,638.0,80.56426332288402,13.322884012539184
2021,20210101_38024_D02_S001,38024_D02_S001,"Llanos de Aridane, Los",46.0,44.0,19.0,1.0,418.0,527.0,79.3168880455408,11.954459203036054
2021,20210101_38024_D02_S002,38024_D02_S002,"Llanos de Aridane, Los",58.0,63.0,26.0,1.0,414.0,561.0,73.79679144385027,15.864527629233512
2021,20210101_38024_D03_S001,38024_D03_S001,"Llanos de Aridane, Los",87.0,72.0,34.0,5.0,590.0,783.0,75.35121328224777,13.537675606641123
2021,20210101_38024_D03_S002,38024_D03_S002,"Llanos de Aridane, Los",80.0,41.0,24.0,3.0,517.0,662.0,78.09667673716012,9.818731117824774
2021,20210101_38024_D03_S003,38024_D03_S003,"Llanos de Aridane, Los",41.0,44.0,17.0,3.0,317.0,419.0,75.6563245823389,14.558472553699284
2021,20210101_38025_D01_S001,38025_D01_S001,"Matanza de Acentejo, La",16.0,130.0,45.0,0.0,597.0,788.0,75.76142131979695,22.20812182741117
2021,20210101_38025_D01_S002,38025_D01_S002,"Matanza de Acentejo, La",10.0,68.0,33.0,1.0,487.0,598.0,81.43812709030101,16.889632107023413
2021,20210101_38025_D01_S003,38025_D01_S003,"Matanza de Acentejo, La",10.0,79.0,47.0,0.0,766.0,902.0,84.92239467849224,13.968957871396896
2021,20210101_38025_D01_S004,38025_D01_S004,"Matanza de Acentejo, La",13.0,77.0,50.0,0.0,723.0,863.0,83.77752027809966,14.716106604866743
2021,20210101_38025_D01_S005,38025_D01_S005,"Matanza de Acentejo, La",7.0,41.0,10.0,1.0,246.0,304.0,80.92105263157895,16.776315789473685
2021,20210101_38026_D01_S001,38026_D01_S001,"Orotava, La",11.0,32.0,21.0,1.0,481.0,545.0,88.25688073394495,9.724770642201834
2021,20210101_38026_D01_S002,38026_D01_S002,"Orotava, La",11.0,38.0,19.0,0.0,633.0,701.0,90.29957203994294,8.131241084165477
2021,20210101_38026_D01_S004,38026_D01_S004,"Orotava, La",10.0,28.0,26.0,1.0,577.0,641.0,90.01560062402496,8.424336973478939
2021,20210101_38026_D02_S001,38026_D02_S001,"Orotava, La",12.0,40.0,27.0,0.0,487.0,566.0,86.04240282685512,11.837455830388693
2021,20210101_38026_D02_S002,38026_D02_S002,"Orotava, La",6.0,36.0,23.0,0.0,382.0,447.0,85.4586129753915,13.19910514541387
2021,20210101_38026_D02_S003,38026_D02_S003,"Orotava, La",8.0,82.0,46.0,0.0,797.0,933.0,85.42336548767418,13.719185423365488
2021,20210101_38026_D02_S004,38026_D02_S004,"Orotava, La",8.0,23.0,16.0,0.0,344.0,391.0,87.97953964194373,9.974424552429667
2021,20210101_38026_D03_S001,38026_D03_S001,"Orotava, La",21.0,67.0,29.0,1.0,397.0,514.0,77.23735408560312,18.67704280155642
2021,20210101_38026_D03_S002,38026_D03_S002,"Orotava, La",9.0,39.0,28.0,0.0,345.0,421.0,81.94774346793349,15.914489311163896
2021,20210101_38026_D03_S003,38026_D03_S003,"Orotava, La",8.0,37.0,26.0,0.0,614.0,685.0,89.63503649635037,9.197080291970803
2021,20210101_38026_D03_S004,38026_D03_S004,"Orotava, La",14.0,59.0,42.0,0.0,707.0,822.0,86.00973236009732,12.287104622871047
2021,20210101_38026_D03_S005,38026_D03_S005,"Orotava, La",13.0,39.0,31.0,0.0,315.0,398.0,79.14572864321607,17.587939698492463
2021,20210101_38026_D03_S006,38026_D03_S006,"Orotava, La",9.0,49.0,27.0,0.0,646.0,731.0,88.37209302325581,10.39671682626539
2021,20210101_38026_D03_S007,38026_D03_S007,"Orotava, La",4.0,46.0,23.0,0.0,431.0,504.0,85.51587301587301,13.69047619047619
2021,20210101_38026_D04_S001,38026_D04_S001,"Orotava, La",13.0,45.0,34.0,0.0,786.0,878.0,89.52164009111617,8.997722095671982
2021,20210101_38026_D04_S002,38026_D04_S002,"Orotava, La",10.0,55.0,30.0,0.0,460.0,555.0,82.88288288288288,15.315315315315315
2021,20210101_38026_D04_S003,38026_D04_S003,"Orotava, La",12.0,29.0,22.0,0.0,364.0,427.0,85.24590163934427,11.943793911007026
2021,20210101_38026_D04_S004,38026_D04_S004,"Orotava, La",5.0,17.0,13.0,0.0,224.0,259.0,86.48648648648648,11.583011583011583
2021,20210101_38026_D04_S005,38026_D04_S005,"Orotava, La",12.0,35.0,29.0,0.0,640.0,716.0,89.3854748603352,8.938547486033519
2021,20210101_38026_D05_S001,38026_D05_S001,"Orotava, La",19.0,104.0,38.0,0.0,573.0,734.0,78.06539509536785,19.346049046321525
2021,20210101_38026_D05_S002,38026_D05_S002,"Orotava, La",13.0,55.0,24.0,1.0,344.0,436.0,78.89908256880734,18.119266055045873
2021,20210101_38026_D05_S003,38026_D05_S003,"Orotava, La",22.0,91.0,37.0,0.0,547.0,697.0,78.47919655667145,18.36441893830703
2021,20210101_38026_D05_S004,38026_D05_S004,"Orotava, La",5.0,36.0,14.0,0.0,286.0,341.0,83.87096774193549,14.662756598240469
2021,20210101_38026_D05_S005,38026_D05_S005,"Orotava, La",9.0,73.0,43.0,0.0,522.0,647.0,80.68006182380216,17.928902627511594
2021,20210101_38026_D06_S001,38026_D06_S001,"Orotava, La",20.0,56.0,6.0,0.0,205.0,287.0,71.42857142857143,21.60278745644599
2021,20210101_38026_D06_S002,38026_D06_S002,"Orotava, La",15.0,75.0,18.0,0.0,304.0,412.0,73.7864077669903,22.57281553398058
2021,20210101_38026_D06_S003,38026_D06_S003,"Orotava, La",7.0,78.0,35.0,0.0,449.0,569.0,78.9103690685413,19.85940246045694
2021,20210101_38026_D06_S004,38026_D06_S004,"Orotava, La",75.0,142.0,26.0,3.0,350.0,593.0,59.02192242833052,28.33052276559865
2021,20210101_38027_D01_S001,38027_D01_S001,"Paso, El",29.0,70.0,32.0,1.0,419.0,550.0,76.18181818181819,18.545454545454547
2021,20210101_38027_D02_S001,38027_D02_S001,"Paso, El",57.0,65.0,39.0,2.0,724.0,885.0,81.80790960451978,11.751412429378531
2021,20210101_38027_D03_S001,38027_D03_S001,"Paso, El",42.0,46.0,18.0,4.0,370.0,476.0,77.73109243697479,13.445378151260504
2021,20210101_38027_D03_S002,38027_D03_S002,"Paso, El",28.0,48.0,22.0,1.0,374.0,472.0,79.23728813559322,14.830508474576272
2021,20210101_38027_D04_S001,38027_D04_S001,"Paso, El",63.0,54.0,25.0,0.0,339.0,481.0,70.47817047817048,16.424116424116423
2021,20210101_38028_D01_S001,38028_D01_S001,Puerto de la Cruz,4.0,3.0,7.0,0.0,280.0,294.0,95.23809523809524,3.401360544217687
2021,20210101_38028_D01_S002,38028_D01_S002,Puerto de la Cruz,12.0,17.0,13.0,0.0,531.0,573.0,92.67015706806282,5.2356020942408374
2021,20210101_38028_D01_S003,38028_D01_S003,Puerto de la Cruz,19.0,29.0,29.0,1.0,869.0,946.0,91.86046511627907,6.13107822410148
2021,20210101_38028_D01_S004,38028_D01_S004,Puerto de la Cruz,7.0,39.0,22.0,1.0,766.0,834.0,91.84652278177458,7.314148681055156
2021,20210101_38028_D02_S001,38028_D02_S001,Puerto de la Cruz,3.0,13.0,8.0,1.0,284.0,308.0,92.20779220779221,6.818181818181818
2021,20210101_38028_D02_S002,38028_D02_S002,Puerto de la Cruz,3.0,6.0,7.0,0.0,201.0,217.0,92.62672811059907,5.990783410138249
2021,20210101_38028_D02_S003,38028_D02_S003,Puerto de la Cruz,9.0,14.0,17.0,0.0,398.0,438.0,90.8675799086758,7.077625570776256
2021,20210101_38028_D02_S004,38028_D02_S004,Puerto de la Cruz,7.0,31.0,19.0,0.0,769.0,826.0,93.09927360774819,6.053268765133172
2021,20210101_38028_D02_S005,38028_D02_S005,Puerto de la Cruz,8.0,25.0,27.0,0.0,606.0,666.0,90.990990990991,7.807807807807808
2021,20210101_38028_D03_S001,38028_D03_S001,Puerto de la Cruz,2.0,13.0,9.0,0.0,306.0,330.0,92.72727272727273,6.666666666666667
2021,20210101_38028_D03_S002,38028_D03_S002,Puerto de la Cruz,5.0,17.0,16.0,0.0,308.0,346.0,89.01734104046243,9.53757225433526
2021,20210101_38028_D03_S003,38028_D03_S003,Puerto de la Cruz,0.0,5.0,16.0,0.0,273.0,294.0,92.85714285714286,7.142857142857143
2021,20210101_38028_D03_S004,38028_D03_S004,Puerto de la Cruz,8.0,21.0,12.0,0.0,434.0,475.0,91.36842105263158,6.947368421052632
2021,20210101_38028_D03_S005,38028_D03_S005,Puerto de la Cruz,0.0,19.0,14.0,0.0,350.0,383.0,91.38381201044386,8.616187989556137
2021,20210101_38028_D03_S006,38028_D03_S006,Puerto de la Cruz,6.0,9.0,12.0,0.0,345.0,372.0,92.74193548387096,5.645161290322581
2021,20210101_38028_D04_S001,38028_D04_S001,Puerto de la Cruz,5.0,28.0,17.0,0.0,396.0,446.0,88.78923766816143,10.089686098654708
2021,20210101_38028_D04_S002,38028_D04_S002,Puerto de la Cruz,13.0,22.0,10.0,0.0,321.0,366.0,87.70491803278688,8.743169398907105
2021,20210101_38028_D04_S003,38028_D04_S003,Puerto de la Cruz,13.0,34.0,26.0,0.0,637.0,710.0,89.71830985915493,8.450704225352112
2021,20210101_38028_D04_S004,38028_D04_S004,Puerto de la Cruz,13.0,28.0,15.0,1.0,503.0,559.0,89.98211091234347,7.6923076923076925
2021,20210101_38028_D04_S005,38028_D04_S005,Puerto de la Cruz,6.0,14.0,12.0,0.0,166.0,198.0,83.83838383838383,13.131313131313131
2021,20210101_38029_D01_S001,38029_D01_S001,Puntagorda,35.0,57.0,23.0,0.0,235.0,350.0,67.14285714285714,22.857142857142858
2021,20210101_38029_D01_S002,38029_D01_S002,Puntagorda,37.0,38.0,19.0,3.0,257.0,351.0,73.21937321937322,16.23931623931624
2021,20210101_38030_D01_S001,38030_D01_S001,Puntallana,40.0,66.0,22.0,0.0,435.0,563.0,77.26465364120781,15.630550621669627
2021,20210101_38030_D01_S002,38030_D01_S002,Puntallana,55.0,27.0,29.0,1.0,315.0,426.0,73.94366197183099,13.145539906103286
2021,20210101_38031_D01_S001,38031_D01_S001,"Realejos, Los",12.0,28.0,17.0,0.0,288.0,345.0,83.47826086956522,13.043478260869565
2021,20210101_38031_D01_S002,38031_D01_S002,"Realejos, Los",12.0,59.0,58.0,1.0,772.0,901.0,85.68257491675915,12.985571587125417
2021,20210101_38031_D01_S003,38031_D01_S003,"Realejos, Los",8.0,61.0,42.0,0.0,695.0,806.0,86.22828784119106,12.779156327543424
2021,20210101_38031_D01_S004,38031_D01_S004,"Realejos, Los",14.0,58.0,39.0,0.0,849.0,960.0,88.4375,10.104166666666666
2021,20210101_38031_D01_S005,38031_D01_S005,"Realejos, Los",10.0,66.0,40.0,1.0,591.0,707.0,83.5926449787836,14.992927864214993
2021,20210101_38031_D01_S006,38031_D01_S006,"Realejos, Los",9.0,35.0,25.0,0.0,428.0,497.0,86.11670020120724,12.072434607645874
2021,20210101_38031_D01_S007,38031_D01_S007,"Realejos, Los",8.0,66.0,23.0,0.0,305.0,402.0,75.87064676616916,22.139303482587064
2021,20210101_38031_D01_S008,38031_D01_S008,"Realejos, Los",10.0,38.0,33.0,2.0,547.0,628.0,87.10191082802548,11.305732484076433
2021,20210101_38031_D02_S001,38031_D02_S001,"Realejos, Los",12.0,53.0,37.0,0.0,574.0,676.0,84.91124260355029,13.31360946745562
2021,20210101_38031_D02_S002,38031_D02_S002,"Realejos, Los",9.0,62.0,39.0,0.0,440.0,550.0,80.0,18.363636363636363
2021,20210101_38031_D02_S003,38031_D02_S003,"Realejos, Los",15.0,62.0,29.0,0.0,397.0,503.0,78.92644135188867,18.09145129224652
2021,20210101_38031_D03_S001,38031_D03_S001,"Realejos, Los",14.0,59.0,30.0,1.0,454.0,557.0,81.50807899461401,15.978456014362656
2021,20210101_38031_D03_S002,38031_D03_S002,"Realejos, Los",15.0,39.0,26.0,0.0,325.0,405.0,80.24691358024691,16.049382716049383
2021,20210101_38031_D03_S003,38031_D03_S003,"Realejos, Los",18.0,41.0,16.0,0.0,431.0,506.0,85.17786561264822,11.264822134387352
2021,20210101_38031_D03_S004,38031_D03_S004,"Realejos, Los",11.0,17.0,18.0,0.0,458.0,504.0,90.87301587301587,6.944444444444445
2021,20210101_38031_D03_S005,38031_D03_S005,"Realejos, Los",19.0,47.0,23.0,0.0,485.0,574.0,84.49477351916376,12.195121951219512
2021,20210101_38031_D04_S001,38031_D04_S001,"Realejos, Los",7.0,37.0,16.0,0.0,510.0,570.0,89.47368421052632,9.298245614035087
2021,20210101_38031_D04_S002,38031_D04_S002,"Realejos, Los",7.0,36.0,27.0,0.0,614.0,684.0,89.76608187134502,9.210526315789474
2021,20210101_38031_D04_S003,38031_D04_S003,"Realejos, Los",7.0,27.0,20.0,0.0,421.0,475.0,88.63157894736842,9.894736842105264
2021,20210101_38031_D04_S004,38031_D04_S004,"Realejos, Los",16.0,24.0,15.0,0.0,460.0,515.0,89.32038834951456,7.572815533980583
2021,20210101_38031_D05_S001,38031_D05_S001,"Realejos, Los",16.0,76.0,12.0,0.0,251.0,355.0,70.70422535211267,24.788732394366196
2021,20210101_38031_D05_S002,38031_D05_S002,"Realejos, Los",43.0,90.0,18.0,0.0,236.0,387.0,60.98191214470284,27.906976744186046
2021,20210101_38031_D05_S003,38031_D05_S003,"Realejos, Los",22.0,61.0,14.0,1.0,214.0,311.0,68.81028938906752,24.115755627009648
2021,20210101_38031_D06_S001,38031_D06_S001,"Realejos, Los",22.0,102.0,22.0,0.0,254.0,400.0,63.5,31.0
2021,20210101_38031_D06_S002,38031_D06_S002,"Realejos, Los",56.0,118.0,21.0,1.0,316.0,511.0,61.839530332681015,27.201565557729943
2021,20210101_38032_D01_S001,38032_D01_S001,"Rosario, El",3.0,21.0,21.0,0.0,292.0,337.0,86.64688427299703,12.462908011869436
2021,20210101_38032_D01_S002,38032_D01_S002,"Rosario, El",4.0,8.0,31.0,0.0,188.0,231.0,81.38528138528139,16.883116883116884
2021,20210101_38032_D01_S003,38032_D01_S003,"Rosario, El",12.0,48.0,49.0,0.0,627.0,736.0,85.19021739130434,13.179347826086957
2021,20210101_38032_D01_S004,38032_D01_S004,"Rosario, El",0.0,40.0,37.0,0.0,823.0,900.0,91.44444444444444,8.555555555555555
2021,20210101_38032_D01_S005,38032_D01_S005,"Rosario, El",2.0,24.0,23.0,0.0,245.0,294.0,83.33333333333333,15.986394557823129
2021,20210101_38032_D01_S006,38032_D01_S006,"Rosario, El",6.0,31.0,37.0,0.0,845.0,919.0,91.94776931447225,7.399347116430903
2021,20210101_38032_D01_S007,38032_D01_S007,"Rosario, El",5.0,43.0,52.0,0.0,547.0,647.0,84.54404945904173,14.683153013910356
2021,20210101_38032_D01_S008,38032_D01_S008,"Rosario, El",4.0,35.0,25.0,0.0,653.0,717.0,91.07391910739192,8.368200836820083
2021,20210101_38032_D01_S009,38032_D01_S009,"Rosario, El",3.0,25.0,14.0,0.0,278.0,320.0,86.875,12.1875
2021,20210101_38032_D01_S010,38032_D01_S010,"Rosario, El",10.0,48.0,70.0,0.0,508.0,636.0,79.87421383647799,18.553459119496857
2021,20210101_38032_D01_S011,38032_D01_S011,"Rosario, El",4.0,53.0,38.0,0.0,705.0,800.0,88.125,11.375
2021,20210101_38032_D01_S012,38032_D01_S012,"Rosario, El",4.0,28.0,27.0,0.0,582.0,641.0,90.795631825273,8.580343213728549
2021,20210101_38032_D01_S013,38032_D01_S013,"Rosario, El",1.0,18.0,34.0,0.0,411.0,464.0,88.57758620689656,11.206896551724139
2021,20210101_38033_D01_S001,38033_D01_S001,San Andrés y Sauces,62.0,40.0,33.0,0.0,352.0,487.0,72.27926078028747,14.989733059548255
2021,20210101_38033_D01_S002,38033_D01_S002,San Andrés y Sauces,36.0,16.0,18.0,2.0,211.0,281.0,75.08896797153025,12.099644128113878
2021,20210101_38033_D01_S003,38033_D01_S003,San Andrés y Sauces,69.0,41.0,51.0,4.0,377.0,538.0,70.07434944237919,17.100371747211895
2021,20210101_38033_D02_S001,38033_D02_S001,San Andrés y Sauces,77.0,36.0,31.0,4.0,333.0,477.0,69.81132075471699,14.046121593291405
2021,20210101_38034_D01_S001,38034_D01_S001,San Juan de la Rambla,23.0,27.0,15.0,0.0,404.0,469.0,86.1407249466951,8.955223880597014
2021,20210101_38034_D01_S002,38034_D01_S002,San Juan de la Rambla,41.0,71.0,26.0,0.0,531.0,669.0,79.37219730941705,14.499252615844544
2021,20210101_38034_D01_S003,38034_D01_S003,San Juan de la Rambla,18.0,42.0,11.0,1.0,166.0,237.0,70.042194092827,22.362869198312236
2021,20210101_38034_D01_S004,38034_D01_S004,San Juan de la Rambla,29.0,74.0,17.0,0.0,284.0,404.0,70.29702970297029,22.524752475247524
2021,20210101_38035_D01_S001,38035_D01_S001,San Miguel de Abona,23.0,70.0,47.0,0.0,753.0,893.0,84.32250839865621,13.101903695408735
2021,20210101_38035_D01_S002,38035_D01_S002,San Miguel de Abona,24.0,57.0,38.0,0.0,603.0,722.0,83.5180055401662,13.157894736842104
2021,20210101_38035_D01_S003,38035_D01_S003,San Miguel de Abona,24.0,49.0,58.0,0.0,750.0,881.0,85.1305334846765,12.145289443813848
2021,20210101_38035_D01_S004,38035_D01_S004,San Miguel de Abona,34.0,120.0,52.0,1.0,1761.0,1967.0,89.52719877986782,8.744280630401628
2021,20210101_38035_D01_S005,38035_D01_S005,San Miguel de Abona,10.0,26.0,33.0,0.0,296.0,365.0,81.0958904109589,16.164383561643834
2021,20210101_38035_D01_S006,38035_D01_S006,San Miguel de Abona,23.0,44.0,22.0,0.0,519.0,608.0,85.36184210526316,10.855263157894736
2021,20210101_38035_D01_S007,38035_D01_S007,San Miguel de Abona,13.0,48.0,30.0,0.0,796.0,887.0,89.74069898534385,8.793686583990981
2021,20210101_38035_D01_S008,38035_D01_S008,San Miguel de Abona,16.0,43.0,32.0,0.0,920.0,1011.0,90.99901088031652,7.4183976261127595
2021,20210101_38035_D01_S009,38035_D01_S009,San Miguel de Abona,39.0,54.0,38.0,0.0,704.0,835.0,84.31137724550898,11.017964071856287
2021,20210101_38036_D01_S001,38036_D01_S001,San Sebastián de la Gomera,28.0,77.0,34.0,1.0,1009.0,1148.0,87.89198606271778,9.668989547038327
2021,20210101_38036_D01_S002,38036_D01_S002,San Sebastián de la Gomera,26.0,64.0,20.0,1.0,616.0,726.0,84.84848484848484,11.570247933884298
2021,20210101_38036_D01_S003,38036_D01_S003,San Sebastián de la Gomera,15.0,18.0,15.0,0.0,242.0,290.0,83.44827586206897,11.379310344827585
2021,20210101_38036_D01_S005,38036_D01_S005,San Sebastián de la Gomera,27.0,60.0,23.0,0.0,674.0,784.0,85.96938775510205,10.58673469387755
2021,20210101_38036_D01_S006,38036_D01_S006,San Sebastián de la Gomera,12.0,32.0,17.0,1.0,466.0,527.0,88.42504743833017,9.297912713472487
2021,20210101_38036_D01_S007,38036_D01_S007,San Sebastián de la Gomera,10.0,29.0,16.0,0.0,280.0,335.0,83.58208955223881,13.432835820895523
2021,20210101_38036_D01_S008,38036_D01_S008,San Sebastián de la Gomera,0.0,0.0,0.0,0.0,0.0,0.0,,
2021,20210101_38037_D01_S001,38037_D01_S001,Santa Cruz de la Palma,17.0,22.0,12.0,1.0,437.0,488.0,89.54918032786885,6.967213114754099
2021,20210101_38037_D01_S002,38037_D01_S002,Santa Cruz de la Palma,14.0,39.0,13.0,0.0,348.0,414.0,84.05797101449275,12.560386473429952
2021,20210101_38037_D01_S003,38037_D01_S003,Santa Cruz de la Palma,12.0,38.0,19.0,0.0,738.0,807.0,91.44981412639405,7.063197026022305
2021,20210101_38037_D02_S001,38037_D02_S001,Santa Cruz de la Palma,8.0,16.0,5.0,1.0,284.0,313.0,90.73482428115015,6.7092651757188495
2021,20210101_38037_D02_S002,38037_D02_S002,Santa Cruz de la Palma,11.0,31.0,20.0,3.0,482.0,544.0,88.6029411764706,9.375
2021,20210101_38037_D02_S003,38037_D02_S003,Santa Cruz de la Palma,17.0,61.0,33.0,0.0,868.0,979.0,88.66189989785495,9.601634320735444
2021,20210101_38037_D02_S005,38037_D02_S005,Santa Cruz de la Palma,1.0,5.0,2.0,0.0,30.0,38.0,78.94736842105263,18.42105263157895
2021,20210101_38037_D03_S001,38037_D03_S001,Santa Cruz de la Palma,15.0,16.0,11.0,0.0,370.0,412.0,89.80582524271844,6.553398058252427
2021,20210101_38037_D03_S002,38037_D03_S002,Santa Cruz de la Palma,16.0,13.0,23.0,0.0,302.0,354.0,85.31073446327683,10.169491525423728
2021,20210101_38037_D03_S003,38037_D03_S003,Santa Cruz de la Palma,4.0,35.0,27.0,2.0,371.0,437.0,84.89702517162472,14.187643020594965
2021,20210101_38037_D03_S004,38037_D03_S004,Santa Cruz de la Palma,29.0,39.0,24.0,0.0,376.0,468.0,80.34188034188034,13.461538461538462
2021,20210101_38037_D03_S005,38037_D03_S005,Santa Cruz de la Palma,14.0,67.0,32.0,1.0,470.0,583.0,80.61749571183533,16.9811320754717
2021,20210101_38038_D01_S001,38038_D01_S001,Santa Cruz de Tenerife,11.0,26.0,22.0,1.0,581.0,640.0,90.78125,7.5
2021,20210101_38038_D01_S002,38038_D01_S002,Santa Cruz de Tenerife,0.0,7.0,10.0,0.0,336.0,353.0,95.1841359773371,4.81586402266289
2021,20210101_38038_D01_S003,38038_D01_S003,Santa Cruz de Tenerife,3.0,20.0,18.0,1.0,553.0,594.0,93.0976430976431,6.397306397306397
2021,20210101_38038_D01_S004,38038_D01_S004,Santa Cruz de Tenerife,6.0,16.0,9.0,0.0,447.0,478.0,93.51464435146444,5.2301255230125525
2021,20210101_38038_D01_S006,38038_D01_S006,Santa Cruz de Tenerife,7.0,21.0,28.0,0.0,702.0,758.0,92.61213720316623,6.464379947229552
2021,20210101_38038_D01_S007,38038_D01_S007,Santa Cruz de Tenerife,1.0,10.0,11.0,0.0,279.0,301.0,92.69102990033223,6.976744186046512
2021,20210101_38038_D01_S008,38038_D01_S008,Santa Cruz de Tenerife,7.0,26.0,43.0,0.0,783.0,859.0,91.15250291036088,8.032596041909196
2021,20210101_38038_D01_S009,38038_D01_S009,Santa Cruz de Tenerife,6.0,15.0,17.0,2.0,413.0,451.0,91.57427937915743,7.095343680709535
2021,20210101_38038_D01_S010,38038_D01_S010,Santa Cruz de Tenerife,3.0,15.0,24.0,0.0,597.0,639.0,93.42723004694835,6.103286384976526
2021,20210101_38038_D01_S011,38038_D01_S011,Santa Cruz de Tenerife,5.0,12.0,18.0,1.0,348.0,383.0,90.86161879895562,7.83289817232376
2021,20210101_38038_D01_S012,38038_D01_S012,Santa Cruz de Tenerife,3.0,28.0,34.0,2.0,740.0,805.0,91.92546583850931,7.701863354037267
2021,20210101_38038_D02_S001,38038_D02_S001,Santa Cruz de Tenerife,4.0,11.0,11.0,1.0,442.0,468.0,94.44444444444444,4.700854700854701
2021,20210101_38038_D02_S002,38038_D02_S002,Santa Cruz de Tenerife,4.0,7.0,7.0,1.0,343.0,361.0,95.01385041551247,3.8781163434903045
2021,20210101_38038_D02_S003,38038_D02_S003,Santa Cruz de Tenerife,2.0,22.0,20.0,1.0,475.0,519.0,91.52215799614643,8.092485549132949
2021,20210101_38038_D02_S004,38038_D02_S004,Santa Cruz de Tenerife,5.0,12.0,12.0,1.0,299.0,328.0,91.15853658536585,7.317073170731708
2021,20210101_38038_D02_S005,38038_D02_S005,Santa Cruz de Tenerife,1.0,18.0,17.0,1.0,601.0,637.0,94.34850863422292,5.4945054945054945
2021,20210101_38038_D02_S006,38038_D02_S006,Santa Cruz de Tenerife,4.0,11.0,19.0,0.0,600.0,634.0,94.6372239747634,4.73186119873817
2021,20210101_38038_D02_S007,38038_D02_S007,Santa Cruz de Tenerife,0.0,10.0,12.0,1.0,296.0,318.0,93.08176100628931,6.918238993710692
2021,20210101_38038_D02_S008,38038_D02_S008,Santa Cruz de Tenerife,4.0,13.0,15.0,0.0,441.0,473.0,93.23467230443974,5.919661733615222
2021,20210101_38038_D02_S009,38038_D02_S009,Santa Cruz de Tenerife,1.0,16.0,16.0,0.0,658.0,691.0,95.22431259044862,4.630969609261939
2021,20210101_38038_D03_S001,38038_D03_S001,Santa Cruz de Tenerife,5.0,40.0,47.0,0.0,1275.0,1367.0,93.26993416239941,6.3643013899049015
2021,20210101_38038_D03_S002,38038_D03_S002,Santa Cruz de Tenerife,2.0,9.0,6.0,1.0,351.0,368.0,95.3804347826087,4.076086956521739
2021,20210101_38038_D03_S003,38038_D03_S003,Santa Cruz de Tenerife,4.0,14.0,19.0,0.0,555.0,592.0,93.75,5.574324324324325
2021,20210101_38038_D03_S004,38038_D03_S004,Santa Cruz de Tenerife,2.0,11.0,13.0,1.0,232.0,258.0,89.92248062015504,9.30232558139535
2021,20210101_38038_D03_S005,38038_D03_S005,Santa Cruz de Tenerife,4.0,14.0,14.0,0.0,503.0,535.0,94.01869158878505,5.233644859813084
2021,20210101_38038_D03_S006,38038_D03_S006,Santa Cruz de Tenerife,0.0,6.0,6.0,0.0,259.0,271.0,95.5719557195572,4.428044280442805
2021,20210101_38038_D03_S007,38038_D03_S007,Santa Cruz de Tenerife,5.0,11.0,19.0,0.0,310.0,345.0,89.85507246376811,8.695652173913043
2021,20210101_38038_D03_S008,38038_D03_S008,Santa Cruz de Tenerife,2.0,20.0,24.0,0.0,379.0,425.0,89.17647058823529,10.352941176470589
2021,20210101_38038_D03_S009,38038_D03_S009,Santa Cruz de Tenerife,2.0,14.0,24.0,0.0,496.0,536.0,92.53731343283582,7.08955223880597
2021,20210101_38038_D03_S010,38038_D03_S010,Santa Cruz de Tenerife,2.0,15.0,10.0,0.0,296.0,323.0,91.64086687306502,7.739938080495356
2021,20210101_38038_D03_S011,38038_D03_S011,Santa Cruz de Tenerife,2.0,11.0,12.0,0.0,459.0,484.0,94.83471074380165,4.75206611570248
2021,20210101_38038_D03_S013,38038_D03_S013,Santa Cruz de Tenerife,4.0,16.0,21.0,0.0,458.0,499.0,91.78356713426854,7.414829659318637
2021,20210101_38038_D03_S014,38038_D03_S014,Santa Cruz de Tenerife,5.0,19.0,26.0,0.0,512.0,562.0,91.1032028469751,8.00711743772242
2021,20210101_38038_D03_S015,38038_D03_S015,Santa Cruz de Tenerife,7.0,20.0,25.0,0.0,496.0,548.0,90.51094890510949,8.211678832116789
2021,20210101_38038_D03_S016,38038_D03_S016,Santa Cruz de Tenerife,2.0,15.0,15.0,1.0,300.0,332.0,90.36144578313252,9.036144578313253
2021,20210101_38038_D03_S017,38038_D03_S017,Santa Cruz de Tenerife,1.0,10.0,11.0,0.0,291.0,313.0,92.97124600638978,6.7092651757188495
2021,20210101_38038_D03_S018,38038_D03_S018,Santa Cruz de Tenerife,3.0,14.0,7.0,0.0,270.0,294.0,91.83673469387755,7.142857142857143
2021,20210101_38038_D03_S019,38038_D03_S019,Santa Cruz de Tenerife,4.0,17.0,21.0,0.0,409.0,451.0,90.68736141906874,8.425720620842572
2021,20210101_38038_D03_S020,38038_D03_S020,Santa Cruz de Tenerife,1.0,26.0,22.0,0.0,614.0,663.0,92.60935143288084,7.239819004524887
2021,20210101_38038_D03_S021,38038_D03_S021,Santa Cruz de Tenerife,0.0,0.0,0.0,0.0,0.0,0.0,,
2021,20210101_38038_D04_S001,38038_D04_S001,Santa Cruz de Tenerife,2.0,17.0,5.0,0.0,172.0,196.0,87.75510204081633,11.224489795918368
2021,20210101_38038_D04_S002,38038_D04_S002,Santa Cruz de Tenerife,4.0,28.0,16.0,0.0,240.0,288.0,83.33333333333333,15.277777777777779
2021,20210101_38038_D04_S003,38038_D04_S003,Santa Cruz de Tenerife,7.0,33.0,21.0,0.0,365.0,426.0,85.68075117370893,12.67605633802817
2021,20210101_38038_D04_S004,38038_D04_S004,Santa Cruz de Tenerife,2.0,27.0,18.0,0.0,284.0,331.0,85.80060422960725,13.595166163141993
2021,20210101_38038_D04_S005,38038_D04_S005,Santa Cruz de Tenerife,9.0,30.0,13.0,0.0,324.0,376.0,86.17021276595744,11.436170212765957
2021,20210101_38038_D04_S006,38038_D04_S006,Santa Cruz de Tenerife,4.0,20.0,21.0,0.0,328.0,373.0,87.93565683646112,10.99195710455764
2021,20210101_38038_D04_S007,38038_D04_S007,Santa Cruz de Tenerife,6.0,15.0,15.0,0.0,270.0,306.0,88.23529411764706,9.803921568627452
2021,20210101_38038_D04_S009,38038_D04_S009,Santa Cruz de Tenerife,4.0,24.0,18.0,0.0,361.0,407.0,88.6977886977887,10.31941031941032
2021,20210101_38038_D04_S011,38038_D04_S011,Santa Cruz de Tenerife,5.0,25.0,16.0,0.0,326.0,372.0,87.63440860215054,11.021505376344086
2021,20210101_38038_D04_S012,38038_D04_S012,Santa Cruz de Tenerife,0.0,15.0,18.0,0.0,252.0,285.0,88.42105263157895,11.578947368421053
2021,20210101_38038_D04_S014,38038_D04_S014,Santa Cruz de Tenerife,0.0,13.0,10.0,0.0,217.0,240.0,90.41666666666667,9.583333333333334
2021,20210101_38038_D04_S015,38038_D04_S015,Santa Cruz de Tenerife,2.0,28.0,8.0,0.0,178.0,216.0,82.4074074074074,16.666666666666668
2021,20210101_38038_D05_S001,38038_D05_S001,Santa Cruz de Tenerife,12.0,13.0,19.0,1.0,511.0,555.0,92.07207207207207,5.7657657657657655
2021,20210101_38038_D05_S002,38038_D05_S002,Santa Cruz de Tenerife,10.0,17.0,17.0,0.0,610.0,654.0,93.27217125382263,5.198776758409786
2021,20210101_38038_D05_S003,38038_D05_S003,Santa Cruz de Tenerife,8.0,16.0,24.0,1.0,469.0,517.0,90.71566731141199,7.7369439071566735
2021,20210101_38038_D05_S004,38038_D05_S004,Santa Cruz de Tenerife,4.0,10.0,11.0,0.0,365.0,390.0,93.58974358974359,5.384615384615385
2021,20210101_38038_D05_S005,38038_D05_S005,Santa Cruz de Tenerife,5.0,17.0,14.0,0.0,553.0,589.0,93.88794567062818,5.2631578947368425
2021,20210101_38038_D05_S006,38038_D05_S006,Santa Cruz de Tenerife,7.0,19.0,16.0,0.0,487.0,529.0,92.06049149338374,6.616257088846881
2021,20210101_38038_D05_S007,38038_D05_S007,Santa Cruz de Tenerife,5.0,20.0,18.0,0.0,475.0,518.0,91.6988416988417,7.335907335907336
2021,20210101_38038_D05_S008,38038_D05_S008,Santa Cruz de Tenerife,9.0,17.0,22.0,0.0,509.0,557.0,91.38240574506284,7.001795332136445
2021,20210101_38038_D05_S009,38038_D05_S009,Santa Cruz de Tenerife,10.0,16.0,16.0,0.0,393.0,435.0,90.34482758620689,7.35632183908046
2021,20210101_38038_D05_S010,38038_D05_S010,Santa Cruz de Tenerife,11.0,32.0,18.0,0.0,602.0,663.0,90.79939668174963,7.541478129713424
2021,20210101_38038_D05_S011,38038_D05_S011,Santa Cruz de Tenerife,2.0,5.0,6.0,0.0,303.0,316.0,95.88607594936708,3.481012658227848
2021,20210101_38038_D05_S012,38038_D05_S012,Santa Cruz de Tenerife,6.0,9.0,22.0,2.0,671.0,708.0,94.77401129943503,4.378531073446328
2021,20210101_38038_D05_S013,38038_D05_S013,Santa Cruz de Tenerife,6.0,17.0,11.0,0.0,397.0,431.0,92.11136890951276,6.496519721577727
2021,20210101_38038_D05_S014,38038_D05_S014,Santa Cruz de Tenerife,5.0,19.0,10.0,0.0,491.0,525.0,93.52380952380952,5.523809523809524
2021,20210101_38038_D05_S015,38038_D05_S015,Santa Cruz de Tenerife,2.0,12.0,8.0,0.0,306.0,328.0,93.29268292682927,6.097560975609756
2021,20210101_38038_D06_S001,38038_D06_S001,Santa Cruz de Tenerife,6.0,23.0,10.0,0.0,523.0,562.0,93.06049822064057,5.871886120996441
2021,20210101_38038_D06_S002,38038_D06_S002,Santa Cruz de Tenerife,3.0,7.0,10.0,0.0,269.0,289.0,93.0795847750865,5.882352941176471
2021,20210101_38038_D06_S003,38038_D06_S003,Santa Cruz de Tenerife,9.0,22.0,23.0,1.0,332.0,386.0,86.01036269430051,11.658031088082902
2021,20210101_38038_D06_S004,38038_D06_S004,Santa Cruz de Tenerife,5.0,12.0,9.0,1.0,229.0,255.0,89.80392156862744,8.235294117647058
2021,20210101_38038_D06_S005,38038_D06_S005,Santa Cruz de Tenerife,2.0,15.0,15.0,1.0,326.0,358.0,91.06145251396649,8.379888268156424
2021,20210101_38038_D06_S006,38038_D06_S006,Santa Cruz de Tenerife,1.0,13.0,14.0,0.0,236.0,264.0,89.39393939393939,10.227272727272727
2021,20210101_38038_D06_S007,38038_D06_S007,Santa Cruz de Tenerife,7.0,37.0,36.0,0.0,825.0,905.0,91.16022099447514,8.066298342541437
2021,20210101_38038_D06_S008,38038_D06_S008,Santa Cruz de Tenerife,2.0,20.0,23.0,0.0,352.0,397.0,88.66498740554157,10.831234256926953
2021,20210101_38038_D06_S010,38038_D06_S010,Santa Cruz de Tenerife,2.0,14.0,21.0,0.0,366.0,403.0,90.81885856079404,8.6848635235732
2021,20210101_38038_D06_S011,38038_D06_S011,Santa Cruz de Tenerife,2.0,15.0,9.0,0.0,340.0,366.0,92.89617486338798,6.557377049180328
2021,20210101_38038_D06_S012,38038_D06_S012,Santa Cruz de Tenerife,3.0,24.0,17.0,0.0,556.0,600.0,92.66666666666667,6.833333333333333
2021,20210101_38038_D06_S013,38038_D06_S013,Santa Cruz de Tenerife,6.0,21.0,11.0,1.0,329.0,367.0,89.64577656675749,8.719346049046322
2021,20210101_38038_D06_S014,38038_D06_S014,Santa Cruz de Tenerife,6.0,24.0,16.0,0.0,347.0,393.0,88.29516539440203,10.178117048346056
2021,20210101_38038_D06_S016,38038_D06_S016,Santa Cruz de Tenerife,3.0,25.0,8.0,0.0,232.0,268.0,86.56716417910448,12.313432835820896
2021,20210101_38038_D06_S017,38038_D06_S017,Santa Cruz de Tenerife,5.0,22.0,17.0,0.0,375.0,419.0,89.49880668257757,9.307875894988067
2021,20210101_38038_D06_S018,38038_D06_S018,Santa Cruz de Tenerife,2.0,20.0,9.0,0.0,358.0,389.0,92.03084832904884,7.455012853470437
2021,20210101_38038_D06_S019,38038_D06_S019,Santa Cruz de Tenerife,4.0,13.0,19.0,0.0,338.0,374.0,90.37433155080214,8.556149732620321
2021,20210101_38038_D06_S020,38038_D06_S020,Santa Cruz de Tenerife,2.0,27.0,15.0,0.0,345.0,389.0,88.68894601542416,10.796915167095115
2021,20210101_38038_D06_S021,38038_D06_S021,Santa Cruz de Tenerife,1.0,24.0,19.0,0.0,486.0,530.0,91.69811320754717,8.11320754716981
2021,20210101_38038_D06_S022,38038_D06_S022,Santa Cruz de Tenerife,4.0,20.0,33.0,0.0,833.0,890.0,93.59550561797752,5.955056179775281
2021,20210101_38038_D06_S023,38038_D06_S023,Santa Cruz de Tenerife,3.0,15.0,8.0,0.0,300.0,326.0,92.02453987730061,7.0552147239263805
2021,20210101_38038_D06_S025,38038_D06_S025,Santa Cruz de Tenerife,8.0,31.0,33.0,3.0,780.0,852.0,91.54929577464789,7.511737089201878
2021,20210101_38038_D06_S026,38038_D06_S026,Santa Cruz de Tenerife,2.0,18.0,6.0,0.0,230.0,256.0,89.84375,9.375
2021,20210101_38038_D06_S028,38038_D06_S028,Santa Cruz de Tenerife,2.0,18.0,27.0,0.0,572.0,619.0,92.40710823909531,7.269789983844911
2021,20210101_38038_D06_S029,38038_D06_S029,Santa Cruz de Tenerife,1.0,4.0,2.0,0.0,114.0,121.0,94.21487603305785,4.958677685950414
2021,20210101_38038_D07_S001,38038_D07_S001,Santa Cruz de Tenerife,7.0,16.0,33.0,0.0,612.0,668.0,91.61676646706587,7.335329341317365
2021,20210101_38038_D07_S002,38038_D07_S002,Santa Cruz de Tenerife,12.0,23.0,30.0,0.0,494.0,559.0,88.37209302325581,9.481216457960643
2021,20210101_38038_D07_S003,38038_D07_S003,Santa Cruz de Tenerife,10.0,24.0,41.0,0.0,552.0,627.0,88.03827751196172,10.36682615629984
2021,20210101_38038_D07_S004,38038_D07_S004,Santa Cruz de Tenerife,0.0,16.0,8.0,0.0,194.0,218.0,88.9908256880734,11.009174311926605
2021,20210101_38038_D07_S005,38038_D07_S005,Santa Cruz de Tenerife,0.0,24.0,20.0,0.0,268.0,312.0,85.8974358974359,14.102564102564102
2021,20210101_38038_D07_S006,38038_D07_S006,Santa Cruz de Tenerife,7.0,21.0,20.0,0.0,345.0,393.0,87.78625954198473,10.432569974554708
2021,20210101_38038_D07_S007,38038_D07_S007,Santa Cruz de Tenerife,5.0,23.0,27.0,0.0,386.0,441.0,87.52834467120181,11.337868480725623
2021,20210101_38038_D07_S009,38038_D07_S009,Santa Cruz de Tenerife,4.0,21.0,36.0,0.0,451.0,512.0,88.0859375,11.1328125
2021,20210101_38038_D08_S001,38038_D08_S001,Santa Cruz de Tenerife,5.0,45.0,24.0,0.0,301.0,375.0,80.26666666666667,18.4
2021,20210101_38038_D09_S001,38038_D09_S001,Santa Cruz de Tenerife,2.0,22.0,16.0,0.0,287.0,327.0,87.76758409785933,11.62079510703364
2021,20210101_38038_D09_S002,38038_D09_S002,Santa Cruz de Tenerife,4.0,13.0,10.0,0.0,206.0,233.0,88.41201716738198,9.871244635193133
2021,20210101_38038_D09_S003,38038_D09_S003,Santa Cruz de Tenerife,4.0,18.0,19.0,0.0,319.0,360.0,88.61111111111111,10.277777777777779
2021,20210101_38038_D09_S006,38038_D09_S006,Santa Cruz de Tenerife,3.0,30.0,20.0,0.0,363.0,416.0,87.25961538461539,12.01923076923077
2021,20210101_38038_D09_S007,38038_D09_S007,Santa Cruz de Tenerife,1.0,13.0,15.0,0.0,253.0,282.0,89.71631205673759,9.929078014184396
2021,20210101_38038_D09_S009,38038_D09_S009,Santa Cruz de Tenerife,2.0,30.0,18.0,0.0,415.0,465.0,89.24731182795699,10.32258064516129
2021,20210101_38038_D09_S010,38038_D09_S010,Santa Cruz de Tenerife,1.0,24.0,27.0,0.0,333.0,385.0,86.49350649350649,13.246753246753247
2021,20210101_38038_D09_S011,38038_D09_S011,Santa Cruz de Tenerife,5.0,26.0,23.0,0.0,294.0,348.0,84.48275862068965,14.080459770114942
2021,20210101_38038_D09_S012,38038_D09_S012,Santa Cruz de Tenerife,11.0,37.0,22.0,0.0,490.0,560.0,87.5,10.535714285714286
2021,20210101_38038_D09_S014,38038_D09_S014,Santa Cruz de Tenerife,2.0,16.0,13.0,0.0,228.0,259.0,88.03088803088804,11.196911196911197
2021,20210101_38038_D09_S015,38038_D09_S015,Santa Cruz de Tenerife,2.0,10.0,18.0,0.0,281.0,311.0,90.35369774919614,9.003215434083602
2021,20210101_38038_D09_S016,38038_D09_S016,Santa Cruz de Tenerife,2.0,14.0,12.0,0.0,299.0,327.0,91.43730886850153,7.951070336391437
2021,20210101_38038_D09_S018,38038_D09_S018,Santa Cruz de Tenerife,5.0,8.0,11.0,0.0,184.0,208.0,88.46153846153847,9.134615384615385
2021,20210101_38038_D09_S019,38038_D09_S019,Santa Cruz de Tenerife,5.0,25.0,18.0,0.0,481.0,529.0,90.92627599243856,8.128544423440454
2021,20210101_38038_D09_S021,38038_D09_S021,Santa Cruz de Tenerife,1.0,21.0,15.0,0.0,226.0,263.0,85.93155893536121,13.688212927756654
2021,20210101_38038_D09_S022,38038_D09_S022,Santa Cruz de Tenerife,4.0,18.0,20.0,0.0,358.0,400.0,89.5,9.5
2021,20210101_38038_D10_S001,38038_D10_S001,Santa Cruz de Tenerife,0.0,17.0,21.0,0.0,217.0,255.0,85.09803921568627,14.901960784313726
2021,20210101_38038_D10_S002,38038_D10_S002,Santa Cruz de Tenerife,0.0,21.0,15.0,0.0,282.0,318.0,88.67924528301887,11.320754716981131
2021,20210101_38038_D10_S003,38038_D10_S003,Santa Cruz de Tenerife,4.0,19.0,12.0,0.0,320.0,355.0,90.14084507042253,8.732394366197184
2021,20210101_38038_D10_S004,38038_D10_S004,Santa Cruz de Tenerife,0.0,10.0,14.0,0.0,185.0,209.0,88.51674641148325,11.483253588516746
2021,20210101_38038_D10_S005,38038_D10_S005,Santa Cruz de Tenerife,2.0,18.0,9.0,0.0,223.0,252.0,88.4920634920635,10.714285714285714
2021,20210101_38038_D10_S006,38038_D10_S006,Santa Cruz de Tenerife,5.0,20.0,26.0,0.0,492.0,543.0,90.60773480662984,8.47145488029466
2021,20210101_38038_D10_S007,38038_D10_S007,Santa Cruz de Tenerife,4.0,16.0,11.0,0.0,264.0,295.0,89.49152542372882,9.152542372881356
2021,20210101_38038_D10_S008,38038_D10_S008,Santa Cruz de Tenerife,3.0,17.0,18.0,0.0,295.0,333.0,88.58858858858859,10.51051051051051
2021,20210101_38038_D10_S009,38038_D10_S009,Santa Cruz de Tenerife,3.0,18.0,15.0,0.0,284.0,320.0,88.75,10.3125
2021,20210101_38038_D10_S010,38038_D10_S010,Santa Cruz de Tenerife,3.0,10.0,10.0,0.0,194.0,217.0,89.40092165898618,9.216589861751151
2021,20210101_38038_D10_S011,38038_D10_S011,Santa Cruz de Tenerife,2.0,13.0,16.0,0.0,464.0,495.0,93.73737373737374,5.858585858585859
2021,20210101_38038_D10_S012,38038_D10_S012,Santa Cruz de Tenerife,5.0,20.0,18.0,0.0,277.0,320.0,86.5625,11.875
2021,20210101_38038_D10_S013,38038_D10_S013,Santa Cruz de Tenerife,3.0,9.0,10.0,0.0,169.0,191.0,88.48167539267016,9.947643979057592
2021,20210101_38038_D10_S014,38038_D10_S014,Santa Cruz de Tenerife,1.0,26.0,11.0,0.0,302.0,340.0,88.82352941176471,10.882352941176471
2021,20210101_38038_D10_S015,38038_D10_S015,Santa Cruz de Tenerife,1.0,15.0,18.0,1.0,410.0,444.0,92.34234234234235,7.4324324324324325
2021,20210101_38038_D10_S016,38038_D10_S016,Santa Cruz de Tenerife,0.0,21.0,19.0,0.0,395.0,435.0,90.80459770114942,9.195402298850574
2021,20210101_38038_D11_S001,38038_D11_S001,Santa Cruz de Tenerife,4.0,40.0,33.0,0.0,510.0,587.0,86.88245315161839,12.43611584327087
2021,20210101_38038_D11_S002,38038_D11_S002,Santa Cruz de Tenerife,8.0,42.0,55.0,0.0,662.0,767.0,86.3102998696219,12.646675358539765
2021,20210101_38038_D11_S003,38038_D11_S003,Santa Cruz de Tenerife,3.0,55.0,56.0,0.0,1035.0,1149.0,90.07832898172323,9.660574412532638
2021,20210101_38038_D11_S004,38038_D11_S004,Santa Cruz de Tenerife,7.0,51.0,53.0,0.0,658.0,769.0,85.56566970091028,13.524057217165149
2021,20210101_38038_D11_S005,38038_D11_S005,Santa Cruz de Tenerife,2.0,35.0,43.0,0.0,383.0,463.0,82.72138228941685,16.846652267818573
2021,20210101_38038_D11_S006,38038_D11_S006,Santa Cruz de Tenerife,7.0,48.0,41.0,0.0,598.0,694.0,86.1671469740634,12.82420749279539
2021,20210101_38038_D11_S007,38038_D11_S007,Santa Cruz de Tenerife,2.0,34.0,21.0,0.0,412.0,469.0,87.84648187633262,11.727078891257996
2021,20210101_38038_D11_S008,38038_D11_S008,Santa Cruz de Tenerife,1.0,30.0,32.0,0.0,505.0,568.0,88.90845070422536,10.915492957746478
2021,20210101_38038_D11_S009,38038_D11_S009,Santa Cruz de Tenerife,3.0,25.0,20.0,0.0,333.0,381.0,87.4015748031496,11.811023622047244
2021,20210101_38038_D11_S010,38038_D11_S010,Santa Cruz de Tenerife,6.0,37.0,29.0,0.0,510.0,582.0,87.62886597938144,11.34020618556701
2021,20210101_38038_D11_S011,38038_D11_S011,Santa Cruz de Tenerife,5.0,17.0,6.0,0.0,291.0,319.0,91.22257053291536,7.210031347962382
2021,20210101_38038_D11_S012,38038_D11_S012,Santa Cruz de Tenerife,8.0,27.0,22.0,0.0,443.0,500.0,88.6,9.8
2021,20210101_38038_D11_S013,38038_D11_S013,Santa Cruz de Tenerife,4.0,44.0,40.0,0.0,597.0,685.0,87.15328467153284,12.262773722627736
2021,20210101_38038_D11_S014,38038_D11_S014,Santa Cruz de Tenerife,2.0,22.0,29.0,0.0,454.0,507.0,89.54635108481263,10.059171597633137
2021,20210101_38038_D11_S015,38038_D11_S015,Santa Cruz de Tenerife,4.0,42.0,39.0,0.0,518.0,603.0,85.90381426202322,13.432835820895523
2021,20210101_38038_D11_S016,38038_D11_S016,Santa Cruz de Tenerife,8.0,17.0,18.0,0.0,288.0,331.0,87.00906344410876,10.574018126888218
2021,20210101_38038_D11_S017,38038_D11_S017,Santa Cruz de Tenerife,5.0,24.0,19.0,0.0,352.0,400.0,88.0,10.75
2021,20210101_38038_D11_S018,38038_D11_S018,Santa Cruz de Tenerife,3.0,24.0,36.0,0.0,693.0,756.0,91.66666666666667,7.936507936507937
2021,20210101_38038_D11_S019,38038_D11_S019,Santa Cruz de Tenerife,3.0,29.0,25.0,0.0,374.0,431.0,86.77494199535963,12.529002320185615
2021,20210101_38038_D11_S020,38038_D11_S020,Santa Cruz de Tenerife,4.0,38.0,26.0,0.0,614.0,682.0,90.02932551319648,9.3841642228739
2021,20210101_38038_D11_S021,38038_D11_S021,Santa Cruz de Tenerife,1.0,29.0,63.0,0.0,923.0,1016.0,90.84645669291339,9.05511811023622
2021,20210101_38038_D12_S001,38038_D12_S001,Santa Cruz de Tenerife,6.0,57.0,36.0,0.0,574.0,673.0,85.28974739970282,13.818722139673106
2021,20210101_38038_D12_S002,38038_D12_S002,Santa Cruz de Tenerife,8.0,46.0,66.0,0.0,680.0,800.0,85.0,14.0
2021,20210101_38038_D12_S003,38038_D12_S003,Santa Cruz de Tenerife,3.0,15.0,22.0,0.0,292.0,332.0,87.95180722891567,11.144578313253012
2021,20210101_38038_D12_S004,38038_D12_S004,Santa Cruz de Tenerife,7.0,30.0,23.0,0.0,440.0,500.0,88.0,10.6
2021,20210101_38038_D12_S005,38038_D12_S005,Santa Cruz de Tenerife,3.0,65.0,79.0,0.0,785.0,932.0,84.2274678111588,15.450643776824034
2021,20210101_38038_D12_S006,38038_D12_S006,Santa Cruz de Tenerife,1.0,40.0,45.0,0.0,586.0,672.0,87.20238095238095,12.648809523809524
2021,20210101_38038_D12_S007,38038_D12_S007,Santa Cruz de Tenerife,2.0,21.0,31.0,0.0,319.0,373.0,85.52278820375335,13.941018766756033
2021,20210101_38038_D12_S008,38038_D12_S008,Santa Cruz de Tenerife,5.0,51.0,53.0,0.0,857.0,966.0,88.71635610766046,10.766045548654244
2021,20210101_38038_D12_S009,38038_D12_S009,Santa Cruz de Tenerife,6.0,49.0,79.0,1.0,883.0,1017.0,86.82399213372665,12.586037364798427
2021,20210101_38038_D12_S010,38038_D12_S010,Santa Cruz de Tenerife,5.0,31.0,36.0,0.0,653.0,725.0,90.06896551724138,9.241379310344827
2021,20210101_38038_D12_S011,38038_D12_S011,Santa Cruz de Tenerife,2.0,47.0,40.0,0.0,691.0,780.0,88.58974358974359,11.153846153846153
2021,20210101_38039_D01_S001,38039_D01_S001,Santa Úrsula,12.0,81.0,38.0,0.0,567.0,698.0,81.23209169054441,17.048710601719197
2021,20210101_38039_D01_S002,38039_D01_S002,Santa Úrsula,16.0,83.0,14.0,0.0,441.0,554.0,79.6028880866426,17.509025270758123
2021,20210101_38039_D01_S003,38039_D01_S003,Santa Úrsula,11.0,82.0,24.0,1.0,373.0,490.0,76.12244897959184,21.632653061224488
2021,20210101_38039_D01_S004,38039_D01_S004,Santa Úrsula,6.0,45.0,32.0,2.0,625.0,708.0,88.2768361581921,10.875706214689265
2021,20210101_38039_D01_S005,38039_D01_S005,Santa Úrsula,6.0,52.0,20.0,1.0,426.0,504.0,84.52380952380952,14.285714285714286
2021,20210101_38039_D01_S006,38039_D01_S006,Santa Úrsula,6.0,58.0,30.0,1.0,576.0,670.0,85.97014925373135,13.134328358208956
2021,20210101_38039_D01_S007,38039_D01_S007,Santa Úrsula,6.0,74.0,42.0,0.0,617.0,739.0,83.49120433017592,15.696887686062245
2021,20210101_38039_D01_S008,38039_D01_S008,Santa Úrsula,7.0,46.0,21.0,0.0,355.0,429.0,82.75058275058275,15.617715617715618
2021,20210101_38039_D01_S009,38039_D01_S009,Santa Úrsula,7.0,43.0,38.0,0.0,861.0,949.0,90.72708113804005,8.535300316122234
2021,20210101_38040_D01_S001,38040_D01_S001,Santiago del Teide,19.0,33.0,35.0,0.0,450.0,537.0,83.79888268156425,12.66294227188082
2021,20210101_38040_D01_S002,38040_D01_S002,Santiago del Teide,30.0,46.0,13.0,0.0,855.0,944.0,90.57203389830508,6.25
2021,20210101_38040_D01_S003,38040_D01_S003,Santiago del Teide,55.0,67.0,36.0,0.0,857.0,1015.0,84.43349753694581,10.147783251231527
2021,20210101_38040_D01_S004,38040_D01_S004,Santiago del Teide,32.0,50.0,31.0,0.0,1027.0,1140.0,90.08771929824562,7.105263157894737
2021,20210101_38041_D01_S001,38041_D01_S001,"Sauzal, El",8.0,53.0,43.0,0.0,712.0,816.0,87.25490196078431,11.764705882352942
2021,20210101_38041_D01_S002,38041_D01_S002,"Sauzal, El",7.0,44.0,32.0,1.0,275.0,358.0,76.81564245810056,21.22905027932961
2021,20210101_38041_D01_S003,38041_D01_S003,"Sauzal, El",13.0,62.0,37.0,0.0,365.0,477.0,76.51991614255765,20.754716981132077
2021,20210101_38041_D01_S004,38041_D01_S004,"Sauzal, El",6.0,48.0,26.0,0.0,591.0,671.0,88.07749627421758,11.028315946348734
2021,20210101_38041_D01_S005,38041_D01_S005,"Sauzal, El",5.0,43.0,34.0,0.0,569.0,651.0,87.40399385560676,11.827956989247312
2021,20210101_38041_D01_S006,38041_D01_S006,"Sauzal, El",18.0,63.0,49.0,0.0,413.0,543.0,76.05893186003684,20.626151012891345
2021,20210101_38042_D01_S001,38042_D01_S001,"Silos, Los",74.0,29.0,15.0,1.0,361.0,479.0,75.36534446764092,9.18580375782881
2021,20210101_38042_D01_S002,38042_D01_S002,"Silos, Los",72.0,28.0,16.0,0.0,249.0,365.0,68.21917808219177,12.054794520547945
2021,20210101_38042_D01_S003,38042_D01_S003,"Silos, Los",76.0,19.0,9.0,0.0,251.0,355.0,70.70422535211267,7.887323943661972
2021,20210101_38042_D01_S004,38042_D01_S004,"Silos, Los",95.0,25.0,10.0,0.0,218.0,348.0,62.64367816091954,10.057471264367816
2021,20210101_38043_D01_S001,38043_D01_S001,Tacoronte,13.0,55.0,44.0,1.0,665.0,777.0,85.58558558558559,12.741312741312742
2021,20210101_38043_D01_S002,38043_D01_S002,Tacoronte,29.0,68.0,41.0,0.0,531.0,669.0,79.37219730941705,16.292974588938716
2021,20210101_38043_D01_S003,38043_D01_S003,Tacoronte,11.0,45.0,41.0,0.0,572.0,669.0,85.50074738415546,12.855007473841555
2021,20210101_38043_D01_S004,38043_D01_S004,Tacoronte,6.0,42.0,34.0,0.0,344.0,426.0,80.75117370892019,17.84037558685446
2021,20210101_38043_D01_S005,38043_D01_S005,Tacoronte,14.0,68.0,45.0,0.0,482.0,609.0,79.14614121510674,18.555008210180624
2021,20210101_38043_D01_S006,38043_D01_S006,Tacoronte,6.0,24.0,18.0,1.0,243.0,291.0,83.50515463917526,14.43298969072165
2021,20210101_38043_D01_S007,38043_D01_S007,Tacoronte,12.0,55.0,49.0,1.0,490.0,606.0,80.85808580858085,17.16171617161716
2021,20210101_38043_D01_S008,38043_D01_S008,Tacoronte,12.0,43.0,37.0,0.0,553.0,645.0,85.73643410852713,12.4031007751938
2021,20210101_38043_D01_S009,38043_D01_S009,Tacoronte,48.0,80.0,50.0,0.0,731.0,909.0,80.41804180418042,14.3014301430143
2021,20210101_38043_D01_S010,38043_D01_S010,Tacoronte,6.0,51.0,33.0,0.0,552.0,642.0,85.98130841121495,13.08411214953271
2021,20210101_38043_D01_S011,38043_D01_S011,Tacoronte,10.0,57.0,38.0,0.0,819.0,924.0,88.63636363636364,10.281385281385282
2021,20210101_38043_D01_S012,38043_D01_S012,Tacoronte,11.0,80.0,50.0,0.0,502.0,643.0,78.0715396578538,20.21772939346812
2021,20210101_38043_D01_S013,38043_D01_S013,Tacoronte,7.0,48.0,35.0,0.0,406.0,496.0,81.85483870967742,16.733870967741936
2021,20210101_38043_D01_S014,38043_D01_S014,Tacoronte,10.0,22.0,27.0,0.0,496.0,555.0,89.36936936936937,8.82882882882883
2021,20210101_38043_D01_S015,38043_D01_S015,Tacoronte,4.0,33.0,25.0,0.0,485.0,547.0,88.6654478976234,10.603290676416819
2021,20210101_38044_D01_S001,38044_D01_S001,"Tanque, El",42.0,58.0,18.0,0.0,399.0,517.0,77.17601547388782,14.700193423597678
2021,20210101_38044_D01_S002,38044_D01_S002,"Tanque, El",34.0,46.0,15.0,0.0,301.0,396.0,76.01010101010101,15.404040404040405
2021,20210101_38045_D01_S001,38045_D01_S001,Tazacorte,20.0,22.0,11.0,2.0,136.0,189.0,71.95767195767196,17.46031746031746
2021,20210101_38045_D01_S002,38045_D01_S002,Tazacorte,60.0,44.0,29.0,1.0,553.0,686.0,80.61224489795919,10.641399416909621
2021,20210101_38045_D01_S003,38045_D01_S003,Tazacorte,30.0,32.0,12.0,7.0,255.0,329.0,77.50759878419453,13.373860182370821
2021,20210101_38045_D01_S004,38045_D01_S004,Tazacorte,48.0,38.0,11.0,1.0,238.0,335.0,71.04477611940298,14.626865671641792
2021,20210101_38046_D01_S001,38046_D01_S001,Tegueste,12.0,38.0,44.0,0.0,785.0,879.0,89.30602957906711,9.328782707622299
2021,20210101_38046_D01_S002,38046_D01_S002,Tegueste,24.0,43.0,54.0,0.0,621.0,742.0,83.69272237196766,13.07277628032345
2021,20210101_38046_D01_S003,38046_D01_S003,Tegueste,26.0,56.0,54.0,0.0,583.0,719.0,81.08484005563282,15.299026425591098
2021,20210101_38046_D01_S004,38046_D01_S004,Tegueste,29.0,70.0,61.0,0.0,797.0,957.0,83.28108672936258,13.688610240334379
2021,20210101_38046_D01_S005,38046_D01_S005,Tegueste,17.0,33.0,20.0,0.0,349.0,419.0,83.29355608591885,12.649164677804295
2021,20210101_38046_D01_S006,38046_D01_S006,Tegueste,7.0,35.0,36.0,0.0,471.0,549.0,85.79234972677595,12.932604735883425
2021,20210101_38046_D01_S007,38046_D01_S007,Tegueste,15.0,35.0,44.0,0.0,520.0,614.0,84.69055374592834,12.866449511400651
2021,20210101_38047_D01_S001,38047_D01_S001,Tijarafe,44.0,99.0,13.0,2.0,436.0,592.0,73.64864864864865,18.91891891891892
2021,20210101_38047_D01_S002,38047_D01_S002,Tijarafe,63.0,33.0,12.0,1.0,219.0,327.0,66.97247706422019,13.761467889908257
2021,20210101_38048_D01_S001,38048_D01_S001,Valverde,16.0,54.0,28.0,0.0,685.0,783.0,87.48403575989784,10.472541507024266
2021,20210101_38048_D01_S002,38048_D01_S002,Valverde,30.0,57.0,52.0,0.0,618.0,757.0,81.63804491413474,14.39894319682959
2021,20210101_38048_D01_S004,38048_D01_S004,Valverde,7.0,20.0,12.0,0.0,431.0,470.0,91.70212765957447,6.808510638297872
2021,20210101_38049_D01_S001,38049_D01_S001,Valle Gran Rey,32.0,43.0,19.0,0.0,902.0,996.0,90.56224899598394,6.224899598393574
2021,20210101_38049_D01_S002,38049_D01_S002,Valle Gran Rey,11.0,41.0,15.0,0.0,486.0,553.0,87.88426763110307,10.126582278481013
2021,20210101_38050_D01_S001,38050_D01_S001,Vallehermoso,38.0,53.0,38.0,0.0,516.0,645.0,80.0,14.108527131782946
2021,20210101_38050_D03_S001,38050_D03_S001,Vallehermoso,65.0,26.0,10.0,1.0,179.0,280.0,63.92857142857143,12.857142857142858
2021,20210101_38051_D01_S001,38051_D01_S001,"Victoria de Acentejo, La",6.0,42.0,11.0,0.0,211.0,270.0,78.14814814814815,19.62962962962963
2021,20210101_38051_D01_S002,38051_D01_S002,"Victoria de Acentejo, La",7.0,49.0,26.0,0.0,378.0,460.0,82.17391304347827,16.304347826086957
2021,20210101_38051_D01_S003,38051_D01_S003,"Victoria de Acentejo, La",18.0,88.0,23.0,0.0,286.0,415.0,68.91566265060241,26.746987951807228
2021,20210101_38051_D01_S004,38051_D01_S004,"Victoria de Acentejo, La",4.0,41.0,16.0,3.0,227.0,288.0,78.81944444444444,19.791666666666668
2021,20210101_38051_D01_S005,38051_D01_S005,"Victoria de Acentejo, La",9.0,59.0,39.0,0.0,461.0,568.0,81.16197183098592,17.253521126760564
2021,20210101_38051_D01_S006,38051_D01_S006,"Victoria de Acentejo, La",8.0,89.0,38.0,1.0,623.0,758.0,82.18997361477572,16.75461741424802
2021,20210101_38051_D01_S007,38051_D01_S007,"Victoria de Acentejo, La",5.0,63.0,36.0,1.0,416.0,520.0,80.0,19.03846153846154
2021,20210101_38052_D01_S001,38052_D01_S001,Vilaflor de Chasna,25.0,28.0,52.0,1.0,557.0,662.0,84.13897280966768,12.084592145015106
2021,20210101_38053_D01_S001,38053_D01_S001,Villa de Mazo,19.0,32.0,25.0,1.0,388.0,464.0,83.62068965517241,12.28448275862069
2021,20210101_38053_D01_S002,38053_D01_S002,Villa de Mazo,21.0,38.0,16.0,1.0,301.0,376.0,80.05319148936171,14.361702127659575
2021,20210101_38053_D01_S003,38053_D01_S003,Villa de Mazo,32.0,34.0,22.0,0.0,340.0,428.0,79.4392523364486,13.08411214953271
2021,20210101_38053_D01_S004,38053_D01_S004,Villa de Mazo,18.0,45.0,11.0,0.0,222.0,296.0,75.0,18.91891891891892
2021,20210101_38053_D01_S005,38053_D01_S005,Villa de Mazo,31.0,50.0,19.0,0.0,250.0,350.0,71.42857142857143,19.714285714285715
2021,20210101_38901_D01_S001,38901_D01_S001,"Pinar de El Hierro, El",69.0,56.0,32.0,0.0,546.0,703.0,77.66714082503556,12.517780938833571
2022,20220101_38001_D01_S001,38001_D01_S001,Adeje,3.0,44.0,24.0,0.0,690.0,761.0,90.67017082785809,8.935611038107753
2022,20220101_38001_D01_S002,38001_D01_S002,Adeje,9.0,36.0,20.0,0.0,1096.0,1161.0,94.40137812230836,4.823428079242032
2022,20220101_38001_D01_S003,38001_D01_S003,Adeje,18.0,39.0,20.0,1.0,1075.0,1152.0,93.31597222222223,5.121527777777778
2022,20220101_38001_D01_S004,38001_D01_S004,Adeje,34.0,40.0,24.0,0.0,803.0,901.0,89.12319644839067,7.103218645948946
2022,20220101_38001_D01_S005,38001_D01_S005,Adeje,53.0,60.0,41.0,0.0,990.0,1144.0,86.53846153846153,8.828671328671328
2022,20220101_38001_D01_S006,38001_D01_S006,Adeje,35.0,52.0,47.0,0.0,1090.0,1224.0,89.05228758169935,8.088235294117647
2022,20220101_38001_D01_S007,38001_D01_S007,Adeje,18.0,42.0,23.0,0.0,1493.0,1576.0,94.73350253807106,4.124365482233503
2022,20220101_38001_D01_S008,38001_D01_S008,Adeje,7.0,61.0,16.0,0.0,1004.0,1088.0,92.27941176470588,7.077205882352941
2022,20220101_38001_D01_S009,38001_D01_S009,Adeje,7.0,52.0,33.0,1.0,1196.0,1288.0,92.85714285714286,6.599378881987578
2022,20220101_38001_D01_S010,38001_D01_S010,Adeje,9.0,26.0,31.0,0.0,570.0,636.0,89.62264150943396,8.962264150943396
2022,20220101_38001_D01_S011,38001_D01_S011,Adeje,43.0,62.0,17.0,0.0,1388.0,1510.0,91.9205298013245,5.231788079470198
2022,20220101_38001_D01_S012,38001_D01_S012,Adeje,15.0,45.0,32.0,0.0,856.0,948.0,90.29535864978902,8.122362869198312
2022,20220101_38001_D01_S013,38001_D01_S013,Adeje,8.0,68.0,24.0,0.0,1487.0,1587.0,93.69880277252678,5.797101449275362
2022,20220101_38001_D01_S014,38001_D01_S014,Adeje,11.0,16.0,8.0,0.0,593.0,628.0,94.4267515923567,3.821656050955414
2022,20220101_38001_D01_S015,38001_D01_S015,Adeje,12.0,40.0,25.0,0.0,885.0,962.0,91.995841995842,6.756756756756757
2022,20220101_38001_D01_S016,38001_D01_S016,Adeje,10.0,34.0,17.0,0.0,545.0,606.0,89.93399339933994,8.415841584158416
2022,20220101_38001_D01_S017,38001_D01_S017,Adeje,16.0,47.0,18.0,0.0,1038.0,1119.0,92.76139410187668,5.80875781948168
2022,20220101_38001_D01_S018,38001_D01_S018,Adeje,3.0,87.0,30.0,0.0,1632.0,1752.0,93.15068493150685,6.678082191780822
2022,20220101_38002_D01_S001,38002_D01_S001,Agulo,18.0,37.0,8.0,0.0,316.0,379.0,83.37730870712402,11.87335092348285
2022,20220101_38003_D01_S001,38003_D01_S001,Alajeró,25.0,81.0,20.0,0.0,743.0,869.0,85.5005753739931,11.622554660529344
2022,20220101_38004_D01_S001,38004_D01_S001,Arafo,22.0,56.0,81.0,0.0,709.0,868.0,81.68202764976958,15.783410138248849
2022,20220101_38004_D01_S002,38004_D01_S002,Arafo,14.0,47.0,61.0,0.0,539.0,661.0,81.54311649016641,16.338880484114977
2022,20220101_38004_D01_S003,38004_D01_S003,Arafo,23.0,52.0,60.0,0.0,665.0,800.0,83.125,14.0
2022,20220101_38005_D01_S001,38005_D01_S001,Arico,85.0,20.0,26.0,0.0,185.0,316.0,58.54430379746835,14.556962025316455
2022,20220101_38005_D01_S002,38005_D01_S002,Arico,46.0,14.0,38.0,0.0,207.0,305.0,67.8688524590164,17.049180327868854
2022,20220101_38005_D01_S003,38005_D01_S003,Arico,39.0,36.0,46.0,0.0,362.0,483.0,74.94824016563147,16.977225672877847
2022,20220101_38005_D01_S004,38005_D01_S004,Arico,32.0,80.0,94.0,1.0,934.0,1140.0,81.9298245614035,15.263157894736842
2022,20220101_38005_D01_S005,38005_D01_S005,Arico,65.0,86.0,89.0,1.0,719.0,959.0,74.97393117831074,18.248175182481752
2022,20220101_38005_D01_S006,38005_D01_S006,Arico,29.0,15.0,42.0,0.0,189.0,275.0,68.72727272727273,20.727272727272727
2022,20220101_38006_D01_S001,38006_D01_S001,Arona,10.0,33.0,40.0,0.0,420.0,503.0,83.49900596421472,14.512922465208748
2022,20220101_38006_D01_S002,38006_D01_S002,Arona,14.0,46.0,27.0,0.0,672.0,759.0,88.53754940711462,9.617918313570488
2022,20220101_38006_D01_S003,38006_D01_S003,Arona,15.0,87.0,48.0,0.0,1089.0,1239.0,87.89346246973366,10.895883777239709
2022,20220101_38006_D01_S004,38006_D01_S004,Arona,16.0,73.0,41.0,0.0,968.0,1098.0,88.16029143897997,10.382513661202186
2022,20220101_38006_D01_S005,38006_D01_S005,Arona,14.0,31.0,16.0,0.0,846.0,907.0,93.27453142227122,5.181918412348401
2022,20220101_38006_D01_S006,38006_D01_S006,Arona,5.0,26.0,16.0,0.0,634.0,681.0,93.09838472834068,6.167400881057269
2022,20220101_38006_D01_S007,38006_D01_S007,Arona,61.0,45.0,14.0,0.0,648.0,768.0,84.375,7.682291666666667
2022,20220101_38006_D01_S008,38006_D01_S008,Arona,33.0,39.0,23.0,0.0,737.0,832.0,88.58173076923077,7.451923076923077
2022,20220101_38006_D01_S009,38006_D01_S009,Arona,15.0,70.0,46.0,0.0,1036.0,1167.0,88.77463581833761,9.940017137960583
2022,20220101_38006_D01_S010,38006_D01_S010,Arona,12.0,61.0,61.0,0.0,893.0,1027.0,86.95228821811101,11.879259980525804
2022,20220101_38006_D01_S011,38006_D01_S011,Arona,15.0,45.0,18.0,1.0,1481.0,1559.0,94.99679281590764,4.041051956382296
2022,20220101_38006_D01_S012,38006_D01_S012,Arona,7.0,37.0,26.0,0.0,444.0,514.0,86.38132295719845,12.256809338521402
2022,20220101_38006_D01_S013,38006_D01_S013,Arona,92.0,69.0,32.0,0.0,900.0,1093.0,82.34217749313815,9.240622140896615
2022,20220101_38006_D01_S014,38006_D01_S014,Arona,12.0,31.0,20.0,0.0,1018.0,1081.0,94.17206290471785,4.717853839037928
2022,20220101_38006_D01_S015,38006_D01_S015,Arona,7.0,26.0,16.0,1.0,999.0,1048.0,95.32442748091603,4.00763358778626
2022,20220101_38006_D01_S016,38006_D01_S016,Arona,16.0,103.0,43.0,0.0,1368.0,1530.0,89.41176470588235,9.542483660130719
2022,20220101_38006_D01_S017,38006_D01_S017,Arona,9.0,15.0,7.0,0.0,327.0,358.0,91.34078212290503,6.145251396648045
2022,20220101_38006_D01_S018,38006_D01_S018,Arona,18.0,83.0,52.0,0.0,1488.0,1641.0,90.6764168190128,8.226691042047532
2022,20220101_38006_D01_S019,38006_D01_S019,Arona,8.0,19.0,20.0,0.0,603.0,650.0,92.76923076923077,6.0
2022,20220101_38006_D01_S020,38006_D01_S020,Arona,7.0,43.0,12.0,0.0,1181.0,1243.0,95.01206757843926,4.424778761061947
2022,20220101_38006_D01_S021,38006_D01_S021,Arona,63.0,72.0,52.0,0.0,803.0,990.0,81.11111111111111,12.525252525252526
2022,20220101_38006_D01_S022,38006_D01_S022,Arona,33.0,78.0,33.0,0.0,938.0,1082.0,86.69131238447319,10.258780036968577
2022,20220101_38006_D01_S023,38006_D01_S023,Arona,46.0,58.0,24.0,0.0,789.0,917.0,86.04143947655398,8.942202835332607
2022,20220101_38006_D01_S024,38006_D01_S024,Arona,12.0,65.0,27.0,0.0,785.0,889.0,88.30146231721035,10.348706411698538
2022,20220101_38006_D01_S025,38006_D01_S025,Arona,6.0,43.0,27.0,0.0,602.0,678.0,88.7905604719764,10.32448377581121
2022,20220101_38006_D01_S026,38006_D01_S026,Arona,9.0,64.0,38.0,0.0,1289.0,1400.0,92.07142857142857,7.285714285714286
2022,20220101_38006_D01_S027,38006_D01_S027,Arona,25.0,69.0,47.0,0.0,1021.0,1162.0,87.8657487091222,9.982788296041308
2022,20220101_38006_D01_S028,38006_D01_S028,Arona,58.0,60.0,36.0,0.0,829.0,983.0,84.33367243133266,9.766022380467955
2022,20220101_38006_D01_S029,38006_D01_S029,Arona,59.0,31.0,15.0,1.0,450.0,555.0,81.08108108108108,8.288288288288289
2022,20220101_38006_D01_S030,38006_D01_S030,Arona,15.0,64.0,28.0,0.0,895.0,1002.0,89.32135728542914,9.181636726546905
2022,20220101_38006_D01_S031,38006_D01_S031,Arona,67.0,56.0,27.0,0.0,689.0,839.0,82.12157330154946,9.892729439809298
2022,20220101_38006_D01_S032,38006_D01_S032,Arona,11.0,62.0,23.0,0.0,755.0,851.0,88.71915393654524,9.988249118683902
2022,20220101_38006_D01_S033,38006_D01_S033,Arona,5.0,56.0,23.0,0.0,855.0,939.0,91.05431309904154,8.413205537806176
2022,20220101_38006_D01_S034,38006_D01_S034,Arona,44.0,36.0,19.0,0.0,423.0,522.0,81.03448275862068,10.53639846743295
2022,20220101_38007_D01_S001,38007_D01_S001,Barlovento,61.0,46.0,24.0,2.0,374.0,505.0,74.05940594059406,13.861386138613861
2022,20220101_38007_D01_S002,38007_D01_S002,Barlovento,26.0,31.0,19.0,0.0,132.0,208.0,63.46153846153846,24.03846153846154
2022,20220101_38008_D01_S001,38008_D01_S001,Breña Alta,20.0,39.0,19.0,0.0,446.0,524.0,85.1145038167939,11.068702290076336
2022,20220101_38008_D01_S002,38008_D01_S002,Breña Alta,21.0,75.0,42.0,2.0,725.0,863.0,84.00926998841251,13.557358053302433
2022,20220101_38008_D01_S003,38008_D01_S003,Breña Alta,25.0,75.0,35.0,2.0,847.0,982.0,86.25254582484725,11.201629327902241
2022,20220101_38008_D01_S004,38008_D01_S004,Breña Alta,17.0,56.0,38.0,0.0,585.0,696.0,84.05172413793103,13.505747126436782
2022,20220101_38009_D01_S001,38009_D01_S001,Breña Baja,31.0,54.0,30.0,0.0,793.0,908.0,87.33480176211454,9.251101321585903
2022,20220101_38009_D01_S002,38009_D01_S002,Breña Baja,27.0,65.0,32.0,1.0,713.0,837.0,85.18518518518519,11.589008363201911
2022,20220101_38009_D01_S003,38009_D01_S003,Breña Baja,6.0,22.0,11.0,0.0,348.0,387.0,89.92248062015504,8.527131782945736
2022,20220101_38009_D01_S004,38009_D01_S004,Breña Baja,16.0,27.0,24.0,0.0,320.0,387.0,82.68733850129199,13.178294573643411
2022,20220101_38010_D01_S001,38010_D01_S001,Buenavista del Norte,98.0,16.0,21.0,0.0,345.0,480.0,71.875,7.708333333333333
2022,20220101_38010_D01_S002,38010_D01_S002,Buenavista del Norte,31.0,23.0,7.0,0.0,179.0,240.0,74.58333333333333,12.5
2022,20220101_38010_D01_S003,38010_D01_S003,Buenavista del Norte,101.0,15.0,9.0,0.0,345.0,470.0,73.40425531914893,5.1063829787234045
2022,20220101_38010_D01_S004,38010_D01_S004,Buenavista del Norte,106.0,26.0,21.0,0.0,371.0,524.0,70.80152671755725,8.969465648854962
2022,20220101_38011_D01_S001,38011_D01_S001,Candelaria,19.0,40.0,43.0,0.0,706.0,808.0,87.37623762376238,10.272277227722773
2022,20220101_38011_D01_S002,38011_D01_S002,Candelaria,4.0,30.0,39.0,0.0,549.0,622.0,88.26366559485531,11.093247588424438
2022,20220101_38011_D01_S003,38011_D01_S003,Candelaria,16.0,64.0,57.0,1.0,998.0,1135.0,87.9295154185022,10.66079295154185
2022,20220101_38011_D01_S004,38011_D01_S004,Candelaria,6.0,23.0,32.0,0.0,577.0,638.0,90.43887147335423,8.620689655172415
2022,20220101_38011_D01_S005,38011_D01_S005,Candelaria,4.0,21.0,22.0,0.0,393.0,440.0,89.31818181818181,9.772727272727273
2022,20220101_38011_D01_S006,38011_D01_S006,Candelaria,2.0,42.0,43.0,1.0,829.0,916.0,90.50218340611353,9.279475982532752
2022,20220101_38011_D01_S007,38011_D01_S007,Candelaria,6.0,44.0,50.0,0.0,952.0,1052.0,90.49429657794677,8.935361216730039
2022,20220101_38011_D01_S008,38011_D01_S008,Candelaria,3.0,15.0,38.0,0.0,442.0,498.0,88.75502008032129,10.642570281124499
2022,20220101_38011_D01_S009,38011_D01_S009,Candelaria,3.0,22.0,31.0,1.0,421.0,477.0,88.25995807127883,11.11111111111111
2022,20220101_38011_D01_S010,38011_D01_S010,Candelaria,4.0,23.0,21.0,0.0,444.0,492.0,90.2439024390244,8.94308943089431
2022,20220101_38011_D01_S011,38011_D01_S011,Candelaria,5.0,31.0,41.0,0.0,675.0,752.0,89.76063829787235,9.574468085106384
2022,20220101_38011_D01_S012,38011_D01_S012,Candelaria,5.0,27.0,41.0,0.0,568.0,641.0,88.61154446177846,10.60842433697348
2022,20220101_38011_D02_S001,38011_D02_S001,Candelaria,17.0,40.0,50.0,0.0,661.0,768.0,86.06770833333333,11.71875
2022,20220101_38011_D02_S002,38011_D02_S002,Candelaria,9.0,38.0,45.0,0.0,586.0,678.0,86.4306784660767,12.24188790560472
2022,20220101_38011_D02_S003,38011_D02_S003,Candelaria,15.0,61.0,64.0,0.0,738.0,878.0,84.05466970387243,14.236902050113896
2022,20220101_38011_D02_S004,38011_D02_S004,Candelaria,7.0,45.0,51.0,0.0,559.0,662.0,84.44108761329305,14.501510574018127
2022,20220101_38011_D02_S005,38011_D02_S005,Candelaria,3.0,38.0,32.0,0.0,675.0,748.0,90.24064171122994,9.358288770053475
2022,20220101_38012_D01_S001,38012_D01_S001,Fasnia,18.0,48.0,31.0,0.0,521.0,618.0,84.3042071197411,12.783171521035598
2022,20220101_38012_D01_S002,38012_D01_S002,Fasnia,28.0,31.0,49.0,0.0,393.0,501.0,78.44311377245509,15.968063872255488
2022,20220101_38013_D01_S001,38013_D01_S001,Frontera,80.0,69.0,30.0,2.0,686.0,865.0,79.30635838150289,11.445086705202312
2022,20220101_38013_D01_S002,38013_D01_S002,Frontera,54.0,55.0,54.0,2.0,598.0,761.0,78.580814717477,14.323258869908015
2022,20220101_38014_D01_S001,38014_D01_S001,Fuencaliente de la Palma,30.0,24.0,27.0,0.0,300.0,381.0,78.74015748031496,13.385826771653543
2022,20220101_38014_D01_S002,38014_D01_S002,Fuencaliente de la Palma,39.0,28.0,17.0,0.0,243.0,327.0,74.31192660550458,13.761467889908257
2022,20220101_38015_D01_S001,38015_D01_S001,Garachico,44.0,37.0,24.0,0.0,445.0,550.0,80.9090909090909,11.090909090909092
2022,20220101_38015_D01_S002,38015_D01_S002,Garachico,14.0,12.0,8.0,0.0,159.0,193.0,82.38341968911917,10.362694300518134
2022,20220101_38015_D02_S001,38015_D02_S001,Garachico,80.0,30.0,11.0,1.0,360.0,481.0,74.84407484407484,8.523908523908524
2022,20220101_38015_D02_S002,38015_D02_S002,Garachico,32.0,61.0,19.0,0.0,358.0,470.0,76.17021276595744,17.02127659574468
2022,20220101_38016_D01_S001,38016_D01_S001,Garafía,49.0,44.0,20.0,0.0,357.0,470.0,75.95744680851064,13.617021276595745
2022,20220101_38017_D01_S001,38017_D01_S001,Granadilla de Abona,17.0,40.0,37.0,0.0,416.0,510.0,81.56862745098039,15.098039215686274
2022,20220101_38017_D01_S002,38017_D01_S002,Granadilla de Abona,17.0,23.0,17.0,1.0,397.0,454.0,87.44493392070484,8.810572687224669
2022,20220101_38017_D01_S003,38017_D01_S003,Granadilla de Abona,31.0,61.0,52.0,0.0,617.0,761.0,81.07752956636006,14.848883048620236
2022,20220101_38017_D01_S004,38017_D01_S004,Granadilla de Abona,26.0,56.0,33.0,0.0,482.0,597.0,80.73701842546063,14.90787269681742
2022,20220101_38017_D01_S005,38017_D01_S005,Granadilla de Abona,23.0,16.0,28.0,0.0,270.0,337.0,80.1186943620178,13.056379821958457
2022,20220101_38017_D01_S006,38017_D01_S006,Granadilla de Abona,21.0,35.0,33.0,0.0,442.0,531.0,83.2391713747646,12.8060263653484
2022,20220101_38017_D01_S007,38017_D01_S007,Granadilla de Abona,12.0,63.0,47.0,0.0,1050.0,1172.0,89.59044368600682,9.38566552901024
2022,20220101_38017_D01_S008,38017_D01_S008,Granadilla de Abona,28.0,56.0,25.0,0.0,534.0,643.0,83.04821150855365,12.597200622083982
2022,20220101_38017_D01_S009,38017_D01_S009,Granadilla de Abona,26.0,65.0,70.0,1.0,938.0,1099.0,85.35031847133757,12.283894449499545
2022,20220101_38017_D01_S010,38017_D01_S010,Granadilla de Abona,22.0,66.0,44.0,0.0,1095.0,1227.0,89.24205378973105,8.964955175224123
2022,20220101_38017_D01_S011,38017_D01_S011,Granadilla de Abona,33.0,80.0,38.0,0.0,989.0,1140.0,86.75438596491227,10.350877192982455
2022,20220101_38017_D01_S012,38017_D01_S012,Granadilla de Abona,13.0,43.0,26.0,0.0,472.0,554.0,85.1985559566787,12.454873646209386
2022,20220101_38017_D01_S013,38017_D01_S013,Granadilla de Abona,32.0,56.0,43.0,0.0,751.0,882.0,85.14739229024943,11.224489795918368
2022,20220101_38017_D01_S014,38017_D01_S014,Granadilla de Abona,13.0,69.0,37.0,0.0,982.0,1101.0,89.19164396003633,9.627611262488646
2022,20220101_38017_D01_S015,38017_D01_S015,Granadilla de Abona,29.0,75.0,28.0,0.0,625.0,757.0,82.56274768824306,13.606340819022456
2022,20220101_38017_D01_S016,38017_D01_S016,Granadilla de Abona,13.0,32.0,25.0,0.0,414.0,484.0,85.53719008264463,11.776859504132231
2022,20220101_38017_D01_S017,38017_D01_S017,Granadilla de Abona,18.0,63.0,33.0,0.0,712.0,826.0,86.19854721549636,11.62227602905569
2022,20220101_38017_D01_S018,38017_D01_S018,Granadilla de Abona,25.0,100.0,46.0,1.0,1438.0,1609.0,89.37228091982598,9.073958980733375
2022,20220101_38017_D01_S019,38017_D01_S019,Granadilla de Abona,18.0,42.0,37.0,0.0,570.0,667.0,85.45727136431785,11.84407796101949
2022,20220101_38017_D01_S020,38017_D01_S020,Granadilla de Abona,49.0,55.0,67.0,0.0,1023.0,1194.0,85.678391959799,10.217755443886098
2022,20220101_38017_D01_S021,38017_D01_S021,Granadilla de Abona,27.0,67.0,47.0,0.0,975.0,1116.0,87.36559139784946,10.21505376344086
2022,20220101_38017_D01_S022,38017_D01_S022,Granadilla de Abona,29.0,55.0,42.0,0.0,788.0,914.0,86.2144420131291,10.61269146608315
2022,20220101_38017_D01_S023,38017_D01_S023,Granadilla de Abona,39.0,55.0,32.0,0.0,728.0,854.0,85.24590163934427,10.187353629976581
2022,20220101_38017_D01_S024,38017_D01_S024,Granadilla de Abona,26.0,52.0,34.0,0.0,914.0,1026.0,89.08382066276803,8.382066276803119
2022,20220101_38017_D01_S025,38017_D01_S025,Granadilla de Abona,42.0,67.0,34.0,0.0,707.0,850.0,83.17647058823529,11.882352941176471
2022,20220101_38017_D01_S026,38017_D01_S026,Granadilla de Abona,23.0,45.0,17.0,0.0,563.0,648.0,86.88271604938272,9.567901234567902
2022,20220101_38017_D01_S027,38017_D01_S027,Granadilla de Abona,0.0,0.0,0.0,0.0,0.0,0.0,,
2022,20220101_38018_D01_S001,38018_D01_S001,"Guancha, La",20.0,56.0,24.0,0.0,388.0,488.0,79.50819672131148,16.39344262295082
2022,20220101_38018_D01_S002,38018_D01_S002,"Guancha, La",43.0,68.0,20.0,0.0,550.0,681.0,80.76358296622614,12.922173274596181
2022,20220101_38018_D01_S003,38018_D01_S003,"Guancha, La",41.0,120.0,29.0,0.0,701.0,891.0,78.67564534231201,16.722783389450058
2022,20220101_38019_D01_S001,38019_D01_S001,Guía de Isora,45.0,55.0,39.0,0.0,684.0,823.0,83.11057108140947,11.421628189550425
2022,20220101_38019_D01_S002,38019_D01_S002,Guía de Isora,117.0,68.0,31.0,0.0,808.0,1024.0,78.90625,9.66796875
2022,20220101_38019_D01_S003,38019_D01_S003,Guía de Isora,45.0,44.0,26.0,0.0,661.0,776.0,85.18041237113403,9.02061855670103
2022,20220101_38019_D01_S004,38019_D01_S004,Guía de Isora,108.0,44.0,22.0,0.0,828.0,1002.0,82.63473053892216,6.586826347305389
2022,20220101_38019_D01_S005,38019_D01_S005,Guía de Isora,99.0,57.0,18.0,0.0,887.0,1061.0,83.60037700282751,7.0688030160226205
2022,20220101_38019_D01_S007,38019_D01_S007,Guía de Isora,83.0,43.0,18.0,0.0,468.0,612.0,76.47058823529412,9.967320261437909
2022,20220101_38019_D01_S008,38019_D01_S008,Guía de Isora,123.0,44.0,17.0,0.0,592.0,776.0,76.28865979381443,7.860824742268041
2022,20220101_38019_D01_S009,38019_D01_S009,Guía de Isora,58.0,45.0,23.0,0.0,691.0,817.0,84.57772337821298,8.32313341493268
2022,20220101_38019_D01_S010,38019_D01_S010,Guía de Isora,90.0,58.0,22.0,0.0,1000.0,1170.0,85.47008547008546,6.837606837606837
2022,20220101_38019_D01_S011,38019_D01_S011,Guía de Isora,37.0,53.0,32.0,0.0,625.0,747.0,83.66800535475234,11.378848728246318
2022,20220101_38020_D01_S001,38020_D01_S001,Güímar,28.0,25.0,37.0,0.0,402.0,492.0,81.70731707317073,12.601626016260163
2022,20220101_38020_D01_S002,38020_D01_S002,Güímar,22.0,48.0,50.0,0.0,556.0,676.0,82.24852071005917,14.497041420118343
2022,20220101_38020_D01_S003,38020_D01_S003,Güímar,35.0,47.0,57.0,0.0,743.0,882.0,84.24036281179139,11.791383219954648
2022,20220101_38020_D01_S004,38020_D01_S004,Güímar,112.0,36.0,35.0,0.0,412.0,595.0,69.24369747899159,11.932773109243698
2022,20220101_38020_D01_S005,38020_D01_S005,Güímar,7.0,12.0,21.0,0.0,191.0,231.0,82.68398268398268,14.285714285714286
2022,20220101_38020_D01_S006,38020_D01_S006,Güímar,14.0,40.0,25.0,0.0,309.0,388.0,79.63917525773196,16.75257731958763
2022,20220101_38020_D01_S007,38020_D01_S007,Güímar,32.0,73.0,53.0,0.0,916.0,1074.0,85.28864059590316,11.731843575418994
2022,20220101_38020_D01_S008,38020_D01_S008,Güímar,9.0,34.0,32.0,0.0,272.0,347.0,78.38616714697406,19.020172910662826
2022,20220101_38020_D01_S009,38020_D01_S009,Güímar,28.0,40.0,21.0,0.0,308.0,397.0,77.58186397984886,15.365239294710328
2022,20220101_38020_D01_S010,38020_D01_S010,Güímar,13.0,28.0,33.0,0.0,374.0,448.0,83.48214285714286,13.616071428571429
2022,20220101_38020_D01_S011,38020_D01_S011,Güímar,5.0,16.0,30.0,0.0,319.0,370.0,86.21621621621621,12.432432432432432
2022,20220101_38020_D01_S012,38020_D01_S012,Güímar,6.0,51.0,57.0,0.0,819.0,933.0,87.78135048231512,11.57556270096463
2022,20220101_38020_D02_S001,38020_D02_S001,Güímar,37.0,31.0,33.0,0.0,369.0,470.0,78.51063829787235,13.617021276595745
2022,20220101_38020_D02_S002,38020_D02_S002,Güímar,12.0,21.0,30.0,0.0,270.0,333.0,81.08108108108108,15.315315315315315
2022,20220101_38020_D03_S001,38020_D03_S001,Güímar,21.0,36.0,28.0,0.0,423.0,508.0,83.26771653543307,12.598425196850394
2022,20220101_38020_D03_S002,38020_D03_S002,Güímar,25.0,34.0,35.0,0.0,386.0,480.0,80.41666666666667,14.375
2022,20220101_38021_D01_S001,38021_D01_S001,Hermigua,16.0,52.0,6.0,0.0,249.0,323.0,77.08978328173374,17.956656346749227
2022,20220101_38021_D02_S001,38021_D02_S001,Hermigua,21.0,45.0,12.0,1.0,286.0,364.0,78.57142857142857,15.659340659340659
2022,20220101_38022_D01_S001,38022_D01_S001,Icod de los Vinos,20.0,45.0,21.0,1.0,400.0,486.0,82.3045267489712,13.580246913580247
2022,20220101_38022_D01_S002,38022_D01_S002,Icod de los Vinos,15.0,35.0,21.0,0.0,441.0,512.0,86.1328125,10.9375
2022,20220101_38022_D01_S003,38022_D01_S003,Icod de los Vinos,10.0,23.0,13.0,0.0,316.0,362.0,87.29281767955801,9.94475138121547
2022,20220101_38022_D01_S004,38022_D01_S004,Icod de los Vinos,12.0,16.0,14.0,0.0,280.0,322.0,86.95652173913044,9.316770186335404
2022,20220101_38022_D01_S005,38022_D01_S005,Icod de los Vinos,9.0,22.0,12.0,0.0,271.0,314.0,86.30573248407643,10.828025477707007
2022,20220101_38022_D01_S006,38022_D01_S006,Icod de los Vinos,14.0,41.0,33.0,0.0,454.0,542.0,83.76383763837639,13.653136531365314
2022,20220101_38022_D02_S001,38022_D02_S001,Icod de los Vinos,61.0,91.0,14.0,1.0,296.0,462.0,64.06926406926407,22.727272727272727
2022,20220101_38022_D02_S002,38022_D02_S002,Icod de los Vinos,28.0,70.0,19.0,0.0,355.0,472.0,75.21186440677967,18.85593220338983
2022,20220101_38022_D03_S001,38022_D03_S001,Icod de los Vinos,29.0,84.0,31.0,0.0,392.0,536.0,73.13432835820896,21.455223880597014
2022,20220101_38022_D03_S002,38022_D03_S002,Icod de los Vinos,14.0,37.0,23.0,0.0,278.0,352.0,78.97727272727273,17.045454545454547
2022,20220101_38022_D03_S003,38022_D03_S003,Icod de los Vinos,26.0,39.0,25.0,0.0,266.0,356.0,74.71910112359551,17.97752808988764
2022,20220101_38022_D03_S004,38022_D03_S004,Icod de los Vinos,24.0,63.0,30.0,0.0,316.0,433.0,72.97921478060046,21.478060046189377
2022,20220101_38022_D04_S001,38022_D04_S001,Icod de los Vinos,26.0,37.0,23.0,0.0,290.0,376.0,77.12765957446808,15.957446808510639
2022,20220101_38022_D04_S002,38022_D04_S002,Icod de los Vinos,33.0,48.0,41.0,0.0,517.0,639.0,80.9076682316119,13.928012519561815
2022,20220101_38022_D04_S003,38022_D04_S003,Icod de los Vinos,34.0,79.0,42.0,2.0,492.0,647.0,76.04327666151468,18.701700154559507
2022,20220101_38022_D04_S004,38022_D04_S004,Icod de los Vinos,15.0,42.0,14.0,0.0,307.0,378.0,81.21693121693121,14.814814814814815
2022,20220101_38022_D05_S001,38022_D05_S001,Icod de los Vinos,12.0,28.0,14.0,0.0,200.0,254.0,78.74015748031496,16.53543307086614
2022,20220101_38022_D05_S002,38022_D05_S002,Icod de los Vinos,38.0,81.0,37.0,0.0,699.0,855.0,81.75438596491227,13.801169590643275
2022,20220101_38023_D01_S001,38023_D01_S001,San Cristóbal de La Laguna,3.0,18.0,24.0,0.0,348.0,393.0,88.54961832061069,10.687022900763358
2022,20220101_38023_D01_S002,38023_D01_S002,San Cristóbal de La Laguna,2.0,23.0,17.0,1.0,492.0,534.0,92.13483146067416,7.49063670411985
2022,20220101_38023_D01_S003,38023_D01_S003,San Cristóbal de La Laguna,3.0,36.0,37.0,0.0,675.0,751.0,89.88015978695073,9.720372836218376
2022,20220101_38023_D01_S004,38023_D01_S004,San Cristóbal de La Laguna,5.0,21.0,15.0,0.0,248.0,289.0,85.81314878892734,12.456747404844291
2022,20220101_38023_D01_S005,38023_D01_S005,San Cristóbal de La Laguna,4.0,20.0,32.0,0.0,553.0,609.0,90.80459770114942,8.538587848932677
2022,20220101_38023_D01_S006,38023_D01_S006,San Cristóbal de La Laguna,9.0,44.0,34.0,0.0,626.0,713.0,87.79803646563815,10.93969144460028
2022,20220101_38023_D01_S007,38023_D01_S007,San Cristóbal de La Laguna,6.0,46.0,27.0,0.0,710.0,789.0,89.9873257287706,9.252217997465145
2022,20220101_38023_D01_S008,38023_D01_S008,San Cristóbal de La Laguna,5.0,14.0,19.0,0.0,426.0,464.0,91.8103448275862,7.112068965517241
2022,20220101_38023_D01_S009,38023_D01_S009,San Cristóbal de La Laguna,3.0,25.0,31.0,0.0,424.0,483.0,87.78467908902691,11.594202898550725
2022,20220101_38023_D01_S010,38023_D01_S010,San Cristóbal de La Laguna,5.0,35.0,28.0,0.0,575.0,643.0,89.42457231726283,9.797822706065318
2022,20220101_38023_D01_S011,38023_D01_S011,San Cristóbal de La Laguna,2.0,18.0,3.0,0.0,244.0,267.0,91.38576779026218,7.865168539325842
2022,20220101_38023_D01_S012,38023_D01_S012,San Cristóbal de La Laguna,1.0,23.0,22.0,0.0,451.0,497.0,90.74446680080483,9.054325955734406
2022,20220101_38023_D01_S013,38023_D01_S013,San Cristóbal de La Laguna,2.0,16.0,10.0,0.0,429.0,457.0,93.87308533916848,5.689277899343545
2022,20220101_38023_D01_S014,38023_D01_S014,San Cristóbal de La Laguna,3.0,19.0,25.0,0.0,367.0,414.0,88.64734299516908,10.628019323671497
2022,20220101_38023_D01_S015,38023_D01_S015,San Cristóbal de La Laguna,2.0,16.0,23.0,0.0,498.0,539.0,92.39332096474953,7.2356215213358075
2022,20220101_38023_D01_S016,38023_D01_S016,San Cristóbal de La Laguna,4.0,19.0,18.0,0.0,698.0,739.0,94.45196211096076,5.006765899864682
2022,20220101_38023_D01_S017,38023_D01_S017,San Cristóbal de La Laguna,2.0,27.0,20.0,0.0,588.0,637.0,92.3076923076923,7.378335949764521
2022,20220101_38023_D01_S018,38023_D01_S018,San Cristóbal de La Laguna,3.0,27.0,26.0,0.0,393.0,449.0,87.52783964365256,11.804008908685969
2022,20220101_38023_D01_S019,38023_D01_S019,San Cristóbal de La Laguna,4.0,11.0,13.0,0.0,351.0,379.0,92.61213720316623,6.332453825857519
2022,20220101_38023_D01_S020,38023_D01_S020,San Cristóbal de La Laguna,4.0,13.0,10.0,1.0,375.0,402.0,93.28358208955224,5.721393034825871
2022,20220101_38023_D01_S021,38023_D01_S021,San Cristóbal de La Laguna,6.0,16.0,27.0,0.0,627.0,676.0,92.75147928994083,6.3609467455621305
2022,20220101_38023_D01_S022,38023_D01_S022,San Cristóbal de La Laguna,0.0,17.0,24.0,0.0,461.0,502.0,91.83266932270917,8.167330677290837
2022,20220101_38023_D01_S023,38023_D01_S023,San Cristóbal de La Laguna,6.0,36.0,39.0,0.0,898.0,979.0,91.72625127681307,7.6608784473953015
2022,20220101_38023_D01_S024,38023_D01_S024,San Cristóbal de La Laguna,2.0,15.0,12.0,0.0,284.0,313.0,90.73482428115015,8.626198083067093
2022,20220101_38023_D01_S025,38023_D01_S025,San Cristóbal de La Laguna,7.0,53.0,41.0,0.0,607.0,708.0,85.73446327683615,13.27683615819209
2022,20220101_38023_D01_S026,38023_D01_S026,San Cristóbal de La Laguna,1.0,13.0,17.0,1.0,480.0,511.0,93.9334637964775,5.870841487279844
2022,20220101_38023_D01_S027,38023_D01_S027,San Cristóbal de La Laguna,5.0,29.0,32.0,0.0,468.0,534.0,87.64044943820225,11.423220973782772
2022,20220101_38023_D01_S028,38023_D01_S028,San Cristóbal de La Laguna,5.0,31.0,44.0,0.0,807.0,887.0,90.98083427282977,8.455467869222097
2022,20220101_38023_D01_S029,38023_D01_S029,San Cristóbal de La Laguna,5.0,14.0,10.0,0.0,402.0,431.0,93.27146171693735,5.568445475638051
2022,20220101_38023_D01_S030,38023_D01_S030,San Cristóbal de La Laguna,11.0,33.0,30.0,0.0,723.0,797.0,90.71518193224593,7.904642409033877
2022,20220101_38023_D01_S031,38023_D01_S031,San Cristóbal de La Laguna,4.0,18.0,17.0,0.0,651.0,690.0,94.34782608695652,5.072463768115942
2022,20220101_38023_D01_S032,38023_D01_S032,San Cristóbal de La Laguna,5.0,27.0,26.0,0.0,432.0,490.0,88.16326530612245,10.816326530612244
2022,20220101_38023_D01_S033,38023_D01_S033,San Cristóbal de La Laguna,2.0,18.0,20.0,0.0,331.0,371.0,89.21832884097034,10.242587601078167
2022,20220101_38023_D02_S001,38023_D02_S001,San Cristóbal de La Laguna,0.0,23.0,18.0,0.0,417.0,458.0,91.04803493449782,8.951965065502183
2022,20220101_38023_D02_S002,38023_D02_S002,San Cristóbal de La Laguna,7.0,20.0,8.0,0.0,333.0,368.0,90.48913043478261,7.608695652173913
2022,20220101_38023_D02_S003,38023_D02_S003,San Cristóbal de La Laguna,2.0,16.0,23.0,0.0,372.0,413.0,90.0726392251816,9.443099273607748
2022,20220101_38023_D02_S004,38023_D02_S004,San Cristóbal de La Laguna,5.0,22.0,19.0,0.0,413.0,459.0,89.97821350762527,8.932461873638344
2022,20220101_38023_D02_S005,38023_D02_S005,San Cristóbal de La Laguna,3.0,36.0,37.0,0.0,514.0,590.0,87.11864406779661,12.372881355932204
2022,20220101_38023_D02_S006,38023_D02_S006,San Cristóbal de La Laguna,7.0,32.0,23.0,0.0,437.0,499.0,87.57515030060121,11.022044088176353
2022,20220101_38023_D02_S007,38023_D02_S007,San Cristóbal de La Laguna,5.0,36.0,25.0,0.0,628.0,694.0,90.48991354466858,8.789625360230547
2022,20220101_38023_D02_S008,38023_D02_S008,San Cristóbal de La Laguna,8.0,21.0,23.0,0.0,366.0,418.0,87.5598086124402,10.526315789473685
2022,20220101_38023_D02_S009,38023_D02_S009,San Cristóbal de La Laguna,2.0,24.0,28.0,0.0,551.0,605.0,91.07438016528926,8.59504132231405
2022,20220101_38023_D02_S010,38023_D02_S010,San Cristóbal de La Laguna,9.0,53.0,47.0,0.0,792.0,901.0,87.90233074361821,11.098779134295228
2022,20220101_38023_D02_S011,38023_D02_S011,San Cristóbal de La Laguna,1.0,17.0,21.0,0.0,510.0,549.0,92.89617486338798,6.9216757741347905
2022,20220101_38023_D02_S012,38023_D02_S012,San Cristóbal de La Laguna,4.0,30.0,20.0,0.0,640.0,694.0,92.21902017291066,7.204610951008646
2022,20220101_38023_D02_S013,38023_D02_S013,San Cristóbal de La Laguna,3.0,55.0,52.0,0.0,654.0,764.0,85.6020942408377,14.00523560209424
2022,20220101_38023_D02_S014,38023_D02_S014,San Cristóbal de La Laguna,7.0,51.0,36.0,0.0,539.0,633.0,85.15007898894154,13.744075829383887
2022,20220101_38023_D02_S015,38023_D02_S015,San Cristóbal de La Laguna,8.0,29.0,23.0,0.0,517.0,577.0,89.60138648180242,9.01213171577123
2022,20220101_38023_D02_S016,38023_D02_S016,San Cristóbal de La Laguna,6.0,71.0,71.0,0.0,1436.0,1584.0,90.65656565656566,8.964646464646465
2022,20220101_38023_D02_S017,38023_D02_S017,San Cristóbal de La Laguna,2.0,36.0,41.0,0.0,726.0,805.0,90.1863354037267,9.565217391304348
2022,20220101_38023_D02_S018,38023_D02_S018,San Cristóbal de La Laguna,2.0,31.0,26.0,0.0,485.0,544.0,89.15441176470588,10.477941176470589
2022,20220101_38023_D02_S019,38023_D02_S019,San Cristóbal de La Laguna,3.0,31.0,20.0,0.0,511.0,565.0,90.4424778761062,9.026548672566372
2022,20220101_38023_D02_S020,38023_D02_S020,San Cristóbal de La Laguna,4.0,25.0,21.0,0.0,330.0,380.0,86.84210526315789,12.105263157894736
2022,20220101_38023_D02_S021,38023_D02_S021,San Cristóbal de La Laguna,5.0,27.0,37.0,0.0,805.0,874.0,92.10526315789474,7.322654462242563
2022,20220101_38023_D02_S022,38023_D02_S022,San Cristóbal de La Laguna,5.0,27.0,24.0,0.0,521.0,577.0,90.2946273830156,8.838821490467938
2022,20220101_38023_D02_S023,38023_D02_S023,San Cristóbal de La Laguna,3.0,34.0,32.0,0.0,559.0,628.0,89.01273885350318,10.509554140127388
2022,20220101_38023_D02_S024,38023_D02_S024,San Cristóbal de La Laguna,1.0,22.0,34.0,0.0,276.0,333.0,82.88288288288288,16.816816816816818
2022,20220101_38023_D03_S001,38023_D03_S001,San Cristóbal de La Laguna,4.0,24.0,17.0,0.0,282.0,327.0,86.23853211009174,12.53822629969419
2022,20220101_38023_D03_S002,38023_D03_S002,San Cristóbal de La Laguna,0.0,28.0,42.0,0.0,524.0,594.0,88.21548821548822,11.784511784511784
2022,20220101_38023_D03_S003,38023_D03_S003,San Cristóbal de La Laguna,3.0,26.0,30.0,0.0,588.0,647.0,90.88098918083462,8.65533230293663
2022,20220101_38023_D03_S004,38023_D03_S004,San Cristóbal de La Laguna,5.0,78.0,55.0,0.0,705.0,843.0,83.62989323843416,15.776986951364176
2022,20220101_38023_D03_S005,38023_D03_S005,San Cristóbal de La Laguna,7.0,48.0,36.0,0.0,574.0,665.0,86.3157894736842,12.631578947368421
2022,20220101_38023_D03_S006,38023_D03_S006,San Cristóbal de La Laguna,4.0,35.0,37.0,0.0,903.0,979.0,92.23697650663942,7.354443309499489
2022,20220101_38023_D03_S007,38023_D03_S007,San Cristóbal de La Laguna,2.0,23.0,15.0,0.0,289.0,329.0,87.8419452887538,11.55015197568389
2022,20220101_38023_D03_S008,38023_D03_S008,San Cristóbal de La Laguna,9.0,34.0,27.0,0.0,437.0,507.0,86.19329388560158,12.03155818540434
2022,20220101_38023_D03_S009,38023_D03_S009,San Cristóbal de La Laguna,5.0,26.0,19.0,0.0,318.0,368.0,86.41304347826087,12.228260869565217
2022,20220101_38023_D03_S010,38023_D03_S010,San Cristóbal de La Laguna,2.0,20.0,19.0,0.0,283.0,324.0,87.34567901234568,12.037037037037036
2022,20220101_38023_D03_S011,38023_D03_S011,San Cristóbal de La Laguna,5.0,42.0,37.0,0.0,508.0,592.0,85.8108108108108,13.344594594594595
2022,20220101_38023_D03_S012,38023_D03_S012,San Cristóbal de La Laguna,17.0,60.0,33.0,0.0,526.0,636.0,82.70440251572327,14.622641509433961
2022,20220101_38023_D03_S013,38023_D03_S013,San Cristóbal de La Laguna,23.0,60.0,47.0,1.0,614.0,744.0,82.52688172043011,14.381720430107526
2022,20220101_38023_D03_S014,38023_D03_S014,San Cristóbal de La Laguna,4.0,23.0,19.0,0.0,193.0,239.0,80.75313807531381,17.573221757322177
2022,20220101_38023_D03_S015,38023_D03_S015,San Cristóbal de La Laguna,7.0,27.0,30.0,0.0,451.0,515.0,87.57281553398059,11.067961165048544
2022,20220101_38023_D03_S016,38023_D03_S016,San Cristóbal de La Laguna,8.0,40.0,43.0,0.0,601.0,692.0,86.84971098265896,11.99421965317919
2022,20220101_38023_D03_S017,38023_D03_S017,San Cristóbal de La Laguna,9.0,27.0,32.0,0.0,385.0,453.0,84.98896247240619,13.024282560706402
2022,20220101_38023_D03_S018,38023_D03_S018,San Cristóbal de La Laguna,5.0,35.0,16.0,0.0,222.0,278.0,79.85611510791367,18.345323741007196
2022,20220101_38023_D03_S019,38023_D03_S019,San Cristóbal de La Laguna,2.0,44.0,30.0,1.0,636.0,712.0,89.32584269662921,10.393258426966293
2022,20220101_38023_D03_S020,38023_D03_S020,San Cristóbal de La Laguna,4.0,32.0,33.0,0.0,332.0,401.0,82.7930174563591,16.209476309226932
2022,20220101_38023_D03_S021,38023_D03_S021,San Cristóbal de La Laguna,6.0,23.0,49.0,0.0,361.0,439.0,82.23234624145786,16.40091116173121
2022,20220101_38023_D03_S022,38023_D03_S022,San Cristóbal de La Laguna,2.0,10.0,7.0,0.0,366.0,385.0,95.06493506493507,4.415584415584416
2022,20220101_38023_D03_S023,38023_D03_S023,San Cristóbal de La Laguna,7.0,35.0,22.0,0.0,396.0,460.0,86.08695652173913,12.391304347826088
2022,20220101_38023_D03_S024,38023_D03_S024,San Cristóbal de La Laguna,3.0,28.0,36.0,0.0,342.0,409.0,83.61858190709046,15.647921760391197
2022,20220101_38023_D03_S025,38023_D03_S025,San Cristóbal de La Laguna,6.0,57.0,47.0,1.0,796.0,906.0,87.85871964679912,11.479028697571744
2022,20220101_38023_D03_S026,38023_D03_S026,San Cristóbal de La Laguna,4.0,28.0,36.0,0.0,514.0,582.0,88.31615120274914,10.996563573883162
2022,20220101_38023_D03_S027,38023_D03_S027,San Cristóbal de La Laguna,3.0,31.0,31.0,0.0,557.0,622.0,89.54983922829582,9.967845659163988
2022,20220101_38023_D03_S028,38023_D03_S028,San Cristóbal de La Laguna,7.0,29.0,31.0,0.0,481.0,548.0,87.77372262773723,10.94890510948905
2022,20220101_38023_D03_S029,38023_D03_S029,San Cristóbal de La Laguna,4.0,36.0,36.0,1.0,586.0,662.0,88.51963746223565,10.876132930513595
2022,20220101_38023_D04_S001,38023_D04_S001,San Cristóbal de La Laguna,5.0,46.0,53.0,0.0,725.0,829.0,87.45476477683957,11.942098914354645
2022,20220101_38023_D04_S002,38023_D04_S002,San Cristóbal de La Laguna,9.0,57.0,63.0,0.0,965.0,1094.0,88.20840950639854,10.968921389396709
2022,20220101_38023_D04_S003,38023_D04_S003,San Cristóbal de La Laguna,7.0,55.0,46.0,1.0,688.0,796.0,86.4321608040201,12.688442211055277
2022,20220101_38023_D04_S004,38023_D04_S004,San Cristóbal de La Laguna,7.0,35.0,23.0,0.0,333.0,398.0,83.66834170854271,14.57286432160804
2022,20220101_38023_D04_S005,38023_D04_S005,San Cristóbal de La Laguna,4.0,19.0,23.0,0.0,386.0,432.0,89.35185185185185,9.722222222222221
2022,20220101_38023_D04_S006,38023_D04_S006,San Cristóbal de La Laguna,5.0,62.0,40.0,0.0,491.0,598.0,82.10702341137124,17.05685618729097
2022,20220101_38023_D04_S007,38023_D04_S007,San Cristóbal de La Laguna,9.0,55.0,29.0,0.0,621.0,714.0,86.97478991596638,11.764705882352942
2022,20220101_38023_D04_S008,38023_D04_S008,San Cristóbal de La Laguna,0.0,0.0,0.0,0.0,0.0,0.0,,
2022,20220101_38023_D05_S001,38023_D05_S001,San Cristóbal de La Laguna,68.0,66.0,32.0,0.0,313.0,479.0,65.34446764091858,20.45929018789144
2022,20220101_38023_D05_S002,38023_D05_S002,San Cristóbal de La Laguna,84.0,61.0,40.0,0.0,388.0,573.0,67.71378708551484,17.62652705061082
2022,20220101_38023_D05_S003,38023_D05_S003,San Cristóbal de La Laguna,41.0,27.0,32.0,0.0,358.0,458.0,78.16593886462883,12.882096069868995
2022,20220101_38023_D05_S004,38023_D05_S004,San Cristóbal de La Laguna,40.0,30.0,28.0,0.0,286.0,384.0,74.47916666666667,15.104166666666666
2022,20220101_38023_D05_S005,38023_D05_S005,San Cristóbal de La Laguna,48.0,61.0,59.0,0.0,680.0,848.0,80.18867924528301,14.150943396226415
2022,20220101_38023_D05_S006,38023_D05_S006,San Cristóbal de La Laguna,26.0,40.0,30.0,0.0,396.0,492.0,80.48780487804878,14.227642276422765
2022,20220101_38023_D05_S007,38023_D05_S007,San Cristóbal de La Laguna,15.0,34.0,45.0,0.0,585.0,679.0,86.15611192930781,11.634756995581737
2022,20220101_38023_D05_S008,38023_D05_S008,San Cristóbal de La Laguna,52.0,34.0,31.0,0.0,265.0,382.0,69.3717277486911,17.015706806282722
2022,20220101_38023_D05_S009,38023_D05_S009,San Cristóbal de La Laguna,26.0,49.0,58.0,0.0,1070.0,1203.0,88.94430590191189,8.894430590191188
2022,20220101_38023_D05_S010,38023_D05_S010,San Cristóbal de La Laguna,49.0,59.0,52.0,0.0,570.0,730.0,78.08219178082192,15.205479452054794
2022,20220101_38023_D05_S011,38023_D05_S011,San Cristóbal de La Laguna,37.0,27.0,22.0,0.0,288.0,374.0,77.00534759358288,13.101604278074866
2022,20220101_38023_D05_S012,38023_D05_S012,San Cristóbal de La Laguna,59.0,66.0,35.0,0.0,401.0,561.0,71.4795008912656,18.003565062388592
2022,20220101_38023_D05_S013,38023_D05_S013,San Cristóbal de La Laguna,35.0,28.0,12.0,0.0,259.0,334.0,77.54491017964072,11.976047904191617
2022,20220101_38023_D05_S014,38023_D05_S014,San Cristóbal de La Laguna,38.0,53.0,44.0,0.0,523.0,658.0,79.48328267477204,14.74164133738602
2022,20220101_38023_D05_S015,38023_D05_S015,San Cristóbal de La Laguna,0.0,0.0,0.0,0.0,0.0,0.0,,
2022,20220101_38023_D06_S001,38023_D06_S001,San Cristóbal de La Laguna,4.0,35.0,38.0,0.0,511.0,588.0,86.9047619047619,12.414965986394558
2022,20220101_38023_D06_S002,38023_D06_S002,San Cristóbal de La Laguna,9.0,26.0,20.0,1.0,623.0,678.0,91.88790560471976,6.784660766961652
2022,20220101_38023_D06_S003,38023_D06_S003,San Cristóbal de La Laguna,6.0,43.0,28.0,0.0,436.0,513.0,84.99025341130604,13.840155945419104
2022,20220101_38023_D06_S004,38023_D06_S004,San Cristóbal de La Laguna,7.0,37.0,50.0,0.0,415.0,509.0,81.53241650294696,17.092337917485267
2022,20220101_38024_D01_S001,38024_D01_S001,"Llanos de Aridane, Los",57.0,69.0,32.0,2.0,829.0,987.0,83.9918946301925,10.233029381965553
2022,20220101_38024_D01_S002,38024_D01_S002,"Llanos de Aridane, Los",49.0,50.0,34.0,0.0,588.0,721.0,81.55339805825243,11.650485436893204
2022,20220101_38024_D01_S003,38024_D01_S003,"Llanos de Aridane, Los",62.0,55.0,29.0,1.0,527.0,673.0,78.30609212481427,12.481426448736999
2022,20220101_38024_D01_S004,38024_D01_S004,"Llanos de Aridane, Los",27.0,32.0,13.0,1.0,335.0,407.0,82.30958230958231,11.056511056511056
2022,20220101_38024_D01_S005,38024_D01_S005,"Llanos de Aridane, Los",37.0,23.0,11.0,0.0,374.0,445.0,84.04494382022472,7.640449438202247
2022,20220101_38024_D01_S006,38024_D01_S006,"Llanos de Aridane, Los",50.0,41.0,20.0,1.0,474.0,585.0,81.02564102564102,10.427350427350428
2022,20220101_38024_D01_S007,38024_D01_S007,"Llanos de Aridane, Los",41.0,63.0,22.0,0.0,490.0,616.0,79.54545454545455,13.7987012987013
2022,20220101_38024_D01_S008,38024_D01_S008,"Llanos de Aridane, Los",37.0,54.0,26.0,0.0,543.0,660.0,82.27272727272727,12.121212121212121
2022,20220101_38024_D02_S001,38024_D02_S001,"Llanos de Aridane, Los",47.0,48.0,16.0,0.0,425.0,536.0,79.2910447761194,11.940298507462687
2022,20220101_38024_D02_S002,38024_D02_S002,"Llanos de Aridane, Los",58.0,59.0,27.0,0.0,431.0,575.0,74.95652173913044,14.956521739130435
2022,20220101_38024_D03_S001,38024_D03_S001,"Llanos de Aridane, Los",78.0,73.0,33.0,1.0,604.0,788.0,76.6497461928934,13.451776649746193
2022,20220101_38024_D03_S002,38024_D03_S002,"Llanos de Aridane, Los",64.0,45.0,17.0,1.0,518.0,644.0,80.43478260869566,9.627329192546584
2022,20220101_38024_D03_S003,38024_D03_S003,"Llanos de Aridane, Los",39.0,45.0,21.0,0.0,347.0,452.0,76.76991150442478,14.601769911504425
2022,20220101_38025_D01_S001,38025_D01_S001,"Matanza de Acentejo, La",19.0,134.0,50.0,0.0,660.0,863.0,76.47740440324449,21.320973348783316
2022,20220101_38025_D01_S002,38025_D01_S002,"Matanza de Acentejo, La",9.0,75.0,32.0,0.0,504.0,620.0,81.29032258064517,17.258064516129032
2022,20220101_38025_D01_S003,38025_D01_S003,"Matanza de Acentejo, La",12.0,87.0,43.0,0.0,795.0,937.0,84.8452508004269,13.874066168623266
2022,20220101_38025_D01_S004,38025_D01_S004,"Matanza de Acentejo, La",12.0,78.0,54.0,1.0,776.0,920.0,84.34782608695652,14.347826086956522
2022,20220101_38025_D01_S005,38025_D01_S005,"Matanza de Acentejo, La",6.0,51.0,11.0,0.0,251.0,319.0,78.68338557993731,19.435736677115987
2022,20220101_38026_D01_S001,38026_D01_S001,"Orotava, La",13.0,29.0,23.0,1.0,521.0,586.0,88.90784982935153,8.873720136518772
2022,20220101_38026_D01_S002,38026_D01_S002,"Orotava, La",8.0,43.0,22.0,0.0,637.0,710.0,89.71830985915493,9.154929577464788
2022,20220101_38026_D01_S004,38026_D01_S004,"Orotava, La",8.0,25.0,23.0,1.0,612.0,668.0,91.61676646706587,7.18562874251497
2022,20220101_38026_D02_S001,38026_D02_S001,"Orotava, La",12.0,41.0,26.0,1.0,537.0,616.0,87.17532467532467,10.876623376623376
2022,20220101_38026_D02_S002,38026_D02_S002,"Orotava, La",8.0,46.0,21.0,0.0,418.0,493.0,84.78701825557809,13.59026369168357
2022,20220101_38026_D02_S003,38026_D02_S003,"Orotava, La",10.0,83.0,46.0,0.0,822.0,961.0,85.53590010405827,13.423517169614984
2022,20220101_38026_D02_S004,38026_D02_S004,"Orotava, La",6.0,27.0,20.0,0.0,361.0,414.0,87.19806763285024,11.352657004830919
2022,20220101_38026_D03_S001,38026_D03_S001,"Orotava, La",20.0,70.0,32.0,0.0,440.0,562.0,78.29181494661921,18.14946619217082
2022,20220101_38026_D03_S002,38026_D03_S002,"Orotava, La",10.0,41.0,32.0,1.0,367.0,450.0,81.55555555555556,16.22222222222222
2022,20220101_38026_D03_S003,38026_D03_S003,"Orotava, La",9.0,44.0,28.0,0.0,629.0,710.0,88.59154929577464,10.140845070422536
2022,20220101_38026_D03_S004,38026_D03_S004,"Orotava, La",19.0,71.0,38.0,0.0,732.0,860.0,85.11627906976744,12.674418604651162
2022,20220101_38026_D03_S005,38026_D03_S005,"Orotava, La",11.0,39.0,31.0,0.0,362.0,443.0,81.7155756207675,15.801354401805868
2022,20220101_38026_D03_S006,38026_D03_S006,"Orotava, La",8.0,53.0,35.0,0.0,656.0,752.0,87.23404255319149,11.702127659574469
2022,20220101_38026_D03_S007,38026_D03_S007,"Orotava, La",4.0,51.0,28.0,0.0,478.0,561.0,85.20499108734403,14.081996434937611
2022,20220101_38026_D04_S001,38026_D04_S001,"Orotava, La",16.0,46.0,32.0,0.0,825.0,919.0,89.7714907508161,8.487486398258977
2022,20220101_38026_D04_S002,38026_D04_S002,"Orotava, La",9.0,54.0,30.0,0.0,500.0,593.0,84.31703204047217,14.165261382799326
2022,20220101_38026_D04_S003,38026_D04_S003,"Orotava, La",14.0,29.0,19.0,0.0,365.0,427.0,85.48009367681499,11.241217798594848
2022,20220101_38026_D04_S004,38026_D04_S004,"Orotava, La",4.0,16.0,16.0,0.0,236.0,272.0,86.76470588235294,11.764705882352942
2022,20220101_38026_D04_S005,38026_D04_S005,"Orotava, La",14.0,36.0,27.0,0.0,686.0,763.0,89.90825688073394,8.256880733944953
2022,20220101_38026_D05_S001,38026_D05_S001,"Orotava, La",19.0,111.0,41.0,0.0,608.0,779.0,78.04878048780488,19.51219512195122
2022,20220101_38026_D05_S002,38026_D05_S002,"Orotava, La",13.0,57.0,33.0,1.0,376.0,479.0,78.49686847599165,18.789144050104383
2022,20220101_38026_D05_S003,38026_D05_S003,"Orotava, La",21.0,99.0,41.0,0.0,588.0,749.0,78.50467289719626,18.69158878504673
2022,20220101_38026_D05_S004,38026_D05_S004,"Orotava, La",9.0,44.0,15.0,0.0,301.0,369.0,81.57181571815718,15.989159891598916
2022,20220101_38026_D05_S005,38026_D05_S005,"Orotava, La",8.0,77.0,47.0,0.0,575.0,707.0,81.32956152758133,17.53889674681754
2022,20220101_38026_D06_S001,38026_D06_S001,"Orotava, La",20.0,60.0,9.0,1.0,229.0,318.0,72.0125786163522,21.69811320754717
2022,20220101_38026_D06_S002,38026_D06_S002,"Orotava, La",18.0,77.0,18.0,0.0,315.0,428.0,73.59813084112149,22.19626168224299
2022,20220101_38026_D06_S003,38026_D06_S003,"Orotava, La",6.0,96.0,33.0,0.0,460.0,595.0,77.3109243697479,21.680672268907564
2022,20220101_38026_D06_S004,38026_D06_S004,"Orotava, La",82.0,153.0,24.0,0.0,387.0,646.0,59.907120743034056,27.39938080495356
2022,20220101_38027_D01_S001,38027_D01_S001,"Paso, El",35.0,64.0,36.0,0.0,449.0,584.0,76.88356164383562,17.123287671232877
2022,20220101_38027_D02_S001,38027_D02_S001,"Paso, El",53.0,75.0,45.0,0.0,780.0,953.0,81.84679958027283,12.591815320041972
2022,20220101_38027_D03_S001,38027_D03_S001,"Paso, El",34.0,46.0,14.0,3.0,366.0,460.0,79.56521739130434,13.043478260869565
2022,20220101_38027_D03_S002,38027_D03_S002,"Paso, El",31.0,39.0,18.0,0.0,385.0,473.0,81.3953488372093,12.050739957716702
2022,20220101_38027_D04_S001,38027_D04_S001,"Paso, El",72.0,54.0,26.0,0.0,408.0,560.0,72.85714285714286,14.285714285714286
2022,20220101_38028_D01_S001,38028_D01_S001,Puerto de la Cruz,3.0,7.0,10.0,0.0,300.0,320.0,93.75,5.3125
2022,20220101_38028_D01_S002,38028_D01_S002,Puerto de la Cruz,5.0,21.0,17.0,0.0,603.0,646.0,93.343653250774,5.882352941176471
2022,20220101_38028_D01_S003,38028_D01_S003,Puerto de la Cruz,19.0,38.0,35.0,0.0,978.0,1070.0,91.40186915887851,6.822429906542056
2022,20220101_38028_D01_S004,38028_D01_S004,Puerto de la Cruz,3.0,41.0,27.0,0.0,852.0,923.0,92.3076923076923,7.367280606717227
2022,20220101_38028_D02_S001,38028_D02_S001,Puerto de la Cruz,4.0,16.0,8.0,0.0,289.0,317.0,91.16719242902208,7.570977917981073
2022,20220101_38028_D02_S002,38028_D02_S002,Puerto de la Cruz,2.0,7.0,8.0,0.0,231.0,248.0,93.14516129032258,6.048387096774194
2022,20220101_38028_D02_S003,38028_D02_S003,Puerto de la Cruz,7.0,17.0,14.0,1.0,447.0,485.0,92.16494845360825,6.391752577319588
2022,20220101_38028_D02_S004,38028_D02_S004,Puerto de la Cruz,7.0,40.0,22.0,0.0,807.0,876.0,92.12328767123287,7.077625570776256
2022,20220101_38028_D02_S005,38028_D02_S005,Puerto de la Cruz,10.0,41.0,33.0,0.0,674.0,758.0,88.91820580474933,9.762532981530343
2022,20220101_38028_D03_S001,38028_D03_S001,Puerto de la Cruz,3.0,10.0,12.0,0.0,324.0,349.0,92.83667621776505,6.303724928366762
2022,20220101_38028_D03_S002,38028_D03_S002,Puerto de la Cruz,3.0,20.0,16.0,0.0,333.0,372.0,89.51612903225806,9.67741935483871
2022,20220101_38028_D03_S003,38028_D03_S003,Puerto de la Cruz,2.0,7.0,17.0,0.0,298.0,324.0,91.9753086419753,7.407407407407407
2022,20220101_38028_D03_S004,38028_D03_S004,Puerto de la Cruz,8.0,23.0,15.0,0.0,476.0,522.0,91.18773946360153,7.2796934865900385
2022,20220101_38028_D03_S005,38028_D03_S005,Puerto de la Cruz,1.0,20.0,14.0,0.0,378.0,413.0,91.52542372881356,8.232445520581114
2022,20220101_38028_D03_S006,38028_D03_S006,Puerto de la Cruz,4.0,11.0,12.0,1.0,352.0,379.0,92.87598944591029,6.068601583113456
2022,20220101_38028_D04_S001,38028_D04_S001,Puerto de la Cruz,6.0,28.0,15.0,0.0,431.0,480.0,89.79166666666667,8.958333333333334
2022,20220101_38028_D04_S002,38028_D04_S002,Puerto de la Cruz,8.0,33.0,10.0,1.0,346.0,397.0,87.15365239294711,10.831234256926953
2022,20220101_38028_D04_S003,38028_D04_S003,Puerto de la Cruz,14.0,40.0,25.0,0.0,657.0,736.0,89.2663043478261,8.831521739130435
2022,20220101_38028_D04_S004,38028_D04_S004,Puerto de la Cruz,13.0,28.0,17.0,1.0,520.0,578.0,89.96539792387543,7.7854671280276815
2022,20220101_38028_D04_S005,38028_D04_S005,Puerto de la Cruz,4.0,21.0,11.0,0.0,260.0,296.0,87.83783783783784,10.81081081081081
2022,20220101_38029_D01_S001,38029_D01_S001,Puntagorda,41.0,65.0,19.0,0.0,238.0,363.0,65.56473829201101,23.140495867768596
2022,20220101_38029_D01_S002,38029_D01_S002,Puntagorda,38.0,44.0,20.0,1.0,282.0,384.0,73.4375,16.666666666666668
2022,20220101_38030_D01_S001,38030_D01_S001,Puntallana,37.0,58.0,22.0,0.0,452.0,569.0,79.43760984182776,14.0597539543058
2022,20220101_38030_D01_S002,38030_D01_S002,Puntallana,55.0,34.0,29.0,0.0,315.0,433.0,72.74826789838338,14.549653579676674
2022,20220101_38031_D01_S001,38031_D01_S001,"Realejos, Los",9.0,32.0,19.0,1.0,300.0,360.0,83.33333333333333,14.166666666666666
2022,20220101_38031_D01_S002,38031_D01_S002,"Realejos, Los",8.0,57.0,57.0,0.0,822.0,944.0,87.07627118644068,12.076271186440678
2022,20220101_38031_D01_S003,38031_D01_S003,"Realejos, Los",11.0,59.0,43.0,0.0,734.0,847.0,86.65879574970484,12.04250295159386
2022,20220101_38031_D01_S004,38031_D01_S004,"Realejos, Los",16.0,61.0,34.0,1.0,904.0,1015.0,89.06403940886699,9.35960591133005
2022,20220101_38031_D01_S005,38031_D01_S005,"Realejos, Los",14.0,65.0,37.0,0.0,609.0,725.0,84.0,14.068965517241379
2022,20220101_38031_D01_S006,38031_D01_S006,"Realejos, Los",11.0,33.0,23.0,0.0,455.0,522.0,87.16475095785441,10.727969348659004
2022,20220101_38031_D01_S007,38031_D01_S007,"Realejos, Los",9.0,76.0,26.0,0.0,319.0,430.0,74.18604651162791,23.72093023255814
2022,20220101_38031_D01_S008,38031_D01_S008,"Realejos, Los",8.0,46.0,33.0,0.0,582.0,669.0,86.99551569506727,11.80866965620329
2022,20220101_38031_D02_S001,38031_D02_S001,"Realejos, Los",14.0,59.0,35.0,0.0,591.0,699.0,84.54935622317596,13.447782546494993
2022,20220101_38031_D02_S002,38031_D02_S002,"Realejos, Los",11.0,59.0,34.0,1.0,463.0,567.0,81.65784832451499,16.402116402116402
2022,20220101_38031_D02_S003,38031_D02_S003,"Realejos, Los",14.0,63.0,31.0,0.0,413.0,521.0,79.27063339731286,18.042226487523994
2022,20220101_38031_D03_S001,38031_D03_S001,"Realejos, Los",16.0,72.0,32.0,0.0,491.0,611.0,80.36006546644845,17.02127659574468
2022,20220101_38031_D03_S002,38031_D03_S002,"Realejos, Los",15.0,43.0,28.0,0.0,358.0,444.0,80.63063063063063,15.99099099099099
2022,20220101_38031_D03_S003,38031_D03_S003,"Realejos, Los",27.0,61.0,21.0,1.0,472.0,581.0,81.23924268502581,14.113597246127366
2022,20220101_38031_D03_S004,38031_D03_S004,"Realejos, Los",8.0,24.0,15.0,0.0,488.0,535.0,91.21495327102804,7.289719626168225
2022,20220101_38031_D03_S005,38031_D03_S005,"Realejos, Los",20.0,50.0,26.0,0.0,503.0,599.0,83.97328881469114,12.687813021702839
2022,20220101_38031_D04_S001,38031_D04_S001,"Realejos, Los",5.0,36.0,14.0,0.0,538.0,593.0,90.72512647554807,8.431703204047217
2022,20220101_38031_D04_S002,38031_D04_S002,"Realejos, Los",12.0,38.0,25.0,0.0,656.0,731.0,89.74008207934337,8.618331053351573
2022,20220101_38031_D04_S003,38031_D04_S003,"Realejos, Los",8.0,26.0,22.0,0.0,452.0,508.0,88.97637795275591,9.448818897637794
2022,20220101_38031_D04_S004,38031_D04_S004,"Realejos, Los",14.0,35.0,14.0,0.0,474.0,537.0,88.26815642458101,9.124767225325884
2022,20220101_38031_D05_S001,38031_D05_S001,"Realejos, Los",23.0,80.0,8.0,0.0,281.0,392.0,71.68367346938776,22.448979591836736
2022,20220101_38031_D05_S002,38031_D05_S002,"Realejos, Los",46.0,93.0,18.0,0.0,261.0,418.0,62.44019138755981,26.555023923444978
2022,20220101_38031_D05_S003,38031_D05_S003,"Realejos, Los",20.0,66.0,14.0,0.0,254.0,354.0,71.75141242937853,22.598870056497177
2022,20220101_38031_D06_S001,38031_D06_S001,"Realejos, Los",25.0,104.0,26.0,0.0,292.0,447.0,65.32438478747204,29.082774049217
2022,20220101_38031_D06_S002,38031_D06_S002,"Realejos, Los",55.0,129.0,29.0,0.0,360.0,573.0,62.82722513089005,27.574171029668413
2022,20220101_38032_D01_S001,38032_D01_S001,"Rosario, El",2.0,26.0,21.0,0.0,294.0,343.0,85.71428571428571,13.70262390670554
2022,20220101_38032_D01_S002,38032_D01_S002,"Rosario, El",6.0,14.0,32.0,0.0,253.0,305.0,82.95081967213115,15.081967213114755
2022,20220101_38032_D01_S003,38032_D01_S003,"Rosario, El",14.0,54.0,49.0,0.0,666.0,783.0,85.05747126436782,13.154533844189016
2022,20220101_38032_D01_S004,38032_D01_S004,"Rosario, El",1.0,35.0,39.0,0.0,835.0,910.0,91.75824175824175,8.131868131868131
2022,20220101_38032_D01_S005,38032_D01_S005,"Rosario, El",10.0,25.0,25.0,0.0,232.0,292.0,79.45205479452055,17.123287671232877
2022,20220101_38032_D01_S006,38032_D01_S006,"Rosario, El",6.0,41.0,35.0,0.0,889.0,971.0,91.55509783728115,7.826982492276004
2022,20220101_38032_D01_S007,38032_D01_S007,"Rosario, El",3.0,39.0,47.0,0.0,513.0,602.0,85.21594684385381,14.285714285714286
2022,20220101_38032_D01_S008,38032_D01_S008,"Rosario, El",3.0,31.0,29.0,0.0,675.0,738.0,91.46341463414635,8.130081300813009
2022,20220101_38032_D01_S009,38032_D01_S009,"Rosario, El",3.0,23.0,15.0,0.0,268.0,309.0,86.73139158576052,12.297734627831716
2022,20220101_38032_D01_S010,38032_D01_S010,"Rosario, El",10.0,57.0,72.0,0.0,528.0,667.0,79.16041979010495,19.340329835082457
2022,20220101_38032_D01_S011,38032_D01_S011,"Rosario, El",3.0,54.0,35.0,1.0,772.0,864.0,89.35185185185185,10.300925925925926
2022,20220101_38032_D01_S012,38032_D01_S012,"Rosario, El",6.0,25.0,25.0,0.0,594.0,650.0,91.38461538461539,7.6923076923076925
2022,20220101_38032_D01_S013,38032_D01_S013,"Rosario, El",2.0,20.0,32.0,0.0,446.0,500.0,89.2,10.4
2022,20220101_38033_D01_S001,38033_D01_S001,San Andrés y Sauces,64.0,39.0,29.0,1.0,351.0,483.0,72.67080745341615,14.078674948240165
2022,20220101_38033_D01_S002,38033_D01_S002,San Andrés y Sauces,31.0,18.0,18.0,2.0,221.0,288.0,76.73611111111111,12.5
2022,20220101_38033_D01_S003,38033_D01_S003,San Andrés y Sauces,71.0,39.0,39.0,2.0,385.0,534.0,72.09737827715355,14.606741573033707
2022,20220101_38033_D02_S001,38033_D02_S001,San Andrés y Sauces,77.0,31.0,29.0,1.0,351.0,488.0,71.92622950819673,12.295081967213115
2022,20220101_38034_D01_S001,38034_D01_S001,San Juan de la Rambla,20.0,29.0,13.0,0.0,418.0,480.0,87.08333333333333,8.75
2022,20220101_38034_D01_S002,38034_D01_S002,San Juan de la Rambla,43.0,65.0,25.0,0.0,574.0,707.0,81.18811881188118,12.72984441301273
2022,20220101_38034_D01_S003,38034_D01_S003,San Juan de la Rambla,18.0,46.0,10.0,0.0,191.0,265.0,72.0754716981132,21.132075471698112
2022,20220101_38034_D01_S004,38034_D01_S004,San Juan de la Rambla,35.0,88.0,21.0,0.0,301.0,445.0,67.64044943820225,24.49438202247191
2022,20220101_38035_D01_S001,38035_D01_S001,San Miguel de Abona,20.0,75.0,58.0,0.0,858.0,1011.0,84.86646884272997,13.155291790306627
2022,20220101_38035_D01_S002,38035_D01_S002,San Miguel de Abona,23.0,60.0,33.0,0.0,693.0,809.0,85.66131025957972,11.495673671199011
2022,20220101_38035_D01_S003,38035_D01_S003,San Miguel de Abona,19.0,62.0,54.0,1.0,827.0,962.0,85.96673596673597,12.058212058212058
2022,20220101_38035_D01_S004,38035_D01_S004,San Miguel de Abona,34.0,116.0,61.0,0.0,1935.0,2146.0,90.16775396085741,8.247903075489283
2022,20220101_38035_D01_S005,38035_D01_S005,San Miguel de Abona,15.0,25.0,41.0,0.0,323.0,404.0,79.95049504950495,16.336633663366335
2022,20220101_38035_D01_S006,38035_D01_S006,San Miguel de Abona,24.0,39.0,25.0,0.0,579.0,667.0,86.80659670164917,9.5952023988006
2022,20220101_38035_D01_S007,38035_D01_S007,San Miguel de Abona,15.0,56.0,35.0,0.0,859.0,965.0,89.01554404145078,9.430051813471502
2022,20220101_38035_D01_S008,38035_D01_S008,San Miguel de Abona,14.0,37.0,32.0,0.0,999.0,1082.0,92.32902033271719,6.377079482439926
2022,20220101_38035_D01_S009,38035_D01_S009,San Miguel de Abona,48.0,59.0,41.0,0.0,840.0,988.0,85.02024291497976,10.121457489878543
2022,20220101_38036_D01_S001,38036_D01_S001,San Sebastián de la Gomera,28.0,87.0,35.0,0.0,1080.0,1230.0,87.8048780487805,9.91869918699187
2022,20220101_38036_D01_S002,38036_D01_S002,San Sebastián de la Gomera,21.0,77.0,23.0,0.0,686.0,807.0,85.00619578686494,12.391573729863692
2022,20220101_38036_D01_S003,38036_D01_S003,San Sebastián de la Gomera,11.0,23.0,17.0,0.0,260.0,311.0,83.60128617363344,12.861736334405144
2022,20220101_38036_D01_S005,38036_D01_S005,San Sebastián de la Gomera,32.0,79.0,27.0,1.0,722.0,860.0,83.95348837209302,12.325581395348838
2022,20220101_38036_D01_S006,38036_D01_S006,San Sebastián de la Gomera,15.0,47.0,20.0,0.0,481.0,563.0,85.43516873889875,11.900532859680284
2022,20220101_38036_D01_S007,38036_D01_S007,San Sebastián de la Gomera,11.0,38.0,17.0,0.0,299.0,365.0,81.91780821917808,15.068493150684931
2022,20220101_38036_D01_S008,38036_D01_S008,San Sebastián de la Gomera,0.0,0.0,0.0,0.0,0.0,0.0,,
2022,20220101_38037_D01_S001,38037_D01_S001,Santa Cruz de la Palma,15.0,23.0,15.0,1.0,447.0,500.0,89.4,7.6
2022,20220101_38037_D01_S002,38037_D01_S002,Santa Cruz de la Palma,12.0,34.0,14.0,0.0,355.0,415.0,85.5421686746988,11.566265060240964
2022,20220101_38037_D01_S003,38037_D01_S003,Santa Cruz de la Palma,16.0,46.0,18.0,0.0,780.0,860.0,90.69767441860465,7.441860465116279
2022,20220101_38037_D02_S001,38037_D02_S001,Santa Cruz de la Palma,9.0,11.0,8.0,1.0,292.0,320.0,91.25,5.9375
2022,20220101_38037_D02_S002,38037_D02_S002,Santa Cruz de la Palma,11.0,33.0,21.0,1.0,478.0,543.0,88.02946593001842,9.94475138121547
2022,20220101_38037_D02_S003,38037_D02_S003,Santa Cruz de la Palma,19.0,56.0,33.0,0.0,901.0,1009.0,89.29633300297324,8.820614469772051
2022,20220101_38037_D02_S005,38037_D02_S005,Santa Cruz de la Palma,1.0,2.0,0.0,0.0,30.0,33.0,90.9090909090909,6.0606060606060606
2022,20220101_38037_D03_S001,38037_D03_S001,Santa Cruz de la Palma,10.0,19.0,10.0,0.0,405.0,444.0,91.21621621621621,6.531531531531532
2022,20220101_38037_D03_S002,38037_D03_S002,Santa Cruz de la Palma,13.0,19.0,16.0,0.0,315.0,363.0,86.77685950413223,9.641873278236915
2022,20220101_38037_D03_S003,38037_D03_S003,Santa Cruz de la Palma,5.0,32.0,19.0,0.0,386.0,442.0,87.33031674208145,11.538461538461538
2022,20220101_38037_D03_S004,38037_D03_S004,Santa Cruz de la Palma,23.0,45.0,22.0,0.0,401.0,491.0,81.67006109979633,13.64562118126273
2022,20220101_38037_D03_S005,38037_D03_S005,Santa Cruz de la Palma,14.0,62.0,33.0,0.0,499.0,608.0,82.07236842105263,15.625
2022,20220101_38038_D01_S001,38038_D01_S001,Santa Cruz de Tenerife,9.0,21.0,24.0,1.0,593.0,647.0,91.65378670788253,6.955177743431221
2022,20220101_38038_D01_S002,38038_D01_S002,Santa Cruz de Tenerife,2.0,12.0,10.0,0.0,380.0,404.0,94.05940594059406,5.445544554455446
2022,20220101_38038_D01_S003,38038_D01_S003,Santa Cruz de Tenerife,3.0,18.0,21.0,1.0,582.0,624.0,93.26923076923077,6.25
2022,20220101_38038_D01_S004,38038_D01_S004,Santa Cruz de Tenerife,7.0,12.0,10.0,0.0,462.0,491.0,94.09368635437882,4.480651731160896
2022,20220101_38038_D01_S006,38038_D01_S006,Santa Cruz de Tenerife,6.0,24.0,27.0,0.0,759.0,816.0,93.01470588235294,6.25
2022,20220101_38038_D01_S007,38038_D01_S007,Santa Cruz de Tenerife,1.0,7.0,11.0,0.0,293.0,312.0,93.91025641025641,5.769230769230769
2022,20220101_38038_D01_S008,38038_D01_S008,Santa Cruz de Tenerife,7.0,23.0,40.0,0.0,806.0,876.0,92.00913242009132,7.191780821917808
2022,20220101_38038_D01_S009,38038_D01_S009,Santa Cruz de Tenerife,3.0,13.0,20.0,1.0,402.0,438.0,91.78082191780823,7.534246575342466
2022,20220101_38038_D01_S010,38038_D01_S010,Santa Cruz de Tenerife,2.0,14.0,16.0,1.0,611.0,643.0,95.02332814930016,4.665629860031104
2022,20220101_38038_D01_S011,38038_D01_S011,Santa Cruz de Tenerife,4.0,12.0,16.0,0.0,370.0,402.0,92.03980099502488,6.965174129353234
2022,20220101_38038_D01_S012,38038_D01_S012,Santa Cruz de Tenerife,2.0,29.0,30.0,1.0,747.0,808.0,92.45049504950495,7.301980198019802
2022,20220101_38038_D02_S001,38038_D02_S001,Santa Cruz de Tenerife,3.0,10.0,17.0,1.0,460.0,490.0,93.87755102040816,5.510204081632653
2022,20220101_38038_D02_S002,38038_D02_S002,Santa Cruz de Tenerife,5.0,6.0,8.0,0.0,366.0,385.0,95.06493506493507,3.6363636363636362
2022,20220101_38038_D02_S003,38038_D02_S003,Santa Cruz de Tenerife,1.0,22.0,16.0,1.0,542.0,581.0,93.28743545611016,6.540447504302926
2022,20220101_38038_D02_S004,38038_D02_S004,Santa Cruz de Tenerife,4.0,9.0,14.0,0.0,317.0,344.0,92.15116279069767,6.686046511627907
2022,20220101_38038_D02_S005,38038_D02_S005,Santa Cruz de Tenerife,3.0,17.0,16.0,1.0,632.0,668.0,94.61077844311377,4.940119760479042
2022,20220101_38038_D02_S006,38038_D02_S006,Santa Cruz de Tenerife,4.0,13.0,20.0,2.0,658.0,695.0,94.67625899280576,4.748201438848921
2022,20220101_38038_D02_S007,38038_D02_S007,Santa Cruz de Tenerife,0.0,9.0,10.0,1.0,310.0,329.0,94.22492401215806,5.775075987841945
2022,20220101_38038_D02_S008,38038_D02_S008,Santa Cruz de Tenerife,3.0,17.0,15.0,0.0,460.0,495.0,92.92929292929293,6.4646464646464645
2022,20220101_38038_D02_S009,38038_D02_S009,Santa Cruz de Tenerife,2.0,18.0,16.0,1.0,702.0,738.0,95.1219512195122,4.607046070460704
2022,20220101_38038_D03_S001,38038_D03_S001,Santa Cruz de Tenerife,8.0,45.0,43.0,0.0,1335.0,1431.0,93.29140461215933,6.149545772187282
2022,20220101_38038_D03_S002,38038_D03_S002,Santa Cruz de Tenerife,2.0,11.0,10.0,0.0,370.0,393.0,94.14758269720102,5.343511450381679
2022,20220101_38038_D03_S003,38038_D03_S003,Santa Cruz de Tenerife,2.0,14.0,15.0,0.0,579.0,610.0,94.91803278688525,4.754098360655738
2022,20220101_38038_D03_S004,38038_D03_S004,Santa Cruz de Tenerife,1.0,12.0,16.0,0.0,239.0,268.0,89.17910447761194,10.447761194029852
2022,20220101_38038_D03_S005,38038_D03_S005,Santa Cruz de Tenerife,4.0,14.0,10.0,1.0,531.0,559.0,94.99105545617174,4.293381037567084
2022,20220101_38038_D03_S006,38038_D03_S006,Santa Cruz de Tenerife,0.0,10.0,5.0,0.0,276.0,291.0,94.84536082474227,5.154639175257732
2022,20220101_38038_D03_S007,38038_D03_S007,Santa Cruz de Tenerife,4.0,8.0,21.0,0.0,339.0,372.0,91.12903225806451,7.795698924731183
2022,20220101_38038_D03_S008,38038_D03_S008,Santa Cruz de Tenerife,3.0,21.0,20.0,0.0,413.0,457.0,90.37199124726477,8.971553610503282
2022,20220101_38038_D03_S009,38038_D03_S009,Santa Cruz de Tenerife,4.0,17.0,26.0,0.0,514.0,561.0,91.62210338680927,7.664884135472371
2022,20220101_38038_D03_S010,38038_D03_S010,Santa Cruz de Tenerife,2.0,14.0,9.0,0.0,329.0,354.0,92.93785310734464,6.497175141242938
2022,20220101_38038_D03_S011,38038_D03_S011,Santa Cruz de Tenerife,2.0,10.0,14.0,0.0,470.0,496.0,94.75806451612904,4.838709677419355
2022,20220101_38038_D03_S013,38038_D03_S013,Santa Cruz de Tenerife,4.0,15.0,16.0,0.0,481.0,516.0,93.21705426356588,6.007751937984496
2022,20220101_38038_D03_S014,38038_D03_S014,Santa Cruz de Tenerife,7.0,20.0,24.0,0.0,525.0,576.0,91.14583333333333,7.638888888888889
2022,20220101_38038_D03_S015,38038_D03_S015,Santa Cruz de Tenerife,7.0,24.0,20.0,0.0,485.0,536.0,90.48507462686567,8.208955223880597
2022,20220101_38038_D03_S016,38038_D03_S016,Santa Cruz de Tenerife,3.0,14.0,13.0,1.0,316.0,346.0,91.32947976878613,7.803468208092486
2022,20220101_38038_D03_S017,38038_D03_S017,Santa Cruz de Tenerife,1.0,12.0,10.0,0.0,307.0,330.0,93.03030303030303,6.666666666666667
2022,20220101_38038_D03_S018,38038_D03_S018,Santa Cruz de Tenerife,1.0,16.0,8.0,0.0,292.0,317.0,92.11356466876971,7.570977917981073
2022,20220101_38038_D03_S019,38038_D03_S019,Santa Cruz de Tenerife,4.0,20.0,16.0,0.0,435.0,475.0,91.57894736842105,7.578947368421052
2022,20220101_38038_D03_S020,38038_D03_S020,Santa Cruz de Tenerife,4.0,27.0,21.0,0.0,656.0,708.0,92.65536723163842,6.779661016949152
2022,20220101_38038_D03_S021,38038_D03_S021,Santa Cruz de Tenerife,0.0,0.0,0.0,0.0,0.0,0.0,,
2022,20220101_38038_D04_S001,38038_D04_S001,Santa Cruz de Tenerife,1.0,26.0,8.0,0.0,165.0,200.0,82.5,17.0
2022,20220101_38038_D04_S002,38038_D04_S002,Santa Cruz de Tenerife,2.0,30.0,12.0,0.0,262.0,306.0,85.62091503267973,13.72549019607843
2022,20220101_38038_D04_S003,38038_D04_S003,Santa Cruz de Tenerife,7.0,32.0,19.0,0.0,412.0,470.0,87.65957446808511,10.851063829787234
2022,20220101_38038_D04_S004,38038_D04_S004,Santa Cruz de Tenerife,2.0,32.0,18.0,0.0,310.0,362.0,85.6353591160221,13.812154696132596
2022,20220101_38038_D04_S005,38038_D04_S005,Santa Cruz de Tenerife,10.0,31.0,12.0,0.0,335.0,388.0,86.34020618556701,11.082474226804123
2022,20220101_38038_D04_S006,38038_D04_S006,Santa Cruz de Tenerife,3.0,26.0,23.0,0.0,371.0,423.0,87.70685579196217,11.583924349881796
2022,20220101_38038_D04_S007,38038_D04_S007,Santa Cruz de Tenerife,5.0,15.0,14.0,1.0,287.0,321.0,89.40809968847353,9.034267912772586
2022,20220101_38038_D04_S009,38038_D04_S009,Santa Cruz de Tenerife,8.0,29.0,21.0,0.0,402.0,460.0,87.3913043478261,10.869565217391305
2022,20220101_38038_D04_S011,38038_D04_S011,Santa Cruz de Tenerife,5.0,25.0,19.0,0.0,331.0,380.0,87.10526315789474,11.578947368421053
2022,20220101_38038_D04_S012,38038_D04_S012,Santa Cruz de Tenerife,2.0,16.0,14.0,0.0,265.0,297.0,89.22558922558923,10.1010101010101
2022,20220101_38038_D04_S014,38038_D04_S014,Santa Cruz de Tenerife,0.0,12.0,14.0,0.0,241.0,267.0,90.2621722846442,9.737827715355806
2022,20220101_38038_D04_S015,38038_D04_S015,Santa Cruz de Tenerife,3.0,31.0,8.0,0.0,191.0,233.0,81.97424892703863,16.738197424892704
2022,20220101_38038_D05_S001,38038_D05_S001,Santa Cruz de Tenerife,12.0,19.0,19.0,0.0,560.0,610.0,91.80327868852459,6.229508196721311
2022,20220101_38038_D05_S002,38038_D05_S002,Santa Cruz de Tenerife,7.0,23.0,15.0,0.0,651.0,696.0,93.53448275862068,5.459770114942529
2022,20220101_38038_D05_S003,38038_D05_S003,Santa Cruz de Tenerife,7.0,12.0,23.0,0.0,477.0,519.0,91.90751445086705,6.74373795761079
2022,20220101_38038_D05_S004,38038_D05_S004,Santa Cruz de Tenerife,6.0,12.0,12.0,0.0,381.0,411.0,92.7007299270073,5.839416058394161
2022,20220101_38038_D05_S005,38038_D05_S005,Santa Cruz de Tenerife,0.0,18.0,16.0,0.0,562.0,596.0,94.29530201342281,5.704697986577181
2022,20220101_38038_D05_S006,38038_D05_S006,Santa Cruz de Tenerife,7.0,19.0,20.0,0.0,494.0,540.0,91.48148148148148,7.222222222222222
2022,20220101_38038_D05_S007,38038_D05_S007,Santa Cruz de Tenerife,4.0,22.0,17.0,1.0,488.0,531.0,91.90207156308851,7.344632768361582
2022,20220101_38038_D05_S008,38038_D05_S008,Santa Cruz de Tenerife,4.0,21.0,22.0,0.0,539.0,586.0,91.97952218430034,7.337883959044369
2022,20220101_38038_D05_S009,38038_D05_S009,Santa Cruz de Tenerife,10.0,19.0,14.0,0.0,416.0,459.0,90.6318082788671,7.189542483660131
2022,20220101_38038_D05_S010,38038_D05_S010,Santa Cruz de Tenerife,13.0,38.0,14.0,0.0,636.0,701.0,90.72753209700429,7.417974322396576
2022,20220101_38038_D05_S011,38038_D05_S011,Santa Cruz de Tenerife,3.0,4.0,7.0,0.0,313.0,327.0,95.71865443425077,3.363914373088685
2022,20220101_38038_D05_S012,38038_D05_S012,Santa Cruz de Tenerife,9.0,14.0,18.0,0.0,725.0,766.0,94.64751958224544,4.177545691906006
2022,20220101_38038_D05_S013,38038_D05_S013,Santa Cruz de Tenerife,9.0,16.0,7.0,0.0,424.0,456.0,92.98245614035088,5.043859649122807
2022,20220101_38038_D05_S014,38038_D05_S014,Santa Cruz de Tenerife,6.0,21.0,14.0,0.0,513.0,554.0,92.59927797833934,6.317689530685921
2022,20220101_38038_D05_S015,38038_D05_S015,Santa Cruz de Tenerife,2.0,11.0,10.0,0.0,309.0,332.0,93.07228915662651,6.325301204819277
2022,20220101_38038_D06_S001,38038_D06_S001,Santa Cruz de Tenerife,7.0,21.0,10.0,1.0,561.0,599.0,93.65609348914857,5.175292153589315
2022,20220101_38038_D06_S002,38038_D06_S002,Santa Cruz de Tenerife,2.0,5.0,10.0,0.0,284.0,301.0,94.35215946843854,4.983388704318937
2022,20220101_38038_D06_S003,38038_D06_S003,Santa Cruz de Tenerife,8.0,19.0,18.0,0.0,364.0,409.0,88.99755501222494,9.04645476772616
2022,20220101_38038_D06_S004,38038_D06_S004,Santa Cruz de Tenerife,9.0,18.0,12.0,0.0,284.0,323.0,87.92569659442725,9.287925696594428
2022,20220101_38038_D06_S005,38038_D06_S005,Santa Cruz de Tenerife,1.0,19.0,15.0,1.0,366.0,401.0,91.2718204488778,8.478802992518704
2022,20220101_38038_D06_S006,38038_D06_S006,Santa Cruz de Tenerife,1.0,13.0,14.0,0.0,237.0,265.0,89.43396226415095,10.18867924528302
2022,20220101_38038_D06_S007,38038_D06_S007,Santa Cruz de Tenerife,6.0,35.0,34.0,0.0,846.0,921.0,91.85667752442997,7.49185667752443
2022,20220101_38038_D06_S008,38038_D06_S008,Santa Cruz de Tenerife,3.0,19.0,16.0,0.0,378.0,416.0,90.86538461538461,8.413461538461538
2022,20220101_38038_D06_S010,38038_D06_S010,Santa Cruz de Tenerife,2.0,16.0,23.0,0.0,367.0,408.0,89.95098039215686,9.558823529411764
2022,20220101_38038_D06_S011,38038_D06_S011,Santa Cruz de Tenerife,2.0,19.0,10.0,0.0,373.0,404.0,92.32673267326733,7.178217821782178
2022,20220101_38038_D06_S012,38038_D06_S012,Santa Cruz de Tenerife,4.0,21.0,17.0,0.0,562.0,604.0,93.04635761589404,6.291390728476821
2022,20220101_38038_D06_S013,38038_D06_S013,Santa Cruz de Tenerife,6.0,16.0,11.0,0.0,339.0,372.0,91.12903225806451,7.258064516129032
2022,20220101_38038_D06_S014,38038_D06_S014,Santa Cruz de Tenerife,5.0,26.0,18.0,0.0,361.0,410.0,88.04878048780488,10.731707317073171
2022,20220101_38038_D06_S016,38038_D06_S016,Santa Cruz de Tenerife,2.0,28.0,8.0,0.0,255.0,293.0,87.03071672354949,12.286689419795222
2022,20220101_38038_D06_S017,38038_D06_S017,Santa Cruz de Tenerife,6.0,25.0,17.0,0.0,386.0,434.0,88.94009216589862,9.67741935483871
2022,20220101_38038_D06_S018,38038_D06_S018,Santa Cruz de Tenerife,1.0,15.0,9.0,0.0,365.0,390.0,93.58974358974359,6.153846153846154
2022,20220101_38038_D06_S019,38038_D06_S019,Santa Cruz de Tenerife,4.0,14.0,17.0,0.0,367.0,402.0,91.29353233830845,7.711442786069652
2022,20220101_38038_D06_S020,38038_D06_S020,Santa Cruz de Tenerife,2.0,33.0,12.0,0.0,361.0,408.0,88.48039215686275,11.029411764705882
2022,20220101_38038_D06_S021,38038_D06_S021,Santa Cruz de Tenerife,3.0,32.0,20.0,0.0,505.0,560.0,90.17857142857143,9.285714285714286
2022,20220101_38038_D06_S022,38038_D06_S022,Santa Cruz de Tenerife,4.0,21.0,31.0,0.0,818.0,874.0,93.59267734553775,5.949656750572083
2022,20220101_38038_D06_S023,38038_D06_S023,Santa Cruz de Tenerife,4.0,14.0,7.0,0.0,309.0,334.0,92.51497005988024,6.287425149700598
2022,20220101_38038_D06_S025,38038_D06_S025,Santa Cruz de Tenerife,8.0,30.0,38.0,0.0,781.0,857.0,91.13185530921821,7.934655775962661
2022,20220101_38038_D06_S026,38038_D06_S026,Santa Cruz de Tenerife,3.0,19.0,6.0,0.0,229.0,257.0,89.10505836575875,9.727626459143968
2022,20220101_38038_D06_S028,38038_D06_S028,Santa Cruz de Tenerife,4.0,17.0,25.0,0.0,608.0,654.0,92.96636085626912,6.422018348623853
2022,20220101_38038_D06_S029,38038_D06_S029,Santa Cruz de Tenerife,1.0,4.0,2.0,0.0,121.0,128.0,94.53125,4.6875
2022,20220101_38038_D07_S001,38038_D07_S001,Santa Cruz de Tenerife,7.0,20.0,41.0,0.0,655.0,723.0,90.59474412171508,8.437067773167358
2022,20220101_38038_D07_S002,38038_D07_S002,Santa Cruz de Tenerife,11.0,25.0,31.0,0.0,509.0,576.0,88.36805555555556,9.722222222222221
2022,20220101_38038_D07_S003,38038_D07_S003,Santa Cruz de Tenerife,12.0,31.0,37.0,0.0,567.0,647.0,87.63523956723338,10.510046367851622
2022,20220101_38038_D07_S004,38038_D07_S004,Santa Cruz de Tenerife,0.0,16.0,11.0,0.0,200.0,227.0,88.10572687224669,11.894273127753303
2022,20220101_38038_D07_S005,38038_D07_S005,Santa Cruz de Tenerife,0.0,24.0,23.0,0.0,281.0,328.0,85.67073170731707,14.329268292682928
2022,20220101_38038_D07_S006,38038_D07_S006,Santa Cruz de Tenerife,7.0,20.0,23.0,0.0,375.0,425.0,88.23529411764706,10.117647058823529
2022,20220101_38038_D07_S007,38038_D07_S007,Santa Cruz de Tenerife,4.0,26.0,26.0,0.0,429.0,485.0,88.45360824742268,10.721649484536082
2022,20220101_38038_D07_S009,38038_D07_S009,Santa Cruz de Tenerife,7.0,20.0,33.0,0.0,452.0,512.0,88.28125,10.3515625
2022,20220101_38038_D08_S001,38038_D08_S001,Santa Cruz de Tenerife,17.0,49.0,23.0,0.0,302.0,391.0,77.2378516624041,18.414322250639387
2022,20220101_38038_D09_S001,38038_D09_S001,Santa Cruz de Tenerife,4.0,24.0,13.0,1.0,310.0,351.0,88.31908831908832,10.54131054131054
2022,20220101_38038_D09_S002,38038_D09_S002,Santa Cruz de Tenerife,4.0,9.0,13.0,0.0,215.0,241.0,89.2116182572614,9.12863070539419
2022,20220101_38038_D09_S003,38038_D09_S003,Santa Cruz de Tenerife,3.0,18.0,25.0,0.0,327.0,373.0,87.66756032171581,11.528150134048257
2022,20220101_38038_D09_S006,38038_D09_S006,Santa Cruz de Tenerife,5.0,30.0,21.0,0.0,418.0,474.0,88.18565400843882,10.759493670886076
2022,20220101_38038_D09_S007,38038_D09_S007,Santa Cruz de Tenerife,1.0,21.0,15.0,0.0,275.0,312.0,88.14102564102564,11.538461538461538
2022,20220101_38038_D09_S009,38038_D09_S009,Santa Cruz de Tenerife,2.0,29.0,16.0,0.0,426.0,473.0,90.06342494714588,9.513742071881607
2022,20220101_38038_D09_S010,38038_D09_S010,Santa Cruz de Tenerife,0.0,24.0,21.0,0.0,355.0,400.0,88.75,11.25
2022,20220101_38038_D09_S011,38038_D09_S011,Santa Cruz de Tenerife,4.0,25.0,22.0,0.0,300.0,351.0,85.47008547008546,13.39031339031339
2022,20220101_38038_D09_S012,38038_D09_S012,Santa Cruz de Tenerife,7.0,47.0,24.0,0.0,545.0,623.0,87.47993579454254,11.396468699839486
2022,20220101_38038_D09_S014,38038_D09_S014,Santa Cruz de Tenerife,2.0,13.0,6.0,0.0,240.0,261.0,91.95402298850574,7.2796934865900385
2022,20220101_38038_D09_S015,38038_D09_S015,Santa Cruz de Tenerife,1.0,12.0,14.0,0.0,275.0,302.0,91.05960264900662,8.609271523178808
2022,20220101_38038_D09_S016,38038_D09_S016,Santa Cruz de Tenerife,3.0,17.0,12.0,0.0,305.0,337.0,90.50445103857567,8.6053412462908
2022,20220101_38038_D09_S018,38038_D09_S018,Santa Cruz de Tenerife,4.0,5.0,13.0,0.0,196.0,218.0,89.90825688073394,8.256880733944953
2022,20220101_38038_D09_S019,38038_D09_S019,Santa Cruz de Tenerife,5.0,20.0,27.0,0.0,519.0,571.0,90.89316987740806,8.231173380035026
2022,20220101_38038_D09_S021,38038_D09_S021,Santa Cruz de Tenerife,3.0,21.0,14.0,0.0,261.0,299.0,87.29096989966555,11.705685618729097
2022,20220101_38038_D09_S022,38038_D09_S022,Santa Cruz de Tenerife,2.0,21.0,23.0,0.0,384.0,430.0,89.30232558139535,10.232558139534884
2022,20220101_38038_D10_S001,38038_D10_S001,Santa Cruz de Tenerife,1.0,18.0,21.0,1.0,239.0,279.0,85.66308243727599,13.978494623655914
2022,20220101_38038_D10_S002,38038_D10_S002,Santa Cruz de Tenerife,2.0,26.0,16.0,0.0,302.0,346.0,87.28323699421965,12.138728323699421
2022,20220101_38038_D10_S003,38038_D10_S003,Santa Cruz de Tenerife,2.0,21.0,12.0,0.0,322.0,357.0,90.19607843137256,9.243697478991596
2022,20220101_38038_D10_S004,38038_D10_S004,Santa Cruz de Tenerife,0.0,11.0,15.0,0.0,189.0,215.0,87.90697674418605,12.093023255813954
2022,20220101_38038_D10_S005,38038_D10_S005,Santa Cruz de Tenerife,5.0,16.0,7.0,0.0,235.0,263.0,89.35361216730038,8.745247148288973
2022,20220101_38038_D10_S006,38038_D10_S006,Santa Cruz de Tenerife,7.0,25.0,20.0,0.0,506.0,558.0,90.68100358422939,8.064516129032258
2022,20220101_38038_D10_S007,38038_D10_S007,Santa Cruz de Tenerife,2.0,14.0,15.0,1.0,283.0,314.0,90.12738853503184,9.235668789808917
2022,20220101_38038_D10_S008,38038_D10_S008,Santa Cruz de Tenerife,2.0,19.0,15.0,0.0,311.0,347.0,89.62536023054756,9.798270893371757
2022,20220101_38038_D10_S009,38038_D10_S009,Santa Cruz de Tenerife,3.0,12.0,15.0,0.0,289.0,319.0,90.59561128526646,8.463949843260188
2022,20220101_38038_D10_S010,38038_D10_S010,Santa Cruz de Tenerife,4.0,14.0,11.0,0.0,213.0,242.0,88.01652892561984,10.330578512396695
2022,20220101_38038_D10_S011,38038_D10_S011,Santa Cruz de Tenerife,2.0,18.0,17.0,0.0,474.0,511.0,92.75929549902153,6.8493150684931505
2022,20220101_38038_D10_S012,38038_D10_S012,Santa Cruz de Tenerife,4.0,13.0,17.0,0.0,276.0,310.0,89.03225806451613,9.67741935483871
2022,20220101_38038_D10_S013,38038_D10_S013,Santa Cruz de Tenerife,4.0,10.0,9.0,0.0,184.0,207.0,88.88888888888889,9.178743961352657
2022,20220101_38038_D10_S014,38038_D10_S014,Santa Cruz de Tenerife,3.0,25.0,10.0,0.0,315.0,353.0,89.23512747875354,9.91501416430595
2022,20220101_38038_D10_S015,38038_D10_S015,Santa Cruz de Tenerife,0.0,21.0,20.0,0.0,399.0,440.0,90.68181818181819,9.318181818181818
2022,20220101_38038_D10_S016,38038_D10_S016,Santa Cruz de Tenerife,2.0,20.0,19.0,0.0,412.0,453.0,90.94922737306844,8.609271523178808
2022,20220101_38038_D11_S001,38038_D11_S001,Santa Cruz de Tenerife,5.0,47.0,30.0,0.0,528.0,610.0,86.55737704918033,12.62295081967213
2022,20220101_38038_D11_S002,38038_D11_S002,Santa Cruz de Tenerife,6.0,43.0,57.0,0.0,691.0,797.0,86.70012547051444,12.547051442910917
2022,20220101_38038_D11_S003,38038_D11_S003,Santa Cruz de Tenerife,2.0,56.0,54.0,0.0,1073.0,1185.0,90.54852320675106,9.282700421940929
2022,20220101_38038_D11_S004,38038_D11_S004,Santa Cruz de Tenerife,6.0,62.0,53.0,0.0,745.0,866.0,86.02771362586606,13.27944572748268
2022,20220101_38038_D11_S005,38038_D11_S005,Santa Cruz de Tenerife,2.0,34.0,45.0,0.0,417.0,498.0,83.73493975903614,15.863453815261044
2022,20220101_38038_D11_S006,38038_D11_S006,Santa Cruz de Tenerife,10.0,48.0,35.0,0.0,640.0,733.0,87.31241473396999,11.323328785811732
2022,20220101_38038_D11_S007,38038_D11_S007,Santa Cruz de Tenerife,1.0,46.0,27.0,0.0,411.0,485.0,84.74226804123711,15.051546391752577
2022,20220101_38038_D11_S008,38038_D11_S008,Santa Cruz de Tenerife,3.0,34.0,35.0,0.0,534.0,606.0,88.11881188118812,11.386138613861386
2022,20220101_38038_D11_S009,38038_D11_S009,Santa Cruz de Tenerife,4.0,19.0,16.0,0.0,374.0,413.0,90.55690072639226,8.474576271186441
2022,20220101_38038_D11_S010,38038_D11_S010,Santa Cruz de Tenerife,7.0,36.0,31.0,0.0,522.0,596.0,87.58389261744966,11.241610738255034
2022,20220101_38038_D11_S011,38038_D11_S011,Santa Cruz de Tenerife,7.0,19.0,6.0,0.0,295.0,327.0,90.21406727828746,7.6452599388379205
2022,20220101_38038_D11_S012,38038_D11_S012,Santa Cruz de Tenerife,3.0,35.0,24.0,0.0,462.0,524.0,88.16793893129771,11.259541984732824
2022,20220101_38038_D11_S013,38038_D11_S013,Santa Cruz de Tenerife,4.0,44.0,45.0,0.0,628.0,721.0,87.1012482662968,12.343966712898752
2022,20220101_38038_D11_S014,38038_D11_S014,Santa Cruz de Tenerife,0.0,18.0,32.0,0.0,480.0,530.0,90.56603773584905,9.433962264150944
2022,20220101_38038_D11_S015,38038_D11_S015,Santa Cruz de Tenerife,3.0,46.0,32.0,0.0,551.0,632.0,87.18354430379746,12.341772151898734
2022,20220101_38038_D11_S016,38038_D11_S016,Santa Cruz de Tenerife,9.0,13.0,14.0,0.0,302.0,338.0,89.3491124260355,7.988165680473373
2022,20220101_38038_D11_S017,38038_D11_S017,Santa Cruz de Tenerife,4.0,22.0,22.0,0.0,371.0,419.0,88.54415274463007,10.501193317422434
2022,20220101_38038_D11_S018,38038_D11_S018,Santa Cruz de Tenerife,2.0,28.0,39.0,0.0,736.0,805.0,91.42857142857143,8.322981366459627
2022,20220101_38038_D11_S019,38038_D11_S019,Santa Cruz de Tenerife,2.0,40.0,23.0,0.0,411.0,476.0,86.34453781512605,13.235294117647058
2022,20220101_38038_D11_S020,38038_D11_S020,Santa Cruz de Tenerife,4.0,34.0,31.0,0.0,640.0,709.0,90.26798307475318,9.16784203102962
2022,20220101_38038_D11_S021,38038_D11_S021,Santa Cruz de Tenerife,2.0,25.0,62.0,0.0,951.0,1040.0,91.4423076923077,8.365384615384615
2022,20220101_38038_D12_S001,38038_D12_S001,Santa Cruz de Tenerife,6.0,71.0,43.0,1.0,577.0,697.0,82.78335724533716,16.3558106169297
2022,20220101_38038_D12_S002,38038_D12_S002,Santa Cruz de Tenerife,8.0,43.0,59.0,0.0,705.0,815.0,86.50306748466258,12.515337423312884
2022,20220101_38038_D12_S003,38038_D12_S003,Santa Cruz de Tenerife,2.0,15.0,23.0,0.0,292.0,332.0,87.95180722891567,11.44578313253012
2022,20220101_38038_D12_S004,38038_D12_S004,Santa Cruz de Tenerife,4.0,30.0,29.0,1.0,460.0,523.0,87.95411089866157,11.281070745697896
2022,20220101_38038_D12_S005,38038_D12_S005,Santa Cruz de Tenerife,2.0,75.0,74.0,0.0,844.0,995.0,84.82412060301507,14.974874371859297
2022,20220101_38038_D12_S006,38038_D12_S006,Santa Cruz de Tenerife,2.0,41.0,38.0,0.0,609.0,690.0,88.26086956521739,11.44927536231884
2022,20220101_38038_D12_S007,38038_D12_S007,Santa Cruz de Tenerife,6.0,20.0,32.0,0.0,323.0,381.0,84.7769028871391,13.648293963254593
2022,20220101_38038_D12_S008,38038_D12_S008,Santa Cruz de Tenerife,7.0,50.0,52.0,0.0,896.0,1005.0,89.1542288557214,10.149253731343284
2022,20220101_38038_D12_S009,38038_D12_S009,Santa Cruz de Tenerife,6.0,44.0,61.0,0.0,921.0,1032.0,89.24418604651163,10.174418604651162
2022,20220101_38038_D12_S010,38038_D12_S010,Santa Cruz de Tenerife,4.0,31.0,34.0,0.0,676.0,745.0,90.73825503355705,8.724832214765101
2022,20220101_38038_D12_S011,38038_D12_S011,Santa Cruz de Tenerife,4.0,47.0,39.0,0.0,743.0,833.0,89.19567827130852,10.324129651860744
2022,20220101_38039_D01_S001,38039_D01_S001,Santa Úrsula,8.0,86.0,39.0,0.0,609.0,742.0,82.0754716981132,16.846361185983827
2022,20220101_38039_D01_S002,38039_D01_S002,Santa Úrsula,14.0,94.0,20.0,0.0,483.0,611.0,79.050736497545,18.657937806873978
2022,20220101_38039_D01_S003,38039_D01_S003,Santa Úrsula,14.0,79.0,25.0,0.0,379.0,497.0,76.25754527162978,20.925553319919516
2022,20220101_38039_D01_S004,38039_D01_S004,Santa Úrsula,7.0,45.0,35.0,1.0,658.0,745.0,88.32214765100672,10.738255033557047
2022,20220101_38039_D01_S005,38039_D01_S005,Santa Úrsula,6.0,51.0,19.0,1.0,433.0,509.0,85.06876227897838,13.7524557956778
2022,20220101_38039_D01_S006,38039_D01_S006,Santa Úrsula,8.0,68.0,28.0,0.0,632.0,736.0,85.8695652173913,13.043478260869565
2022,20220101_38039_D01_S007,38039_D01_S007,Santa Úrsula,9.0,66.0,43.0,0.0,670.0,788.0,85.0253807106599,13.83248730964467
2022,20220101_38039_D01_S008,38039_D01_S008,Santa Úrsula,6.0,42.0,24.0,1.0,378.0,450.0,84.0,14.666666666666666
2022,20220101_38039_D01_S009,38039_D01_S009,Santa Úrsula,8.0,39.0,41.0,0.0,925.0,1013.0,91.31293188548865,7.897334649555775
2022,20220101_38040_D01_S001,38040_D01_S001,Santiago del Teide,25.0,44.0,35.0,0.0,492.0,596.0,82.5503355704698,13.25503355704698
2022,20220101_38040_D01_S002,38040_D01_S002,Santiago del Teide,36.0,54.0,17.0,0.0,944.0,1051.0,89.81921979067555,6.755470980019029
2022,20220101_38040_D01_S003,38040_D01_S003,Santiago del Teide,52.0,72.0,37.0,0.0,962.0,1123.0,85.6634016028495,9.706144256455921
2022,20220101_38040_D01_S004,38040_D01_S004,Santiago del Teide,35.0,64.0,35.0,0.0,1206.0,1340.0,90.0,7.388059701492537
2022,20220101_38041_D01_S001,38041_D01_S001,"Sauzal, El",7.0,55.0,35.0,0.0,698.0,795.0,87.79874213836477,11.320754716981131
2022,20220101_38041_D01_S002,38041_D01_S002,"Sauzal, El",9.0,41.0,39.0,0.0,281.0,370.0,75.94594594594595,21.62162162162162
2022,20220101_38041_D01_S003,38041_D01_S003,"Sauzal, El",14.0,64.0,33.0,0.0,384.0,495.0,77.57575757575758,19.595959595959595
2022,20220101_38041_D01_S004,38041_D01_S004,"Sauzal, El",8.0,48.0,27.0,0.0,606.0,689.0,87.95355587808417,10.88534107402032
2022,20220101_38041_D01_S005,38041_D01_S005,"Sauzal, El",5.0,52.0,37.0,0.0,600.0,694.0,86.45533141210375,12.82420749279539
2022,20220101_38041_D01_S006,38041_D01_S006,"Sauzal, El",26.0,64.0,53.0,0.0,423.0,566.0,74.73498233215548,20.671378091872793
2022,20220101_38042_D01_S001,38042_D01_S001,"Silos, Los",73.0,34.0,15.0,0.0,362.0,484.0,74.79338842975207,10.12396694214876
2022,20220101_38042_D01_S002,38042_D01_S002,"Silos, Los",78.0,33.0,16.0,1.0,269.0,396.0,67.92929292929293,12.373737373737374
2022,20220101_38042_D01_S003,38042_D01_S003,"Silos, Los",68.0,18.0,12.0,0.0,261.0,359.0,72.70194986072423,8.356545961002785
2022,20220101_38042_D01_S004,38042_D01_S004,"Silos, Los",99.0,20.0,9.0,0.0,239.0,367.0,65.12261580381471,7.901907356948229
2022,20220101_38043_D01_S001,38043_D01_S001,Tacoronte,13.0,47.0,38.0,0.0,710.0,808.0,87.87128712871286,10.51980198019802
2022,20220101_38043_D01_S002,38043_D01_S002,Tacoronte,29.0,71.0,44.0,0.0,568.0,712.0,79.7752808988764,16.151685393258425
2022,20220101_38043_D01_S003,38043_D01_S003,Tacoronte,17.0,50.0,37.0,0.0,588.0,692.0,84.97109826589596,12.572254335260116
2022,20220101_38043_D01_S004,38043_D01_S004,Tacoronte,7.0,51.0,33.0,0.0,365.0,456.0,80.04385964912281,18.42105263157895
2022,20220101_38043_D01_S005,38043_D01_S005,Tacoronte,15.0,72.0,34.0,0.0,518.0,639.0,81.0641627543036,16.588419405320813
2022,20220101_38043_D01_S006,38043_D01_S006,Tacoronte,6.0,24.0,15.0,0.0,250.0,295.0,84.7457627118644,13.220338983050848
2022,20220101_38043_D01_S007,38043_D01_S007,Tacoronte,11.0,65.0,45.0,0.0,534.0,655.0,81.52671755725191,16.793893129770993
2022,20220101_38043_D01_S008,38043_D01_S008,Tacoronte,15.0,44.0,37.0,0.0,575.0,671.0,85.69299552906111,12.071535022354695
2022,20220101_38043_D01_S009,38043_D01_S009,Tacoronte,57.0,87.0,51.0,1.0,774.0,969.0,79.87616099071208,14.241486068111454
2022,20220101_38043_D01_S010,38043_D01_S010,Tacoronte,10.0,50.0,30.0,0.0,567.0,657.0,86.3013698630137,12.1765601217656
2022,20220101_38043_D01_S011,38043_D01_S011,Tacoronte,5.0,61.0,38.0,0.0,858.0,962.0,89.1891891891892,10.29106029106029
2022,20220101_38043_D01_S012,38043_D01_S012,Tacoronte,12.0,94.0,50.0,0.0,535.0,691.0,77.42402315484804,20.839363241678726
2022,20220101_38043_D01_S013,38043_D01_S013,Tacoronte,9.0,53.0,34.0,0.0,418.0,514.0,81.32295719844358,16.926070038910506
2022,20220101_38043_D01_S014,38043_D01_S014,Tacoronte,10.0,30.0,33.0,0.0,498.0,571.0,87.215411558669,11.033274956217163
2022,20220101_38043_D01_S015,38043_D01_S015,Tacoronte,5.0,37.0,26.0,0.0,523.0,591.0,88.49407783417935,10.65989847715736
2022,20220101_38044_D01_S001,38044_D01_S001,"Tanque, El",36.0,63.0,16.0,0.0,432.0,547.0,78.9762340036563,14.442413162705668
2022,20220101_38044_D01_S002,38044_D01_S002,"Tanque, El",41.0,51.0,13.0,0.0,345.0,450.0,76.66666666666667,14.222222222222221
2022,20220101_38045_D01_S001,38045_D01_S001,Tazacorte,16.0,22.0,8.0,1.0,131.0,177.0,74.01129943502825,16.949152542372882
2022,20220101_38045_D01_S002,38045_D01_S002,Tazacorte,58.0,48.0,28.0,0.0,568.0,702.0,80.91168091168092,10.826210826210826
2022,20220101_38045_D01_S003,38045_D01_S003,Tazacorte,34.0,29.0,13.0,0.0,270.0,346.0,78.03468208092485,12.138728323699421
2022,20220101_38045_D01_S004,38045_D01_S004,Tazacorte,41.0,33.0,8.0,0.0,256.0,338.0,75.7396449704142,12.1301775147929
2022,20220101_38046_D01_S001,38046_D01_S001,Tegueste,14.0,43.0,43.0,0.0,820.0,920.0,89.1304347826087,9.347826086956522
2022,20220101_38046_D01_S002,38046_D01_S002,Tegueste,20.0,50.0,55.0,0.0,643.0,768.0,83.72395833333333,13.671875
2022,20220101_38046_D01_S003,38046_D01_S003,Tegueste,25.0,57.0,46.0,0.0,639.0,767.0,83.3116036505867,13.428943937418513
2022,20220101_38046_D01_S004,38046_D01_S004,Tegueste,33.0,75.0,57.0,0.0,815.0,980.0,83.16326530612245,13.46938775510204
2022,20220101_38046_D01_S005,38046_D01_S005,Tegueste,18.0,35.0,21.0,0.0,373.0,447.0,83.44519015659955,12.527964205816556
2022,20220101_38046_D01_S006,38046_D01_S006,Tegueste,8.0,38.0,33.0,0.0,471.0,550.0,85.63636363636364,12.909090909090908
2022,20220101_38046_D01_S007,38046_D01_S007,Tegueste,19.0,31.0,48.0,0.0,529.0,627.0,84.37001594896331,12.599681020733652
2022,20220101_38047_D01_S001,38047_D01_S001,Tijarafe,48.0,92.0,20.0,0.0,430.0,590.0,72.88135593220339,18.983050847457626
2022,20220101_38047_D01_S002,38047_D01_S002,Tijarafe,70.0,33.0,13.0,0.0,232.0,348.0,66.66666666666667,13.218390804597702
2022,20220101_38048_D01_S001,38048_D01_S001,Valverde,20.0,59.0,33.0,0.0,665.0,777.0,85.58558558558559,11.840411840411841
2022,20220101_38048_D01_S002,38048_D01_S002,Valverde,50.0,65.0,52.0,0.0,648.0,815.0,79.50920245398773,14.355828220858896
2022,20220101_38048_D01_S004,38048_D01_S004,Valverde,7.0,20.0,15.0,0.0,427.0,469.0,91.04477611940298,7.462686567164179
2022,20220101_38049_D01_S001,38049_D01_S001,Valle Gran Rey,33.0,59.0,21.0,0.0,944.0,1057.0,89.30936613055819,7.5685903500473035
2022,20220101_38049_D01_S002,38049_D01_S002,Valle Gran Rey,23.0,43.0,15.0,0.0,501.0,582.0,86.08247422680412,9.965635738831615
2022,20220101_38050_D01_S001,38050_D01_S001,Vallehermoso,38.0,66.0,31.0,0.0,554.0,689.0,80.40638606676343,14.078374455732947
2022,20220101_38050_D03_S001,38050_D03_S001,Vallehermoso,63.0,28.0,10.0,0.0,199.0,300.0,66.33333333333333,12.666666666666666
2022,20220101_38051_D01_S001,38051_D01_S001,"Victoria de Acentejo, La",9.0,55.0,10.0,0.0,221.0,295.0,74.91525423728814,22.033898305084747
2022,20220101_38051_D01_S002,38051_D01_S002,"Victoria de Acentejo, La",7.0,52.0,31.0,0.0,379.0,469.0,80.81023454157783,17.69722814498934
2022,20220101_38051_D01_S003,38051_D01_S003,"Victoria de Acentejo, La",17.0,100.0,24.0,0.0,314.0,455.0,69.01098901098901,27.252747252747252
2022,20220101_38051_D01_S004,38051_D01_S004,"Victoria de Acentejo, La",8.0,43.0,14.0,1.0,255.0,320.0,79.6875,17.8125
2022,20220101_38051_D01_S005,38051_D01_S005,"Victoria de Acentejo, La",8.0,64.0,48.0,0.0,473.0,593.0,79.76391231028668,18.887015177065766
2022,20220101_38051_D01_S006,38051_D01_S006,"Victoria de Acentejo, La",11.0,94.0,40.0,0.0,640.0,785.0,81.52866242038216,17.070063694267517
2022,20220101_38051_D01_S007,38051_D01_S007,"Victoria de Acentejo, La",5.0,66.0,32.0,0.0,451.0,554.0,81.40794223826715,17.689530685920577
2022,20220101_38052_D01_S001,38052_D01_S001,Vilaflor de Chasna,26.0,36.0,56.0,2.0,608.0,726.0,83.7465564738292,12.672176308539944
2022,20220101_38053_D01_S001,38053_D01_S001,Villa de Mazo,19.0,33.0,18.0,0.0,400.0,470.0,85.1063829787234,10.851063829787234
2022,20220101_38053_D01_S002,38053_D01_S002,Villa de Mazo,16.0,43.0,19.0,0.0,320.0,398.0,80.40201005025126,15.577889447236181
2022,20220101_38053_D01_S003,38053_D01_S003,Villa de Mazo,37.0,34.0,24.0,0.0,375.0,470.0,79.7872340425532,12.340425531914894
2022,20220101_38053_D01_S004,38053_D01_S004,Villa de Mazo,20.0,44.0,12.0,0.0,240.0,316.0,75.9493670886076,17.72151898734177
2022,20220101_38053_D01_S005,38053_D01_S005,Villa de Mazo,28.0,52.0,23.0,0.0,250.0,353.0,70.8215297450425,21.246458923512748
2022,20220101_38901_D01_S001,38901_D01_S001,"Pinar de El Hierro, El",77.0,60.0,35.0,0.0,575.0,747.0,76.97456492637215,12.717536813922356
2023,20230101_38001_D01_S001,38001_D01_S001,Adeje,5.0,43.0,21.0,0.0,742.0,811.0,91.49198520345253,7.891491985203452
2023,20230101_38001_D01_S002,38001_D01_S002,Adeje,11.0,53.0,20.0,0.0,1148.0,1232.0,93.18181818181819,5.925324675324675
2023,20230101_38001_D01_S003,38001_D01_S003,Adeje,21.0,44.0,20.0,0.0,1131.0,1216.0,93.00986842105263,5.2631578947368425
2023,20230101_38001_D01_S004,38001_D01_S004,Adeje,36.0,48.0,25.0,1.0,898.0,1007.0,89.17576961271102,7.249255213505462
2023,20230101_38001_D01_S005,38001_D01_S005,Adeje,49.0,59.0,46.0,0.0,1071.0,1225.0,87.42857142857143,8.571428571428571
2023,20230101_38001_D01_S006,38001_D01_S006,Adeje,27.0,54.0,42.0,0.0,1143.0,1266.0,90.28436018957346,7.5829383886255926
2023,20230101_38001_D01_S007,38001_D01_S007,Adeje,11.0,50.0,23.0,0.0,1530.0,1614.0,94.79553903345725,4.522924411400248
2023,20230101_38001_D01_S008,38001_D01_S008,Adeje,6.0,62.0,20.0,0.0,1017.0,1105.0,92.03619909502262,7.420814479638009
2023,20230101_38001_D01_S009,38001_D01_S009,Adeje,11.0,46.0,33.0,1.0,1235.0,1325.0,93.20754716981132,5.962264150943396
2023,20230101_38001_D01_S010,38001_D01_S010,Adeje,9.0,27.0,27.0,0.0,604.0,667.0,90.55472263868066,8.095952023988007
2023,20230101_38001_D01_S011,38001_D01_S011,Adeje,39.0,73.0,24.0,0.0,1526.0,1662.0,91.81708784596871,5.836341756919374
2023,20230101_38001_D01_S012,38001_D01_S012,Adeje,18.0,44.0,31.0,0.0,908.0,1001.0,90.70929070929071,7.492507492507492
2023,20230101_38001_D01_S013,38001_D01_S013,Adeje,6.0,73.0,25.0,1.0,1536.0,1640.0,93.65853658536585,5.975609756097561
2023,20230101_38001_D01_S014,38001_D01_S014,Adeje,7.0,26.0,7.0,0.0,669.0,709.0,94.35825105782793,4.65444287729196
2023,20230101_38001_D01_S015,38001_D01_S015,Adeje,9.0,40.0,23.0,0.0,959.0,1031.0,93.0164888457808,6.110572259941804
2023,20230101_38001_D01_S016,38001_D01_S016,Adeje,12.0,34.0,15.0,0.0,595.0,656.0,90.70121951219512,7.469512195121951
2023,20230101_38001_D01_S017,38001_D01_S017,Adeje,16.0,53.0,17.0,0.0,1108.0,1194.0,92.79731993299832,5.8626465661641545
2023,20230101_38001_D01_S018,38001_D01_S018,Adeje,11.0,87.0,29.0,0.0,1681.0,1808.0,92.97566371681415,6.415929203539823
2023,20230101_38002_D01_S001,38002_D01_S001,Agulo,13.0,49.0,6.0,0.0,344.0,412.0,83.49514563106796,13.349514563106796
2023,20230101_38003_D01_S001,38003_D01_S001,Alajeró,23.0,91.0,30.0,0.0,777.0,921.0,84.36482084690553,13.137893593919653
2023,20230101_38004_D01_S001,38004_D01_S001,Arafo,20.0,50.0,77.0,0.0,752.0,899.0,83.64849833147942,14.126807563959956
2023,20230101_38004_D01_S002,38004_D01_S002,Arafo,19.0,55.0,57.0,0.0,562.0,693.0,81.0966810966811,16.161616161616163
2023,20230101_38004_D01_S003,38004_D01_S003,Arafo,27.0,57.0,67.0,0.0,704.0,855.0,82.3391812865497,14.502923976608187
2023,20230101_38005_D01_S001,38005_D01_S001,Arico,108.0,20.0,28.0,0.0,219.0,375.0,58.4,12.8
2023,20230101_38005_D01_S002,38005_D01_S002,Arico,49.0,14.0,38.0,0.0,229.0,330.0,69.39393939393939,15.757575757575758
2023,20230101_38005_D01_S003,38005_D01_S003,Arico,41.0,39.0,48.0,1.0,375.0,503.0,74.55268389662028,17.296222664015904
2023,20230101_38005_D01_S004,38005_D01_S004,Arico,34.0,84.0,102.0,0.0,975.0,1195.0,81.58995815899581,15.564853556485355
2023,20230101_38005_D01_S005,38005_D01_S005,Arico,51.0,92.0,93.0,0.0,802.0,1038.0,77.26396917148362,17.822736030828516
2023,20230101_38005_D01_S006,38005_D01_S006,Arico,25.0,16.0,42.0,0.0,193.0,276.0,69.92753623188406,21.014492753623188
2023,20230101_38006_D01_S001,38006_D01_S001,Arona,9.0,33.0,40.0,0.0,446.0,528.0,84.46969696969697,13.825757575757576
2023,20230101_38006_D01_S002,38006_D01_S002,Arona,14.0,49.0,28.0,0.0,700.0,791.0,88.49557522123894,9.734513274336283
2023,20230101_38006_D01_S003,38006_D01_S003,Arona,16.0,98.0,56.0,0.0,1186.0,1356.0,87.46312684365782,11.35693215339233
2023,20230101_38006_D01_S004,38006_D01_S004,Arona,18.0,84.0,45.0,0.0,1047.0,1194.0,87.68844221105527,10.804020100502512
2023,20230101_38006_D01_S005,38006_D01_S005,Arona,12.0,30.0,19.0,0.0,904.0,965.0,93.67875647668394,5.077720207253886
2023,20230101_38006_D01_S006,38006_D01_S006,Arona,4.0,26.0,10.0,0.0,675.0,715.0,94.4055944055944,5.034965034965035
2023,20230101_38006_D01_S007,38006_D01_S007,Arona,55.0,49.0,13.0,0.0,785.0,902.0,87.02882483370288,6.873614190687362
2023,20230101_38006_D01_S008,38006_D01_S008,Arona,51.0,52.0,18.0,0.0,779.0,900.0,86.55555555555556,7.777777777777778
2023,20230101_38006_D01_S009,38006_D01_S009,Arona,19.0,82.0,45.0,0.0,1115.0,1261.0,88.42188739095955,10.07137192704203
2023,20230101_38006_D01_S010,38006_D01_S010,Arona,16.0,58.0,65.0,0.0,937.0,1076.0,87.0817843866171,11.431226765799256
2023,20230101_38006_D01_S011,38006_D01_S011,Arona,8.0,46.0,21.0,0.0,1563.0,1638.0,95.42124542124542,4.09035409035409
2023,20230101_38006_D01_S012,38006_D01_S012,Arona,8.0,41.0,24.0,0.0,478.0,551.0,86.7513611615245,11.796733212341199
2023,20230101_38006_D01_S013,38006_D01_S013,Arona,98.0,76.0,36.0,0.0,1053.0,1263.0,83.3729216152019,8.867775138558986
2023,20230101_38006_D01_S014,38006_D01_S014,Arona,16.0,38.0,22.0,0.0,1078.0,1154.0,93.41421143847487,5.1993067590987865
2023,20230101_38006_D01_S015,38006_D01_S015,Arona,7.0,29.0,17.0,0.0,1032.0,1085.0,95.11520737327189,4.23963133640553
2023,20230101_38006_D01_S016,38006_D01_S016,Arona,21.0,114.0,40.0,4.0,1531.0,1706.0,89.74208675263775,9.026963657678781
2023,20230101_38006_D01_S017,38006_D01_S017,Arona,8.0,15.0,10.0,0.0,366.0,399.0,91.72932330827068,6.265664160401003
2023,20230101_38006_D01_S018,38006_D01_S018,Arona,19.0,76.0,53.0,0.0,1612.0,1760.0,91.5909090909091,7.329545454545454
2023,20230101_38006_D01_S019,38006_D01_S019,Arona,7.0,22.0,13.0,0.0,619.0,661.0,93.64599092284418,5.295007564296521
2023,20230101_38006_D01_S020,38006_D01_S020,Arona,4.0,48.0,11.0,0.0,1235.0,1298.0,95.14637904468412,4.545454545454546
2023,20230101_38006_D01_S021,38006_D01_S021,Arona,61.0,66.0,42.0,0.0,911.0,1080.0,84.35185185185185,10.0
2023,20230101_38006_D01_S022,38006_D01_S022,Arona,38.0,74.0,33.0,0.0,1044.0,1189.0,87.8048780487805,8.999158957106813
2023,20230101_38006_D01_S023,38006_D01_S023,Arona,49.0,61.0,28.0,0.0,867.0,1005.0,86.26865671641791,8.855721393034825
2023,20230101_38006_D01_S024,38006_D01_S024,Arona,12.0,64.0,27.0,0.0,836.0,939.0,89.03088391906283,9.691160809371672
2023,20230101_38006_D01_S025,38006_D01_S025,Arona,13.0,46.0,30.0,0.0,637.0,726.0,87.74104683195593,10.46831955922865
2023,20230101_38006_D01_S026,38006_D01_S026,Arona,8.0,61.0,30.0,0.0,1391.0,1490.0,93.35570469798658,6.10738255033557
2023,20230101_38006_D01_S027,38006_D01_S027,Arona,35.0,78.0,57.0,0.0,1121.0,1291.0,86.83191324554609,10.4570100697134
2023,20230101_38006_D01_S028,38006_D01_S028,Arona,60.0,64.0,32.0,0.0,908.0,1064.0,85.33834586466165,9.022556390977444
2023,20230101_38006_D01_S029,38006_D01_S029,Arona,60.0,44.0,19.0,0.0,589.0,712.0,82.7247191011236,8.848314606741573
2023,20230101_38006_D01_S030,38006_D01_S030,Arona,14.0,66.0,24.0,0.0,1095.0,1199.0,91.32610508757298,7.506255212677231
2023,20230101_38006_D01_S031,38006_D01_S031,Arona,61.0,65.0,20.0,0.0,795.0,941.0,84.4845908607864,9.032943676939427
2023,20230101_38006_D01_S032,38006_D01_S032,Arona,10.0,73.0,23.0,0.0,800.0,906.0,88.30022075055187,10.596026490066226
2023,20230101_38006_D01_S033,38006_D01_S033,Arona,7.0,62.0,20.0,0.0,941.0,1030.0,91.35922330097087,7.961165048543689
2023,20230101_38006_D01_S034,38006_D01_S034,Arona,49.0,45.0,21.0,0.0,492.0,607.0,81.05436573311367,10.873146622734762
2023,20230101_38007_D01_S001,38007_D01_S001,Barlovento,108.0,84.0,45.0,1.0,558.0,795.0,70.18867924528301,16.22641509433962
2023,20230101_38007_D01_S002,38007_D01_S002,Barlovento,0.0,0.0,0.0,0.0,0.0,0.0,,
2023,20230101_38008_D01_S001,38008_D01_S001,Breña Alta,27.0,44.0,23.0,0.0,452.0,546.0,82.78388278388279,12.271062271062272
2023,20230101_38008_D01_S002,38008_D01_S002,Breña Alta,38.0,93.0,47.0,2.0,764.0,942.0,81.104033970276,14.8619957537155
2023,20230101_38008_D01_S003,38008_D01_S003,Breña Alta,42.0,69.0,37.0,2.0,887.0,1035.0,85.70048309178743,10.241545893719806
2023,20230101_38008_D01_S004,38008_D01_S004,Breña Alta,40.0,60.0,42.0,0.0,609.0,751.0,81.0918774966711,13.581890812250332
2023,20230101_38009_D01_S001,38009_D01_S001,Breña Baja,54.0,61.0,30.0,1.0,909.0,1054.0,86.24288425047439,8.633776091081593
2023,20230101_38009_D01_S002,38009_D01_S002,Breña Baja,41.0,71.0,32.0,2.0,731.0,875.0,83.54285714285714,11.771428571428572
2023,20230101_38009_D01_S003,38009_D01_S003,Breña Baja,10.0,20.0,6.0,0.0,382.0,418.0,91.38755980861244,6.220095693779904
2023,20230101_38009_D01_S004,38009_D01_S004,Breña Baja,21.0,35.0,19.0,0.0,357.0,432.0,82.63888888888889,12.5
2023,20230101_38010_D01_S001,38010_D01_S001,Buenavista del Norte,102.0,22.0,20.0,0.0,338.0,482.0,70.12448132780084,8.71369294605809
2023,20230101_38010_D01_S002,38010_D01_S002,Buenavista del Norte,29.0,28.0,8.0,0.0,192.0,257.0,74.70817120622569,14.007782101167315
2023,20230101_38010_D01_S003,38010_D01_S003,Buenavista del Norte,102.0,19.0,10.0,0.0,374.0,505.0,74.05940594059406,5.742574257425742
2023,20230101_38010_D01_S004,38010_D01_S004,Buenavista del Norte,102.0,26.0,19.0,0.0,395.0,542.0,72.87822878228782,8.302583025830259
2023,20230101_38011_D01_S001,38011_D01_S001,Candelaria,19.0,43.0,45.0,0.0,731.0,838.0,87.23150357995226,10.501193317422434
2023,20230101_38011_D01_S002,38011_D01_S002,Candelaria,4.0,31.0,40.0,0.0,561.0,636.0,88.20754716981132,11.163522012578616
2023,20230101_38011_D01_S003,38011_D01_S003,Candelaria,11.0,68.0,53.0,0.0,1013.0,1145.0,88.47161572052401,10.56768558951965
2023,20230101_38011_D01_S004,38011_D01_S004,Candelaria,5.0,22.0,33.0,0.0,589.0,649.0,90.75500770416025,8.474576271186441
2023,20230101_38011_D01_S005,38011_D01_S005,Candelaria,3.0,27.0,21.0,0.0,395.0,446.0,88.56502242152466,10.762331838565023
2023,20230101_38011_D01_S006,38011_D01_S006,Candelaria,2.0,41.0,48.0,0.0,873.0,964.0,90.56016597510373,9.232365145228215
2023,20230101_38011_D01_S007,38011_D01_S007,Candelaria,5.0,48.0,51.0,0.0,988.0,1092.0,90.47619047619048,9.065934065934066
2023,20230101_38011_D01_S008,38011_D01_S008,Candelaria,5.0,18.0,33.0,0.0,441.0,497.0,88.73239436619718,10.261569416498993
2023,20230101_38011_D01_S009,38011_D01_S009,Candelaria,2.0,32.0,33.0,0.0,459.0,526.0,87.26235741444867,12.357414448669202
2023,20230101_38011_D01_S010,38011_D01_S010,Candelaria,2.0,27.0,23.0,0.0,462.0,514.0,89.88326848249027,9.727626459143968
2023,20230101_38011_D01_S011,38011_D01_S011,Candelaria,3.0,33.0,46.0,0.0,680.0,762.0,89.23884514435696,10.36745406824147
2023,20230101_38011_D01_S012,38011_D01_S012,Candelaria,7.0,34.0,31.0,0.0,595.0,667.0,89.20539730134932,9.745127436281859
2023,20230101_38011_D02_S001,38011_D02_S001,Candelaria,16.0,46.0,55.0,0.0,698.0,815.0,85.6441717791411,12.392638036809815
2023,20230101_38011_D02_S002,38011_D02_S002,Candelaria,13.0,40.0,39.0,0.0,611.0,703.0,86.91322901849217,11.2375533428165
2023,20230101_38011_D02_S003,38011_D02_S003,Candelaria,13.0,65.0,70.0,0.0,782.0,930.0,84.08602150537635,14.516129032258064
2023,20230101_38011_D02_S004,38011_D02_S004,Candelaria,6.0,50.0,55.0,0.0,575.0,686.0,83.8192419825073,15.306122448979592
2023,20230101_38011_D02_S005,38011_D02_S005,Candelaria,3.0,37.0,36.0,0.0,698.0,774.0,90.18087855297158,9.431524547803617
2023,20230101_38012_D01_S001,38012_D01_S001,Fasnia,21.0,45.0,27.0,0.0,567.0,660.0,85.9090909090909,10.909090909090908
2023,20230101_38012_D01_S002,38012_D01_S002,Fasnia,29.0,38.0,45.0,0.0,443.0,555.0,79.81981981981981,14.954954954954955
2023,20230101_38013_D01_S001,38013_D01_S001,Frontera,72.0,79.0,26.0,0.0,701.0,878.0,79.84054669703872,11.958997722095672
2023,20230101_38013_D01_S002,38013_D01_S002,Frontera,57.0,58.0,59.0,0.0,616.0,790.0,77.9746835443038,14.810126582278482
2023,20230101_38014_D01_S001,38014_D01_S001,Fuencaliente de la Palma,36.0,37.0,24.0,0.0,340.0,437.0,77.80320366132723,13.958810068649885
2023,20230101_38014_D01_S002,38014_D01_S002,Fuencaliente de la Palma,45.0,34.0,19.0,1.0,265.0,363.0,73.00275482093664,14.600550964187327
2023,20230101_38015_D01_S001,38015_D01_S001,Garachico,44.0,41.0,26.0,0.0,451.0,562.0,80.2491103202847,11.921708185053381
2023,20230101_38015_D01_S002,38015_D01_S002,Garachico,19.0,9.0,8.0,0.0,164.0,200.0,82.0,8.5
2023,20230101_38015_D02_S001,38015_D02_S001,Garachico,79.0,35.0,15.0,0.0,382.0,511.0,74.75538160469668,9.784735812133073
2023,20230101_38015_D02_S002,38015_D02_S002,Garachico,26.0,59.0,16.0,0.0,392.0,493.0,79.5131845841785,15.212981744421906
2023,20230101_38016_D01_S001,38016_D01_S001,Garafía,67.0,51.0,20.0,0.0,412.0,550.0,74.9090909090909,12.909090909090908
2023,20230101_38017_D01_S001,38017_D01_S001,Granadilla de Abona,17.0,44.0,39.0,0.0,473.0,573.0,82.54799301919721,14.485165794066317
2023,20230101_38017_D01_S002,38017_D01_S002,Granadilla de Abona,19.0,28.0,14.0,0.0,419.0,480.0,87.29166666666667,8.75
2023,20230101_38017_D01_S003,38017_D01_S003,Granadilla de Abona,24.0,57.0,53.0,0.0,720.0,854.0,84.30913348946136,12.880562060889929
2023,20230101_38017_D01_S004,38017_D01_S004,Granadilla de Abona,33.0,56.0,30.0,0.0,514.0,633.0,81.20063191153238,13.58609794628752
2023,20230101_38017_D01_S005,38017_D01_S005,Granadilla de Abona,21.0,24.0,26.0,0.0,289.0,360.0,80.27777777777777,13.88888888888889
2023,20230101_38017_D01_S006,38017_D01_S006,Granadilla de Abona,22.0,44.0,36.0,0.0,460.0,562.0,81.85053380782918,14.234875444839858
2023,20230101_38017_D01_S007,38017_D01_S007,Granadilla de Abona,12.0,68.0,50.0,0.0,1147.0,1277.0,89.81989036805011,9.240407204385278
2023,20230101_38017_D01_S008,38017_D01_S008,Granadilla de Abona,23.0,58.0,33.0,0.0,580.0,694.0,83.57348703170028,13.112391930835734
2023,20230101_38017_D01_S009,38017_D01_S009,Granadilla de Abona,26.0,79.0,64.0,0.0,1041.0,1210.0,86.03305785123968,11.818181818181818
2023,20230101_38017_D01_S010,38017_D01_S010,Granadilla de Abona,24.0,80.0,44.0,0.0,1241.0,1389.0,89.34485241180705,8.92728581713463
2023,20230101_38017_D01_S011,38017_D01_S011,Granadilla de Abona,29.0,96.0,48.0,0.0,1096.0,1269.0,86.36721828211189,11.347517730496454
2023,20230101_38017_D01_S012,38017_D01_S012,Granadilla de Abona,14.0,43.0,30.0,0.0,504.0,591.0,85.27918781725889,12.351945854483926
2023,20230101_38017_D01_S013,38017_D01_S013,Granadilla de Abona,33.0,65.0,34.0,0.0,851.0,983.0,86.57171922685656,10.07121057985758
2023,20230101_38017_D01_S014,38017_D01_S014,Granadilla de Abona,11.0,65.0,42.0,0.0,1078.0,1196.0,90.13377926421404,8.946488294314381
2023,20230101_38017_D01_S015,38017_D01_S015,Granadilla de Abona,32.0,68.0,25.0,0.0,714.0,839.0,85.10131108462456,11.084624553039333
2023,20230101_38017_D01_S016,38017_D01_S016,Granadilla de Abona,16.0,33.0,19.0,0.0,438.0,506.0,86.56126482213439,10.276679841897232
2023,20230101_38017_D01_S017,38017_D01_S017,Granadilla de Abona,20.0,66.0,34.0,0.0,768.0,888.0,86.48648648648648,11.26126126126126
2023,20230101_38017_D01_S018,38017_D01_S018,Granadilla de Abona,17.0,46.0,17.0,0.0,553.0,633.0,87.36176935229068,9.95260663507109
2023,20230101_38017_D01_S019,38017_D01_S019,Granadilla de Abona,22.0,52.0,36.0,0.0,673.0,783.0,85.9514687100894,11.23882503192848
2023,20230101_38017_D01_S020,38017_D01_S020,Granadilla de Abona,51.0,69.0,54.0,0.0,1153.0,1327.0,86.88771665410701,9.269027882441598
2023,20230101_38017_D01_S021,38017_D01_S021,Granadilla de Abona,24.0,75.0,44.0,0.0,1085.0,1228.0,88.35504885993485,9.690553745928339
2023,20230101_38017_D01_S022,38017_D01_S022,Granadilla de Abona,31.0,52.0,37.0,0.0,858.0,978.0,87.73006134969326,9.100204498977504
2023,20230101_38017_D01_S023,38017_D01_S023,Granadilla de Abona,36.0,54.0,29.0,0.0,838.0,957.0,87.56530825496343,8.672936259143155
2023,20230101_38017_D01_S024,38017_D01_S024,Granadilla de Abona,23.0,64.0,42.0,0.0,1001.0,1130.0,88.58407079646018,9.380530973451327
2023,20230101_38017_D01_S025,38017_D01_S025,Granadilla de Abona,52.0,72.0,38.0,1.0,845.0,1007.0,83.91261171797419,10.923535253227408
2023,20230101_38017_D01_S026,38017_D01_S026,Granadilla de Abona,27.0,52.0,23.0,0.0,618.0,720.0,85.83333333333333,10.416666666666666
2023,20230101_38017_D01_S027,38017_D01_S027,Granadilla de Abona,13.0,61.0,30.0,1.0,958.0,1062.0,90.20715630885122,8.568738229755178
2023,20230101_38018_D01_S001,38018_D01_S001,"Guancha, La",22.0,64.0,23.0,0.0,395.0,504.0,78.37301587301587,17.261904761904763
2023,20230101_38018_D01_S002,38018_D01_S002,"Guancha, La",41.0,75.0,22.0,0.0,576.0,714.0,80.67226890756302,13.585434173669467
2023,20230101_38018_D01_S003,38018_D01_S003,"Guancha, La",38.0,128.0,33.0,0.0,728.0,927.0,78.53290183387271,17.367853290183387
2023,20230101_38019_D01_S001,38019_D01_S001,Guía de Isora,48.0,55.0,38.0,0.0,722.0,863.0,83.66164542294322,10.776361529548089
2023,20230101_38019_D01_S002,38019_D01_S002,Guía de Isora,115.0,65.0,28.0,1.0,870.0,1078.0,80.70500927643785,8.62708719851577
2023,20230101_38019_D01_S003,38019_D01_S003,Guía de Isora,40.0,49.0,28.0,0.0,743.0,860.0,86.3953488372093,8.953488372093023
2023,20230101_38019_D01_S004,38019_D01_S004,Guía de Isora,108.0,52.0,26.0,0.0,868.0,1054.0,82.3529411764706,7.400379506641366
2023,20230101_38019_D01_S005,38019_D01_S005,Guía de Isora,102.0,55.0,19.0,0.0,949.0,1125.0,84.35555555555555,6.5777777777777775
2023,20230101_38019_D01_S007,38019_D01_S007,Guía de Isora,83.0,48.0,25.0,0.0,535.0,691.0,77.42402315484804,10.5643994211288
2023,20230101_38019_D01_S008,38019_D01_S008,Guía de Isora,111.0,48.0,17.0,0.0,643.0,819.0,78.51037851037852,7.936507936507937
2023,20230101_38019_D01_S009,38019_D01_S009,Guía de Isora,64.0,45.0,21.0,0.0,747.0,877.0,85.17673888255416,7.525655644241733
2023,20230101_38019_D01_S010,38019_D01_S010,Guía de Isora,88.0,63.0,20.0,0.0,1111.0,1282.0,86.66146645865835,6.4742589703588145
2023,20230101_38019_D01_S011,38019_D01_S011,Guía de Isora,37.0,43.0,29.0,0.0,681.0,790.0,86.20253164556962,9.113924050632912
2023,20230101_38020_D01_S001,38020_D01_S001,Güímar,27.0,30.0,42.0,0.0,464.0,563.0,82.41563055062167,12.788632326820604
2023,20230101_38020_D01_S002,38020_D01_S002,Güímar,22.0,49.0,50.0,0.0,577.0,698.0,82.6647564469914,14.183381088825215
2023,20230101_38020_D01_S003,38020_D01_S003,Güímar,40.0,57.0,51.0,0.0,798.0,946.0,84.35517970401692,11.416490486257928
2023,20230101_38020_D01_S004,38020_D01_S004,Güímar,105.0,43.0,38.0,0.0,417.0,603.0,69.1542288557214,13.432835820895523
2023,20230101_38020_D01_S005,38020_D01_S005,Güímar,11.0,13.0,17.0,0.0,198.0,239.0,82.84518828451883,12.552301255230125
2023,20230101_38020_D01_S006,38020_D01_S006,Güímar,14.0,36.0,31.0,0.0,308.0,389.0,79.17737789203085,17.223650385604113
2023,20230101_38020_D01_S007,38020_D01_S007,Güímar,31.0,84.0,63.0,0.0,960.0,1138.0,84.3585237258348,12.917398945518453
2023,20230101_38020_D01_S008,38020_D01_S008,Güímar,10.0,33.0,29.0,0.0,275.0,347.0,79.2507204610951,17.86743515850144
2023,20230101_38020_D01_S009,38020_D01_S009,Güímar,25.0,47.0,22.0,0.0,329.0,423.0,77.77777777777777,16.31205673758865
2023,20230101_38020_D01_S010,38020_D01_S010,Güímar,12.0,37.0,31.0,0.0,430.0,510.0,84.31372549019608,13.333333333333334
2023,20230101_38020_D01_S011,38020_D01_S011,Güímar,6.0,20.0,27.0,0.0,341.0,394.0,86.5482233502538,11.928934010152284
2023,20230101_38020_D01_S012,38020_D01_S012,Güímar,6.0,55.0,62.0,0.0,898.0,1021.0,87.95298726738491,11.459353574926542
2023,20230101_38020_D02_S001,38020_D02_S001,Güímar,32.0,40.0,31.0,0.0,399.0,502.0,79.4820717131474,14.143426294820717
2023,20230101_38020_D02_S002,38020_D02_S002,Güímar,14.0,29.0,27.0,0.0,283.0,353.0,80.1699716713881,15.864022662889518
2023,20230101_38020_D03_S001,38020_D03_S001,Güímar,23.0,47.0,31.0,0.0,451.0,552.0,81.70289855072464,14.130434782608695
2023,20230101_38020_D03_S002,38020_D03_S002,Güímar,23.0,35.0,42.0,0.0,443.0,543.0,81.58379373848987,14.180478821362799
2023,20230101_38021_D01_S001,38021_D01_S001,Hermigua,18.0,61.0,5.0,0.0,271.0,355.0,76.33802816901408,18.591549295774648
2023,20230101_38021_D02_S001,38021_D02_S001,Hermigua,23.0,46.0,14.0,0.0,319.0,402.0,79.35323383084577,14.925373134328359
2023,20230101_38022_D01_S001,38022_D01_S001,Icod de los Vinos,21.0,49.0,28.0,0.0,423.0,521.0,81.19001919385796,14.779270633397314
2023,20230101_38022_D01_S002,38022_D01_S002,Icod de los Vinos,14.0,41.0,22.0,1.0,492.0,569.0,86.46748681898067,11.072056239015817
2023,20230101_38022_D01_S003,38022_D01_S003,Icod de los Vinos,8.0,27.0,17.0,0.0,347.0,399.0,86.96741854636592,11.027568922305765
2023,20230101_38022_D01_S004,38022_D01_S004,Icod de los Vinos,9.0,25.0,13.0,0.0,309.0,356.0,86.79775280898876,10.674157303370787
2023,20230101_38022_D01_S005,38022_D01_S005,Icod de los Vinos,11.0,30.0,16.0,0.0,272.0,329.0,82.67477203647417,13.98176291793313
2023,20230101_38022_D01_S006,38022_D01_S006,Icod de los Vinos,18.0,48.0,31.0,0.0,464.0,561.0,82.70944741532976,14.081996434937611
2023,20230101_38022_D02_S001,38022_D02_S001,Icod de los Vinos,60.0,103.0,23.0,0.0,326.0,512.0,63.671875,24.609375
2023,20230101_38022_D02_S002,38022_D02_S002,Icod de los Vinos,29.0,67.0,22.0,0.0,358.0,476.0,75.21008403361344,18.69747899159664
2023,20230101_38022_D03_S001,38022_D03_S001,Icod de los Vinos,27.0,95.0,30.0,0.0,407.0,559.0,72.80858676207514,22.361359570661897
2023,20230101_38022_D03_S002,38022_D03_S002,Icod de los Vinos,14.0,53.0,24.0,0.0,292.0,383.0,76.2402088772846,20.10443864229765
2023,20230101_38022_D03_S003,38022_D03_S003,Icod de los Vinos,25.0,49.0,25.0,0.0,291.0,390.0,74.61538461538461,18.974358974358974
2023,20230101_38022_D03_S004,38022_D03_S004,Icod de los Vinos,27.0,61.0,28.0,0.0,328.0,444.0,73.87387387387388,20.045045045045047
2023,20230101_38022_D04_S001,38022_D04_S001,Icod de los Vinos,24.0,37.0,22.0,0.0,321.0,404.0,79.45544554455445,14.603960396039604
2023,20230101_38022_D04_S002,38022_D04_S002,Icod de los Vinos,29.0,58.0,44.0,0.0,537.0,668.0,80.38922155688623,15.269461077844312
2023,20230101_38022_D04_S003,38022_D04_S003,Icod de los Vinos,36.0,82.0,42.0,1.0,553.0,713.0,77.55960729312763,17.391304347826086
2023,20230101_38022_D04_S004,38022_D04_S004,Icod de los Vinos,15.0,39.0,20.0,0.0,302.0,376.0,80.31914893617021,15.691489361702128
2023,20230101_38022_D05_S001,38022_D05_S001,Icod de los Vinos,15.0,29.0,14.0,0.0,234.0,292.0,80.13698630136986,14.726027397260275
2023,20230101_38022_D05_S002,38022_D05_S002,Icod de los Vinos,46.0,95.0,35.0,0.0,775.0,951.0,81.4931650893796,13.669821240799159
2023,20230101_38023_D01_S001,38023_D01_S001,San Cristóbal de La Laguna,4.0,22.0,21.0,0.0,362.0,409.0,88.50855745721272,10.513447432762836
2023,20230101_38023_D01_S002,38023_D01_S002,San Cristóbal de La Laguna,3.0,19.0,23.0,0.0,508.0,553.0,91.8625678119349,7.594936708860759
2023,20230101_38023_D01_S003,38023_D01_S003,San Cristóbal de La Laguna,2.0,38.0,31.0,0.0,709.0,780.0,90.8974358974359,8.846153846153847
2023,20230101_38023_D01_S004,38023_D01_S004,San Cristóbal de La Laguna,5.0,17.0,13.0,0.0,276.0,311.0,88.7459807073955,9.646302250803858
2023,20230101_38023_D01_S005,38023_D01_S005,San Cristóbal de La Laguna,3.0,22.0,29.0,0.0,595.0,649.0,91.67950693374422,7.858243451463791
2023,20230101_38023_D01_S006,38023_D01_S006,San Cristóbal de La Laguna,9.0,46.0,33.0,0.0,629.0,717.0,87.72663877266388,11.01813110181311
2023,20230101_38023_D01_S007,38023_D01_S007,San Cristóbal de La Laguna,8.0,44.0,24.0,0.0,788.0,864.0,91.20370370370371,7.87037037037037
2023,20230101_38023_D01_S008,38023_D01_S008,San Cristóbal de La Laguna,5.0,14.0,16.0,0.0,449.0,484.0,92.76859504132231,6.198347107438017
2023,20230101_38023_D01_S009,38023_D01_S009,San Cristóbal de La Laguna,2.0,23.0,30.0,0.0,426.0,481.0,88.56548856548856,11.018711018711018
2023,20230101_38023_D01_S010,38023_D01_S010,San Cristóbal de La Laguna,5.0,40.0,32.0,0.0,576.0,653.0,88.208269525268,11.0260336906585
2023,20230101_38023_D01_S011,38023_D01_S011,San Cristóbal de La Laguna,1.0,17.0,5.0,0.0,274.0,297.0,92.25589225589225,7.407407407407407
2023,20230101_38023_D01_S012,38023_D01_S012,San Cristóbal de La Laguna,1.0,22.0,22.0,0.0,460.0,505.0,91.08910891089108,8.712871287128714
2023,20230101_38023_D01_S013,38023_D01_S013,San Cristóbal de La Laguna,2.0,16.0,12.0,0.0,444.0,474.0,93.67088607594937,5.9071729957805905
2023,20230101_38023_D01_S014,38023_D01_S014,San Cristóbal de La Laguna,2.0,19.0,28.0,0.0,371.0,420.0,88.33333333333333,11.19047619047619
2023,20230101_38023_D01_S015,38023_D01_S015,San Cristóbal de La Laguna,3.0,21.0,20.0,1.0,514.0,558.0,92.1146953405018,7.347670250896058
2023,20230101_38023_D01_S016,38023_D01_S016,San Cristóbal de La Laguna,5.0,16.0,21.0,0.0,699.0,741.0,94.33198380566802,4.993252361673414
2023,20230101_38023_D01_S017,38023_D01_S017,San Cristóbal de La Laguna,2.0,23.0,21.0,0.0,617.0,663.0,93.06184012066365,6.636500754147813
2023,20230101_38023_D01_S018,38023_D01_S018,San Cristóbal de La Laguna,3.0,30.0,28.0,0.0,445.0,506.0,87.94466403162055,11.462450592885375
2023,20230101_38023_D01_S019,38023_D01_S019,San Cristóbal de La Laguna,4.0,12.0,12.0,0.0,364.0,392.0,92.85714285714286,6.122448979591836
2023,20230101_38023_D01_S020,38023_D01_S020,San Cristóbal de La Laguna,1.0,11.0,11.0,1.0,377.0,400.0,94.25,5.5
2023,20230101_38023_D01_S021,38023_D01_S021,San Cristóbal de La Laguna,2.0,15.0,26.0,0.0,640.0,683.0,93.70424597364568,6.002928257686676
2023,20230101_38023_D01_S022,38023_D01_S022,San Cristóbal de La Laguna,0.0,21.0,26.0,0.0,484.0,531.0,91.1487758945386,8.851224105461393
2023,20230101_38023_D01_S023,38023_D01_S023,San Cristóbal de La Laguna,5.0,37.0,42.0,0.0,972.0,1056.0,92.04545454545455,7.481060606060606
2023,20230101_38023_D01_S024,38023_D01_S024,San Cristóbal de La Laguna,2.0,19.0,16.0,0.0,274.0,311.0,88.10289389067525,11.254019292604502
2023,20230101_38023_D01_S025,38023_D01_S025,San Cristóbal de La Laguna,6.0,51.0,40.0,0.0,625.0,722.0,86.56509695290859,12.60387811634349
2023,20230101_38023_D01_S026,38023_D01_S026,San Cristóbal de La Laguna,2.0,14.0,17.0,0.0,479.0,512.0,93.5546875,6.0546875
2023,20230101_38023_D01_S027,38023_D01_S027,San Cristóbal de La Laguna,4.0,29.0,26.0,0.0,503.0,562.0,89.5017793594306,9.786476868327401
2023,20230101_38023_D01_S028,38023_D01_S028,San Cristóbal de La Laguna,3.0,33.0,42.0,0.0,825.0,903.0,91.36212624584718,8.305647840531561
2023,20230101_38023_D01_S029,38023_D01_S029,San Cristóbal de La Laguna,3.0,17.0,8.0,0.0,421.0,449.0,93.76391982182628,5.567928730512249
2023,20230101_38023_D01_S030,38023_D01_S030,San Cristóbal de La Laguna,10.0,36.0,27.0,0.0,745.0,818.0,91.0757946210269,7.701711491442543
2023,20230101_38023_D01_S031,38023_D01_S031,San Cristóbal de La Laguna,2.0,18.0,18.0,0.0,680.0,718.0,94.70752089136491,5.013927576601671
2023,20230101_38023_D01_S032,38023_D01_S032,San Cristóbal de La Laguna,5.0,29.0,31.0,0.0,449.0,514.0,87.35408560311284,11.673151750972762
2023,20230101_38023_D01_S033,38023_D01_S033,San Cristóbal de La Laguna,2.0,21.0,18.0,0.0,347.0,388.0,89.43298969072166,10.051546391752577
2023,20230101_38023_D02_S001,38023_D02_S001,San Cristóbal de La Laguna,1.0,21.0,22.0,0.0,440.0,484.0,90.9090909090909,8.884297520661157
2023,20230101_38023_D02_S002,38023_D02_S002,San Cristóbal de La Laguna,10.0,21.0,11.0,0.0,347.0,389.0,89.20308483290488,8.226221079691516
2023,20230101_38023_D02_S003,38023_D02_S003,San Cristóbal de La Laguna,1.0,18.0,21.0,0.0,404.0,444.0,90.990990990991,8.783783783783784
2023,20230101_38023_D02_S004,38023_D02_S004,San Cristóbal de La Laguna,6.0,26.0,22.0,0.0,434.0,488.0,88.93442622950819,9.836065573770492
2023,20230101_38023_D02_S005,38023_D02_S005,San Cristóbal de La Laguna,5.0,40.0,33.0,0.0,532.0,610.0,87.21311475409836,11.967213114754099
2023,20230101_38023_D02_S006,38023_D02_S006,San Cristóbal de La Laguna,9.0,37.0,23.0,0.0,445.0,514.0,86.57587548638132,11.673151750972762
2023,20230101_38023_D02_S007,38023_D02_S007,San Cristóbal de La Laguna,6.0,37.0,30.0,0.0,651.0,724.0,89.9171270718232,9.25414364640884
2023,20230101_38023_D02_S008,38023_D02_S008,San Cristóbal de La Laguna,10.0,31.0,21.0,0.0,385.0,447.0,86.12975391498881,11.6331096196868
2023,20230101_38023_D02_S009,38023_D02_S009,San Cristóbal de La Laguna,2.0,31.0,27.0,1.0,567.0,627.0,90.43062200956938,9.250398724082935
2023,20230101_38023_D02_S010,38023_D02_S010,San Cristóbal de La Laguna,7.0,57.0,44.0,0.0,872.0,980.0,88.9795918367347,10.306122448979592
2023,20230101_38023_D02_S011,38023_D02_S011,San Cristóbal de La Laguna,2.0,17.0,25.0,0.0,513.0,557.0,92.10053859964093,7.540394973070018
2023,20230101_38023_D02_S012,38023_D02_S012,San Cristóbal de La Laguna,5.0,24.0,23.0,0.0,693.0,745.0,93.02013422818791,6.308724832214765
2023,20230101_38023_D02_S013,38023_D02_S013,San Cristóbal de La Laguna,2.0,57.0,49.0,0.0,685.0,793.0,86.38083228247163,13.366960907944515
2023,20230101_38023_D02_S014,38023_D02_S014,San Cristóbal de La Laguna,7.0,45.0,40.0,0.0,557.0,649.0,85.82434514637904,13.097072419106317
2023,20230101_38023_D02_S015,38023_D02_S015,San Cristóbal de La Laguna,9.0,32.0,24.0,0.0,569.0,634.0,89.74763406940063,8.832807570977918
2023,20230101_38023_D02_S016,38023_D02_S016,San Cristóbal de La Laguna,10.0,70.0,78.0,0.0,1521.0,1679.0,90.58963668850507,8.81477069684336
2023,20230101_38023_D02_S017,38023_D02_S017,San Cristóbal de La Laguna,5.0,39.0,40.0,0.0,772.0,856.0,90.18691588785046,9.228971962616823
2023,20230101_38023_D02_S018,38023_D02_S018,San Cristóbal de La Laguna,1.0,40.0,25.0,0.0,524.0,590.0,88.8135593220339,11.016949152542374
2023,20230101_38023_D02_S019,38023_D02_S019,San Cristóbal de La Laguna,2.0,25.0,20.0,0.0,529.0,576.0,91.84027777777777,7.8125
2023,20230101_38023_D02_S020,38023_D02_S020,San Cristóbal de La Laguna,4.0,25.0,23.0,0.0,349.0,401.0,87.03241895261846,11.970074812967582
2023,20230101_38023_D02_S021,38023_D02_S021,San Cristóbal de La Laguna,6.0,32.0,38.0,0.0,811.0,887.0,91.43179255918828,7.891770011273957
2023,20230101_38023_D02_S022,38023_D02_S022,San Cristóbal de La Laguna,4.0,30.0,19.0,0.0,526.0,579.0,90.84628670120898,8.46286701208981
2023,20230101_38023_D02_S023,38023_D02_S023,San Cristóbal de La Laguna,3.0,31.0,31.0,0.0,581.0,646.0,89.93808049535603,9.597523219814242
2023,20230101_38023_D02_S024,38023_D02_S024,San Cristóbal de La Laguna,0.0,22.0,31.0,0.0,283.0,336.0,84.22619047619048,15.773809523809524
2023,20230101_38023_D03_S001,38023_D03_S001,San Cristóbal de La Laguna,4.0,33.0,20.0,0.0,297.0,354.0,83.89830508474576,14.971751412429379
2023,20230101_38023_D03_S002,38023_D03_S002,San Cristóbal de La Laguna,1.0,27.0,50.0,0.0,530.0,608.0,87.17105263157895,12.664473684210526
2023,20230101_38023_D03_S003,38023_D03_S003,San Cristóbal de La Laguna,1.0,27.0,32.0,0.0,595.0,655.0,90.83969465648855,9.007633587786259
2023,20230101_38023_D03_S004,38023_D03_S004,San Cristóbal de La Laguna,8.0,75.0,59.0,0.0,730.0,872.0,83.71559633027523,15.36697247706422
2023,20230101_38023_D03_S005,38023_D03_S005,San Cristóbal de La Laguna,7.0,46.0,38.0,0.0,606.0,697.0,86.94404591104734,12.051649928263988
2023,20230101_38023_D03_S006,38023_D03_S006,San Cristóbal de La Laguna,5.0,41.0,39.0,0.0,877.0,962.0,91.16424116424116,8.316008316008316
2023,20230101_38023_D03_S007,38023_D03_S007,San Cristóbal de La Laguna,1.0,21.0,16.0,0.0,281.0,319.0,88.08777429467085,11.598746081504702
2023,20230101_38023_D03_S008,38023_D03_S008,San Cristóbal de La Laguna,11.0,36.0,23.0,0.0,479.0,549.0,87.2495446265938,10.746812386156648
2023,20230101_38023_D03_S009,38023_D03_S009,San Cristóbal de La Laguna,6.0,26.0,15.0,0.0,333.0,380.0,87.63157894736842,10.789473684210526
2023,20230101_38023_D03_S010,38023_D03_S010,San Cristóbal de La Laguna,4.0,17.0,22.0,0.0,285.0,328.0,86.89024390243902,11.890243902439025
2023,20230101_38023_D03_S011,38023_D03_S011,San Cristóbal de La Laguna,5.0,44.0,44.0,0.0,537.0,630.0,85.23809523809524,13.968253968253968
2023,20230101_38023_D03_S012,38023_D03_S012,San Cristóbal de La Laguna,17.0,65.0,40.0,0.0,580.0,702.0,82.62108262108262,14.957264957264957
2023,20230101_38023_D03_S013,38023_D03_S013,San Cristóbal de La Laguna,27.0,74.0,43.0,0.0,637.0,781.0,81.56209987195902,14.98079385403329
2023,20230101_38023_D03_S014,38023_D03_S014,San Cristóbal de La Laguna,4.0,27.0,22.0,0.0,205.0,258.0,79.45736434108527,18.992248062015506
2023,20230101_38023_D03_S015,38023_D03_S015,San Cristóbal de La Laguna,9.0,41.0,31.0,0.0,490.0,571.0,85.81436077057793,12.609457092819614
2023,20230101_38023_D03_S016,38023_D03_S016,San Cristóbal de La Laguna,6.0,43.0,39.0,0.0,641.0,729.0,87.92866941015089,11.248285322359397
2023,20230101_38023_D03_S017,38023_D03_S017,San Cristóbal de La Laguna,13.0,36.0,35.0,0.0,392.0,476.0,82.3529411764706,14.915966386554622
2023,20230101_38023_D03_S018,38023_D03_S018,San Cristóbal de La Laguna,5.0,32.0,18.0,1.0,231.0,286.0,80.76923076923077,17.482517482517483
2023,20230101_38023_D03_S019,38023_D03_S019,San Cristóbal de La Laguna,4.0,41.0,34.0,0.0,649.0,728.0,89.14835164835165,10.302197802197803
2023,20230101_38023_D03_S020,38023_D03_S020,San Cristóbal de La Laguna,3.0,31.0,35.0,0.0,342.0,411.0,83.21167883211679,16.05839416058394
2023,20230101_38023_D03_S021,38023_D03_S021,San Cristóbal de La Laguna,6.0,27.0,50.0,0.0,389.0,472.0,82.41525423728814,16.3135593220339
2023,20230101_38023_D03_S022,38023_D03_S022,San Cristóbal de La Laguna,1.0,14.0,8.0,0.0,356.0,379.0,93.93139841688654,5.804749340369393
2023,20230101_38023_D03_S023,38023_D03_S023,San Cristóbal de La Laguna,9.0,34.0,26.0,0.0,421.0,490.0,85.91836734693878,12.244897959183673
2023,20230101_38023_D03_S024,38023_D03_S024,San Cristóbal de La Laguna,2.0,26.0,35.0,0.0,369.0,432.0,85.41666666666667,14.12037037037037
2023,20230101_38023_D03_S025,38023_D03_S025,San Cristóbal de La Laguna,3.0,59.0,50.0,0.0,798.0,910.0,87.6923076923077,11.978021978021978
2023,20230101_38023_D03_S026,38023_D03_S026,San Cristóbal de La Laguna,3.0,39.0,33.0,0.0,504.0,579.0,87.04663212435233,12.435233160621761
2023,20230101_38023_D03_S027,38023_D03_S027,San Cristóbal de La Laguna,2.0,28.0,31.0,0.0,585.0,646.0,90.55727554179566,9.13312693498452
2023,20230101_38023_D03_S028,38023_D03_S028,San Cristóbal de La Laguna,5.0,28.0,31.0,0.0,499.0,563.0,88.63232682060391,10.479573712255773
2023,20230101_38023_D03_S029,38023_D03_S029,San Cristóbal de La Laguna,6.0,43.0,31.0,0.0,596.0,676.0,88.16568047337279,10.946745562130177
2023,20230101_38023_D04_S001,38023_D04_S001,San Cristóbal de La Laguna,7.0,52.0,54.0,0.0,754.0,867.0,86.96655132641291,12.226066897347174
2023,20230101_38023_D04_S002,38023_D04_S002,San Cristóbal de La Laguna,4.0,38.0,47.0,0.0,680.0,769.0,88.42652795838751,11.053315994798439
2023,20230101_38023_D04_S003,38023_D04_S003,San Cristóbal de La Laguna,11.0,57.0,50.0,0.0,724.0,842.0,85.98574821852732,12.707838479809975
2023,20230101_38023_D04_S004,38023_D04_S004,San Cristóbal de La Laguna,5.0,38.0,26.0,1.0,347.0,416.0,83.41346153846153,15.384615384615385
2023,20230101_38023_D04_S005,38023_D04_S005,San Cristóbal de La Laguna,3.0,22.0,25.0,0.0,389.0,439.0,88.61047835990888,10.70615034168565
2023,20230101_38023_D04_S006,38023_D04_S006,San Cristóbal de La Laguna,7.0,58.0,37.0,0.0,520.0,622.0,83.60128617363344,15.27331189710611
2023,20230101_38023_D04_S007,38023_D04_S007,San Cristóbal de La Laguna,8.0,65.0,34.0,0.0,645.0,752.0,85.77127659574468,13.164893617021276
2023,20230101_38023_D04_S008,38023_D04_S008,San Cristóbal de La Laguna,7.0,23.0,24.0,0.0,327.0,381.0,85.8267716535433,12.335958005249344
2023,20230101_38023_D05_S001,38023_D05_S001,San Cristóbal de La Laguna,65.0,64.0,33.0,0.0,320.0,482.0,66.39004149377594,20.12448132780083
2023,20230101_38023_D05_S002,38023_D05_S002,San Cristóbal de La Laguna,88.0,59.0,37.0,0.0,414.0,598.0,69.23076923076923,16.05351170568562
2023,20230101_38023_D05_S003,38023_D05_S003,San Cristóbal de La Laguna,40.0,34.0,36.0,0.0,356.0,466.0,76.39484978540773,15.021459227467812
2023,20230101_38023_D05_S004,38023_D05_S004,San Cristóbal de La Laguna,32.0,37.0,27.0,0.0,293.0,389.0,75.32133676092545,16.452442159383033
2023,20230101_38023_D05_S005,38023_D05_S005,San Cristóbal de La Laguna,46.0,59.0,69.0,0.0,695.0,869.0,79.97698504027618,14.729574223245109
2023,20230101_38023_D05_S006,38023_D05_S006,San Cristóbal de La Laguna,26.0,43.0,25.0,0.0,415.0,509.0,81.53241650294696,13.359528487229863
2023,20230101_38023_D05_S007,38023_D05_S007,San Cristóbal de La Laguna,20.0,33.0,43.0,1.0,612.0,708.0,86.44067796610169,10.734463276836157
2023,20230101_38023_D05_S008,38023_D05_S008,San Cristóbal de La Laguna,48.0,42.0,27.0,0.0,291.0,408.0,71.32352941176471,16.91176470588235
2023,20230101_38023_D05_S009,38023_D05_S009,San Cristóbal de La Laguna,15.0,37.0,37.0,0.0,668.0,757.0,88.24306472919419,9.775429326287979
2023,20230101_38023_D05_S010,38023_D05_S010,San Cristóbal de La Laguna,55.0,77.0,54.0,0.0,602.0,788.0,76.39593908629442,16.624365482233504
2023,20230101_38023_D05_S011,38023_D05_S011,San Cristóbal de La Laguna,34.0,36.0,25.0,0.0,289.0,384.0,75.26041666666667,15.885416666666666
2023,20230101_38023_D05_S012,38023_D05_S012,San Cristóbal de La Laguna,55.0,72.0,33.0,0.0,429.0,589.0,72.83531409168081,17.826825127334466
2023,20230101_38023_D05_S013,38023_D05_S013,San Cristóbal de La Laguna,36.0,26.0,14.0,0.0,263.0,339.0,77.5811209439528,11.799410029498524
2023,20230101_38023_D05_S014,38023_D05_S014,San Cristóbal de La Laguna,44.0,53.0,51.0,0.0,546.0,694.0,78.6743515850144,14.985590778097983
2023,20230101_38023_D05_S015,38023_D05_S015,San Cristóbal de La Laguna,9.0,24.0,25.0,0.0,434.0,492.0,88.21138211382114,9.959349593495935
2023,20230101_38023_D06_S001,38023_D06_S001,San Cristóbal de La Laguna,6.0,32.0,44.0,0.0,523.0,605.0,86.44628099173553,12.561983471074381
2023,20230101_38023_D06_S002,38023_D06_S002,San Cristóbal de La Laguna,10.0,23.0,22.0,0.0,640.0,695.0,92.0863309352518,6.474820143884892
2023,20230101_38023_D06_S003,38023_D06_S003,San Cristóbal de La Laguna,8.0,44.0,31.0,0.0,449.0,532.0,84.3984962406015,14.097744360902256
2023,20230101_38023_D06_S004,38023_D06_S004,San Cristóbal de La Laguna,8.0,40.0,49.0,0.0,414.0,511.0,81.01761252446184,17.416829745596868
2023,20230101_38024_D01_S001,38024_D01_S001,"Llanos de Aridane, Los",81.0,90.0,28.0,1.0,875.0,1074.0,81.47113594040968,10.986964618249534
2023,20230101_38024_D01_S002,38024_D01_S002,"Llanos de Aridane, Los",64.0,59.0,36.0,0.0,604.0,763.0,79.16120576671035,12.450851900393184
2023,20230101_38024_D01_S003,38024_D01_S003,"Llanos de Aridane, Los",99.0,73.0,29.0,2.0,564.0,765.0,73.72549019607843,13.333333333333334
2023,20230101_38024_D01_S004,38024_D01_S004,"Llanos de Aridane, Los",38.0,46.0,15.0,0.0,376.0,475.0,79.15789473684211,12.842105263157896
2023,20230101_38024_D01_S005,38024_D01_S005,"Llanos de Aridane, Los",43.0,24.0,16.0,1.0,385.0,468.0,82.26495726495726,8.547008547008547
2023,20230101_38024_D01_S006,38024_D01_S006,"Llanos de Aridane, Los",68.0,42.0,22.0,3.0,524.0,656.0,79.8780487804878,9.75609756097561
2023,20230101_38024_D01_S007,38024_D01_S007,"Llanos de Aridane, Los",63.0,78.0,21.0,1.0,518.0,680.0,76.17647058823529,14.558823529411764
2023,20230101_38024_D01_S008,38024_D01_S008,"Llanos de Aridane, Los",49.0,58.0,23.0,0.0,583.0,713.0,81.7671809256662,11.360448807854137
2023,20230101_38024_D02_S001,38024_D02_S001,"Llanos de Aridane, Los",57.0,50.0,17.0,0.0,468.0,592.0,79.05405405405405,11.317567567567568
2023,20230101_38024_D02_S002,38024_D02_S002,"Llanos de Aridane, Los",66.0,72.0,30.0,0.0,462.0,630.0,73.33333333333333,16.19047619047619
2023,20230101_38024_D03_S001,38024_D03_S001,"Llanos de Aridane, Los",97.0,69.0,34.0,0.0,610.0,810.0,75.30864197530865,12.716049382716049
2023,20230101_38024_D03_S002,38024_D03_S002,"Llanos de Aridane, Los",58.0,43.0,14.0,1.0,491.0,606.0,81.02310231023102,9.405940594059405
2023,20230101_38024_D03_S003,38024_D03_S003,"Llanos de Aridane, Los",54.0,47.0,18.0,0.0,345.0,464.0,74.35344827586206,14.008620689655173
2023,20230101_38025_D01_S001,38025_D01_S001,"Matanza de Acentejo, La",14.0,142.0,48.0,0.0,714.0,918.0,77.77777777777777,20.697167755991284
2023,20230101_38025_D01_S002,38025_D01_S002,"Matanza de Acentejo, La",9.0,80.0,36.0,0.0,549.0,674.0,81.4540059347181,17.2106824925816
2023,20230101_38025_D01_S003,38025_D01_S003,"Matanza de Acentejo, La",9.0,95.0,36.0,0.0,827.0,967.0,85.52223371251293,13.547052740434333
2023,20230101_38025_D01_S004,38025_D01_S004,"Matanza de Acentejo, La",12.0,93.0,47.0,1.0,811.0,963.0,84.21599169262721,14.537902388369679
2023,20230101_38025_D01_S005,38025_D01_S005,"Matanza de Acentejo, La",9.0,60.0,11.0,0.0,263.0,343.0,76.67638483965014,20.699708454810494
2023,20230101_38026_D01_S001,38026_D01_S001,"Orotava, La",14.0,27.0,25.0,1.0,535.0,601.0,89.01830282861897,8.6522462562396
2023,20230101_38026_D01_S002,38026_D01_S002,"Orotava, La",12.0,40.0,24.0,0.0,648.0,724.0,89.50276243093923,8.839779005524862
2023,20230101_38026_D01_S004,38026_D01_S004,"Orotava, La",10.0,29.0,32.0,0.0,603.0,674.0,89.46587537091987,9.050445103857566
2023,20230101_38026_D02_S001,38026_D02_S001,"Orotava, La",11.0,40.0,25.0,0.0,553.0,629.0,87.91732909379968,10.333863275039745
2023,20230101_38026_D02_S002,38026_D02_S002,"Orotava, La",5.0,50.0,22.0,0.0,434.0,511.0,84.93150684931507,14.090019569471623
2023,20230101_38026_D02_S003,38026_D02_S003,"Orotava, La",13.0,88.0,53.0,0.0,860.0,1014.0,84.81262327416174,13.905325443786982
2023,20230101_38026_D02_S004,38026_D02_S004,"Orotava, La",5.0,26.0,18.0,0.0,382.0,431.0,88.63109048723898,10.208816705336426
2023,20230101_38026_D03_S001,38026_D03_S001,"Orotava, La",22.0,75.0,31.0,0.0,464.0,592.0,78.37837837837837,17.905405405405407
2023,20230101_38026_D03_S002,38026_D03_S002,"Orotava, La",10.0,43.0,32.0,0.0,397.0,482.0,82.36514522821577,15.560165975103734
2023,20230101_38026_D03_S003,38026_D03_S003,"Orotava, La",12.0,54.0,26.0,0.0,642.0,734.0,87.46594005449592,10.899182561307901
2023,20230101_38026_D03_S004,38026_D03_S004,"Orotava, La",17.0,77.0,37.0,0.0,752.0,883.0,85.16421291053227,12.910532276330692
2023,20230101_38026_D03_S005,38026_D03_S005,"Orotava, La",12.0,36.0,29.0,1.0,380.0,457.0,83.15098468271334,14.223194748358862
2023,20230101_38026_D03_S006,38026_D03_S006,"Orotava, La",11.0,59.0,36.0,0.0,677.0,783.0,86.46232439335887,12.132822477650064
2023,20230101_38026_D03_S007,38026_D03_S007,"Orotava, La",5.0,57.0,24.0,0.0,485.0,571.0,84.93870402802102,14.185639229422067
2023,20230101_38026_D04_S001,38026_D04_S001,"Orotava, La",20.0,57.0,26.0,0.0,855.0,958.0,89.24843423799582,8.663883089770355
2023,20230101_38026_D04_S002,38026_D04_S002,"Orotava, La",11.0,58.0,27.0,0.0,501.0,597.0,83.91959798994975,14.23785594639866
2023,20230101_38026_D04_S003,38026_D04_S003,"Orotava, La",11.0,26.0,22.0,0.0,363.0,422.0,86.01895734597156,11.374407582938389
2023,20230101_38026_D04_S004,38026_D04_S004,"Orotava, La",4.0,16.0,16.0,0.0,244.0,280.0,87.14285714285714,11.428571428571429
2023,20230101_38026_D04_S005,38026_D04_S005,"Orotava, La",14.0,33.0,33.0,0.0,708.0,788.0,89.84771573604061,8.375634517766498
2023,20230101_38026_D05_S001,38026_D05_S001,"Orotava, La",18.0,111.0,39.0,0.0,623.0,791.0,78.76106194690266,18.963337547408344
2023,20230101_38026_D05_S002,38026_D05_S002,"Orotava, La",17.0,58.0,35.0,0.0,377.0,487.0,77.41273100616016,19.096509240246405
2023,20230101_38026_D05_S003,38026_D05_S003,"Orotava, La",17.0,101.0,48.0,0.0,603.0,769.0,78.41352405721716,19.375812743823147
2023,20230101_38026_D05_S004,38026_D05_S004,"Orotava, La",8.0,44.0,14.0,0.0,309.0,375.0,82.4,15.466666666666667
2023,20230101_38026_D05_S005,38026_D05_S005,"Orotava, La",11.0,82.0,45.0,0.0,576.0,714.0,80.67226890756302,17.787114845938376
2023,20230101_38026_D06_S001,38026_D06_S001,"Orotava, La",20.0,63.0,5.0,0.0,246.0,334.0,73.65269461077844,20.35928143712575
2023,20230101_38026_D06_S002,38026_D06_S002,"Orotava, La",20.0,81.0,26.0,0.0,330.0,457.0,72.21006564551422,23.41356673960613
2023,20230101_38026_D06_S003,38026_D06_S003,"Orotava, La",8.0,113.0,32.0,0.0,467.0,620.0,75.3225806451613,23.387096774193548
2023,20230101_38026_D06_S004,38026_D06_S004,"Orotava, La",82.0,162.0,24.0,0.0,389.0,657.0,59.208523592085236,28.310502283105023
2023,20230101_38027_D01_S001,38027_D01_S001,"Paso, El",53.0,68.0,32.0,1.0,469.0,622.0,75.40192926045016,16.077170418006432
2023,20230101_38027_D02_S001,38027_D02_S001,"Paso, El",101.0,95.0,45.0,1.0,858.0,1099.0,78.07097361237489,12.738853503184714
2023,20230101_38027_D03_S001,38027_D03_S001,"Paso, El",51.0,51.0,18.0,1.0,407.0,527.0,77.22960151802657,13.092979127134726
2023,20230101_38027_D03_S002,38027_D03_S002,"Paso, El",54.0,48.0,17.0,0.0,424.0,543.0,78.08471454880295,11.970534069981584
2023,20230101_38027_D04_S001,38027_D04_S001,"Paso, El",67.0,50.0,22.0,0.0,409.0,548.0,74.63503649635037,13.138686131386862
2023,20230101_38028_D01_S001,38028_D01_S001,Puerto de la Cruz,1.0,10.0,12.0,0.0,335.0,358.0,93.57541899441341,6.145251396648045
2023,20230101_38028_D01_S002,38028_D01_S002,Puerto de la Cruz,7.0,21.0,16.0,0.0,625.0,669.0,93.42301943198804,5.530642750373692
2023,20230101_38028_D01_S003,38028_D01_S003,Puerto de la Cruz,19.0,39.0,31.0,0.0,1007.0,1096.0,91.87956204379562,6.386861313868613
2023,20230101_38028_D01_S004,38028_D01_S004,Puerto de la Cruz,2.0,35.0,23.0,0.0,894.0,954.0,93.71069182389937,6.079664570230608
2023,20230101_38028_D02_S001,38028_D02_S001,Puerto de la Cruz,3.0,12.0,8.0,0.0,315.0,338.0,93.19526627218934,5.9171597633136095
2023,20230101_38028_D02_S002,38028_D02_S002,Puerto de la Cruz,1.0,8.0,8.0,0.0,246.0,263.0,93.5361216730038,6.083650190114068
2023,20230101_38028_D02_S003,38028_D02_S003,Puerto de la Cruz,7.0,18.0,18.0,0.0,456.0,499.0,91.38276553106212,7.214428857715431
2023,20230101_38028_D02_S004,38028_D02_S004,Puerto de la Cruz,5.0,36.0,20.0,0.0,835.0,896.0,93.19196428571429,6.25
2023,20230101_38028_D02_S005,38028_D02_S005,Puerto de la Cruz,10.0,36.0,32.0,0.0,700.0,778.0,89.97429305912597,8.740359897172237
2023,20230101_38028_D03_S001,38028_D03_S001,Puerto de la Cruz,1.0,15.0,9.0,0.0,359.0,384.0,93.48958333333333,6.25
2023,20230101_38028_D03_S002,38028_D03_S002,Puerto de la Cruz,5.0,21.0,15.0,0.0,359.0,400.0,89.75,9.0
2023,20230101_38028_D03_S003,38028_D03_S003,Puerto de la Cruz,2.0,7.0,19.0,0.0,310.0,338.0,91.71597633136095,7.6923076923076925
2023,20230101_38028_D03_S004,38028_D03_S004,Puerto de la Cruz,6.0,27.0,15.0,0.0,496.0,544.0,91.17647058823529,7.720588235294118
2023,20230101_38028_D03_S005,38028_D03_S005,Puerto de la Cruz,1.0,15.0,13.0,0.0,389.0,418.0,93.0622009569378,6.698564593301436
2023,20230101_38028_D03_S006,38028_D03_S006,Puerto de la Cruz,6.0,13.0,12.0,0.0,360.0,391.0,92.07161125319693,6.3938618925831205
2023,20230101_38028_D04_S001,38028_D04_S001,Puerto de la Cruz,6.0,32.0,15.0,0.0,436.0,489.0,89.16155419222903,9.611451942740286
2023,20230101_38028_D04_S002,38028_D04_S002,Puerto de la Cruz,8.0,30.0,14.0,0.0,365.0,417.0,87.52997601918466,10.551558752997602
2023,20230101_38028_D04_S003,38028_D04_S003,Puerto de la Cruz,13.0,46.0,30.0,0.0,662.0,751.0,88.1491344873502,10.119840213049267
2023,20230101_38028_D04_S004,38028_D04_S004,Puerto de la Cruz,8.0,24.0,20.0,1.0,578.0,630.0,91.74603174603175,6.984126984126984
2023,20230101_38028_D04_S005,38028_D04_S005,Puerto de la Cruz,3.0,19.0,7.0,0.0,250.0,279.0,89.60573476702508,9.31899641577061
2023,20230101_38029_D01_S001,38029_D01_S001,Puntagorda,50.0,73.0,17.0,0.0,280.0,420.0,66.66666666666667,21.428571428571427
2023,20230101_38029_D01_S002,38029_D01_S002,Puntagorda,46.0,49.0,24.0,0.0,300.0,419.0,71.59904534606206,17.422434367541765
2023,20230101_38030_D01_S001,38030_D01_S001,Puntallana,42.0,56.0,24.0,0.0,483.0,605.0,79.83471074380165,13.223140495867769
2023,20230101_38030_D01_S002,38030_D01_S002,Puntallana,54.0,39.0,25.0,0.0,358.0,476.0,75.21008403361344,13.445378151260504
2023,20230101_38031_D01_S001,38031_D01_S001,"Realejos, Los",9.0,35.0,15.0,0.0,304.0,363.0,83.7465564738292,13.774104683195592
2023,20230101_38031_D01_S002,38031_D01_S002,"Realejos, Los",9.0,57.0,55.0,0.0,827.0,948.0,87.23628691983123,11.814345991561181
2023,20230101_38031_D01_S003,38031_D01_S003,"Realejos, Los",9.0,59.0,35.0,0.0,760.0,863.0,88.0648899188876,10.89223638470452
2023,20230101_38031_D01_S004,38031_D01_S004,"Realejos, Los",19.0,59.0,37.0,0.0,891.0,1006.0,88.56858846918489,9.542743538767395
2023,20230101_38031_D01_S005,38031_D01_S005,"Realejos, Los",18.0,71.0,41.0,0.0,605.0,735.0,82.31292517006803,15.238095238095237
2023,20230101_38031_D01_S006,38031_D01_S006,"Realejos, Los",10.0,37.0,25.0,0.0,477.0,549.0,86.88524590163935,11.293260473588342
2023,20230101_38031_D01_S007,38031_D01_S007,"Realejos, Los",9.0,69.0,28.0,0.0,346.0,452.0,76.54867256637168,21.460176991150444
2023,20230101_38031_D01_S008,38031_D01_S008,"Realejos, Los",17.0,44.0,37.0,0.0,603.0,701.0,86.01997146932953,11.554921540656206
2023,20230101_38031_D02_S001,38031_D02_S001,"Realejos, Los",20.0,68.0,39.0,0.0,586.0,713.0,82.18793828892005,15.007012622720898
2023,20230101_38031_D02_S002,38031_D02_S002,"Realejos, Los",9.0,72.0,31.0,0.0,498.0,610.0,81.63934426229508,16.885245901639344
2023,20230101_38031_D02_S003,38031_D02_S003,"Realejos, Los",13.0,64.0,34.0,0.0,429.0,540.0,79.44444444444444,18.14814814814815
2023,20230101_38031_D03_S001,38031_D03_S001,"Realejos, Los",16.0,68.0,26.0,0.0,509.0,619.0,82.22940226171244,15.18578352180937
2023,20230101_38031_D03_S002,38031_D03_S002,"Realejos, Los",15.0,49.0,30.0,0.0,354.0,448.0,79.01785714285714,17.633928571428573
2023,20230101_38031_D03_S003,38031_D03_S003,"Realejos, Los",26.0,70.0,25.0,0.0,507.0,628.0,80.73248407643312,15.127388535031848
2023,20230101_38031_D03_S004,38031_D03_S004,"Realejos, Los",9.0,31.0,19.0,0.0,483.0,542.0,89.11439114391143,9.22509225092251
2023,20230101_38031_D03_S005,38031_D03_S005,"Realejos, Los",25.0,66.0,25.0,0.0,530.0,646.0,82.04334365325077,14.086687306501547
2023,20230101_38031_D04_S001,38031_D04_S001,"Realejos, Los",9.0,40.0,15.0,0.0,549.0,613.0,89.55954323001632,8.97226753670473
2023,20230101_38031_D04_S002,38031_D04_S002,"Realejos, Los",10.0,42.0,28.0,0.0,674.0,754.0,89.38992042440319,9.283819628647215
2023,20230101_38031_D04_S003,38031_D04_S003,"Realejos, Los",7.0,26.0,25.0,0.0,466.0,524.0,88.93129770992367,9.732824427480915
2023,20230101_38031_D04_S004,38031_D04_S004,"Realejos, Los",19.0,36.0,18.0,1.0,514.0,587.0,87.56388415672913,9.199318568994888
2023,20230101_38031_D05_S001,38031_D05_S001,"Realejos, Los",19.0,79.0,11.0,0.0,309.0,418.0,73.92344497607655,21.5311004784689
2023,20230101_38031_D05_S002,38031_D05_S002,"Realejos, Los",41.0,100.0,17.0,0.0,261.0,419.0,62.29116945107398,27.9236276849642
2023,20230101_38031_D05_S003,38031_D05_S003,"Realejos, Los",19.0,74.0,16.0,0.0,255.0,364.0,70.05494505494505,24.725274725274726
2023,20230101_38031_D06_S001,38031_D06_S001,"Realejos, Los",34.0,97.0,32.0,0.0,291.0,454.0,64.09691629955947,28.41409691629956
2023,20230101_38031_D06_S002,38031_D06_S002,"Realejos, Los",66.0,133.0,25.0,0.0,360.0,584.0,61.64383561643836,27.054794520547944
2023,20230101_38032_D01_S001,38032_D01_S001,"Rosario, El",2.0,26.0,22.0,0.0,296.0,346.0,85.54913294797687,13.872832369942197
2023,20230101_38032_D01_S002,38032_D01_S002,"Rosario, El",6.0,17.0,31.0,0.0,251.0,305.0,82.29508196721312,15.737704918032787
2023,20230101_38032_D01_S003,38032_D01_S003,"Rosario, El",10.0,62.0,54.0,0.0,679.0,805.0,84.34782608695652,14.409937888198758
2023,20230101_38032_D01_S004,38032_D01_S004,"Rosario, El",2.0,43.0,43.0,1.0,858.0,946.0,90.69767441860465,9.090909090909092
2023,20230101_38032_D01_S005,38032_D01_S005,"Rosario, El",12.0,32.0,23.0,0.0,254.0,321.0,79.12772585669782,17.133956386292834
2023,20230101_38032_D01_S006,38032_D01_S006,"Rosario, El",5.0,40.0,39.0,0.0,923.0,1007.0,91.6583912611718,7.845084409136048
2023,20230101_38032_D01_S007,38032_D01_S007,"Rosario, El",4.0,42.0,50.0,0.0,528.0,624.0,84.61538461538461,14.743589743589743
2023,20230101_38032_D01_S008,38032_D01_S008,"Rosario, El",3.0,34.0,26.0,0.0,694.0,757.0,91.6776750330251,7.926023778071334
2023,20230101_38032_D01_S009,38032_D01_S009,"Rosario, El",4.0,28.0,18.0,0.0,265.0,315.0,84.12698412698413,14.603174603174603
2023,20230101_38032_D01_S010,38032_D01_S010,"Rosario, El",12.0,51.0,71.0,0.0,564.0,698.0,80.80229226361031,17.478510028653297
2023,20230101_38032_D01_S011,38032_D01_S011,"Rosario, El",4.0,53.0,35.0,0.0,803.0,895.0,89.72067039106145,9.832402234636872
2023,20230101_38032_D01_S012,38032_D01_S012,"Rosario, El",5.0,28.0,30.0,0.0,600.0,663.0,90.49773755656109,8.74811463046757
2023,20230101_38032_D01_S013,38032_D01_S013,"Rosario, El",1.0,26.0,33.0,0.0,458.0,518.0,88.41698841698842,11.38996138996139
2023,20230101_38033_D01_S001,38033_D01_S001,San Andrés y Sauces,67.0,46.0,26.0,0.0,383.0,522.0,73.37164750957854,13.793103448275861
2023,20230101_38033_D01_S002,38033_D01_S002,San Andrés y Sauces,33.0,16.0,18.0,1.0,235.0,302.0,77.81456953642385,11.258278145695364
2023,20230101_38033_D01_S003,38033_D01_S003,San Andrés y Sauces,78.0,44.0,41.0,0.0,405.0,568.0,71.30281690140845,14.964788732394366
2023,20230101_38033_D02_S001,38033_D02_S001,San Andrés y Sauces,88.0,35.0,27.0,2.0,366.0,516.0,70.93023255813954,12.015503875968992
2023,20230101_38034_D01_S001,38034_D01_S001,San Juan de la Rambla,20.0,29.0,14.0,0.0,425.0,488.0,87.09016393442623,8.811475409836065
2023,20230101_38034_D01_S002,38034_D01_S002,San Juan de la Rambla,41.0,80.0,25.0,0.0,589.0,735.0,80.1360544217687,14.285714285714286
2023,20230101_38034_D01_S003,38034_D01_S003,San Juan de la Rambla,16.0,51.0,8.0,0.0,200.0,275.0,72.72727272727273,21.454545454545453
2023,20230101_38034_D01_S004,38034_D01_S004,San Juan de la Rambla,37.0,91.0,21.0,0.0,318.0,467.0,68.09421841541756,23.98286937901499
2023,20230101_38035_D01_S001,38035_D01_S001,San Miguel de Abona,19.0,80.0,54.0,0.0,914.0,1067.0,85.66073102155576,12.558575445173384
2023,20230101_38035_D01_S002,38035_D01_S002,San Miguel de Abona,29.0,52.0,32.0,0.0,764.0,877.0,87.115165336374,9.578107183580387
2023,20230101_38035_D01_S003,38035_D01_S003,San Miguel de Abona,26.0,69.0,61.0,0.0,888.0,1044.0,85.05747126436782,12.452107279693486
2023,20230101_38035_D01_S004,38035_D01_S004,San Miguel de Abona,33.0,133.0,62.0,2.0,2165.0,2393.0,90.47221061429168,8.148767237776848
2023,20230101_38035_D01_S005,38035_D01_S005,San Miguel de Abona,16.0,24.0,38.0,0.0,350.0,428.0,81.77570093457943,14.485981308411215
2023,20230101_38035_D01_S006,38035_D01_S006,San Miguel de Abona,24.0,47.0,20.0,0.0,616.0,707.0,87.12871287128714,9.476661951909477
2023,20230101_38035_D01_S007,38035_D01_S007,San Miguel de Abona,16.0,60.0,37.0,0.0,943.0,1056.0,89.29924242424242,9.18560606060606
2023,20230101_38035_D01_S008,38035_D01_S008,San Miguel de Abona,17.0,47.0,36.0,0.0,1034.0,1134.0,91.18165784832452,7.319223985890653
2023,20230101_38035_D01_S009,38035_D01_S009,San Miguel de Abona,50.0,72.0,47.0,0.0,875.0,1044.0,83.81226053639847,11.398467432950191
2023,20230101_38036_D01_S001,38036_D01_S001,San Sebastián de la Gomera,11.0,51.0,20.0,0.0,568.0,650.0,87.38461538461539,10.923076923076923
2023,20230101_38036_D01_S002,38036_D01_S002,San Sebastián de la Gomera,31.0,74.0,26.0,0.0,711.0,842.0,84.44180522565321,11.876484560570072
2023,20230101_38036_D01_S003,38036_D01_S003,San Sebastián de la Gomera,13.0,30.0,15.0,0.0,276.0,334.0,82.63473053892216,13.47305389221557
2023,20230101_38036_D01_S005,38036_D01_S005,San Sebastián de la Gomera,27.0,75.0,29.0,2.0,739.0,870.0,84.94252873563218,11.954022988505747
2023,20230101_38036_D01_S006,38036_D01_S006,San Sebastián de la Gomera,18.0,46.0,19.0,1.0,507.0,590.0,85.9322033898305,11.016949152542374
2023,20230101_38036_D01_S007,38036_D01_S007,San Sebastián de la Gomera,12.0,48.0,17.0,0.0,292.0,369.0,79.13279132791328,17.615176151761517
2023,20230101_38036_D01_S008,38036_D01_S008,San Sebastián de la Gomera,12.0,40.0,18.0,0.0,576.0,646.0,89.16408668730651,8.978328173374614
2023,20230101_38037_D01_S001,38037_D01_S001,Santa Cruz de la Palma,25.0,28.0,16.0,0.0,507.0,576.0,88.02083333333333,7.638888888888889
2023,20230101_38037_D01_S002,38037_D01_S002,Santa Cruz de la Palma,20.0,43.0,16.0,0.0,389.0,468.0,83.11965811965813,12.606837606837606
2023,20230101_38037_D01_S003,38037_D01_S003,Santa Cruz de la Palma,25.0,63.0,19.0,0.0,822.0,929.0,88.48223896663079,8.82669537136706
2023,20230101_38037_D02_S001,38037_D02_S001,Santa Cruz de la Palma,9.0,13.0,6.0,1.0,319.0,347.0,91.93083573487031,5.475504322766571
2023,20230101_38037_D02_S002,38037_D02_S002,Santa Cruz de la Palma,21.0,33.0,17.0,0.0,511.0,582.0,87.80068728522336,8.59106529209622
2023,20230101_38037_D02_S003,38037_D02_S003,Santa Cruz de la Palma,36.0,53.0,35.0,0.0,920.0,1044.0,88.12260536398468,8.42911877394636
2023,20230101_38037_D02_S005,38037_D02_S005,Santa Cruz de la Palma,3.0,4.0,1.0,0.0,35.0,43.0,81.3953488372093,11.627906976744185
2023,20230101_38037_D03_S001,38037_D03_S001,Santa Cruz de la Palma,10.0,21.0,16.0,0.0,440.0,487.0,90.34907597535934,7.597535934291581
2023,20230101_38037_D03_S002,38037_D03_S002,Santa Cruz de la Palma,25.0,23.0,11.0,0.0,321.0,380.0,84.47368421052632,8.947368421052632
2023,20230101_38037_D03_S003,38037_D03_S003,Santa Cruz de la Palma,21.0,44.0,23.0,0.0,375.0,463.0,80.99352051835854,14.47084233261339
2023,20230101_38037_D03_S004,38037_D03_S004,Santa Cruz de la Palma,34.0,44.0,25.0,1.0,423.0,526.0,80.41825095057034,13.11787072243346
2023,20230101_38037_D03_S005,38037_D03_S005,Santa Cruz de la Palma,37.0,56.0,32.0,0.0,523.0,648.0,80.70987654320987,13.580246913580247
2023,20230101_38038_D01_S001,38038_D01_S001,Santa Cruz de Tenerife,7.0,25.0,24.0,1.0,590.0,646.0,91.3312693498452,7.585139318885449
2023,20230101_38038_D01_S002,38038_D01_S002,Santa Cruz de Tenerife,2.0,10.0,8.0,0.0,406.0,426.0,95.30516431924883,4.225352112676056
2023,20230101_38038_D01_S003,38038_D01_S003,Santa Cruz de Tenerife,3.0,17.0,19.0,1.0,600.0,639.0,93.89671361502347,5.633802816901408
2023,20230101_38038_D01_S004,38038_D01_S004,Santa Cruz de Tenerife,7.0,15.0,5.0,0.0,442.0,469.0,94.24307036247335,4.264392324093817
2023,20230101_38038_D01_S006,38038_D01_S006,Santa Cruz de Tenerife,4.0,18.0,20.0,0.0,800.0,842.0,95.01187648456057,4.513064133016627
2023,20230101_38038_D01_S007,38038_D01_S007,Santa Cruz de Tenerife,1.0,8.0,12.0,0.0,305.0,326.0,93.55828220858896,6.134969325153374
2023,20230101_38038_D01_S008,38038_D01_S008,Santa Cruz de Tenerife,5.0,27.0,44.0,0.0,819.0,895.0,91.50837988826815,7.932960893854749
2023,20230101_38038_D01_S009,38038_D01_S009,Santa Cruz de Tenerife,3.0,12.0,19.0,0.0,424.0,458.0,92.5764192139738,6.7685589519650655
2023,20230101_38038_D01_S010,38038_D01_S010,Santa Cruz de Tenerife,3.0,15.0,22.0,1.0,626.0,666.0,93.993993993994,5.555555555555555
2023,20230101_38038_D01_S011,38038_D01_S011,Santa Cruz de Tenerife,5.0,13.0,19.0,0.0,374.0,411.0,90.99756690997567,7.785888077858881
2023,20230101_38038_D01_S012,38038_D01_S012,Santa Cruz de Tenerife,3.0,26.0,32.0,1.0,762.0,823.0,92.58809234507898,7.047387606318347
2023,20230101_38038_D02_S001,38038_D02_S001,Santa Cruz de Tenerife,4.0,10.0,16.0,1.0,452.0,482.0,93.7759336099585,5.394190871369295
2023,20230101_38038_D02_S002,38038_D02_S002,Santa Cruz de Tenerife,4.0,8.0,9.0,0.0,397.0,418.0,94.97607655502392,4.0669856459330145
2023,20230101_38038_D02_S003,38038_D02_S003,Santa Cruz de Tenerife,3.0,22.0,16.0,1.0,544.0,585.0,92.99145299145299,6.495726495726496
2023,20230101_38038_D02_S004,38038_D02_S004,Santa Cruz de Tenerife,3.0,15.0,12.0,0.0,336.0,366.0,91.80327868852459,7.377049180327869
2023,20230101_38038_D02_S005,38038_D02_S005,Santa Cruz de Tenerife,2.0,22.0,17.0,2.0,646.0,687.0,94.0320232896652,5.676855895196507
2023,20230101_38038_D02_S006,38038_D02_S006,Santa Cruz de Tenerife,4.0,15.0,21.0,1.0,716.0,756.0,94.70899470899471,4.761904761904762
2023,20230101_38038_D02_S007,38038_D02_S007,Santa Cruz de Tenerife,0.0,9.0,10.0,0.0,318.0,337.0,94.3620178041543,5.637982195845697
2023,20230101_38038_D02_S008,38038_D02_S008,Santa Cruz de Tenerife,4.0,12.0,13.0,0.0,492.0,521.0,94.43378119001919,4.798464491362764
2023,20230101_38038_D02_S009,38038_D02_S009,Santa Cruz de Tenerife,2.0,21.0,16.0,0.0,750.0,789.0,95.05703422053232,4.689480354879595
2023,20230101_38038_D03_S001,38038_D03_S001,Santa Cruz de Tenerife,2.0,29.0,25.0,0.0,578.0,634.0,91.16719242902208,8.517350157728707
2023,20230101_38038_D03_S002,38038_D03_S002,Santa Cruz de Tenerife,4.0,12.0,6.0,0.0,377.0,399.0,94.48621553884712,4.511278195488722
2023,20230101_38038_D03_S003,38038_D03_S003,Santa Cruz de Tenerife,1.0,13.0,14.0,0.0,606.0,634.0,95.58359621451105,4.2586750788643535
2023,20230101_38038_D03_S004,38038_D03_S004,Santa Cruz de Tenerife,4.0,10.0,15.0,0.0,261.0,290.0,90.0,8.620689655172415
2023,20230101_38038_D03_S005,38038_D03_S005,Santa Cruz de Tenerife,3.0,17.0,14.0,1.0,556.0,590.0,94.23728813559322,5.254237288135593
2023,20230101_38038_D03_S006,38038_D03_S006,Santa Cruz de Tenerife,0.0,6.0,5.0,1.0,284.0,295.0,96.27118644067797,3.7288135593220337
2023,20230101_38038_D03_S007,38038_D03_S007,Santa Cruz de Tenerife,3.0,11.0,19.0,0.0,345.0,378.0,91.26984126984127,7.936507936507937
2023,20230101_38038_D03_S008,38038_D03_S008,Santa Cruz de Tenerife,3.0,21.0,19.0,0.0,430.0,473.0,90.9090909090909,8.456659619450317
2023,20230101_38038_D03_S009,38038_D03_S009,Santa Cruz de Tenerife,3.0,28.0,20.0,0.0,521.0,572.0,91.08391608391608,8.391608391608392
2023,20230101_38038_D03_S010,38038_D03_S010,Santa Cruz de Tenerife,2.0,16.0,10.0,0.0,311.0,339.0,91.74041297935104,7.669616519174041
2023,20230101_38038_D03_S011,38038_D03_S011,Santa Cruz de Tenerife,2.0,9.0,13.0,0.0,451.0,475.0,94.94736842105263,4.631578947368421
2023,20230101_38038_D03_S013,38038_D03_S013,Santa Cruz de Tenerife,3.0,17.0,13.0,0.0,487.0,520.0,93.65384615384616,5.769230769230769
2023,20230101_38038_D03_S014,38038_D03_S014,Santa Cruz de Tenerife,7.0,19.0,23.0,0.0,557.0,606.0,91.91419141914191,6.930693069306931
2023,20230101_38038_D03_S015,38038_D03_S015,Santa Cruz de Tenerife,9.0,22.0,18.0,0.0,517.0,566.0,91.34275618374558,7.067137809187279
2023,20230101_38038_D03_S016,38038_D03_S016,Santa Cruz de Tenerife,2.0,20.0,9.0,1.0,339.0,370.0,91.62162162162163,7.837837837837838
2023,20230101_38038_D03_S017,38038_D03_S017,Santa Cruz de Tenerife,2.0,12.0,13.0,0.0,325.0,352.0,92.32954545454545,7.1022727272727275
2023,20230101_38038_D03_S018,38038_D03_S018,Santa Cruz de Tenerife,1.0,13.0,8.0,0.0,314.0,336.0,93.45238095238095,6.25
2023,20230101_38038_D03_S019,38038_D03_S019,Santa Cruz de Tenerife,2.0,19.0,20.0,0.0,430.0,471.0,91.29511677282377,8.280254777070065
2023,20230101_38038_D03_S020,38038_D03_S020,Santa Cruz de Tenerife,1.0,22.0,20.0,0.0,686.0,729.0,94.10150891632374,5.761316872427984
2023,20230101_38038_D03_S021,38038_D03_S021,Santa Cruz de Tenerife,4.0,23.0,23.0,1.0,759.0,809.0,93.8195302843016,5.686032138442521
2023,20230101_38038_D04_S001,38038_D04_S001,Santa Cruz de Tenerife,2.0,24.0,9.0,0.0,159.0,194.0,81.95876288659794,17.010309278350515
2023,20230101_38038_D04_S002,38038_D04_S002,Santa Cruz de Tenerife,1.0,36.0,12.0,0.0,280.0,329.0,85.1063829787234,14.589665653495441
2023,20230101_38038_D04_S003,38038_D04_S003,Santa Cruz de Tenerife,13.0,36.0,16.0,0.0,421.0,486.0,86.62551440329219,10.699588477366255
2023,20230101_38038_D04_S004,38038_D04_S004,Santa Cruz de Tenerife,7.0,31.0,16.0,0.0,344.0,398.0,86.4321608040201,11.809045226130653
2023,20230101_38038_D04_S005,38038_D04_S005,Santa Cruz de Tenerife,5.0,42.0,17.0,0.0,351.0,415.0,84.57831325301204,14.216867469879517
2023,20230101_38038_D04_S006,38038_D04_S006,Santa Cruz de Tenerife,8.0,30.0,23.0,0.0,387.0,448.0,86.38392857142857,11.830357142857142
2023,20230101_38038_D04_S007,38038_D04_S007,Santa Cruz de Tenerife,4.0,19.0,16.0,0.0,309.0,348.0,88.79310344827586,10.057471264367816
2023,20230101_38038_D04_S009,38038_D04_S009,Santa Cruz de Tenerife,5.0,32.0,22.0,0.0,428.0,487.0,87.88501026694045,11.08829568788501
2023,20230101_38038_D04_S011,38038_D04_S011,Santa Cruz de Tenerife,5.0,25.0,18.0,0.0,358.0,406.0,88.17733990147784,10.591133004926109
2023,20230101_38038_D04_S012,38038_D04_S012,Santa Cruz de Tenerife,2.0,18.0,14.0,0.0,292.0,326.0,89.57055214723927,9.815950920245399
2023,20230101_38038_D04_S014,38038_D04_S014,Santa Cruz de Tenerife,1.0,17.0,11.0,0.0,254.0,283.0,89.75265017667844,9.89399293286219
2023,20230101_38038_D04_S015,38038_D04_S015,Santa Cruz de Tenerife,3.0,34.0,5.0,0.0,207.0,249.0,83.13253012048193,15.662650602409638
2023,20230101_38038_D05_S001,38038_D05_S001,Santa Cruz de Tenerife,9.0,18.0,19.0,0.0,563.0,609.0,92.44663382594418,6.075533661740558
2023,20230101_38038_D05_S002,38038_D05_S002,Santa Cruz de Tenerife,9.0,18.0,19.0,0.0,673.0,719.0,93.60222531293464,5.1460361613351875
2023,20230101_38038_D05_S003,38038_D05_S003,Santa Cruz de Tenerife,11.0,14.0,24.0,0.0,495.0,544.0,90.99264705882354,6.985294117647059
2023,20230101_38038_D05_S004,38038_D05_S004,Santa Cruz de Tenerife,7.0,14.0,18.0,0.0,393.0,432.0,90.97222222222223,7.407407407407407
2023,20230101_38038_D05_S005,38038_D05_S005,Santa Cruz de Tenerife,1.0,20.0,16.0,0.0,587.0,624.0,94.07051282051282,5.769230769230769
2023,20230101_38038_D05_S006,38038_D05_S006,Santa Cruz de Tenerife,6.0,16.0,23.0,0.0,530.0,575.0,92.17391304347827,6.782608695652174
2023,20230101_38038_D05_S007,38038_D05_S007,Santa Cruz de Tenerife,3.0,25.0,19.0,1.0,495.0,542.0,91.32841328413284,8.118081180811808
2023,20230101_38038_D05_S008,38038_D05_S008,Santa Cruz de Tenerife,5.0,22.0,22.0,0.0,553.0,602.0,91.86046511627907,7.308970099667774
2023,20230101_38038_D05_S009,38038_D05_S009,Santa Cruz de Tenerife,12.0,21.0,14.0,0.0,434.0,481.0,90.22869022869023,7.276507276507276
2023,20230101_38038_D05_S010,38038_D05_S010,Santa Cruz de Tenerife,10.0,32.0,19.0,0.0,615.0,676.0,90.97633136094674,7.544378698224852
2023,20230101_38038_D05_S011,38038_D05_S011,Santa Cruz de Tenerife,2.0,7.0,7.0,0.0,336.0,352.0,95.45454545454545,3.977272727272727
2023,20230101_38038_D05_S012,38038_D05_S012,Santa Cruz de Tenerife,9.0,17.0,16.0,0.0,765.0,807.0,94.79553903345725,4.089219330855019
2023,20230101_38038_D05_S013,38038_D05_S013,Santa Cruz de Tenerife,7.0,24.0,10.0,0.0,429.0,470.0,91.27659574468085,7.23404255319149
2023,20230101_38038_D05_S014,38038_D05_S014,Santa Cruz de Tenerife,9.0,22.0,13.0,0.0,509.0,553.0,92.04339963833635,6.329113924050633
2023,20230101_38038_D05_S015,38038_D05_S015,Santa Cruz de Tenerife,0.0,9.0,6.0,0.0,319.0,334.0,95.50898203592814,4.491017964071856
2023,20230101_38038_D06_S001,38038_D06_S001,Santa Cruz de Tenerife,2.0,21.0,12.0,0.0,561.0,596.0,94.12751677852349,5.5369127516778525
2023,20230101_38038_D06_S002,38038_D06_S002,Santa Cruz de Tenerife,2.0,4.0,9.0,0.0,294.0,309.0,95.14563106796116,4.207119741100324
2023,20230101_38038_D06_S003,38038_D06_S003,Santa Cruz de Tenerife,8.0,23.0,18.0,0.0,384.0,433.0,88.68360277136259,9.468822170900692
2023,20230101_38038_D06_S004,38038_D06_S004,Santa Cruz de Tenerife,13.0,19.0,12.0,0.0,301.0,345.0,87.2463768115942,8.985507246376812
2023,20230101_38038_D06_S005,38038_D06_S005,Santa Cruz de Tenerife,3.0,18.0,14.0,0.0,386.0,421.0,91.68646080760095,7.600950118764845
2023,20230101_38038_D06_S006,38038_D06_S006,Santa Cruz de Tenerife,1.0,11.0,16.0,0.0,238.0,266.0,89.47368421052632,10.150375939849624
2023,20230101_38038_D06_S007,38038_D06_S007,Santa Cruz de Tenerife,3.0,37.0,34.0,0.0,864.0,938.0,92.11087420042644,7.569296375266524
2023,20230101_38038_D06_S008,38038_D06_S008,Santa Cruz de Tenerife,4.0,22.0,15.0,0.0,390.0,431.0,90.48723897911833,8.584686774941995
2023,20230101_38038_D06_S010,38038_D06_S010,Santa Cruz de Tenerife,1.0,20.0,17.0,0.0,377.0,415.0,90.8433734939759,8.91566265060241
2023,20230101_38038_D06_S011,38038_D06_S011,Santa Cruz de Tenerife,4.0,21.0,10.0,0.0,372.0,407.0,91.4004914004914,7.616707616707616
2023,20230101_38038_D06_S012,38038_D06_S012,Santa Cruz de Tenerife,5.0,22.0,16.0,1.0,576.0,619.0,93.05331179321486,6.138933764135703
2023,20230101_38038_D06_S013,38038_D06_S013,Santa Cruz de Tenerife,5.0,21.0,10.0,1.0,357.0,393.0,90.83969465648855,7.888040712468193
2023,20230101_38038_D06_S014,38038_D06_S014,Santa Cruz de Tenerife,4.0,29.0,18.0,0.0,409.0,460.0,88.91304347826087,10.217391304347826
2023,20230101_38038_D06_S016,38038_D06_S016,Santa Cruz de Tenerife,5.0,30.0,8.0,0.0,256.0,299.0,85.61872909698997,12.709030100334449
2023,20230101_38038_D06_S017,38038_D06_S017,Santa Cruz de Tenerife,8.0,30.0,13.0,0.0,414.0,465.0,89.03225806451613,9.24731182795699
2023,20230101_38038_D06_S018,38038_D06_S018,Santa Cruz de Tenerife,1.0,14.0,13.0,0.0,370.0,398.0,92.96482412060301,6.78391959798995
2023,20230101_38038_D06_S019,38038_D06_S019,Santa Cruz de Tenerife,7.0,17.0,17.0,0.0,382.0,423.0,90.30732860520095,8.037825059101655
2023,20230101_38038_D06_S020,38038_D06_S020,Santa Cruz de Tenerife,3.0,24.0,13.0,0.0,349.0,389.0,89.7172236503856,9.511568123393316
2023,20230101_38038_D06_S021,38038_D06_S021,Santa Cruz de Tenerife,2.0,36.0,20.0,0.0,509.0,567.0,89.77072310405644,9.876543209876543
2023,20230101_38038_D06_S022,38038_D06_S022,Santa Cruz de Tenerife,3.0,24.0,28.0,0.0,811.0,866.0,93.64896073903002,6.0046189376443415
2023,20230101_38038_D06_S023,38038_D06_S023,Santa Cruz de Tenerife,4.0,16.0,10.0,0.0,336.0,366.0,91.80327868852459,7.103825136612022
2023,20230101_38038_D06_S025,38038_D06_S025,Santa Cruz de Tenerife,9.0,34.0,31.0,0.0,811.0,885.0,91.63841807909604,7.344632768361582
2023,20230101_38038_D06_S026,38038_D06_S026,Santa Cruz de Tenerife,1.0,15.0,7.0,0.0,227.0,250.0,90.8,8.8
2023,20230101_38038_D06_S028,38038_D06_S028,Santa Cruz de Tenerife,9.0,19.0,27.0,0.0,624.0,679.0,91.899852724595,6.774668630338733
2023,20230101_38038_D06_S029,38038_D06_S029,Santa Cruz de Tenerife,2.0,4.0,2.0,0.0,124.0,132.0,93.93939393939394,4.545454545454546
2023,20230101_38038_D07_S001,38038_D07_S001,Santa Cruz de Tenerife,4.0,19.0,44.0,0.0,700.0,767.0,91.26466753585397,8.213820078226858
2023,20230101_38038_D07_S002,38038_D07_S002,Santa Cruz de Tenerife,15.0,31.0,32.0,0.0,507.0,585.0,86.66666666666667,10.76923076923077
2023,20230101_38038_D07_S003,38038_D07_S003,Santa Cruz de Tenerife,10.0,27.0,39.0,0.0,596.0,672.0,88.69047619047619,9.821428571428571
2023,20230101_38038_D07_S004,38038_D07_S004,Santa Cruz de Tenerife,1.0,18.0,12.0,0.0,214.0,245.0,87.34693877551021,12.244897959183673
2023,20230101_38038_D07_S005,38038_D07_S005,Santa Cruz de Tenerife,0.0,27.0,26.0,1.0,286.0,339.0,84.36578171091445,15.634218289085545
2023,20230101_38038_D07_S006,38038_D07_S006,Santa Cruz de Tenerife,6.0,23.0,21.0,0.0,385.0,435.0,88.50574712643679,10.114942528735632
2023,20230101_38038_D07_S007,38038_D07_S007,Santa Cruz de Tenerife,7.0,27.0,22.0,0.0,422.0,478.0,88.28451882845188,10.251046025104603
2023,20230101_38038_D07_S009,38038_D07_S009,Santa Cruz de Tenerife,5.0,16.0,35.0,0.0,449.0,505.0,88.91089108910892,10.099009900990099
2023,20230101_38038_D08_S001,38038_D08_S001,Santa Cruz de Tenerife,11.0,45.0,26.0,0.0,305.0,387.0,78.81136950904393,18.34625322997416
2023,20230101_38038_D09_S001,38038_D09_S001,Santa Cruz de Tenerife,4.0,26.0,13.0,0.0,335.0,378.0,88.62433862433862,10.317460317460318
2023,20230101_38038_D09_S002,38038_D09_S002,Santa Cruz de Tenerife,1.0,14.0,13.0,0.0,229.0,257.0,89.10505836575875,10.505836575875486
2023,20230101_38038_D09_S003,38038_D09_S003,Santa Cruz de Tenerife,2.0,27.0,24.0,0.0,348.0,401.0,86.78304239401496,12.718204488778055
2023,20230101_38038_D09_S006,38038_D09_S006,Santa Cruz de Tenerife,6.0,32.0,21.0,0.0,405.0,464.0,87.28448275862068,11.422413793103448
2023,20230101_38038_D09_S007,38038_D09_S007,Santa Cruz de Tenerife,2.0,26.0,18.0,0.0,286.0,332.0,86.144578313253,13.25301204819277
2023,20230101_38038_D09_S009,38038_D09_S009,Santa Cruz de Tenerife,4.0,27.0,19.0,0.0,446.0,496.0,89.91935483870968,9.274193548387096
2023,20230101_38038_D09_S010,38038_D09_S010,Santa Cruz de Tenerife,0.0,25.0,22.0,0.0,368.0,415.0,88.67469879518072,11.325301204819278
2023,20230101_38038_D09_S011,38038_D09_S011,Santa Cruz de Tenerife,6.0,20.0,22.0,0.0,324.0,372.0,87.09677419354838,11.290322580645162
2023,20230101_38038_D09_S012,38038_D09_S012,Santa Cruz de Tenerife,6.0,47.0,26.0,0.0,547.0,626.0,87.38019169329074,11.661341853035143
2023,20230101_38038_D09_S014,38038_D09_S014,Santa Cruz de Tenerife,1.0,19.0,7.0,0.0,257.0,284.0,90.49295774647888,9.154929577464788
2023,20230101_38038_D09_S015,38038_D09_S015,Santa Cruz de Tenerife,3.0,15.0,13.0,0.0,296.0,327.0,90.51987767584097,8.562691131498472
2023,20230101_38038_D09_S016,38038_D09_S016,Santa Cruz de Tenerife,5.0,26.0,10.0,0.0,323.0,364.0,88.73626373626374,9.89010989010989
2023,20230101_38038_D09_S018,38038_D09_S018,Santa Cruz de Tenerife,3.0,10.0,15.0,0.0,205.0,233.0,87.98283261802575,10.729613733905579
2023,20230101_38038_D09_S019,38038_D09_S019,Santa Cruz de Tenerife,5.0,29.0,25.0,0.0,525.0,584.0,89.8972602739726,9.246575342465754
2023,20230101_38038_D09_S021,38038_D09_S021,Santa Cruz de Tenerife,4.0,22.0,16.0,0.0,264.0,306.0,86.27450980392157,12.418300653594772
2023,20230101_38038_D09_S022,38038_D09_S022,Santa Cruz de Tenerife,3.0,27.0,20.0,0.0,397.0,447.0,88.81431767337807,10.51454138702461
2023,20230101_38038_D10_S001,38038_D10_S001,Santa Cruz de Tenerife,2.0,21.0,21.0,0.0,243.0,287.0,84.66898954703832,14.634146341463415
2023,20230101_38038_D10_S002,38038_D10_S002,Santa Cruz de Tenerife,1.0,22.0,15.0,0.0,305.0,343.0,88.92128279883381,10.787172011661808
2023,20230101_38038_D10_S003,38038_D10_S003,Santa Cruz de Tenerife,2.0,23.0,14.0,0.0,338.0,377.0,89.65517241379311,9.814323607427056
2023,20230101_38038_D10_S004,38038_D10_S004,Santa Cruz de Tenerife,2.0,13.0,15.0,0.0,193.0,223.0,86.54708520179372,12.556053811659194
2023,20230101_38038_D10_S005,38038_D10_S005,Santa Cruz de Tenerife,4.0,18.0,10.0,0.0,235.0,267.0,88.01498127340824,10.486891385767791
2023,20230101_38038_D10_S006,38038_D10_S006,Santa Cruz de Tenerife,8.0,20.0,20.0,0.0,530.0,578.0,91.6955017301038,6.920415224913495
2023,20230101_38038_D10_S007,38038_D10_S007,Santa Cruz de Tenerife,2.0,18.0,15.0,0.0,323.0,358.0,90.22346368715084,9.217877094972067
2023,20230101_38038_D10_S008,38038_D10_S008,Santa Cruz de Tenerife,1.0,21.0,15.0,0.0,324.0,361.0,89.75069252077563,9.97229916897507
2023,20230101_38038_D10_S009,38038_D10_S009,Santa Cruz de Tenerife,2.0,26.0,16.0,0.0,282.0,326.0,86.50306748466258,12.883435582822086
2023,20230101_38038_D10_S010,38038_D10_S010,Santa Cruz de Tenerife,2.0,12.0,14.0,0.0,213.0,241.0,88.38174273858921,10.78838174273859
2023,20230101_38038_D10_S011,38038_D10_S011,Santa Cruz de Tenerife,2.0,14.0,18.0,0.0,475.0,509.0,93.32023575638507,6.286836935166994
2023,20230101_38038_D10_S012,38038_D10_S012,Santa Cruz de Tenerife,5.0,18.0,20.0,0.0,298.0,341.0,87.3900293255132,11.143695014662757
2023,20230101_38038_D10_S013,38038_D10_S013,Santa Cruz de Tenerife,4.0,9.0,6.0,0.0,196.0,215.0,91.16279069767442,6.976744186046512
2023,20230101_38038_D10_S014,38038_D10_S014,Santa Cruz de Tenerife,0.0,21.0,10.0,1.0,328.0,359.0,91.36490250696379,8.635097493036211
2023,20230101_38038_D10_S015,38038_D10_S015,Santa Cruz de Tenerife,1.0,15.0,15.0,0.0,404.0,435.0,92.8735632183908,6.896551724137931
2023,20230101_38038_D10_S016,38038_D10_S016,Santa Cruz de Tenerife,4.0,21.0,19.0,0.0,404.0,448.0,90.17857142857143,8.928571428571429
2023,20230101_38038_D11_S001,38038_D11_S001,Santa Cruz de Tenerife,3.0,59.0,31.0,0.0,545.0,638.0,85.42319749216301,14.106583072100314
2023,20230101_38038_D11_S002,38038_D11_S002,Santa Cruz de Tenerife,9.0,44.0,57.0,0.0,706.0,816.0,86.51960784313725,12.377450980392156
2023,20230101_38038_D11_S003,38038_D11_S003,Santa Cruz de Tenerife,5.0,57.0,56.0,0.0,1130.0,1248.0,90.5448717948718,9.054487179487179
2023,20230101_38038_D11_S004,38038_D11_S004,Santa Cruz de Tenerife,5.0,64.0,47.0,0.0,799.0,915.0,87.3224043715847,12.131147540983607
2023,20230101_38038_D11_S005,38038_D11_S005,Santa Cruz de Tenerife,3.0,38.0,40.0,0.0,446.0,527.0,84.62998102466793,14.800759013282732
2023,20230101_38038_D11_S006,38038_D11_S006,Santa Cruz de Tenerife,4.0,68.0,36.0,0.0,685.0,793.0,86.38083228247163,13.114754098360656
2023,20230101_38038_D11_S007,38038_D11_S007,Santa Cruz de Tenerife,3.0,44.0,29.0,0.0,472.0,548.0,86.13138686131387,13.321167883211679
2023,20230101_38038_D11_S008,38038_D11_S008,Santa Cruz de Tenerife,5.0,32.0,36.0,0.0,550.0,623.0,88.28250401284109,10.914927768860354
2023,20230101_38038_D11_S009,38038_D11_S009,Santa Cruz de Tenerife,3.0,27.0,22.0,0.0,389.0,441.0,88.20861678004535,11.11111111111111
2023,20230101_38038_D11_S010,38038_D11_S010,Santa Cruz de Tenerife,8.0,36.0,26.0,0.0,541.0,611.0,88.54337152209493,10.147299509001636
2023,20230101_38038_D11_S011,38038_D11_S011,Santa Cruz de Tenerife,5.0,26.0,7.0,0.0,302.0,340.0,88.82352941176471,9.705882352941176
2023,20230101_38038_D11_S012,38038_D11_S012,Santa Cruz de Tenerife,3.0,39.0,19.0,0.0,481.0,542.0,88.74538745387454,10.70110701107011
2023,20230101_38038_D11_S013,38038_D11_S013,Santa Cruz de Tenerife,5.0,51.0,40.0,0.0,676.0,772.0,87.56476683937824,11.787564766839377
2023,20230101_38038_D11_S014,38038_D11_S014,Santa Cruz de Tenerife,1.0,21.0,28.0,0.0,518.0,568.0,91.19718309859155,8.626760563380282
2023,20230101_38038_D11_S015,38038_D11_S015,Santa Cruz de Tenerife,3.0,53.0,39.0,0.0,567.0,662.0,85.64954682779457,13.897280966767372
2023,20230101_38038_D11_S016,38038_D11_S016,Santa Cruz de Tenerife,12.0,14.0,17.0,0.0,295.0,338.0,87.27810650887574,9.171597633136095
2023,20230101_38038_D11_S017,38038_D11_S017,Santa Cruz de Tenerife,2.0,26.0,19.0,0.0,380.0,427.0,88.99297423887587,10.53864168618267
2023,20230101_38038_D11_S018,38038_D11_S018,Santa Cruz de Tenerife,1.0,36.0,40.0,0.0,773.0,850.0,90.94117647058823,8.941176470588236
2023,20230101_38038_D11_S019,38038_D11_S019,Santa Cruz de Tenerife,4.0,41.0,28.0,0.0,446.0,519.0,85.9344894026975,13.294797687861271
2023,20230101_38038_D11_S020,38038_D11_S020,Santa Cruz de Tenerife,5.0,35.0,33.0,0.0,662.0,735.0,90.06802721088435,9.251700680272108
2023,20230101_38038_D11_S021,38038_D11_S021,Santa Cruz de Tenerife,3.0,32.0,57.0,0.0,979.0,1071.0,91.40989729225024,8.30999066293184
2023,20230101_38038_D12_S001,38038_D12_S001,Santa Cruz de Tenerife,6.0,62.0,47.0,1.0,582.0,697.0,83.50071736011478,15.63845050215208
2023,20230101_38038_D12_S002,38038_D12_S002,Santa Cruz de Tenerife,7.0,49.0,67.0,0.0,752.0,875.0,85.94285714285714,13.257142857142858
2023,20230101_38038_D12_S003,38038_D12_S003,Santa Cruz de Tenerife,0.0,19.0,22.0,0.0,296.0,337.0,87.83382789317507,12.166172106824925
2023,20230101_38038_D12_S004,38038_D12_S004,Santa Cruz de Tenerife,4.0,37.0,26.0,0.0,444.0,511.0,86.88845401174169,12.32876712328767
2023,20230101_38038_D12_S005,38038_D12_S005,Santa Cruz de Tenerife,3.0,76.0,71.0,0.0,882.0,1032.0,85.46511627906976,14.244186046511627
2023,20230101_38038_D12_S006,38038_D12_S006,Santa Cruz de Tenerife,2.0,49.0,43.0,0.0,625.0,719.0,86.92628650904034,12.795549374130736
2023,20230101_38038_D12_S007,38038_D12_S007,Santa Cruz de Tenerife,6.0,25.0,32.0,0.0,334.0,397.0,84.1309823677582,14.357682619647354
2023,20230101_38038_D12_S008,38038_D12_S008,Santa Cruz de Tenerife,8.0,59.0,54.0,0.0,922.0,1043.0,88.39884947267498,10.834132310642378
2023,20230101_38038_D12_S009,38038_D12_S009,Santa Cruz de Tenerife,7.0,45.0,64.0,0.0,941.0,1057.0,89.02554399243141,10.312204351939451
2023,20230101_38038_D12_S010,38038_D12_S010,Santa Cruz de Tenerife,5.0,29.0,35.0,0.0,712.0,781.0,91.1651728553137,8.194622279129321
2023,20230101_38038_D12_S011,38038_D12_S011,Santa Cruz de Tenerife,2.0,46.0,44.0,0.0,760.0,852.0,89.2018779342723,10.56338028169014
2023,20230101_38039_D01_S001,38039_D01_S001,Santa Úrsula,10.0,99.0,40.0,0.0,621.0,770.0,80.64935064935065,18.051948051948052
2023,20230101_38039_D01_S002,38039_D01_S002,Santa Úrsula,13.0,100.0,20.0,0.0,497.0,630.0,78.88888888888889,19.047619047619047
2023,20230101_38039_D01_S003,38039_D01_S003,Santa Úrsula,17.0,83.0,24.0,0.0,419.0,543.0,77.16390423572744,19.70534069981584
2023,20230101_38039_D01_S004,38039_D01_S004,Santa Úrsula,9.0,51.0,34.0,1.0,693.0,787.0,88.0559085133418,10.800508259212199
2023,20230101_38039_D01_S005,38039_D01_S005,Santa Úrsula,7.0,63.0,21.0,0.0,448.0,539.0,83.11688311688312,15.584415584415584
2023,20230101_38039_D01_S006,38039_D01_S006,Santa Úrsula,11.0,72.0,24.0,0.0,639.0,746.0,85.656836461126,12.868632707774799
2023,20230101_38039_D01_S007,38039_D01_S007,Santa Úrsula,10.0,70.0,47.0,0.0,679.0,806.0,84.24317617866005,14.516129032258064
2023,20230101_38039_D01_S008,38039_D01_S008,Santa Úrsula,5.0,50.0,24.0,0.0,394.0,473.0,83.29809725158562,15.644820295983086
2023,20230101_38039_D01_S009,38039_D01_S009,Santa Úrsula,8.0,39.0,35.0,0.0,951.0,1033.0,92.06195546950629,7.163601161665054
2023,20230101_38040_D01_S001,38040_D01_S001,Santiago del Teide,22.0,50.0,35.0,0.0,529.0,636.0,83.17610062893081,13.364779874213836
2023,20230101_38040_D01_S002,38040_D01_S002,Santiago del Teide,33.0,52.0,16.0,0.0,1039.0,1140.0,91.14035087719299,5.964912280701754
2023,20230101_38040_D01_S003,38040_D01_S003,Santiago del Teide,52.0,77.0,31.0,1.0,1061.0,1221.0,86.8959868959869,8.845208845208845
2023,20230101_38040_D01_S004,38040_D01_S004,Santiago del Teide,28.0,71.0,31.0,1.0,1313.0,1443.0,90.990990990991,7.0686070686070686
2023,20230101_38041_D01_S001,38041_D01_S001,"Sauzal, El",8.0,56.0,35.0,0.0,701.0,800.0,87.625,11.375
2023,20230101_38041_D01_S002,38041_D01_S002,"Sauzal, El",7.0,38.0,39.0,0.0,302.0,386.0,78.23834196891191,19.94818652849741
2023,20230101_38041_D01_S003,38041_D01_S003,"Sauzal, El",16.0,77.0,34.0,0.0,400.0,527.0,75.90132827324479,21.062618595825427
2023,20230101_38041_D01_S004,38041_D01_S004,"Sauzal, El",4.0,46.0,24.0,0.0,625.0,699.0,89.4134477825465,10.014306151645208
2023,20230101_38041_D01_S005,38041_D01_S005,"Sauzal, El",4.0,59.0,37.0,0.0,630.0,730.0,86.3013698630137,13.150684931506849
2023,20230101_38041_D01_S006,38041_D01_S006,"Sauzal, El",25.0,71.0,46.0,0.0,451.0,593.0,76.05396290050591,19.73018549747049
2023,20230101_38042_D01_S001,38042_D01_S001,"Silos, Los",78.0,32.0,14.0,0.0,374.0,498.0,75.1004016064257,9.236947791164658
2023,20230101_38042_D01_S002,38042_D01_S002,"Silos, Los",79.0,32.0,16.0,0.0,284.0,411.0,69.09975669099757,11.678832116788321
2023,20230101_38042_D01_S003,38042_D01_S003,"Silos, Los",62.0,24.0,8.0,0.0,289.0,383.0,75.45691906005221,8.355091383812011
2023,20230101_38042_D01_S004,38042_D01_S004,"Silos, Los",98.0,22.0,12.0,0.0,254.0,386.0,65.80310880829016,8.808290155440414
2023,20230101_38043_D01_S001,38043_D01_S001,Tacoronte,11.0,55.0,41.0,0.0,744.0,851.0,87.42655699177438,11.280846063454758
2023,20230101_38043_D01_S002,38043_D01_S002,Tacoronte,26.0,76.0,45.0,1.0,600.0,747.0,80.32128514056225,16.198125836680052
2023,20230101_38043_D01_S003,38043_D01_S003,Tacoronte,17.0,48.0,41.0,0.0,612.0,718.0,85.23676880222841,12.395543175487465
2023,20230101_38043_D01_S004,38043_D01_S004,Tacoronte,7.0,61.0,31.0,0.0,363.0,462.0,78.57142857142857,19.913419913419915
2023,20230101_38043_D01_S005,38043_D01_S005,Tacoronte,15.0,76.0,36.0,0.0,546.0,673.0,81.12927191679049,16.641901931649333
2023,20230101_38043_D01_S006,38043_D01_S006,Tacoronte,6.0,26.0,17.0,0.0,274.0,323.0,84.82972136222911,13.312693498452012
2023,20230101_38043_D01_S007,38043_D01_S007,Tacoronte,13.0,60.0,42.0,0.0,537.0,652.0,82.36196319018404,15.644171779141104
2023,20230101_38043_D01_S008,38043_D01_S008,Tacoronte,12.0,41.0,38.0,0.0,576.0,667.0,86.3568215892054,11.84407796101949
2023,20230101_38043_D01_S009,38043_D01_S009,Tacoronte,48.0,88.0,47.0,0.0,840.0,1023.0,82.11143695014663,13.196480938416423
2023,20230101_38043_D01_S010,38043_D01_S010,Tacoronte,10.0,54.0,34.0,0.0,603.0,701.0,86.01997146932953,12.553495007132668
2023,20230101_38043_D01_S011,38043_D01_S011,Tacoronte,6.0,77.0,29.0,0.0,894.0,1006.0,88.86679920477137,10.536779324055667
2023,20230101_38043_D01_S012,38043_D01_S012,Tacoronte,11.0,96.0,49.0,0.0,571.0,727.0,78.54195323246218,19.944979367262725
2023,20230101_38043_D01_S013,38043_D01_S013,Tacoronte,8.0,68.0,34.0,0.0,429.0,539.0,79.59183673469387,18.923933209647494
2023,20230101_38043_D01_S014,38043_D01_S014,Tacoronte,10.0,29.0,28.0,0.0,513.0,580.0,88.44827586206897,9.827586206896552
2023,20230101_38043_D01_S015,38043_D01_S015,Tacoronte,6.0,34.0,27.0,0.0,527.0,594.0,88.72053872053873,10.26936026936027
2023,20230101_38044_D01_S001,38044_D01_S001,"Tanque, El",36.0,63.0,19.0,0.0,430.0,548.0,78.46715328467154,14.963503649635037
2023,20230101_38044_D01_S002,38044_D01_S002,"Tanque, El",40.0,54.0,16.0,0.0,387.0,497.0,77.8672032193159,14.084507042253522
2023,20230101_38045_D01_S001,38045_D01_S001,Tazacorte,34.0,27.0,10.0,0.0,177.0,248.0,71.37096774193549,14.919354838709678
2023,20230101_38045_D01_S002,38045_D01_S002,Tazacorte,86.0,57.0,26.0,1.0,607.0,776.0,78.22164948453609,10.695876288659793
2023,20230101_38045_D01_S003,38045_D01_S003,Tazacorte,51.0,31.0,16.0,1.0,306.0,404.0,75.74257425742574,11.633663366336634
2023,20230101_38045_D01_S004,38045_D01_S004,Tazacorte,94.0,36.0,9.0,0.0,275.0,414.0,66.42512077294685,10.869565217391305
2023,20230101_38046_D01_S001,38046_D01_S001,Tegueste,14.0,47.0,46.0,0.0,809.0,916.0,88.31877729257641,10.152838427947598
2023,20230101_38046_D01_S002,38046_D01_S002,Tegueste,18.0,48.0,54.0,0.0,643.0,763.0,84.27260812581913,13.368283093053735
2023,20230101_38046_D01_S003,38046_D01_S003,Tegueste,27.0,64.0,51.0,0.0,672.0,814.0,82.55528255528256,14.127764127764127
2023,20230101_38046_D01_S004,38046_D01_S004,Tegueste,27.0,72.0,62.0,0.0,834.0,995.0,83.81909547738694,13.467336683417086
2023,20230101_38046_D01_S005,38046_D01_S005,Tegueste,18.0,30.0,23.0,0.0,376.0,447.0,84.11633109619687,11.856823266219239
2023,20230101_38046_D01_S006,38046_D01_S006,Tegueste,6.0,34.0,32.0,0.0,493.0,565.0,87.2566371681416,11.68141592920354
2023,20230101_38046_D01_S007,38046_D01_S007,Tegueste,21.0,31.0,42.0,0.0,548.0,642.0,85.35825545171339,11.370716510903426
2023,20230101_38047_D01_S001,38047_D01_S001,Tijarafe,72.0,94.0,16.0,0.0,481.0,663.0,72.54901960784314,16.591251885369534
2023,20230101_38047_D01_S002,38047_D01_S002,Tijarafe,73.0,34.0,15.0,0.0,260.0,382.0,68.06282722513089,12.827225130890053
2023,20230101_38048_D01_S001,38048_D01_S001,Valverde,19.0,60.0,34.0,0.0,686.0,799.0,85.85732165206508,11.764705882352942
2023,20230101_38048_D01_S002,38048_D01_S002,Valverde,45.0,69.0,52.0,1.0,654.0,820.0,79.7560975609756,14.75609756097561
2023,20230101_38048_D01_S004,38048_D01_S004,Valverde,5.0,17.0,17.0,0.0,407.0,446.0,91.25560538116592,7.623318385650224
2023,20230101_38049_D01_S001,38049_D01_S001,Valle Gran Rey,31.0,73.0,29.0,0.0,985.0,1118.0,88.10375670840787,9.123434704830053
2023,20230101_38049_D01_S002,38049_D01_S002,Valle Gran Rey,17.0,54.0,16.0,0.0,571.0,658.0,86.77811550151975,10.638297872340425
2023,20230101_38050_D01_S001,38050_D01_S001,Vallehermoso,42.0,82.0,29.0,0.0,596.0,749.0,79.57276368491321,14.819759679572764
2023,20230101_38050_D03_S001,38050_D03_S001,Vallehermoso,53.0,30.0,7.0,0.0,186.0,276.0,67.3913043478261,13.405797101449275
2023,20230101_38051_D01_S001,38051_D01_S001,"Victoria de Acentejo, La",8.0,58.0,15.0,0.0,233.0,314.0,74.20382165605096,23.248407643312103
2023,20230101_38051_D01_S002,38051_D01_S002,"Victoria de Acentejo, La",5.0,62.0,30.0,0.0,416.0,513.0,81.0916179337232,17.933723196881093
2023,20230101_38051_D01_S003,38051_D01_S003,"Victoria de Acentejo, La",19.0,114.0,27.0,0.0,341.0,501.0,68.06387225548902,28.143712574850298
2023,20230101_38051_D01_S004,38051_D01_S004,"Victoria de Acentejo, La",8.0,47.0,20.0,0.0,264.0,339.0,77.87610619469027,19.764011799410028
2023,20230101_38051_D01_S005,38051_D01_S005,"Victoria de Acentejo, La",7.0,65.0,45.0,0.0,506.0,623.0,81.2199036918138,17.656500802568218
2023,20230101_38051_D01_S006,38051_D01_S006,"Victoria de Acentejo, La",12.0,105.0,40.0,0.0,700.0,857.0,81.68028004667444,16.919486581096848
2023,20230101_38051_D01_S007,38051_D01_S007,"Victoria de Acentejo, La",8.0,65.0,35.0,0.0,472.0,580.0,81.37931034482759,17.24137931034483
2023,20230101_38052_D01_S001,38052_D01_S001,Vilaflor de Chasna,29.0,32.0,58.0,0.0,663.0,782.0,84.78260869565217,11.508951406649617
2023,20230101_38053_D01_S001,38053_D01_S001,Villa de Mazo,27.0,35.0,20.0,1.0,402.0,484.0,83.05785123966942,11.363636363636363
2023,20230101_38053_D01_S002,38053_D01_S002,Villa de Mazo,28.0,42.0,20.0,0.0,309.0,399.0,77.44360902255639,15.538847117794486
2023,20230101_38053_D01_S003,38053_D01_S003,Villa de Mazo,41.0,40.0,28.0,0.0,392.0,501.0,78.2435129740519,13.572854291417165
2023,20230101_38053_D01_S004,38053_D01_S004,Villa de Mazo,28.0,48.0,15.0,1.0,261.0,352.0,74.14772727272727,17.897727272727273
2023,20230101_38053_D01_S005,38053_D01_S005,Villa de Mazo,40.0,65.0,19.0,2.0,263.0,387.0,67.95865633074935,21.705426356589147
2023,20230101_38901_D01_S001,38901_D01_S001,"Pinar de El Hierro, El",80.0,63.0,36.0,0.0,590.0,769.0,76.72301690507152,12.873862158647594
