year,geocode,section_key,municipio,pct_otras_prestaciones,pct_otros_ingresos,pct_pensiones,pct_prestaciones_desempleo,pct_sueldos_salarios
2021,20220101_35001_D01_S001,35001_D01_S001,Agaete,5.8,6.6,23.6,3.2,60.9
2021,20220101_35001_D01_S002,35001_D01_S002,Agaete,5.7,8.8,23.0,3.7,58.8
2021,20220101_35001_D01_S003,35001_D01_S003,Agaete,6.9,5.6,25.9,4.6,57.0
2021,20220101_35001_D01_S004,35001_D01_S004,Agaete,8.1,11.2,20.7,3.4,56.7
2021,20220101_35001_D01_S005,35001_D01_S005,Agaete,5.7,7.2,22.2,4.3,60.7
2021,20220101_35002_D01_S001,35002_D01_S001,Agüimes,5.8,6.8,19.2,6.1,62.1
2021,20220101_35002_D01_S002,35002_D01_S002,Agüimes,8.1,8.5,23.7,5.5,54.2
2021,20220101_35002_D01_S003,35002_D01_S003,Agüimes,7.6,7.7,18.0,9.6,57.1
2021,20220101_35002_D01_S004,35002_D01_S004,Agüimes,5.2,12.1,15.4,8.2,59.1
2021,20220101_35002_D01_S005,35002_D01_S005,Agüimes,10.9,3.6,24.9,12.6,48.0
2021,20220101_35002_D01_S006,35002_D01_S006,Agüimes,4.1,11.2,18.0,5.3,61.4
2021,20220101_35002_D01_S007,35002_D01_S007,Agüimes,6.6,5.9,21.7,5.5,60.3
2021,20220101_35002_D01_S008,35002_D01_S008,Agüimes,5.2,8.9,22.7,6.3,57.0
2021,20220101_35002_D01_S009,35002_D01_S009,Agüimes,5.9,8.2,15.0,9.3,61.6
2021,20220101_35002_D01_S010,35002_D01_S010,Agüimes,4.3,11.3,13.3,4.6,66.4
2021,20220101_35002_D01_S011,35002_D01_S011,Agüimes,6.7,10.7,19.8,9.5,53.4
2021,20220101_35002_D01_S012,35002_D01_S012,Agüimes,5.7,10.4,14.2,5.9,63.8
2021,20220101_35002_D01_S013,35002_D01_S013,Agüimes,7.3,6.8,14.5,11.8,59.6
2021,20220101_35002_D01_S014,35002_D01_S014,Agüimes,6.6,9.0,26.6,6.2,51.8
2021,20220101_35002_D01_S015,35002_D01_S015,Agüimes,6.4,8.7,15.6,9.3,60.0
2021,20220101_35002_D01_S016,35002_D01_S016,Agüimes,5.1,8.0,13.8,8.6,64.5
2021,20220101_35002_D01_S017,35002_D01_S017,Agüimes,5.6,10.8,8.0,8.5,67.2
2021,20220101_35002_D01_S018,35002_D01_S018,Agüimes,4.1,9.7,17.6,5.5,63.2
2021,20220101_35002_D01_S019,35002_D01_S019,Agüimes,4.1,10.7,4.3,7.3,73.7
2021,20220101_35002_D01_S020,35002_D01_S020,Agüimes,4.8,7.2,6.6,8.9,72.5
2021,20220101_35002_D01_S021,35002_D01_S021,Agüimes,4.4,12.0,11.3,5.3,67.0
2021,20220101_35002_D01_S022,35002_D01_S022,Agüimes,4.1,12.5,15.1,5.2,63.1
2021,20220101_35002_D01_S023,35002_D01_S023,Agüimes,4.4,10.4,15.0,4.5,65.6
2021,20220101_35003_D01_S001,35003_D01_S001,Antigua,4.3,8.5,17.1,7.2,63.0
2021,20220101_35003_D01_S002,35003_D01_S002,Antigua,4.0,11.9,18.0,8.3,57.8
2021,20220101_35003_D01_S003,35003_D01_S003,Antigua,2.7,18.7,12.4,10.9,55.3
2021,20220101_35003_D01_S004,35003_D01_S004,Antigua,4.4,7.5,16.0,15.4,56.7
2021,20220101_35003_D01_S005,35003_D01_S005,Antigua,3.4,11.4,14.5,8.0,62.8
2021,20220101_35004_D01_S001,35004_D01_S001,Arrecife,3.2,20.5,15.1,5.7,55.5
2021,20220101_35004_D01_S002,35004_D01_S002,Arrecife,5.8,6.2,20.2,12.4,55.4
2021,20220101_35004_D01_S003,35004_D01_S003,Arrecife,3.6,20.7,15.4,5.2,55.1
2021,20220101_35004_D01_S004,35004_D01_S004,Arrecife,4.2,12.2,16.7,7.4,59.4
2021,20220101_35004_D01_S005,35004_D01_S005,Arrecife,4.9,6.2,14.1,13.4,61.4
2021,20220101_35004_D01_S006,35004_D01_S006,Arrecife,3.5,9.1,12.2,12.0,63.3
2021,20220101_35004_D01_S007,35004_D01_S007,Arrecife,3.5,9.9,10.7,9.1,66.8
2021,20220101_35004_D01_S008,35004_D01_S008,Arrecife,3.5,11.6,15.3,9.4,60.3
2021,20220101_35004_D01_S009,35004_D01_S009,Arrecife,2.9,19.3,23.0,5.1,49.8
2021,20220101_35004_D01_S010,35004_D01_S010,Arrecife,3.6,10.0,20.2,7.4,58.8
2021,20220101_35004_D01_S011,35004_D01_S011,Arrecife,3.2,7.4,13.1,9.8,66.5
2021,20220101_35004_D01_S012,35004_D01_S012,Arrecife,4.6,7.6,17.1,11.0,59.8
2021,20220101_35004_D02_S001,35004_D02_S001,Arrecife,5.5,8.0,12.2,12.2,62.1
2021,20220101_35004_D02_S002,35004_D02_S002,Arrecife,4.7,6.3,17.6,12.0,59.4
2021,20220101_35004_D02_S003,35004_D02_S003,Arrecife,5.1,7.7,21.3,11.4,54.5
2021,20220101_35004_D02_S004,35004_D02_S004,Arrecife,5.5,6.5,19.9,12.7,55.4
2021,20220101_35004_D02_S005,35004_D02_S005,Arrecife,2.7,24.0,13.1,4.9,55.2
2021,20220101_35004_D02_S006,35004_D02_S006,Arrecife,5.1,6.0,16.8,13.8,58.2
2021,20220101_35004_D02_S007,35004_D02_S007,Arrecife,5.5,12.9,20.3,11.5,49.8
2021,20220101_35004_D02_S008,35004_D02_S008,Arrecife,5.0,13.5,16.1,11.9,53.6
2021,20220101_35004_D02_S009,35004_D02_S009,Arrecife,5.6,7.5,17.2,11.3,58.4
2021,20220101_35004_D02_S010,35004_D02_S010,Arrecife,4.9,7.2,14.3,13.7,59.9
2021,20220101_35004_D02_S011,35004_D02_S011,Arrecife,4.5,9.9,20.0,10.3,55.4
2021,20220101_35004_D02_S012,35004_D02_S012,Arrecife,4.7,5.3,7.7,15.9,66.3
2021,20220101_35004_D02_S013,35004_D02_S013,Arrecife,4.3,9.4,14.4,9.6,62.4
2021,20220101_35004_D02_S014,35004_D02_S014,Arrecife,5.3,6.7,16.7,12.9,58.5
2021,20220101_35004_D02_S015,35004_D02_S015,Arrecife,4.2,7.8,11.2,11.9,64.9
2021,20220101_35004_D02_S016,35004_D02_S016,Arrecife,5.5,6.8,9.9,13.6,64.2
2021,20220101_35004_D02_S017,35004_D02_S017,Arrecife,5.6,5.5,10.1,14.9,63.9
2021,20220101_35004_D02_S018,35004_D02_S018,Arrecife,4.5,8.3,9.0,12.3,65.9
2021,20220101_35004_D02_S019,35004_D02_S019,Arrecife,5.4,10.8,15.8,12.8,55.2
2021,20220101_35004_D02_S020,35004_D02_S020,Arrecife,6.3,6.0,13.3,12.8,61.7
2021,20220101_35005_D01_S001,35005_D01_S001,Artenara,5.9,8.9,23.7,3.5,58.1
2021,20220101_35006_D01_S001,35006_D01_S001,Arucas,6.2,11.9,27.0,3.0,51.9
2021,20220101_35006_D01_S002,35006_D01_S002,Arucas,4.5,14.8,15.3,2.6,62.8
2021,20220101_35006_D01_S003,35006_D01_S003,Arucas,6.6,8.6,22.6,4.0,58.2
2021,20220101_35006_D01_S004,35006_D01_S004,Arucas,4.9,7.9,15.5,3.6,68.0
2021,20220101_35006_D01_S005,35006_D01_S005,Arucas,8.6,10.2,19.2,4.3,57.9
2021,20220101_35006_D02_S001,35006_D02_S001,Arucas,5.9,5.1,24.1,4.1,60.8
2021,20220101_35006_D02_S002,35006_D02_S002,Arucas,5.6,8.8,21.2,3.6,60.7
2021,20220101_35006_D02_S003,35006_D02_S003,Arucas,4.4,9.0,19.9,3.5,63.2
2021,20220101_35006_D03_S001,35006_D03_S001,Arucas,5.5,11.3,18.0,4.1,61.2
2021,20220101_35006_D03_S002,35006_D03_S002,Arucas,4.7,8.5,18.3,2.8,65.7
2021,20220101_35006_D03_S003,35006_D03_S003,Arucas,5.3,9.1,20.3,3.6,61.7
2021,20220101_35006_D03_S004,35006_D03_S004,Arucas,4.3,10.9,21.1,4.1,59.7
2021,20220101_35006_D04_S001,35006_D04_S001,Arucas,6.0,9.7,21.1,4.2,59.1
2021,20220101_35006_D04_S002,35006_D04_S002,Arucas,4.5,9.2,14.9,4.1,67.4
2021,20220101_35006_D04_S003,35006_D04_S003,Arucas,5.1,6.1,14.8,3.0,71.0
2021,20220101_35006_D04_S004,35006_D04_S004,Arucas,3.6,7.2,14.7,3.2,71.3
2021,20220101_35006_D05_S001,35006_D05_S001,Arucas,4.8,6.9,15.2,3.9,69.3
2021,20220101_35006_D05_S002,35006_D05_S002,Arucas,5.2,9.5,17.8,3.5,64.1
2021,20220101_35006_D05_S003,35006_D05_S003,Arucas,6.4,7.1,15.5,3.6,67.5
2021,20220101_35006_D05_S004,35006_D05_S004,Arucas,6.8,3.1,21.4,5.5,63.2
2021,20220101_35006_D05_S005,35006_D05_S005,Arucas,5.9,9.2,18.3,4.1,62.5
2021,20220101_35006_D05_S006,35006_D05_S006,Arucas,4.2,8.1,9.6,3.4,74.7
2021,20220101_35006_D06_S001,35006_D06_S001,Arucas,4.1,12.8,14.8,2.6,65.8
2021,20220101_35006_D06_S002,35006_D06_S002,Arucas,4.4,10.8,13.4,3.2,68.2
2021,20220101_35006_D06_S003,35006_D06_S003,Arucas,3.3,12.6,15.5,2.9,65.7
2021,20220101_35006_D07_S001,35006_D07_S001,Arucas,6.7,8.1,23.4,4.3,57.6
2021,20220101_35006_D07_S002,35006_D07_S002,Arucas,7.4,7.6,23.9,4.5,56.7
2021,20220101_35007_D01_S001,35007_D01_S001,Betancuria,5.0,20.1,21.7,5.4,47.9
2021,20220101_35008_D01_S001,35008_D01_S001,Firgas,5.7,7.6,22.6,3.7,60.4
2021,20220101_35008_D01_S002,35008_D01_S002,Firgas,5.4,7.5,18.9,3.8,64.4
2021,20220101_35008_D02_S001,35008_D02_S001,Firgas,5.5,12.4,21.5,4.2,56.4
2021,20220101_35008_D03_S001,35008_D03_S001,Firgas,6.7,6.2,16.4,3.6,67.1
2021,20220101_35008_D03_S002,35008_D03_S002,Firgas,7.8,8.8,21.9,4.3,57.2
2021,20220101_35008_D04_S001,35008_D04_S001,Firgas,6.4,9.3,21.5,3.7,59.1
2021,20220101_35008_D04_S002,35008_D04_S002,Firgas,5.3,8.4,14.4,3.7,68.3
2021,20220101_35009_D01_S001,35009_D01_S001,Gáldar,7.6,13.3,23.2,2.3,53.8
2021,20220101_35009_D01_S002,35009_D01_S002,Gáldar,5.2,14.1,21.0,2.4,57.3
2021,20220101_35009_D01_S003,35009_D01_S003,Gáldar,10.3,9.1,21.8,4.2,54.6
2021,20220101_35009_D01_S004,35009_D01_S004,Gáldar,5.9,9.9,23.4,3.5,57.3
2021,20220101_35009_D01_S005,35009_D01_S005,Gáldar,8.3,5.2,26.2,5.4,54.9
2021,20220101_35009_D01_S006,35009_D01_S006,Gáldar,7.2,8.2,16.6,4.2,64.0
2021,20220101_35009_D01_S007,35009_D01_S007,Gáldar,7.3,9.3,16.0,3.3,64.2
2021,20220101_35009_D01_S008,35009_D01_S008,Gáldar,7.4,9.7,23.6,3.2,56.1
2021,20220101_35009_D01_S009,35009_D01_S009,Gáldar,7.3,5.8,15.1,4.6,67.2
2021,20220101_35009_D01_S010,35009_D01_S010,Gáldar,6.9,8.3,14.6,3.1,67.1
2021,20220101_35009_D01_S011,35009_D01_S011,Gáldar,12.4,6.3,29.4,4.2,47.7
2021,20220101_35009_D01_S013,35009_D01_S013,Gáldar,5.5,15.2,19.8,2.7,56.9
2021,20220101_35009_D01_S014,35009_D01_S014,Gáldar,9.1,3.5,16.5,5.6,65.4
2021,20220101_35009_D01_S015,35009_D01_S015,Gáldar,7.7,6.1,18.2,4.0,63.9
2021,20220101_35009_D01_S016,35009_D01_S016,Gáldar,9.6,7.8,27.8,3.2,51.6
2021,20220101_35009_D01_S017,35009_D01_S017,Gáldar,12.5,7.7,19.9,4.9,55.1
2021,20220101_35010_D01_S001,35010_D01_S001,Haría,3.2,14.4,22.3,5.6,54.5
2021,20220101_35010_D01_S002,35010_D01_S002,Haría,4.7,12.8,24.6,6.1,51.8
2021,20220101_35010_D01_S003,35010_D01_S003,Haría,3.6,16.5,18.5,6.3,55.2
2021,20220101_35010_D01_S004,35010_D01_S004,Haría,4.2,11.2,19.8,5.3,59.6
2021,20220101_35011_D01_S001,35011_D01_S001,Ingenio,4.5,10.5,18.0,5.3,61.6
2021,20220101_35011_D01_S002,35011_D01_S002,Ingenio,10.8,6.0,22.9,7.8,52.5
2021,20220101_35011_D01_S003,35011_D01_S003,Ingenio,6.4,5.9,15.6,6.7,65.4
2021,20220101_35011_D01_S004,35011_D01_S004,Ingenio,5.4,9.0,14.4,6.7,64.5
2021,20220101_35011_D01_S005,35011_D01_S005,Ingenio,9.4,5.7,24.6,9.3,51.0
2021,20220101_35011_D01_S006,35011_D01_S006,Ingenio,6.7,9.2,17.1,6.6,60.4
2021,20220101_35011_D01_S007,35011_D01_S007,Ingenio,6.0,12.5,17.0,6.4,58.0
2021,20220101_35011_D02_S001,35011_D02_S001,Ingenio,6.5,9.8,17.6,5.2,60.9
2021,20220101_35011_D02_S002,35011_D02_S002,Ingenio,7.2,7.1,18.1,7.7,60.0
2021,20220101_35011_D02_S003,35011_D02_S003,Ingenio,7.0,8.1,19.6,5.6,59.7
2021,20220101_35011_D03_S001,35011_D03_S001,Ingenio,8.7,7.4,22.4,7.6,53.9
2021,20220101_35011_D03_S002,35011_D03_S002,Ingenio,7.3,10.0,19.5,9.0,54.3
2021,20220101_35011_D03_S003,35011_D03_S003,Ingenio,6.2,7.8,14.8,8.9,62.3
2021,20220101_35011_D03_S004,35011_D03_S004,Ingenio,8.2,6.2,16.5,9.1,60.0
2021,20220101_35011_D03_S005,35011_D03_S005,Ingenio,6.2,8.3,18.0,7.8,59.8
2021,20220101_35011_D03_S006,35011_D03_S006,Ingenio,7.4,8.9,19.2,8.3,56.2
2021,20220101_35011_D03_S007,35011_D03_S007,Ingenio,6.0,6.2,15.3,7.7,64.8
2021,20220101_35011_D03_S008,35011_D03_S008,Ingenio,4.8,9.0,12.8,6.5,66.9
2021,20220101_35012_D01_S001,35012_D01_S001,Mogán,5.1,13.9,19.3,12.3,49.4
2021,20220101_35012_D01_S002,35012_D01_S002,Mogán,5.7,19.4,19.2,13.6,42.3
2021,20220101_35012_D01_S003,35012_D01_S003,Mogán,4.6,9.8,16.8,15.2,53.7
2021,20220101_35012_D02_S001,35012_D02_S001,Mogán,3.4,20.3,15.3,17.7,43.2
2021,20220101_35012_D02_S002,35012_D02_S002,Mogán,4.5,16.7,10.8,22.1,46.0
2021,20220101_35012_D03_S001,35012_D03_S001,Mogán,7.2,10.0,29.1,12.4,41.3
2021,20220101_35012_D03_S002,35012_D03_S002,Mogán,4.9,11.7,22.3,14.2,47.0
2021,20220101_35012_D04_S001,35012_D04_S001,Mogán,4.7,11.7,16.8,15.5,51.2
2021,20220101_35012_D04_S002,35012_D04_S002,Mogán,3.5,25.4,17.5,10.4,43.2
2021,20220101_35012_D04_S003,35012_D04_S003,Mogán,4.8,8.7,10.5,14.4,61.7
2021,20220101_35012_D05_S001,35012_D05_S001,Mogán,4.9,12.4,20.3,11.9,50.5
2021,20220101_35013_D01_S001,35013_D01_S001,Moya,5.9,15.0,21.3,2.9,55.1
2021,20220101_35013_D01_S002,35013_D01_S002,Moya,7.9,10.8,20.3,4.5,56.5
2021,20220101_35013_D01_S003,35013_D01_S003,Moya,8.5,9.7,18.0,4.9,58.9
2021,20220101_35013_D01_S004,35013_D01_S004,Moya,6.7,12.0,20.8,3.8,56.8
2021,20220101_35013_D01_S005,35013_D01_S005,Moya,7.2,11.4,19.0,3.7,58.7
2021,20220101_35013_D01_S006,35013_D01_S006,Moya,5.8,14.8,26.5,3.5,49.5
2021,20220101_35014_D01_S001,35014_D01_S001,La Oliva,4.1,15.1,15.7,8.2,56.9
2021,20220101_35014_D01_S002,35014_D01_S002,La Oliva,3.3,20.6,13.5,7.9,54.8
2021,20220101_35014_D01_S003,35014_D01_S003,La Oliva,3.8,17.2,11.1,14.4,53.6
2021,20220101_35014_D01_S004,35014_D01_S004,La Oliva,1.9,30.6,11.7,8.0,47.8
2021,20220101_35014_D01_S005,35014_D01_S005,La Oliva,3.3,25.8,11.5,8.8,50.7
2021,20220101_35014_D01_S006,35014_D01_S006,La Oliva,3.2,13.1,10.8,15.4,57.5
2021,20220101_35014_D01_S007,35014_D01_S007,La Oliva,4.0,16.0,11.2,14.5,54.3
2021,20220101_35014_D01_S008,35014_D01_S008,La Oliva,4.3,17.2,14.4,14.9,49.2
2021,20220101_35014_D01_S009,35014_D01_S009,La Oliva,2.6,19.2,8.3,12.3,57.6
2021,20220101_35014_D01_S010,35014_D01_S010,La Oliva,3.8,16.5,9.4,13.4,56.9
2021,20220101_35015_D01_S001,35015_D01_S001,Pájara,4.0,9.9,18.6,7.9,59.7
2021,20220101_35015_D02_S001,35015_D02_S001,Pájara,4.3,11.0,13.5,15.7,55.5
2021,20220101_35015_D03_S001,35015_D03_S001,Pájara,2.6,16.5,6.6,16.8,57.5
2021,20220101_35015_D03_S002,35015_D03_S002,Pájara,4.6,5.7,6.8,24.8,58.2
2021,20220101_35015_D04_S001,35015_D04_S001,Pájara,2.0,12.6,8.0,14.6,62.9
2021,20220101_35015_D04_S002,35015_D04_S002,Pájara,3.6,10.5,8.9,16.5,60.6
2021,20220101_35015_D04_S003,35015_D04_S003,Pájara,4.7,10.4,13.7,16.3,55.0
2021,20220101_35015_D04_S004,35015_D04_S004,Pájara,5.5,8.0,8.0,16.9,61.6
2021,20220101_35015_D04_S005,35015_D04_S005,Pájara,4.6,7.5,6.2,19.0,62.8
2021,20220101_35015_D04_S006,35015_D04_S006,Pájara,3.1,21.4,14.0,12.9,48.7
2021,20220101_35016_D01_S001,35016_D01_S001,Las Palmas de Gran Canaria,2.6,24.5,19.8,1.3,51.9
2021,20220101_35016_D01_S003,35016_D01_S003,Las Palmas de Gran Canaria,3.2,27.9,16.3,2.0,50.5
2021,20220101_35016_D01_S004,35016_D01_S004,Las Palmas de Gran Canaria,3.8,25.6,23.4,2.0,45.3
2021,20220101_35016_D01_S005,35016_D01_S005,Las Palmas de Gran Canaria,4.9,14.2,24.1,2.6,54.3
2021,20220101_35016_D01_S006,35016_D01_S006,Las Palmas de Gran Canaria,5.3,5.7,20.3,3.1,65.7
2021,20220101_35016_D01_S007,35016_D01_S007,Las Palmas de Gran Canaria,12.5,3.2,29.5,6.3,48.5
2021,20220101_35016_D01_S008,35016_D01_S008,Las Palmas de Gran Canaria,11.8,2.0,31.6,7.3,47.2
2021,20220101_35016_D01_S010,35016_D01_S010,Las Palmas de Gran Canaria,5.5,5.7,28.2,2.5,58.1
2021,20220101_35016_D01_S011,35016_D01_S011,Las Palmas de Gran Canaria,7.3,3.2,29.8,5.4,54.2
2021,20220101_35016_D01_S012,35016_D01_S012,Las Palmas de Gran Canaria,10.6,3.8,29.4,5.6,50.6
2021,20220101_35016_D01_S013,35016_D01_S013,Las Palmas de Gran Canaria,10.0,2.2,33.5,5.4,49.0
2021,20220101_35016_D01_S014,35016_D01_S014,Las Palmas de Gran Canaria,7.3,3.2,30.2,4.2,55.2
2021,20220101_35016_D01_S015,35016_D01_S015,Las Palmas de Gran Canaria,9.5,6.8,21.9,5.6,56.3
2021,20220101_35016_D01_S017,35016_D01_S017,Las Palmas de Gran Canaria,6.0,4.1,27.2,5.1,57.6
2021,20220101_35016_D01_S018,35016_D01_S018,Las Palmas de Gran Canaria,7.4,3.8,28.5,6.2,54.1
2021,20220101_35016_D01_S019,35016_D01_S019,Las Palmas de Gran Canaria,7.8,7.0,24.9,6.4,54.0
2021,20220101_35016_D01_S020,35016_D01_S020,Las Palmas de Gran Canaria,9.9,4.8,22.9,5.3,57.1
2021,20220101_35016_D01_S021,35016_D01_S021,Las Palmas de Gran Canaria,9.1,4.7,23.8,6.2,56.2
2021,20220101_35016_D01_S023,35016_D01_S023,Las Palmas de Gran Canaria,5.9,6.7,21.0,5.0,61.4
2021,20220101_35016_D01_S024,35016_D01_S024,Las Palmas de Gran Canaria,7.0,15.1,26.3,4.4,47.2
2021,20220101_35016_D01_S025,35016_D01_S025,Las Palmas de Gran Canaria,7.9,4.7,24.7,3.7,59.0
2021,20220101_35016_D01_S026,35016_D01_S026,Las Palmas de Gran Canaria,7.7,5.1,26.4,4.3,56.5
2021,20220101_35016_D01_S027,35016_D01_S027,Las Palmas de Gran Canaria,8.8,3.7,25.6,6.7,55.3
2021,20220101_35016_D01_S029,35016_D01_S029,Las Palmas de Gran Canaria,10.0,1.7,27.4,8.3,52.7
2021,20220101_35016_D01_S030,35016_D01_S030,Las Palmas de Gran Canaria,8.9,2.5,30.7,5.4,52.5
2021,20220101_35016_D01_S031,35016_D01_S031,Las Palmas de Gran Canaria,11.4,2.1,23.1,7.7,55.8
2021,20220101_35016_D01_S032,35016_D01_S032,Las Palmas de Gran Canaria,6.0,8.8,23.6,4.6,57.1
2021,20220101_35016_D01_S033,35016_D01_S033,Las Palmas de Gran Canaria,6.4,4.0,27.4,5.0,57.3
2021,20220101_35016_D01_S034,35016_D01_S034,Las Palmas de Gran Canaria,6.3,5.3,24.8,4.6,59.0
2021,20220101_35016_D01_S035,35016_D01_S035,Las Palmas de Gran Canaria,6.3,7.6,20.1,5.2,60.8
2021,20220101_35016_D01_S036,35016_D01_S036,Las Palmas de Gran Canaria,7.1,7.5,21.1,7.3,57.1
2021,20220101_35016_D01_S037,35016_D01_S037,Las Palmas de Gran Canaria,6.7,2.8,28.8,5.7,56.0
2021,20220101_35016_D01_S038,35016_D01_S038,Las Palmas de Gran Canaria,8.4,6.1,26.6,5.7,53.1
2021,20220101_35016_D01_S039,35016_D01_S039,Las Palmas de Gran Canaria,5.9,6.7,18.4,4.5,64.5
2021,20220101_35016_D01_S040,35016_D01_S040,Las Palmas de Gran Canaria,7.6,7.7,25.5,4.1,55.1
2021,20220101_35016_D01_S041,35016_D01_S041,Las Palmas de Gran Canaria,9.0,4.4,24.0,4.9,57.7
2021,20220101_35016_D01_S042,35016_D01_S042,Las Palmas de Gran Canaria,8.9,2.0,26.6,6.3,56.2
2021,20220101_35016_D01_S043,35016_D01_S043,Las Palmas de Gran Canaria,7.1,4.5,28.7,3.9,55.8
2021,20220101_35016_D01_S044,35016_D01_S044,Las Palmas de Gran Canaria,10.1,1.6,37.6,5.2,45.4
2021,20220101_35016_D01_S045,35016_D01_S045,Las Palmas de Gran Canaria,5.6,7.7,27.9,3.8,55.0
2021,20220101_35016_D01_S046,35016_D01_S046,Las Palmas de Gran Canaria,3.2,22.2,18.8,2.2,53.7
2021,20220101_35016_D01_S047,35016_D01_S047,Las Palmas de Gran Canaria,2.0,32.0,14.5,1.0,50.5
2021,20220101_35016_D01_S048,35016_D01_S048,Las Palmas de Gran Canaria,2.7,29.0,16.3,1.6,50.5
2021,20220101_35016_D01_S049,35016_D01_S049,Las Palmas de Gran Canaria,4.1,7.6,14.8,4.6,68.9
2021,20220101_35016_D01_S050,35016_D01_S050,Las Palmas de Gran Canaria,4.3,19.3,22.0,2.2,52.2
2021,20220101_35016_D01_S051,35016_D01_S051,Las Palmas de Gran Canaria,9.5,2.0,26.4,7.1,55.0
2021,20220101_35016_D01_S052,35016_D01_S052,Las Palmas de Gran Canaria,10.4,3.3,28.2,6.2,51.9
2021,20220101_35016_D01_S053,35016_D01_S053,Las Palmas de Gran Canaria,6.7,4.9,27.2,5.4,55.8
2021,20220101_35016_D01_S054,35016_D01_S054,Las Palmas de Gran Canaria,7.8,8.4,20.9,5.0,57.9
2021,20220101_35016_D01_S055,35016_D01_S055,Las Palmas de Gran Canaria,4.0,20.2,20.4,2.8,52.7
2021,20220101_35016_D01_S056,35016_D01_S056,Las Palmas de Gran Canaria,2.5,15.9,11.2,2.4,68.1
2021,20220101_35016_D01_S057,35016_D01_S057,Las Palmas de Gran Canaria,4.5,7.8,12.4,4.3,71.0
2021,20220101_35016_D01_S058,35016_D01_S058,Las Palmas de Gran Canaria,6.6,8.4,20.9,4.1,60.0
2021,20220101_35016_D01_S059,35016_D01_S059,Las Palmas de Gran Canaria,4.7,16.5,19.0,3.7,56.1
2021,20220101_35016_D01_S060,35016_D01_S060,Las Palmas de Gran Canaria,6.9,6.0,26.1,5.4,55.6
2021,20220101_35016_D01_S061,35016_D01_S061,Las Palmas de Gran Canaria,14.1,2.0,21.5,10.1,52.4
2021,20220101_35016_D01_S062,35016_D01_S062,Las Palmas de Gran Canaria,8.1,3.0,31.3,7.5,50.1
2021,20220101_35016_D01_S063,35016_D01_S063,Las Palmas de Gran Canaria,8.2,3.0,27.0,8.2,53.6
2021,20220101_35016_D02_S001,35016_D02_S001,Las Palmas de Gran Canaria,4.0,19.6,28.4,1.4,46.7
2021,20220101_35016_D02_S002,35016_D02_S002,Las Palmas de Gran Canaria,2.8,27.4,21.7,1.0,47.2
2021,20220101_35016_D02_S003,35016_D02_S003,Las Palmas de Gran Canaria,2.2,38.6,14.9,1.1,43.2
2021,20220101_35016_D02_S004,35016_D02_S004,Las Palmas de Gran Canaria,3.2,27.9,14.9,1.3,52.7
2021,20220101_35016_D02_S005,35016_D02_S005,Las Palmas de Gran Canaria,4.2,24.2,18.0,1.8,51.8
2021,20220101_35016_D02_S006,35016_D02_S006,Las Palmas de Gran Canaria,3.9,17.7,20.1,1.8,56.5
2021,20220101_35016_D02_S007,35016_D02_S007,Las Palmas de Gran Canaria,9.8,3.4,20.8,7.9,58.1
2021,20220101_35016_D02_S009,35016_D02_S009,Las Palmas de Gran Canaria,9.3,3.4,26.0,5.4,56.0
2021,20220101_35016_D02_S010,35016_D02_S010,Las Palmas de Gran Canaria,9.5,3.0,24.7,6.9,55.9
2021,20220101_35016_D02_S011,35016_D02_S011,Las Palmas de Gran Canaria,6.5,6.3,24.5,5.3,57.4
2021,20220101_35016_D02_S012,35016_D02_S012,Las Palmas de Gran Canaria,6.6,10.4,21.1,5.0,57.0
2021,20220101_35016_D02_S013,35016_D02_S013,Las Palmas de Gran Canaria,5.8,6.8,28.5,4.4,54.5
2021,20220101_35016_D02_S014,35016_D02_S014,Las Palmas de Gran Canaria,5.4,5.1,29.7,4.0,55.8
2021,20220101_35016_D02_S015,35016_D02_S015,Las Palmas de Gran Canaria,5.3,4.2,26.1,5.5,59.0
2021,20220101_35016_D02_S016,35016_D02_S016,Las Palmas de Gran Canaria,5.1,10.0,28.5,3.5,52.9
2021,20220101_35016_D02_S018,35016_D02_S018,Las Palmas de Gran Canaria,8.0,4.6,21.6,6.7,59.2
2021,20220101_35016_D02_S019,35016_D02_S019,Las Palmas de Gran Canaria,5.6,8.2,24.6,5.2,56.3
2021,20220101_35016_D02_S020,35016_D02_S020,Las Palmas de Gran Canaria,3.8,6.1,15.0,4.2,71.0
2021,20220101_35016_D02_S021,35016_D02_S021,Las Palmas de Gran Canaria,5.8,5.2,23.6,5.8,59.6
2021,20220101_35016_D02_S022,35016_D02_S022,Las Palmas de Gran Canaria,7.1,2.5,22.4,5.2,62.9
2021,20220101_35016_D02_S023,35016_D02_S023,Las Palmas de Gran Canaria,9.5,6.9,22.9,5.3,55.4
2021,20220101_35016_D02_S025,35016_D02_S025,Las Palmas de Gran Canaria,6.3,5.4,22.5,6.0,59.8
2021,20220101_35016_D02_S026,35016_D02_S026,Las Palmas de Gran Canaria,3.9,13.2,12.9,4.5,65.4
2021,20220101_35016_D02_S027,35016_D02_S027,Las Palmas de Gran Canaria,6.3,6.6,30.1,4.4,52.6
2021,20220101_35016_D02_S028,35016_D02_S028,Las Palmas de Gran Canaria,3.6,22.2,20.7,1.6,51.8
2021,20220101_35016_D02_S029,35016_D02_S029,Las Palmas de Gran Canaria,5.6,7.3,15.2,5.2,66.8
2021,20220101_35016_D02_S030,35016_D02_S030,Las Palmas de Gran Canaria,12.2,2.5,28.3,6.8,50.2
2021,20220101_35016_D02_S032,35016_D02_S032,Las Palmas de Gran Canaria,10.2,2.7,30.5,6.5,50.1
2021,20220101_35016_D02_S033,35016_D02_S033,Las Palmas de Gran Canaria,3.9,21.9,22.1,1.7,50.5
2021,20220101_35016_D02_S034,35016_D02_S034,Las Palmas de Gran Canaria,3.5,21.2,18.9,1.6,54.9
2021,20220101_35016_D02_S035,35016_D02_S035,Las Palmas de Gran Canaria,2.9,19.9,17.4,1.7,58.1
2021,20220101_35016_D02_S036,35016_D02_S036,Las Palmas de Gran Canaria,3.7,16.0,20.8,1.7,57.9
2021,20220101_35016_D02_S037,35016_D02_S037,Las Palmas de Gran Canaria,1.8,33.6,19.6,0.7,44.4
2021,20220101_35016_D02_S038,35016_D02_S038,Las Palmas de Gran Canaria,4.7,14.5,19.9,2.5,58.4
2021,20220101_35016_D02_S039,35016_D02_S039,Las Palmas de Gran Canaria,3.6,13.7,13.4,2.2,67.1
2021,20220101_35016_D02_S040,35016_D02_S040,Las Palmas de Gran Canaria,3.0,24.8,22.7,1.2,48.3
2021,20220101_35016_D02_S041,35016_D02_S041,Las Palmas de Gran Canaria,4.4,10.3,20.9,2.5,61.8
2021,20220101_35016_D02_S042,35016_D02_S042,Las Palmas de Gran Canaria,4.6,15.3,19.1,2.4,58.7
2021,20220101_35016_D02_S043,35016_D02_S043,Las Palmas de Gran Canaria,5.2,11.7,17.4,2.8,62.8
2021,20220101_35016_D02_S044,35016_D02_S044,Las Palmas de Gran Canaria,3.8,12.7,23.2,2.7,57.6
2021,20220101_35016_D02_S045,35016_D02_S045,Las Palmas de Gran Canaria,4.1,12.0,23.8,2.4,57.8
2021,20220101_35016_D02_S046,35016_D02_S046,Las Palmas de Gran Canaria,2.8,13.7,13.9,2.1,67.5
2021,20220101_35016_D02_S047,35016_D02_S047,Las Palmas de Gran Canaria,3.1,22.3,22.7,1.2,50.7
2021,20220101_35016_D02_S048,35016_D02_S048,Las Palmas de Gran Canaria,3.6,16.7,23.4,1.2,55.1
2021,20220101_35016_D02_S049,35016_D02_S049,Las Palmas de Gran Canaria,2.1,27.1,15.2,1.3,54.2
2021,20220101_35016_D02_S050,35016_D02_S050,Las Palmas de Gran Canaria,2.4,25.6,18.2,1.3,52.4
2021,20220101_35016_D02_S051,35016_D02_S051,Las Palmas de Gran Canaria,2.1,28.8,11.1,1.3,56.8
2021,20220101_35016_D02_S052,35016_D02_S052,Las Palmas de Gran Canaria,3.5,35.8,13.4,1.2,46.2
2021,20220101_35016_D02_S053,35016_D02_S053,Las Palmas de Gran Canaria,4.4,11.3,23.9,3.3,57.1
2021,20220101_35016_D02_S054,35016_D02_S054,Las Palmas de Gran Canaria,4.3,19.2,19.1,2.4,55.1
2021,20220101_35016_D02_S055,35016_D02_S055,Las Palmas de Gran Canaria,4.2,15.7,24.1,3.0,53.1
2021,20220101_35016_D02_S056,35016_D02_S056,Las Palmas de Gran Canaria,4.2,15.9,17.6,3.1,59.2
2021,20220101_35016_D02_S057,35016_D02_S057,Las Palmas de Gran Canaria,4.7,20.8,20.3,3.3,50.9
2021,20220101_35016_D02_S058,35016_D02_S058,Las Palmas de Gran Canaria,3.6,15.2,21.8,3.2,56.2
2021,20220101_35016_D02_S059,35016_D02_S059,Las Palmas de Gran Canaria,4.6,21.3,22.3,2.2,49.6
2021,20220101_35016_D02_S061,35016_D02_S061,Las Palmas de Gran Canaria,4.3,19.5,26.0,2.2,48.1
2021,20220101_35016_D02_S064,35016_D02_S064,Las Palmas de Gran Canaria,2.3,16.3,21.4,2.0,58.1
2021,20220101_35016_D02_S065,35016_D02_S065,Las Palmas de Gran Canaria,6.8,6.4,21.1,3.9,61.8
2021,20220101_35016_D03_S001,35016_D03_S001,Las Palmas de Gran Canaria,4.2,22.3,21.4,2.4,49.8
2021,20220101_35016_D03_S002,35016_D03_S002,Las Palmas de Gran Canaria,5.5,11.0,23.9,4.0,55.7
2021,20220101_35016_D03_S003,35016_D03_S003,Las Palmas de Gran Canaria,4.8,17.8,23.6,3.1,50.6
2021,20220101_35016_D03_S004,35016_D03_S004,Las Palmas de Gran Canaria,3.2,16.1,18.9,2.3,59.4
2021,20220101_35016_D03_S005,35016_D03_S005,Las Palmas de Gran Canaria,4.8,19.0,20.1,3.2,53.1
2021,20220101_35016_D03_S006,35016_D03_S006,Las Palmas de Gran Canaria,2.6,22.7,20.1,1.7,52.9
2021,20220101_35016_D03_S007,35016_D03_S007,Las Palmas de Gran Canaria,3.9,15.0,22.7,3.0,55.4
2021,20220101_35016_D03_S008,35016_D03_S008,Las Palmas de Gran Canaria,4.2,19.3,19.4,2.6,54.6
2021,20220101_35016_D03_S009,35016_D03_S009,Las Palmas de Gran Canaria,3.2,24.2,19.8,2.3,50.6
2021,20220101_35016_D03_S010,35016_D03_S010,Las Palmas de Gran Canaria,4.1,13.6,27.4,2.0,52.9
2021,20220101_35016_D03_S011,35016_D03_S011,Las Palmas de Gran Canaria,3.7,17.3,20.4,3.3,55.3
2021,20220101_35016_D03_S012,35016_D03_S012,Las Palmas de Gran Canaria,2.5,16.2,24.9,1.6,54.8
2021,20220101_35016_D03_S013,35016_D03_S013,Las Palmas de Gran Canaria,4.6,11.6,30.4,2.9,50.6
2021,20220101_35016_D03_S014,35016_D03_S014,Las Palmas de Gran Canaria,4.1,16.0,23.1,1.4,55.4
2021,20220101_35016_D03_S015,35016_D03_S015,Las Palmas de Gran Canaria,5.4,5.7,20.6,4.9,63.4
2021,20220101_35016_D03_S016,35016_D03_S016,Las Palmas de Gran Canaria,3.6,19.2,21.3,2.2,53.8
2021,20220101_35016_D03_S017,35016_D03_S017,Las Palmas de Gran Canaria,4.0,12.5,20.1,2.2,61.2
2021,20220101_35016_D03_S018,35016_D03_S018,Las Palmas de Gran Canaria,5.1,9.8,21.0,3.1,61.1
2021,20220101_35016_D03_S019,35016_D03_S019,Las Palmas de Gran Canaria,4.0,14.8,17.4,2.2,61.6
2021,20220101_35016_D03_S020,35016_D03_S020,Las Palmas de Gran Canaria,4.2,17.6,15.3,2.9,60.1
2021,20220101_35016_D03_S021,35016_D03_S021,Las Palmas de Gran Canaria,4.9,14.5,23.3,3.2,54.1
2021,20220101_35016_D03_S022,35016_D03_S022,Las Palmas de Gran Canaria,2.8,19.5,21.3,1.5,54.9
2021,20220101_35016_D03_S023,35016_D03_S023,Las Palmas de Gran Canaria,3.6,14.7,20.9,1.8,59.1
2021,20220101_35016_D03_S024,35016_D03_S024,Las Palmas de Gran Canaria,5.4,19.2,25.4,3.4,46.6
2021,20220101_35016_D03_S025,35016_D03_S025,Las Palmas de Gran Canaria,6.7,9.1,28.2,3.9,52.2
2021,20220101_35016_D03_S026,35016_D03_S026,Las Palmas de Gran Canaria,5.5,9.1,29.9,3.8,51.8
2021,20220101_35016_D03_S027,35016_D03_S027,Las Palmas de Gran Canaria,6.5,9.0,23.1,4.0,57.4
2021,20220101_35016_D03_S028,35016_D03_S028,Las Palmas de Gran Canaria,4.9,14.0,21.4,4.2,55.6
2021,20220101_35016_D03_S029,35016_D03_S029,Las Palmas de Gran Canaria,4.2,11.7,22.3,4.1,57.8
2021,20220101_35016_D03_S030,35016_D03_S030,Las Palmas de Gran Canaria,4.7,9.9,24.3,3.8,57.3
2021,20220101_35016_D03_S031,35016_D03_S031,Las Palmas de Gran Canaria,6.3,7.9,26.5,5.1,54.3
2021,20220101_35016_D03_S032,35016_D03_S032,Las Palmas de Gran Canaria,7.3,6.0,22.6,5.2,59.0
2021,20220101_35016_D03_S033,35016_D03_S033,Las Palmas de Gran Canaria,4.4,8.1,22.1,3.9,61.5
2021,20220101_35016_D03_S034,35016_D03_S034,Las Palmas de Gran Canaria,7.4,7.3,23.8,4.7,56.8
2021,20220101_35016_D03_S035,35016_D03_S035,Las Palmas de Gran Canaria,6.5,9.2,22.6,4.5,57.3
2021,20220101_35016_D03_S036,35016_D03_S036,Las Palmas de Gran Canaria,8.3,5.1,24.5,5.4,56.7
2021,20220101_35016_D03_S037,35016_D03_S037,Las Palmas de Gran Canaria,6.0,6.3,24.0,5.8,57.9
2021,20220101_35016_D03_S038,35016_D03_S038,Las Palmas de Gran Canaria,6.4,9.1,27.8,4.2,52.6
2021,20220101_35016_D03_S040,35016_D03_S040,Las Palmas de Gran Canaria,6.8,4.2,21.7,4.3,63.0
2021,20220101_35016_D03_S041,35016_D03_S041,Las Palmas de Gran Canaria,5.7,7.3,25.4,4.7,56.9
2021,20220101_35016_D03_S042,35016_D03_S042,Las Palmas de Gran Canaria,3.3,26.1,25.1,1.6,44.0
2021,20220101_35016_D03_S043,35016_D03_S043,Las Palmas de Gran Canaria,3.1,22.7,24.1,2.0,48.2
2021,20220101_35016_D03_S044,35016_D03_S044,Las Palmas de Gran Canaria,4.8,22.0,20.4,3.6,49.2
2021,20220101_35016_D03_S045,35016_D03_S045,Las Palmas de Gran Canaria,3.7,11.4,15.7,2.7,66.6
2021,20220101_35016_D03_S046,35016_D03_S046,Las Palmas de Gran Canaria,3.7,23.1,20.7,1.8,50.7
2021,20220101_35016_D04_S001,35016_D04_S001,Las Palmas de Gran Canaria,3.9,25.4,18.4,2.8,49.6
2021,20220101_35016_D04_S002,35016_D04_S002,Las Palmas de Gran Canaria,5.7,7.0,30.0,3.5,53.9
2021,20220101_35016_D04_S003,35016_D04_S003,Las Palmas de Gran Canaria,3.9,17.1,21.7,2.1,55.2
2021,20220101_35016_D04_S004,35016_D04_S004,Las Palmas de Gran Canaria,6.6,16.4,19.1,3.1,54.7
2021,20220101_35016_D04_S005,35016_D04_S005,Las Palmas de Gran Canaria,8.0,5.5,31.8,4.4,50.4
2021,20220101_35016_D04_S006,35016_D04_S006,Las Palmas de Gran Canaria,4.6,12.5,26.4,2.8,53.7
2021,20220101_35016_D04_S007,35016_D04_S007,Las Palmas de Gran Canaria,12.0,3.3,31.8,7.0,45.9
2021,20220101_35016_D04_S008,35016_D04_S008,Las Palmas de Gran Canaria,11.9,3.0,22.5,8.1,54.5
2021,20220101_35016_D04_S009,35016_D04_S009,Las Palmas de Gran Canaria,6.8,7.2,28.3,4.9,52.8
2021,20220101_35016_D04_S011,35016_D04_S011,Las Palmas de Gran Canaria,10.0,4.0,28.8,6.8,50.5
2021,20220101_35016_D04_S012,35016_D04_S012,Las Palmas de Gran Canaria,6.8,4.8,27.5,4.9,56.1
2021,20220101_35016_D04_S013,35016_D04_S013,Las Palmas de Gran Canaria,7.1,9.3,23.8,6.1,53.7
2021,20220101_35016_D04_S014,35016_D04_S014,Las Palmas de Gran Canaria,7.8,4.3,33.4,6.9,47.6
2021,20220101_35016_D04_S015,35016_D04_S015,Las Palmas de Gran Canaria,6.2,9.9,21.4,6.1,56.3
2021,20220101_35016_D04_S016,35016_D04_S016,Las Palmas de Gran Canaria,9.8,2.7,23.8,6.6,57.2
2021,20220101_35016_D04_S017,35016_D04_S017,Las Palmas de Gran Canaria,11.1,3.3,25.8,6.4,53.3
2021,20220101_35016_D04_S019,35016_D04_S019,Las Palmas de Gran Canaria,7.7,5.2,22.9,6.5,57.8
2021,20220101_35016_D04_S020,35016_D04_S020,Las Palmas de Gran Canaria,7.6,5.4,23.7,6.0,57.4
2021,20220101_35016_D04_S021,35016_D04_S021,Las Palmas de Gran Canaria,5.5,10.8,22.7,4.8,56.2
2021,20220101_35016_D04_S022,35016_D04_S022,Las Palmas de Gran Canaria,10.7,1.8,28.1,7.3,52.2
2021,20220101_35016_D04_S023,35016_D04_S023,Las Palmas de Gran Canaria,9.2,2.6,26.8,8.1,53.3
2021,20220101_35016_D04_S024,35016_D04_S024,Las Palmas de Gran Canaria,9.7,2.2,30.1,7.2,50.7
2021,20220101_35016_D04_S025,35016_D04_S025,Las Palmas de Gran Canaria,8.4,3.4,33.1,7.0,48.0
2021,20220101_35016_D04_S026,35016_D04_S026,Las Palmas de Gran Canaria,5.0,9.7,22.3,5.3,57.7
2021,20220101_35016_D04_S027,35016_D04_S027,Las Palmas de Gran Canaria,7.6,11.0,21.6,6.3,53.4
2021,20220101_35016_D04_S028,35016_D04_S028,Las Palmas de Gran Canaria,11.4,2.3,31.5,6.2,48.5
2021,20220101_35016_D04_S029,35016_D04_S029,Las Palmas de Gran Canaria,8.2,3.8,28.2,6.6,53.3
2021,20220101_35016_D04_S030,35016_D04_S030,Las Palmas de Gran Canaria,7.5,4.3,22.5,5.9,59.7
2021,20220101_35016_D04_S031,35016_D04_S031,Las Palmas de Gran Canaria,8.4,6.5,22.1,6.6,56.5
2021,20220101_35016_D04_S032,35016_D04_S032,Las Palmas de Gran Canaria,6.9,4.5,23.1,5.6,59.8
2021,20220101_35016_D04_S033,35016_D04_S033,Las Palmas de Gran Canaria,9.1,3.0,33.0,6.3,48.5
2021,20220101_35016_D04_S034,35016_D04_S034,Las Palmas de Gran Canaria,6.0,3.6,31.7,5.7,53.0
2021,20220101_35016_D04_S035,35016_D04_S035,Las Palmas de Gran Canaria,7.1,3.9,26.8,4.7,57.5
2021,20220101_35016_D04_S036,35016_D04_S036,Las Palmas de Gran Canaria,6.8,3.5,31.5,4.8,53.4
2021,20220101_35016_D04_S037,35016_D04_S037,Las Palmas de Gran Canaria,6.7,11.8,18.9,4.1,58.7
2021,20220101_35016_D04_S038,35016_D04_S038,Las Palmas de Gran Canaria,4.9,18.3,27.2,2.0,47.6
2021,20220101_35016_D04_S039,35016_D04_S039,Las Palmas de Gran Canaria,3.0,36.1,13.9,1.1,46.0
2021,20220101_35016_D04_S040,35016_D04_S040,Las Palmas de Gran Canaria,3.6,16.6,26.2,2.0,51.6
2021,20220101_35016_D04_S041,35016_D04_S041,Las Palmas de Gran Canaria,4.1,10.6,28.6,2.8,53.9
2021,20220101_35016_D04_S042,35016_D04_S042,Las Palmas de Gran Canaria,5.7,12.0,26.7,2.2,53.5
2021,20220101_35016_D04_S043,35016_D04_S043,Las Palmas de Gran Canaria,4.0,15.1,30.0,2.1,48.8
2021,20220101_35016_D04_S045,35016_D04_S045,Las Palmas de Gran Canaria,6.2,7.5,26.3,3.4,56.7
2021,20220101_35016_D04_S046,35016_D04_S046,Las Palmas de Gran Canaria,4.0,13.1,20.9,3.0,59.0
2021,20220101_35016_D04_S047,35016_D04_S047,Las Palmas de Gran Canaria,5.2,6.8,27.2,3.8,57.0
2021,20220101_35016_D04_S048,35016_D04_S048,Las Palmas de Gran Canaria,8.8,4.7,30.7,5.9,49.9
2021,20220101_35016_D04_S049,35016_D04_S049,Las Palmas de Gran Canaria,9.2,2.2,31.6,6.0,51.2
2021,20220101_35016_D04_S050,35016_D04_S050,Las Palmas de Gran Canaria,5.9,6.3,24.9,4.8,58.2
2021,20220101_35016_D04_S051,35016_D04_S051,Las Palmas de Gran Canaria,9.3,4.1,25.2,5.6,55.7
2021,20220101_35016_D04_S052,35016_D04_S052,Las Palmas de Gran Canaria,8.6,3.9,30.1,5.4,52.0
2021,20220101_35016_D04_S053,35016_D04_S053,Las Palmas de Gran Canaria,10.5,2.6,27.9,7.1,52.0
2021,20220101_35016_D04_S055,35016_D04_S055,Las Palmas de Gran Canaria,5.5,10.3,28.4,4.3,51.5
2021,20220101_35016_D04_S056,35016_D04_S056,Las Palmas de Gran Canaria,2.6,20.5,7.8,1.1,68.0
2021,20220101_35016_D04_S057,35016_D04_S057,Las Palmas de Gran Canaria,6.3,5.8,27.5,4.5,55.9
2021,20220101_35016_D04_S058,35016_D04_S058,Las Palmas de Gran Canaria,3.2,10.6,10.4,2.4,73.4
2021,20220101_35016_D04_S059,35016_D04_S059,Las Palmas de Gran Canaria,7.1,3.6,31.2,4.5,53.6
2021,20220101_35016_D04_S060,35016_D04_S060,Las Palmas de Gran Canaria,4.2,6.9,19.7,4.2,64.9
2021,20220101_35016_D04_S061,35016_D04_S061,Las Palmas de Gran Canaria,7.8,9.1,19.7,4.9,58.5
2021,20220101_35016_D04_S062,35016_D04_S062,Las Palmas de Gran Canaria,2.0,15.0,4.8,1.6,76.6
2021,20220101_35016_D04_S063,35016_D04_S063,Las Palmas de Gran Canaria,4.1,8.7,11.7,2.6,72.8
2021,20220101_35016_D04_S064,35016_D04_S064,Las Palmas de Gran Canaria,7.2,4.5,26.9,4.7,56.7
2021,20220101_35016_D04_S065,35016_D04_S065,Las Palmas de Gran Canaria,6.3,3.7,26.0,4.6,59.4
2021,20220101_35016_D04_S066,35016_D04_S066,Las Palmas de Gran Canaria,8.7,4.0,26.6,5.4,55.4
2021,20220101_35016_D04_S067,35016_D04_S067,Las Palmas de Gran Canaria,9.1,2.4,32.9,7.7,47.9
2021,20220101_35016_D04_S068,35016_D04_S068,Las Palmas de Gran Canaria,6.6,6.8,18.9,4.2,63.6
2021,20220101_35016_D04_S069,35016_D04_S069,Las Palmas de Gran Canaria,9.8,1.9,28.5,7.3,52.5
2021,20220101_35016_D04_S070,35016_D04_S070,Las Palmas de Gran Canaria,5.4,10.7,14.6,4.2,65.1
2021,20220101_35016_D04_S071,35016_D04_S071,Las Palmas de Gran Canaria,5.7,5.4,22.7,6.0,60.3
2021,20220101_35016_D04_S073,35016_D04_S073,Las Palmas de Gran Canaria,2.3,20.9,5.9,1.3,69.6
2021,20220101_35016_D04_S074,35016_D04_S074,Las Palmas de Gran Canaria,4.4,8.7,8.3,4.9,73.7
2021,20220101_35016_D04_S075,35016_D04_S075,Las Palmas de Gran Canaria,3.0,11.0,9.3,1.8,75.0
2021,20220101_35016_D04_S076,35016_D04_S076,Las Palmas de Gran Canaria,2.4,15.5,8.6,1.6,72.0
2021,20220101_35016_D04_S077,35016_D04_S077,Las Palmas de Gran Canaria,4.9,5.7,8.8,4.0,76.6
2021,20220101_35016_D04_S078,35016_D04_S078,Las Palmas de Gran Canaria,4.0,7.8,11.2,3.5,73.6
2021,20220101_35016_D04_S079,35016_D04_S079,Las Palmas de Gran Canaria,2.5,19.9,12.2,0.8,64.6
2021,20220101_35016_D04_S080,35016_D04_S080,Las Palmas de Gran Canaria,5.6,10.7,14.7,3.8,65.2
2021,20220101_35016_D04_S081,35016_D04_S081,Las Palmas de Gran Canaria,3.0,20.6,6.1,1.4,68.9
2021,20220101_35016_D04_S082,35016_D04_S082,Las Palmas de Gran Canaria,5.0,11.9,12.3,3.9,66.9
2021,20220101_35016_D04_S083,35016_D04_S083,Las Palmas de Gran Canaria,3.6,10.8,23.4,2.1,60.1
2021,20220101_35016_D04_S084,35016_D04_S084,Las Palmas de Gran Canaria,2.3,15.1,9.3,1.7,71.6
2021,20220101_35016_D05_S001,35016_D05_S001,Las Palmas de Gran Canaria,7.4,5.6,23.5,5.1,58.5
2021,20220101_35016_D05_S002,35016_D05_S002,Las Palmas de Gran Canaria,8.0,8.4,19.1,5.2,59.4
2021,20220101_35016_D05_S003,35016_D05_S003,Las Palmas de Gran Canaria,5.4,6.5,8.4,4.1,75.6
2021,20220101_35016_D05_S004,35016_D05_S004,Las Palmas de Gran Canaria,6.7,12.1,20.9,4.1,56.3
2021,20220101_35016_D05_S005,35016_D05_S005,Las Palmas de Gran Canaria,12.5,1.3,22.0,9.5,54.7
2021,20220101_35016_D05_S006,35016_D05_S006,Las Palmas de Gran Canaria,6.2,7.4,15.4,4.9,66.2
2021,20220101_35016_D05_S007,35016_D05_S007,Las Palmas de Gran Canaria,5.0,14.6,14.6,3.3,62.6
2021,20220101_35016_D05_S008,35016_D05_S008,Las Palmas de Gran Canaria,4.7,10.4,17.4,3.7,63.9
2021,20220101_35016_D05_S009,35016_D05_S009,Las Palmas de Gran Canaria,3.1,8.5,3.6,2.5,82.4
2021,20220101_35016_D05_S010,35016_D05_S010,Las Palmas de Gran Canaria,7.2,8.2,14.9,4.7,64.9
2021,20220101_35016_D05_S011,35016_D05_S011,Las Palmas de Gran Canaria,5.4,5.9,16.8,4.7,67.2
2021,20220101_35016_D05_S012,35016_D05_S012,Las Palmas de Gran Canaria,7.7,5.5,19.7,5.7,61.4
2021,20220101_35016_D05_S013,35016_D05_S013,Las Palmas de Gran Canaria,6.7,6.0,21.7,3.4,62.2
2021,20220101_35016_D05_S014,35016_D05_S014,Las Palmas de Gran Canaria,7.7,3.9,23.9,5.1,59.4
2021,20220101_35016_D05_S015,35016_D05_S015,Las Palmas de Gran Canaria,9.1,6.7,23.4,4.9,56.0
2021,20220101_35016_D05_S016,35016_D05_S016,Las Palmas de Gran Canaria,3.8,14.3,9.7,3.5,68.8
2021,20220101_35016_D05_S017,35016_D05_S017,Las Palmas de Gran Canaria,5.4,12.8,21.8,4.2,55.9
2021,20220101_35016_D05_S018,35016_D05_S018,Las Palmas de Gran Canaria,4.1,7.5,11.0,4.0,73.3
2021,20220101_35016_D05_S019,35016_D05_S019,Las Palmas de Gran Canaria,4.4,13.0,19.4,3.2,60.0
2021,20220101_35016_D05_S020,35016_D05_S020,Las Palmas de Gran Canaria,4.3,14.2,16.1,2.4,62.9
2021,20220101_35016_D05_S021,35016_D05_S021,Las Palmas de Gran Canaria,6.5,7.0,22.1,4.8,59.6
2021,20220101_35016_D05_S022,35016_D05_S022,Las Palmas de Gran Canaria,5.0,12.4,15.3,4.2,63.0
2021,20220101_35016_D05_S023,35016_D05_S023,Las Palmas de Gran Canaria,5.0,9.8,16.2,4.4,64.6
2021,20220101_35016_D05_S024,35016_D05_S024,Las Palmas de Gran Canaria,3.2,11.9,13.0,3.1,68.9
2021,20220101_35016_D05_S025,35016_D05_S025,Las Palmas de Gran Canaria,6.7,8.6,13.9,5.0,65.9
2021,20220101_35016_D05_S026,35016_D05_S026,Las Palmas de Gran Canaria,5.5,15.9,17.9,3.4,57.3
2021,20220101_35016_D05_S027,35016_D05_S027,Las Palmas de Gran Canaria,7.5,7.2,9.5,5.3,70.6
2021,20220101_35016_D05_S028,35016_D05_S028,Las Palmas de Gran Canaria,7.5,7.4,16.8,6.1,62.2
2021,20220101_35016_D05_S029,35016_D05_S029,Las Palmas de Gran Canaria,4.2,8.4,6.7,4.1,76.6
2021,20220101_35016_D05_S030,35016_D05_S030,Las Palmas de Gran Canaria,3.3,12.2,14.6,3.3,66.7
2021,20220101_35016_D05_S031,35016_D05_S031,Las Palmas de Gran Canaria,6.0,7.8,10.3,4.1,71.7
2021,20220101_35016_D05_S032,35016_D05_S032,Las Palmas de Gran Canaria,6.0,9.0,17.5,4.5,63.2
2021,20220101_35016_D05_S033,35016_D05_S033,Las Palmas de Gran Canaria,6.9,8.1,15.3,4.5,65.1
2021,20220101_35016_D05_S034,35016_D05_S034,Las Palmas de Gran Canaria,4.0,7.0,3.5,3.8,81.7
2021,20220101_35016_D05_S035,35016_D05_S035,Las Palmas de Gran Canaria,8.9,6.0,5.9,5.7,73.5
2021,20220101_35017_D01_S001,35017_D01_S001,Puerto del Rosario,3.8,11.0,18.8,5.1,61.3
2021,20220101_35017_D01_S002,35017_D01_S002,Puerto del Rosario,3.4,16.1,16.1,4.7,59.8
2021,20220101_35017_D01_S003,35017_D01_S003,Puerto del Rosario,3.6,8.2,15.9,8.1,64.2
2021,20220101_35017_D01_S004,35017_D01_S004,Puerto del Rosario,4.3,8.3,14.8,8.6,64.0
2021,20220101_35017_D01_S006,35017_D01_S006,Puerto del Rosario,3.7,10.7,14.7,7.5,63.5
2021,20220101_35017_D01_S007,35017_D01_S007,Puerto del Rosario,4.4,10.6,14.5,9.0,61.5
2021,20220101_35017_D01_S008,35017_D01_S008,Puerto del Rosario,2.4,19.4,9.5,3.5,65.2
2021,20220101_35017_D01_S009,35017_D01_S009,Puerto del Rosario,4.6,8.9,11.9,8.0,66.5
2021,20220101_35017_D01_S010,35017_D01_S010,Puerto del Rosario,4.0,7.5,9.2,9.1,70.1
2021,20220101_35017_D01_S011,35017_D01_S011,Puerto del Rosario,5.5,8.7,12.3,7.0,66.6
2021,20220101_35017_D01_S012,35017_D01_S012,Puerto del Rosario,2.7,13.3,11.4,5.9,66.7
2021,20220101_35017_D01_S013,35017_D01_S013,Puerto del Rosario,3.6,9.1,12.0,8.3,66.9
2021,20220101_35017_D01_S014,35017_D01_S014,Puerto del Rosario,2.6,11.2,7.3,5.3,73.6
2021,20220101_35017_D01_S015,35017_D01_S015,Puerto del Rosario,3.7,8.8,7.9,8.8,70.8
2021,20220101_35017_D01_S016,35017_D01_S016,Puerto del Rosario,3.8,8.9,7.4,8.9,71.0
2021,20220101_35017_D01_S017,35017_D01_S017,Puerto del Rosario,3.9,8.9,8.9,9.1,69.2
2021,20220101_35017_D01_S018,35017_D01_S018,Puerto del Rosario,3.9,6.8,9.4,8.7,71.1
2021,20220101_35017_D02_S001,35017_D02_S001,Puerto del Rosario,4.2,14.4,12.9,3.5,65.1
2021,20220101_35017_D02_S002,35017_D02_S002,Puerto del Rosario,3.9,12.9,14.7,5.0,63.6
2021,20220101_35017_D02_S003,35017_D02_S003,Puerto del Rosario,3.2,13.2,8.1,4.2,71.3
2021,20220101_35017_D03_S001,35017_D03_S001,Puerto del Rosario,5.3,13.2,16.4,5.1,60.0
2021,20220101_35017_D03_S002,35017_D03_S002,Puerto del Rosario,4.8,6.7,9.8,11.3,67.4
2021,20220101_35018_D01_S001,35018_D01_S001,San Bartolomé,3.5,10.7,13.3,7.6,64.9
2021,20220101_35018_D01_S002,35018_D01_S002,San Bartolomé,3.9,16.0,12.0,7.1,61.0
2021,20220101_35018_D01_S003,35018_D01_S003,San Bartolomé,4.0,13.5,12.6,7.6,62.3
2021,20220101_35018_D01_S004,35018_D01_S004,San Bartolomé,2.4,16.4,13.1,7.7,60.5
2021,20220101_35018_D02_S001,35018_D02_S001,San Bartolomé,3.0,13.6,14.3,8.1,61.1
2021,20220101_35018_D02_S002,35018_D02_S002,San Bartolomé,3.2,16.9,12.3,8.4,59.3
2021,20220101_35018_D02_S003,35018_D02_S003,San Bartolomé,3.2,16.3,16.0,6.3,58.2
2021,20220101_35018_D02_S004,35018_D02_S004,San Bartolomé,3.2,8.9,8.7,10.0,69.2
2021,20220101_35018_D02_S005,35018_D02_S005,San Bartolomé,3.1,10.7,12.8,9.1,64.3
2021,20220101_35018_D02_S006,35018_D02_S006,San Bartolomé,3.5,8.6,12.6,8.6,66.7
2021,20220101_35019_D01_S001,35019_D01_S001,San Bartolomé de Tirajana,6.9,12.7,27.9,5.4,47.1
2021,20220101_35019_D02_S001,35019_D02_S001,San Bartolomé de Tirajana,6.6,7.1,19.9,10.8,55.6
2021,20220101_35019_D02_S002,35019_D02_S002,San Bartolomé de Tirajana,7.8,5.3,20.1,12.7,54.1
2021,20220101_35019_D02_S003,35019_D02_S003,San Bartolomé de Tirajana,7.7,9.4,22.5,9.1,51.3
2021,20220101_35019_D03_S001,35019_D03_S001,San Bartolomé de Tirajana,7.1,9.1,38.1,9.9,35.8
2021,20220101_35019_D03_S002,35019_D03_S002,San Bartolomé de Tirajana,5.2,6.8,21.6,17.7,48.6
2021,20220101_35019_D03_S003,35019_D03_S003,San Bartolomé de Tirajana,2.5,21.8,16.3,6.5,52.9
2021,20220101_35019_D03_S004,35019_D03_S004,San Bartolomé de Tirajana,3.8,15.8,21.6,11.7,47.1
2021,20220101_35019_D03_S005,35019_D03_S005,San Bartolomé de Tirajana,2.2,25.8,23.0,8.3,40.7
2021,20220101_35019_D03_S006,35019_D03_S006,San Bartolomé de Tirajana,8.0,6.3,24.3,15.3,46.1
2021,20220101_35019_D03_S007,35019_D03_S007,San Bartolomé de Tirajana,5.6,12.0,17.8,17.2,47.4
2021,20220101_35019_D03_S008,35019_D03_S008,San Bartolomé de Tirajana,5.8,10.6,26.8,13.9,42.9
2021,20220101_35019_D03_S009,35019_D03_S009,San Bartolomé de Tirajana,5.4,12.6,15.6,12.0,54.4
2021,20220101_35019_D03_S010,35019_D03_S010,San Bartolomé de Tirajana,4.6,20.2,19.4,12.3,43.5
2021,20220101_35019_D03_S011,35019_D03_S011,San Bartolomé de Tirajana,2.2,30.3,13.8,6.2,47.6
2021,20220101_35019_D03_S012,35019_D03_S012,San Bartolomé de Tirajana,4.8,16.4,17.9,11.5,49.4
2021,20220101_35019_D03_S013,35019_D03_S013,San Bartolomé de Tirajana,5.2,14.5,12.1,15.5,52.7
2021,20220101_35019_D03_S014,35019_D03_S014,San Bartolomé de Tirajana,4.7,28.6,27.2,6.6,33.0
2021,20220101_35019_D03_S015,35019_D03_S015,San Bartolomé de Tirajana,3.9,14.6,18.6,11.1,51.9
2021,20220101_35019_D03_S016,35019_D03_S016,San Bartolomé de Tirajana,3.2,24.8,11.5,8.2,52.3
2021,20220101_35019_D03_S017,35019_D03_S017,San Bartolomé de Tirajana,2.6,23.0,15.6,6.3,52.5
2021,20220101_35019_D03_S018,35019_D03_S018,San Bartolomé de Tirajana,3.7,28.0,15.7,9.0,43.7
2021,20220101_35019_D04_S001,35019_D04_S001,San Bartolomé de Tirajana,7.1,7.8,19.6,13.0,52.6
2021,20220101_35019_D04_S002,35019_D04_S002,San Bartolomé de Tirajana,4.0,14.4,12.4,12.6,56.6
2021,20220101_35019_D04_S003,35019_D04_S003,San Bartolomé de Tirajana,4.6,10.8,24.6,13.3,46.7
2021,20220101_35019_D04_S004,35019_D04_S004,San Bartolomé de Tirajana,4.7,22.4,15.5,10.1,47.2
2021,20220101_35019_D04_S005,35019_D04_S005,San Bartolomé de Tirajana,4.8,22.2,15.6,9.8,47.7
2021,20220101_35019_D04_S006,35019_D04_S006,San Bartolomé de Tirajana,3.5,12.4,11.3,12.6,60.2
2021,20220101_35020_D01_S001,35020_D01_S001,La Aldea de San Nicolás,7.9,12.1,26.3,4.8,48.8
2021,20220101_35020_D01_S002,35020_D01_S002,La Aldea de San Nicolás,7.3,8.4,24.7,9.1,50.4
2021,20220101_35020_D01_S003,35020_D01_S003,La Aldea de San Nicolás,8.7,8.6,22.9,6.7,53.1
2021,20220101_35020_D01_S004,35020_D01_S004,La Aldea de San Nicolás,7.7,7.7,27.3,8.1,49.2
2021,20220101_35020_D01_S005,35020_D01_S005,La Aldea de San Nicolás,8.8,9.4,20.1,8.0,53.7
2021,20220101_35020_D01_S006,35020_D01_S006,La Aldea de San Nicolás,7.7,4.3,23.8,7.4,56.8
2021,20220101_35020_D01_S007,35020_D01_S007,La Aldea de San Nicolás,7.1,8.2,26.5,8.7,49.5
2021,20220101_35021_D01_S001,35021_D01_S001,Santa Brígida,4.8,14.4,16.8,2.2,61.8
2021,20220101_35021_D01_S002,35021_D01_S002,Santa Brígida,6.8,11.2,18.0,3.4,60.6
2021,20220101_35021_D01_S003,35021_D01_S003,Santa Brígida,3.6,17.3,18.7,2.6,57.8
2021,20220101_35021_D01_S004,35021_D01_S004,Santa Brígida,5.4,18.3,21.6,2.6,52.2
2021,20220101_35021_D02_S001,35021_D02_S001,Santa Brígida,5.1,11.2,18.6,2.6,62.5
2021,20220101_35021_D02_S002,35021_D02_S002,Santa Brígida,5.6,12.6,19.5,4.1,58.2
2021,20220101_35021_D03_S001,35021_D03_S001,Santa Brígida,2.2,33.2,13.3,1.5,49.9
2021,20220101_35021_D03_S002,35021_D03_S002,Santa Brígida,5.3,13.3,16.5,3.4,61.5
2021,20220101_35021_D03_S003,35021_D03_S003,Santa Brígida,2.1,28.3,16.1,1.5,52.1
2021,20220101_35021_D03_S004,35021_D03_S004,Santa Brígida,2.4,28.6,15.7,1.5,51.9
2021,20220101_35021_D04_S001,35021_D04_S001,Santa Brígida,2.3,13.7,22.1,2.8,59.2
2021,20220101_35021_D04_S002,35021_D04_S002,Santa Brígida,3.0,19.0,13.5,2.4,62.1
2021,20220101_35022_D01_S001,35022_D01_S001,Santa Lucía de Tirajana,5.2,16.5,27.3,5.3,45.7
2021,20220101_35022_D02_S001,35022_D02_S001,Santa Lucía de Tirajana,6.7,9.4,19.2,9.2,55.4
2021,20220101_35022_D02_S002,35022_D02_S002,Santa Lucía de Tirajana,5.6,6.1,16.8,10.2,61.3
2021,20220101_35022_D02_S003,35022_D02_S003,Santa Lucía de Tirajana,5.2,12.7,16.7,6.9,58.6
2021,20220101_35022_D02_S004,35022_D02_S004,Santa Lucía de Tirajana,7.2,4.7,15.4,12.3,60.3
2021,20220101_35022_D02_S005,35022_D02_S005,Santa Lucía de Tirajana,5.1,7.4,21.1,8.6,57.8
2021,20220101_35022_D02_S006,35022_D02_S006,Santa Lucía de Tirajana,7.9,8.8,10.7,11.1,61.5
2021,20220101_35022_D02_S007,35022_D02_S007,Santa Lucía de Tirajana,8.3,5.4,13.9,12.4,60.0
2021,20220101_35022_D03_S001,35022_D03_S001,Santa Lucía de Tirajana,7.2,5.6,10.4,13.1,63.8
2021,20220101_35022_D03_S002,35022_D03_S002,Santa Lucía de Tirajana,5.3,7.3,15.1,11.6,60.7
2021,20220101_35022_D03_S003,35022_D03_S003,Santa Lucía de Tirajana,7.6,8.9,17.3,9.8,56.4
2021,20220101_35022_D03_S004,35022_D03_S004,Santa Lucía de Tirajana,5.5,22.9,14.2,7.3,50.1
2021,20220101_35022_D03_S005,35022_D03_S005,Santa Lucía de Tirajana,6.8,20.0,13.8,10.1,49.3
2021,20220101_35022_D03_S006,35022_D03_S006,Santa Lucía de Tirajana,5.7,11.4,13.3,8.9,60.6
2021,20220101_35022_D03_S007,35022_D03_S007,Santa Lucía de Tirajana,7.0,9.6,18.4,11.2,53.8
2021,20220101_35022_D03_S008,35022_D03_S008,Santa Lucía de Tirajana,6.4,9.2,17.1,9.2,58.1
2021,20220101_35022_D03_S009,35022_D03_S009,Santa Lucía de Tirajana,6.0,12.7,15.8,9.8,55.9
2021,20220101_35022_D03_S010,35022_D03_S010,Santa Lucía de Tirajana,7.6,8.2,16.2,11.0,57.1
2021,20220101_35022_D03_S011,35022_D03_S011,Santa Lucía de Tirajana,7.1,7.3,13.6,13.0,59.0
2021,20220101_35022_D03_S012,35022_D03_S012,Santa Lucía de Tirajana,7.9,6.7,17.0,10.6,57.9
2021,20220101_35022_D03_S013,35022_D03_S013,Santa Lucía de Tirajana,6.2,7.7,16.7,12.9,56.6
2021,20220101_35022_D03_S014,35022_D03_S014,Santa Lucía de Tirajana,7.3,7.7,13.9,11.8,59.3
2021,20220101_35022_D03_S015,35022_D03_S015,Santa Lucía de Tirajana,7.3,9.7,18.3,10.6,54.1
2021,20220101_35022_D03_S016,35022_D03_S016,Santa Lucía de Tirajana,6.6,9.1,15.0,11.8,57.5
2021,20220101_35022_D03_S017,35022_D03_S017,Santa Lucía de Tirajana,5.4,6.8,13.0,10.8,64.0
2021,20220101_35022_D03_S018,35022_D03_S018,Santa Lucía de Tirajana,5.4,19.1,11.1,9.8,54.7
2021,20220101_35022_D03_S019,35022_D03_S019,Santa Lucía de Tirajana,5.8,5.4,15.2,12.2,61.3
2021,20220101_35022_D03_S020,35022_D03_S020,Santa Lucía de Tirajana,6.3,9.8,15.4,10.4,58.1
2021,20220101_35022_D03_S021,35022_D03_S021,Santa Lucía de Tirajana,6.7,7.9,16.8,10.5,58.1
2021,20220101_35022_D03_S022,35022_D03_S022,Santa Lucía de Tirajana,6.3,6.6,10.5,12.4,64.3
2021,20220101_35022_D03_S023,35022_D03_S023,Santa Lucía de Tirajana,6.5,9.0,11.8,9.1,63.7
2021,20220101_35022_D03_S024,35022_D03_S024,Santa Lucía de Tirajana,4.9,7.5,8.3,10.6,68.7
2021,20220101_35022_D03_S025,35022_D03_S025,Santa Lucía de Tirajana,6.4,9.4,13.3,11.6,59.2
2021,20220101_35022_D03_S026,35022_D03_S026,Santa Lucía de Tirajana,6.6,7.7,11.7,13.6,60.4
2021,20220101_35022_D03_S027,35022_D03_S027,Santa Lucía de Tirajana,4.9,9.2,9.5,9.8,66.6
2021,20220101_35022_D03_S028,35022_D03_S028,Santa Lucía de Tirajana,4.2,16.6,8.9,6.4,63.9
2021,20220101_35022_D03_S029,35022_D03_S029,Santa Lucía de Tirajana,5.7,9.8,8.2,9.3,67.1
2021,20220101_35022_D03_S030,35022_D03_S030,Santa Lucía de Tirajana,4.8,14.7,11.1,10.3,59.1
2021,20220101_35022_D03_S031,35022_D03_S031,Santa Lucía de Tirajana,5.6,8.7,11.5,10.9,63.3
2021,20220101_35023_D01_S001,35023_D01_S001,Santa María de Guía de Gran Canaria,6.1,10.7,18.8,2.7,61.7
2021,20220101_35023_D01_S002,35023_D01_S002,Santa María de Guía de Gran Canaria,7.8,6.0,22.7,4.2,59.3
2021,20220101_35023_D01_S003,35023_D01_S003,Santa María de Guía de Gran Canaria,5.9,8.9,19.0,2.7,63.4
2021,20220101_35023_D01_S004,35023_D01_S004,Santa María de Guía de Gran Canaria,5.9,6.2,21.3,3.4,63.2
2021,20220101_35023_D01_S005,35023_D01_S005,Santa María de Guía de Gran Canaria,8.7,4.8,19.1,4.3,63.1
2021,20220101_35023_D01_S006,35023_D01_S006,Santa María de Guía de Gran Canaria,6.1,13.2,19.2,3.1,58.5
2021,20220101_35023_D01_S007,35023_D01_S007,Santa María de Guía de Gran Canaria,8.4,12.3,23.3,3.7,52.4
2021,20220101_35023_D01_S008,35023_D01_S008,Santa María de Guía de Gran Canaria,7.3,14.8,21.2,3.3,53.4
2021,20220101_35023_D01_S009,35023_D01_S009,Santa María de Guía de Gran Canaria,7.5,14.0,23.9,3.3,51.3
2021,20220101_35023_D01_S010,35023_D01_S010,Santa María de Guía de Gran Canaria,8.6,2.8,24.1,5.9,58.6
2021,20220101_35023_D01_S011,35023_D01_S011,Santa María de Guía de Gran Canaria,4.7,15.6,20.4,2.5,56.9
2021,20220101_35023_D01_S012,35023_D01_S012,Santa María de Guía de Gran Canaria,10.1,7.4,27.7,4.0,50.7
2021,20220101_35024_D01_S001,35024_D01_S001,Teguise,3.2,12.1,16.2,7.3,61.2
2021,20220101_35024_D01_S002,35024_D01_S002,Teguise,3.1,17.5,15.4,7.5,56.4
2021,20220101_35024_D01_S003,35024_D01_S003,Teguise,3.8,14.7,17.4,6.0,58.1
2021,20220101_35024_D01_S004,35024_D01_S004,Teguise,4.0,12.3,11.5,6.6,65.7
2021,20220101_35024_D01_S005,35024_D01_S005,Teguise,2.5,14.5,5.9,6.3,70.8
2021,20220101_35024_D01_S006,35024_D01_S006,Teguise,2.4,20.7,11.4,6.0,59.4
2021,20220101_35024_D01_S007,35024_D01_S007,Teguise,2.1,18.1,9.2,9.4,61.3
2021,20220101_35024_D01_S008,35024_D01_S008,Teguise,3.1,14.2,12.7,6.4,63.7
2021,20220101_35024_D01_S009,35024_D01_S009,Teguise,2.8,21.0,9.6,6.7,59.9
2021,20220101_35024_D01_S010,35024_D01_S010,Teguise,5.2,22.8,17.7,6.2,48.1
2021,20220101_35025_D01_S001,35025_D01_S001,Tejeda,4.3,16.3,26.8,2.6,50.0
2021,20220101_35025_D01_S002,35025_D01_S002,Tejeda,4.7,12.4,33.5,4.8,44.7
2021,20220101_35026_D01_S001,35026_D01_S001,Telde,4.3,13.9,23.9,3.0,55.0
2021,20220101_35026_D01_S002,35026_D01_S002,Telde,3.9,16.9,16.8,2.7,59.7
2021,20220101_35026_D01_S003,35026_D01_S003,Telde,3.9,8.8,23.9,3.4,60.0
2021,20220101_35026_D02_S001,35026_D02_S001,Telde,6.4,14.9,22.1,4.1,52.5
2021,20220101_35026_D02_S002,35026_D02_S002,Telde,7.1,8.4,23.1,5.1,56.4
2021,20220101_35026_D02_S003,35026_D02_S003,Telde,6.1,11.8,20.5,5.2,56.4
2021,20220101_35026_D02_S004,35026_D02_S004,Telde,4.5,8.3,12.9,4.2,70.2
2021,20220101_35026_D02_S005,35026_D02_S005,Telde,6.1,8.6,15.2,5.0,65.1
2021,20220101_35026_D02_S006,35026_D02_S006,Telde,5.8,9.9,22.7,4.0,57.6
2021,20220101_35026_D02_S007,35026_D02_S007,Telde,6.3,7.1,20.6,5.3,60.7
2021,20220101_35026_D02_S008,35026_D02_S008,Telde,4.8,13.1,20.4,3.8,57.9
2021,20220101_35026_D02_S009,35026_D02_S009,Telde,6.9,9.1,18.0,5.2,60.8
2021,20220101_35026_D02_S010,35026_D02_S010,Telde,5.0,9.0,20.1,6.0,59.9
2021,20220101_35026_D02_S011,35026_D02_S011,Telde,3.7,9.5,11.6,3.5,71.8
2021,20220101_35026_D03_S001,35026_D03_S001,Telde,7.3,6.1,18.9,5.5,62.2
2021,20220101_35026_D03_S002,35026_D03_S002,Telde,6.7,8.1,21.1,5.4,58.6
2021,20220101_35026_D03_S003,35026_D03_S003,Telde,4.4,14.8,15.5,5.1,60.2
2021,20220101_35026_D03_S004,35026_D03_S004,Telde,6.3,12.0,17.4,5.1,59.2
2021,20220101_35026_D03_S005,35026_D03_S005,Telde,4.3,17.0,11.2,2.5,64.9
2021,20220101_35026_D03_S006,35026_D03_S006,Telde,9.1,5.0,22.8,7.7,55.3
2021,20220101_35026_D03_S007,35026_D03_S007,Telde,11.3,6.9,26.9,8.5,46.4
2021,20220101_35026_D03_S008,35026_D03_S008,Telde,5.9,4.0,23.6,6.5,59.9
2021,20220101_35026_D03_S009,35026_D03_S009,Telde,9.7,2.9,33.5,6.8,47.0
2021,20220101_35026_D03_S010,35026_D03_S010,Telde,5.6,7.1,18.2,5.8,63.3
2021,20220101_35026_D03_S011,35026_D03_S011,Telde,10.3,2.3,19.9,8.3,59.2
2021,20220101_35026_D03_S012,35026_D03_S012,Telde,10.4,1.3,27.4,9.8,51.1
2021,20220101_35026_D03_S013,35026_D03_S013,Telde,10.2,0.4,29.6,9.4,50.4
2021,20220101_35026_D03_S014,35026_D03_S014,Telde,9.5,1.6,32.0,8.1,48.9
2021,20220101_35026_D03_S015,35026_D03_S015,Telde,12.8,0.9,26.3,8.5,51.5
2021,20220101_35026_D03_S016,35026_D03_S016,Telde,10.5,2.1,31.2,8.2,48.1
2021,20220101_35026_D03_S017,35026_D03_S017,Telde,11.2,3.0,29.8,8.2,47.9
2021,20220101_35026_D03_S018,35026_D03_S018,Telde,10.9,2.1,23.7,9.9,53.3
2021,20220101_35026_D03_S019,35026_D03_S019,Telde,5.3,6.8,10.9,5.7,71.2
2021,20220101_35026_D03_S020,35026_D03_S020,Telde,6.2,5.5,11.4,6.1,70.8
2021,20220101_35026_D03_S021,35026_D03_S021,Telde,5.5,6.7,13.0,6.5,68.4
2021,20220101_35026_D03_S022,35026_D03_S022,Telde,5.4,9.8,11.8,7.1,66.0
2021,20220101_35026_D03_S023,35026_D03_S023,Telde,8.2,3.9,7.3,6.8,73.8
2021,20220101_35026_D04_S001,35026_D04_S001,Telde,6.4,6.8,19.5,6.4,60.9
2021,20220101_35026_D04_S002,35026_D04_S002,Telde,7.1,6.4,22.0,5.6,58.9
2021,20220101_35026_D04_S003,35026_D04_S003,Telde,7.7,8.6,16.7,6.3,60.8
2021,20220101_35026_D04_S004,35026_D04_S004,Telde,7.7,7.4,21.5,6.3,57.1
2021,20220101_35026_D05_S001,35026_D05_S001,Telde,5.1,9.4,18.4,4.6,62.5
2021,20220101_35026_D05_S002,35026_D05_S002,Telde,4.5,7.5,12.7,5.7,69.6
2021,20220101_35026_D05_S003,35026_D05_S003,Telde,4.5,6.9,17.4,5.1,66.1
2021,20220101_35026_D05_S004,35026_D05_S004,Telde,9.6,1.8,29.5,10.0,49.1
2021,20220101_35026_D05_S005,35026_D05_S005,Telde,9.5,2.8,30.6,6.9,50.2
2021,20220101_35026_D05_S006,35026_D05_S006,Telde,9.2,1.9,29.2,8.2,51.7
2021,20220101_35026_D05_S007,35026_D05_S007,Telde,3.7,18.8,13.2,2.1,62.3
2021,20220101_35026_D05_S008,35026_D05_S008,Telde,4.0,9.8,14.6,4.1,67.5
2021,20220101_35026_D05_S009,35026_D05_S009,Telde,4.2,13.2,13.9,2.1,66.6
2021,20220101_35026_D05_S010,35026_D05_S010,Telde,6.4,8.7,8.1,4.5,72.3
2021,20220101_35026_D05_S011,35026_D05_S011,Telde,3.4,14.1,8.7,2.2,71.6
2021,20220101_35026_D06_S001,35026_D06_S001,Telde,5.2,6.0,17.6,6.9,64.5
2021,20220101_35026_D06_S002,35026_D06_S002,Telde,5.3,9.0,14.5,5.2,66.1
2021,20220101_35026_D06_S003,35026_D06_S003,Telde,3.5,13.6,15.6,3.8,63.5
2021,20220101_35026_D06_S004,35026_D06_S004,Telde,7.5,7.8,16.5,6.6,61.7
2021,20220101_35026_D06_S005,35026_D06_S005,Telde,5.9,7.1,12.6,6.6,67.8
2021,20220101_35026_D06_S006,35026_D06_S006,Telde,6.7,6.9,17.4,6.9,62.1
2021,20220101_35026_D06_S007,35026_D06_S007,Telde,6.7,7.0,20.0,6.8,59.6
2021,20220101_35026_D06_S008,35026_D06_S008,Telde,5.3,10.0,12.8,5.2,66.6
2021,20220101_35026_D06_S009,35026_D06_S009,Telde,5.7,9.7,21.1,6.6,57.0
2021,20220101_35026_D06_S010,35026_D06_S010,Telde,6.9,8.0,19.9,6.3,59.0
2021,20220101_35026_D06_S011,35026_D06_S011,Telde,7.4,5.5,16.3,6.0,64.9
2021,20220101_35026_D06_S012,35026_D06_S012,Telde,2.8,15.3,14.2,2.1,65.6
2021,20220101_35026_D06_S013,35026_D06_S013,Telde,3.5,15.6,11.8,2.8,66.3
2021,20220101_35026_D06_S014,35026_D06_S014,Telde,7.7,7.3,26.1,6.8,52.0
2021,20220101_35026_D06_S015,35026_D06_S015,Telde,5.6,8.8,12.4,5.8,67.4
2021,20220101_35027_D01_S001,35027_D01_S001,Teror,3.6,21.0,19.6,2.5,53.4
2021,20220101_35027_D01_S002,35027_D01_S002,Teror,4.0,10.9,19.9,3.4,61.7
2021,20220101_35027_D01_S003,35027_D01_S003,Teror,4.5,12.2,21.6,4.0,57.7
2021,20220101_35027_D01_S004,35027_D01_S004,Teror,7.5,14.3,18.8,4.2,55.3
2021,20220101_35027_D01_S005,35027_D01_S005,Teror,6.4,12.8,23.4,4.3,53.2
2021,20220101_35027_D01_S006,35027_D01_S006,Teror,4.2,10.3,18.1,4.3,63.1
2021,20220101_35027_D01_S007,35027_D01_S007,Teror,4.6,9.5,16.4,3.7,65.8
2021,20220101_35027_D01_S008,35027_D01_S008,Teror,4.4,13.8,18.5,3.8,59.4
2021,20220101_35027_D01_S009,35027_D01_S009,Teror,4.6,11.1,14.2,3.7,66.3
2021,20220101_35027_D01_S010,35027_D01_S010,Teror,5.9,7.8,13.5,4.9,68.0
2021,20220101_35028_D01_S001,35028_D01_S001,Tías,3.7,15.7,11.5,10.8,58.3
2021,20220101_35028_D01_S002,35028_D01_S002,Tías,3.5,20.6,14.3,15.0,46.6
2021,20220101_35028_D01_S003,35028_D01_S003,Tías,2.4,25.6,15.0,7.1,49.9
2021,20220101_35028_D01_S004,35028_D01_S004,Tías,2.4,28.4,13.5,12.7,43.1
2021,20220101_35028_D01_S005,35028_D01_S005,Tías,3.2,17.3,11.7,10.3,57.6
2021,20220101_35028_D01_S006,35028_D01_S006,Tías,2.5,22.2,14.5,12.8,47.9
2021,20220101_35028_D01_S007,35028_D01_S007,Tías,3.0,17.1,14.0,9.7,56.2
2021,20220101_35029_D01_S001,35029_D01_S001,Tinajo,2.8,15.2,12.9,8.0,61.2
2021,20220101_35029_D01_S002,35029_D01_S002,Tinajo,3.1,14.5,13.5,7.6,61.4
2021,20220101_35029_D01_S003,35029_D01_S003,Tinajo,3.3,14.2,7.5,10.7,64.3
2021,20220101_35029_D01_S004,35029_D01_S004,Tinajo,3.7,14.6,17.0,7.6,57.1
2021,20220101_35030_D01_S001,35030_D01_S001,Tuineje,4.9,12.4,17.2,8.5,57.0
2021,20220101_35030_D01_S002,35030_D01_S002,Tuineje,4.6,13.7,15.6,9.4,56.7
2021,20220101_35030_D01_S003,35030_D01_S003,Tuineje,4.5,14.2,13.1,12.6,55.7
2021,20220101_35030_D01_S004,35030_D01_S004,Tuineje,6.2,8.3,16.4,12.4,56.7
2021,20220101_35030_D01_S005,35030_D01_S005,Tuineje,4.2,12.4,15.0,9.2,59.3
2021,20220101_35030_D01_S006,35030_D01_S006,Tuineje,3.9,9.1,12.2,11.5,63.3
2021,20220101_35030_D01_S007,35030_D01_S007,Tuineje,3.2,13.4,10.6,10.3,62.5
2021,20220101_35031_D01_S001,35031_D01_S001,Valsequillo de Gran Canaria,4.6,10.3,15.3,4.2,65.6
2021,20220101_35031_D01_S002,35031_D01_S002,Valsequillo de Gran Canaria,5.7,9.5,13.6,4.9,66.4
2021,20220101_35031_D01_S003,35031_D01_S003,Valsequillo de Gran Canaria,6.2,11.2,20.1,4.7,57.9
2021,20220101_35031_D01_S004,35031_D01_S004,Valsequillo de Gran Canaria,5.3,12.9,16.6,4.9,60.4
2021,20220101_35031_D01_S005,35031_D01_S005,Valsequillo de Gran Canaria,3.9,16.0,13.2,4.5,62.5
2021,20220101_35031_D01_S006,35031_D01_S006,Valsequillo de Gran Canaria,6.4,12.0,15.1,5.5,61.0
2021,20220101_35032_D01_S001,35032_D01_S001,Valleseco,6.0,10.3,23.3,4.1,56.3
2021,20220101_35032_D01_S002,35032_D01_S002,Valleseco,6.0,10.8,22.3,3.6,57.4
2021,20220101_35032_D01_S003,35032_D01_S003,Valleseco,4.1,12.3,24.7,4.6,54.3
2021,20220101_35033_D01_S001,35033_D01_S001,Vega de San Mateo,4.6,13.3,16.0,4.0,62.1
2021,20220101_35033_D01_S002,35033_D01_S002,Vega de San Mateo,5.1,14.3,19.9,3.3,57.5
2021,20220101_35033_D01_S003,35033_D01_S003,Vega de San Mateo,6.1,11.4,24.4,4.9,53.1
2021,20220101_35033_D01_S004,35033_D01_S004,Vega de San Mateo,8.0,10.4,18.6,4.4,58.6
2021,20220101_35033_D01_S005,35033_D01_S005,Vega de San Mateo,7.9,11.6,20.6,3.9,55.9
2021,20220101_35033_D01_S006,35033_D01_S006,Vega de San Mateo,7.0,8.3,22.6,3.6,58.5
2021,20220101_35033_D01_S007,35033_D01_S007,Vega de San Mateo,5.1,12.2,16.5,3.2,62.9
2021,20220101_35034_D01_S001,35034_D01_S001,Yaiza,2.7,21.3,12.1,8.7,55.2
2021,20220101_35034_D01_S002,35034_D01_S002,Yaiza,3.7,15.2,8.8,19.9,52.5
2021,20220101_35034_D01_S003,35034_D01_S003,Yaiza,3.6,10.5,7.5,21.2,57.2
2021,20220101_35034_D01_S004,35034_D01_S004,Yaiza,3.5,22.0,10.7,13.6,50.2
2021,20220101_35034_D01_S005,35034_D01_S005,Yaiza,3.0,16.5,11.9,17.8,50.9
2021,20220101_35034_D01_S006,35034_D01_S006,Yaiza,3.3,20.5,19.0,8.1,49.1
2021,20220101_38001_D01_S001,38001_D01_S001,Adeje,3.5,15.8,14.9,11.6,54.2
2021,20220101_38001_D01_S002,38001_D01_S002,Adeje,4.6,7.0,13.5,16.6,58.4
2021,20220101_38001_D01_S003,38001_D01_S003,Adeje,3.0,21.2,11.4,13.4,51.0
2021,20220101_38001_D01_S004,38001_D01_S004,Adeje,4.8,10.1,17.3,13.7,54.2
2021,20220101_38001_D01_S005,38001_D01_S005,Adeje,3.3,14.6,18.1,10.8,53.2
2021,20220101_38001_D01_S006,38001_D01_S006,Adeje,4.1,8.9,15.9,14.1,57.0
2021,20220101_38001_D01_S007,38001_D01_S007,Adeje,2.5,19.8,15.5,16.1,46.1
2021,20220101_38001_D01_S008,38001_D01_S008,Adeje,2.4,21.2,14.6,12.6,49.3
2021,20220101_38001_D01_S009,38001_D01_S009,Adeje,2.4,29.6,7.1,8.8,52.1
2021,20220101_38001_D01_S010,38001_D01_S010,Adeje,3.3,18.1,13.2,8.2,57.2
2021,20220101_38001_D01_S011,38001_D01_S011,Adeje,1.9,21.1,11.0,16.1,49.9
2021,20220101_38001_D01_S012,38001_D01_S012,Adeje,3.4,24.6,11.6,12.1,48.5
2021,20220101_38001_D01_S013,38001_D01_S013,Adeje,2.7,26.3,8.7,12.2,50.1
2021,20220101_38001_D01_S014,38001_D01_S014,Adeje,3.8,12.9,14.8,13.9,54.6
2021,20220101_38001_D01_S015,38001_D01_S015,Adeje,3.8,11.2,10.8,15.5,58.6
2021,20220101_38001_D01_S016,38001_D01_S016,Adeje,3.9,15.4,9.3,11.3,60.2
2021,20220101_38001_D01_S017,38001_D01_S017,Adeje,3.2,16.9,11.3,13.1,55.5
2021,20220101_38001_D01_S018,38001_D01_S018,Adeje,1.9,30.7,10.5,12.2,44.7
2021,20220101_38002_D01_S001,38002_D01_S001,Agulo,4.2,14.3,29.5,5.1,47.0
2021,20220101_38003_D01_S001,38003_D01_S001,Alajeró,4.7,9.9,21.8,6.8,56.8
2021,20220101_38004_D01_S001,38004_D01_S001,Arafo,3.6,7.8,19.7,3.8,65.2
2021,20220101_38004_D01_S002,38004_D01_S002,Arafo,4.3,10.2,24.0,4.7,56.8
2021,20220101_38004_D01_S003,38004_D01_S003,Arafo,4.1,12.8,17.5,3.1,62.6
2021,20220101_38005_D01_S001,38005_D01_S001,Arico,4.1,8.7,23.9,8.5,54.8
2021,20220101_38005_D01_S002,38005_D01_S002,Arico,3.5,6.9,22.2,9.1,58.3
2021,20220101_38005_D01_S003,38005_D01_S003,Arico,3.5,10.4,25.4,6.3,54.5
2021,20220101_38005_D01_S004,38005_D01_S004,Arico,3.7,11.4,20.0,4.8,60.1
2021,20220101_38005_D01_S005,38005_D01_S005,Arico,3.9,9.2,17.1,7.8,62.0
2021,20220101_38005_D01_S006,38005_D01_S006,Arico,4.7,6.6,21.3,8.0,59.4
2021,20220101_38006_D01_S001,38006_D01_S001,Arona,3.4,16.6,19.1,8.1,52.9
2021,20220101_38006_D01_S002,38006_D01_S002,Arona,3.7,29.5,16.7,9.7,40.5
2021,20220101_38006_D01_S003,38006_D01_S003,Arona,4.1,14.5,15.6,12.8,53.0
2021,20220101_38006_D01_S004,38006_D01_S004,Arona,5.4,9.4,19.8,13.2,52.2
2021,20220101_38006_D01_S005,38006_D01_S005,Arona,3.5,17.2,16.7,13.7,48.9
2021,20220101_38006_D01_S006,38006_D01_S006,Arona,3.3,23.3,19.3,10.0,44.1
2021,20220101_38006_D01_S007,38006_D01_S007,Arona,5.9,9.2,13.2,17.1,54.7
2021,20220101_38006_D01_S008,38006_D01_S008,Arona,4.1,17.1,14.3,12.7,51.8
2021,20220101_38006_D01_S009,38006_D01_S009,Arona,4.7,10.8,15.5,14.4,54.5
2021,20220101_38006_D01_S010,38006_D01_S010,Arona,4.0,8.7,15.8,11.7,59.9
2021,20220101_38006_D01_S011,38006_D01_S011,Arona,2.3,24.5,12.7,15.3,45.3
2021,20220101_38006_D01_S012,38006_D01_S012,Arona,5.9,7.5,21.0,15.4,50.2
2021,20220101_38006_D01_S013,38006_D01_S013,Arona,8.2,5.9,14.3,17.3,54.4
2021,20220101_38006_D01_S014,38006_D01_S014,Arona,4.0,16.0,16.6,14.7,48.7
2021,20220101_38006_D01_S015,38006_D01_S015,Arona,3.4,21.2,19.7,11.4,44.3
2021,20220101_38006_D01_S016,38006_D01_S016,Arona,5.2,10.4,23.3,12.2,48.9
2021,20220101_38006_D01_S017,38006_D01_S017,Arona,3.5,23.9,18.9,13.1,40.6
2021,20220101_38006_D01_S018,38006_D01_S018,Arona,5.6,10.5,11.3,17.8,54.9
2021,20220101_38006_D01_S019,38006_D01_S019,Arona,3.4,25.6,18.3,10.2,42.6
2021,20220101_38006_D01_S020,38006_D01_S020,Arona,2.7,19.8,23.0,11.6,43.0
2021,20220101_38006_D01_S021,38006_D01_S021,Arona,4.8,7.8,12.8,15.7,58.9
2021,20220101_38006_D01_S022,38006_D01_S022,Arona,4.1,15.3,11.6,12.5,56.5
2021,20220101_38006_D01_S023,38006_D01_S023,Arona,4.8,8.4,14.3,14.3,58.2
2021,20220101_38006_D01_S024,38006_D01_S024,Arona,3.8,9.6,15.6,13.3,57.8
2021,20220101_38006_D01_S025,38006_D01_S025,Arona,4.9,9.4,20.5,9.6,55.6
2021,20220101_38006_D01_S026,38006_D01_S026,Arona,2.9,21.2,13.2,13.0,49.7
2021,20220101_38006_D01_S027,38006_D01_S027,Arona,4.5,10.7,11.6,15.1,58.1
2021,20220101_38006_D01_S028,38006_D01_S028,Arona,3.7,11.9,11.5,15.5,57.4
2021,20220101_38006_D01_S029,38006_D01_S029,Arona,7.1,7.5,14.9,18.5,51.9
2021,20220101_38006_D01_S030,38006_D01_S030,Arona,5.4,7.6,11.6,16.6,58.8
2021,20220101_38006_D01_S031,38006_D01_S031,Arona,5.8,6.9,12.0,17.8,57.4
2021,20220101_38006_D01_S032,38006_D01_S032,Arona,4.4,11.3,19.5,13.4,51.4
2021,20220101_38006_D01_S033,38006_D01_S033,Arona,1.4,20.6,13.5,9.0,55.6
2021,20220101_38006_D01_S034,38006_D01_S034,Arona,4.4,21.1,13.5,10.8,50.1
2021,20220101_38007_D01_S001,38007_D01_S001,Barlovento,3.7,18.7,23.3,4.6,49.8
2021,20220101_38007_D01_S002,38007_D01_S002,Barlovento,3.8,22.6,25.9,3.3,44.5
2021,20220101_38008_D01_S001,38008_D01_S001,Breña Alta,3.8,15.0,17.0,4.1,60.2
2021,20220101_38008_D01_S002,38008_D01_S002,Breña Alta,3.0,13.7,19.8,3.9,59.5
2021,20220101_38008_D01_S003,38008_D01_S003,Breña Alta,2.7,11.8,16.5,3.0,66.0
2021,20220101_38008_D01_S004,38008_D01_S004,Breña Alta,4.2,7.8,15.8,4.7,67.5
2021,20220101_38009_D01_S001,38009_D01_S001,Breña Baja,3.0,9.6,15.6,3.7,68.2
2021,20220101_38009_D01_S002,38009_D01_S002,Breña Baja,3.3,9.0,16.2,3.5,67.9
2021,20220101_38009_D01_S003,38009_D01_S003,Breña Baja,3.6,13.6,16.0,3.1,63.7
2021,20220101_38009_D01_S004,38009_D01_S004,Breña Baja,2.8,16.6,15.5,3.7,61.5
2021,20220101_38010_D01_S001,38010_D01_S001,Buenavista del Norte,4.0,19.8,24.7,4.8,46.7
2021,20220101_38010_D01_S002,38010_D01_S002,Buenavista del Norte,7.5,11.9,34.1,9.4,37.0
2021,20220101_38010_D01_S003,38010_D01_S003,Buenavista del Norte,4.1,12.5,26.4,6.7,50.3
2021,20220101_38010_D01_S004,38010_D01_S004,Buenavista del Norte,6.1,6.9,22.3,7.6,57.1
2021,20220101_38011_D01_S001,38011_D01_S001,Candelaria,3.9,9.6,20.2,4.2,62.0
2021,20220101_38011_D01_S002,38011_D01_S002,Candelaria,3.5,10.8,16.1,2.7,66.8
2021,20220101_38011_D01_S003,38011_D01_S003,Candelaria,3.7,11.2,19.3,4.2,61.5
2021,20220101_38011_D01_S004,38011_D01_S004,Candelaria,5.0,8.8,20.8,4.3,61.2
2021,20220101_38011_D01_S005,38011_D01_S005,Candelaria,3.6,10.1,27.8,3.2,55.4
2021,20220101_38011_D01_S006,38011_D01_S006,Candelaria,3.6,10.2,13.7,3.5,68.9
2021,20220101_38011_D01_S007,38011_D01_S007,Candelaria,3.0,8.7,14.5,3.8,70.1
2021,20220101_38011_D01_S008,38011_D01_S008,Candelaria,4.1,9.8,17.0,4.5,64.6
2021,20220101_38011_D01_S009,38011_D01_S009,Candelaria,3.6,12.5,18.1,2.4,63.4
2021,20220101_38011_D01_S010,38011_D01_S010,Candelaria,5.3,10.6,23.7,3.1,57.4
2021,20220101_38011_D01_S011,38011_D01_S011,Candelaria,5.3,12.3,14.1,3.5,64.8
2021,20220101_38011_D01_S012,38011_D01_S012,Candelaria,3.2,12.1,18.5,2.7,63.5
2021,20220101_38011_D02_S001,38011_D02_S001,Candelaria,2.8,13.0,18.1,3.6,62.6
2021,20220101_38011_D02_S002,38011_D02_S002,Candelaria,3.7,14.8,18.9,2.7,59.8
2021,20220101_38011_D02_S003,38011_D02_S003,Candelaria,4.0,11.4,16.8,4.2,63.7
2021,20220101_38011_D02_S004,38011_D02_S004,Candelaria,4.4,8.0,21.2,3.5,62.9
2021,20220101_38011_D02_S005,38011_D02_S005,Candelaria,2.4,16.1,10.9,2.2,68.5
2021,20220101_38012_D01_S001,38012_D01_S001,Fasnia,4.1,9.3,24.3,4.6,57.8
2021,20220101_38012_D01_S002,38012_D01_S002,Fasnia,4.9,10.2,23.9,5.1,56.0
2021,20220101_38013_D01_S001,38013_D01_S001,Frontera,4.3,16.6,17.4,3.6,58.1
2021,20220101_38013_D01_S002,38013_D01_S002,Frontera,3.9,12.1,18.5,4.2,61.2
2021,20220101_38014_D01_S001,38014_D01_S001,Fuencaliente de La Palma,4.3,13.6,24.2,5.5,52.5
2021,20220101_38014_D01_S002,38014_D01_S002,Fuencaliente de La Palma,3.9,15.0,20.1,5.6,55.4
2021,20220101_38015_D01_S001,38015_D01_S001,Garachico,4.1,11.4,27.7,5.2,51.6
2021,20220101_38015_D01_S002,38015_D01_S002,Garachico,3.6,13.2,32.0,4.0,47.2
2021,20220101_38015_D02_S001,38015_D02_S001,Garachico,5.3,15.7,21.2,6.1,51.7
2021,20220101_38015_D02_S002,38015_D02_S002,Garachico,6.3,5.4,25.5,9.9,53.0
2021,20220101_38016_D01_S001,38016_D01_S001,Garafía,4.3,12.4,30.2,4.6,48.5
2021,20220101_38017_D01_S001,38017_D01_S001,Granadilla de Abona,4.7,11.3,20.6,9.0,54.4
2021,20220101_38017_D01_S002,38017_D01_S002,Granadilla de Abona,3.5,12.1,20.2,8.8,55.4
2021,20220101_38017_D01_S003,38017_D01_S003,Granadilla de Abona,4.1,7.5,12.1,12.9,63.4
2021,20220101_38017_D01_S004,38017_D01_S004,Granadilla de Abona,3.7,9.6,26.5,10.5,49.8
2021,20220101_38017_D01_S005,38017_D01_S005,Granadilla de Abona,5.2,8.4,22.3,10.1,53.9
2021,20220101_38017_D01_S006,38017_D01_S006,Granadilla de Abona,4.4,12.4,20.8,8.9,53.6
2021,20220101_38017_D01_S007,38017_D01_S007,Granadilla de Abona,4.0,15.6,14.2,7.3,58.8
2021,20220101_38017_D01_S008,38017_D01_S008,Granadilla de Abona,4.6,7.9,13.5,12.5,61.5
2021,20220101_38017_D01_S009,38017_D01_S009,Granadilla de Abona,4.3,13.9,16.2,9.7,55.9
2021,20220101_38017_D01_S010,38017_D01_S010,Granadilla de Abona,3.0,12.4,8.8,10.6,65.3
2021,20220101_38017_D01_S011,38017_D01_S011,Granadilla de Abona,5.1,9.6,10.1,13.4,61.9
2021,20220101_38017_D01_S012,38017_D01_S012,Granadilla de Abona,3.4,9.6,25.0,9.0,53.0
2021,20220101_38017_D01_S013,38017_D01_S013,Granadilla de Abona,4.1,8.0,12.3,15.0,60.6
2021,20220101_38017_D01_S014,38017_D01_S014,Granadilla de Abona,2.1,16.7,14.4,6.6,60.2
2021,20220101_38017_D01_S015,38017_D01_S015,Granadilla de Abona,5.2,7.6,13.8,15.3,58.2
2021,20220101_38017_D01_S016,38017_D01_S016,Granadilla de Abona,4.0,13.5,20.4,8.4,53.8
2021,20220101_38017_D01_S017,38017_D01_S017,Granadilla de Abona,3.6,10.1,11.6,12.7,62.0
2021,20220101_38017_D01_S018,38017_D01_S018,Granadilla de Abona,2.2,20.3,9.1,5.1,63.3
2021,20220101_38017_D01_S019,38017_D01_S019,Granadilla de Abona,4.3,9.2,12.8,12.8,61.0
2021,20220101_38017_D01_S020,38017_D01_S020,Granadilla de Abona,3.8,10.3,10.8,14.0,61.2
2021,20220101_38017_D01_S021,38017_D01_S021,Granadilla de Abona,4.0,13.6,11.8,10.2,60.4
2021,20220101_38017_D01_S022,38017_D01_S022,Granadilla de Abona,4.4,8.5,8.5,11.5,67.1
2021,20220101_38017_D01_S023,38017_D01_S023,Granadilla de Abona,4.2,8.6,11.7,14.1,61.4
2021,20220101_38017_D01_S024,38017_D01_S024,Granadilla de Abona,5.1,7.1,9.0,14.2,64.6
2021,20220101_38017_D01_S025,38017_D01_S025,Granadilla de Abona,5.1,6.6,10.3,14.7,63.4
2021,20220101_38017_D01_S026,38017_D01_S026,Granadilla de Abona,3.6,15.4,11.8,12.9,56.5
2021,20220101_38018_D01_S001,38018_D01_S001,La Guancha,4.8,7.8,26.8,5.1,55.5
2021,20220101_38018_D01_S002,38018_D01_S002,La Guancha,5.2,9.2,22.7,6.4,56.4
2021,20220101_38018_D01_S003,38018_D01_S003,La Guancha,5.6,8.8,21.9,6.1,57.7
2021,20220101_38019_D01_S001,38019_D01_S001,Guía de Isora,4.2,12.1,21.9,9.8,52.0
2021,20220101_38019_D01_S002,38019_D01_S002,Guía de Isora,5.2,13.5,18.7,12.6,50.0
2021,20220101_38019_D01_S003,38019_D01_S003,Guía de Isora,3.2,14.0,19.0,11.6,52.3
2021,20220101_38019_D01_S004,38019_D01_S004,Guía de Isora,3.7,14.2,11.8,12.2,58.1
2021,20220101_38019_D01_S005,38019_D01_S005,Guía de Isora,3.9,12.7,17.6,12.1,53.8
2021,20220101_38019_D01_S007,38019_D01_S007,Guía de Isora,3.9,10.4,19.0,10.5,56.2
2021,20220101_38019_D01_S008,38019_D01_S008,Guía de Isora,3.5,15.2,16.9,10.3,54.1
2021,20220101_38019_D01_S009,38019_D01_S009,Guía de Isora,4.4,12.9,16.2,12.4,54.1
2021,20220101_38019_D01_S010,38019_D01_S010,Guía de Isora,3.8,12.9,17.6,12.4,53.3
2021,20220101_38019_D01_S011,38019_D01_S011,Guía de Isora,4.5,10.3,17.7,11.3,56.2
2021,20220101_38020_D01_S001,38020_D01_S001,Güímar,3.9,10.7,14.4,3.9,67.1
2021,20220101_38020_D01_S002,38020_D01_S002,Güímar,3.4,9.1,23.5,5.5,58.6
2021,20220101_38020_D01_S003,38020_D01_S003,Güímar,4.1,9.1,20.2,4.0,62.6
2021,20220101_38020_D01_S004,38020_D01_S004,Güímar,3.6,11.7,21.1,4.2,59.4
2021,20220101_38020_D01_S005,38020_D01_S005,Güímar,5.5,3.1,26.3,5.3,59.8
2021,20220101_38020_D01_S006,38020_D01_S006,Güímar,5.8,7.6,25.5,6.1,55.0
2021,20220101_38020_D01_S007,38020_D01_S007,Güímar,3.7,11.0,19.5,4.1,61.6
2021,20220101_38020_D01_S008,38020_D01_S008,Güímar,4.5,6.5,27.9,5.1,55.9
2021,20220101_38020_D01_S009,38020_D01_S009,Güímar,7.1,2.2,28.3,8.1,54.3
2021,20220101_38020_D01_S010,38020_D01_S010,Güímar,3.6,10.7,20.5,3.3,61.9
2021,20220101_38020_D01_S011,38020_D01_S011,Güímar,6.0,7.0,20.5,5.8,60.7
2021,20220101_38020_D01_S012,38020_D01_S012,Güímar,3.7,7.5,11.7,3.9,73.3
2021,20220101_38020_D02_S001,38020_D02_S001,Güímar,3.7,6.9,19.2,4.7,65.5
2021,20220101_38020_D02_S002,38020_D02_S002,Güímar,5.0,8.1,24.7,4.3,58.0
2021,20220101_38020_D03_S001,38020_D03_S001,Güímar,5.1,7.7,22.1,5.8,59.4
2021,20220101_38020_D03_S002,38020_D03_S002,Güímar,3.8,8.6,25.1,5.8,56.7
2021,20220101_38021_D01_S001,38021_D01_S001,Hermigua,4.9,10.0,24.4,6.5,54.2
2021,20220101_38021_D02_S001,38021_D02_S001,Hermigua,3.2,14.7,27.8,4.7,49.7
2021,20220101_38022_D01_S001,38022_D01_S001,Icod de los Vinos,5.0,15.6,27.4,4.7,47.4
2021,20220101_38022_D01_S002,38022_D01_S002,Icod de los Vinos,4.2,17.7,24.9,5.5,47.7
2021,20220101_38022_D01_S003,38022_D01_S003,Icod de los Vinos,4.4,19.9,25.5,5.1,45.2
2021,20220101_38022_D01_S004,38022_D01_S004,Icod de los Vinos,6.3,12.3,25.8,5.2,50.4
2021,20220101_38022_D01_S005,38022_D01_S005,Icod de los Vinos,3.6,14.2,22.2,6.6,53.3
2021,20220101_38022_D01_S006,38022_D01_S006,Icod de los Vinos,4.5,12.5,20.6,5.4,57.1
2021,20220101_38022_D02_S001,38022_D02_S001,Icod de los Vinos,4.6,4.7,22.8,12.1,55.8
2021,20220101_38022_D02_S002,38022_D02_S002,Icod de los Vinos,5.6,7.5,26.2,9.0,51.8
2021,20220101_38022_D03_S001,38022_D03_S001,Icod de los Vinos,5.5,8.2,23.1,8.9,54.4
2021,20220101_38022_D03_S002,38022_D03_S002,Icod de los Vinos,6.1,8.3,24.7,7.3,53.6
2021,20220101_38022_D03_S003,38022_D03_S003,Icod de los Vinos,6.4,7.8,27.2,8.5,50.1
2021,20220101_38022_D03_S004,38022_D03_S004,Icod de los Vinos,5.6,8.1,27.3,9.0,50.0
2021,20220101_38022_D04_S001,38022_D04_S001,Icod de los Vinos,5.4,9.3,24.4,7.5,53.4
2021,20220101_38022_D04_S002,38022_D04_S002,Icod de los Vinos,4.9,10.3,20.3,8.4,56.2
2021,20220101_38022_D04_S003,38022_D04_S003,Icod de los Vinos,7.4,10.2,18.5,7.9,56.0
2021,20220101_38022_D04_S004,38022_D04_S004,Icod de los Vinos,4.3,9.5,22.9,8.3,55.2
2021,20220101_38022_D05_S001,38022_D05_S001,Icod de los Vinos,6.8,10.9,26.3,6.8,49.3
2021,20220101_38022_D05_S002,38022_D05_S002,Icod de los Vinos,5.5,8.7,20.7,7.3,57.8
2021,20220101_38023_D01_S001,38023_D01_S001,San Cristóbal de La Laguna,3.3,24.4,18.8,1.7,51.8
2021,20220101_38023_D01_S002,38023_D01_S002,San Cristóbal de La Laguna,4.1,7.6,25.1,3.7,59.5
2021,20220101_38023_D01_S003,38023_D01_S003,San Cristóbal de La Laguna,3.8,9.0,19.4,3.2,64.6
2021,20220101_38023_D01_S004,38023_D01_S004,San Cristóbal de La Laguna,6.3,4.6,33.7,6.0,49.4
2021,20220101_38023_D01_S005,38023_D01_S005,San Cristóbal de La Laguna,3.4,11.5,18.3,2.5,64.3
2021,20220101_38023_D01_S006,38023_D01_S006,San Cristóbal de La Laguna,4.7,8.4,18.0,2.8,66.2
2021,20220101_38023_D01_S007,38023_D01_S007,San Cristóbal de La Laguna,3.4,10.9,15.3,3.0,67.3
2021,20220101_38023_D01_S008,38023_D01_S008,San Cristóbal de La Laguna,4.0,12.6,24.3,2.9,56.2
2021,20220101_38023_D01_S009,38023_D01_S009,San Cristóbal de La Laguna,3.1,12.7,18.2,3.0,63.0
2021,20220101_38023_D01_S010,38023_D01_S010,San Cristóbal de La Laguna,3.5,7.8,18.7,2.5,67.6
2021,20220101_38023_D01_S011,38023_D01_S011,San Cristóbal de La Laguna,4.1,10.1,23.2,4.1,58.5
2021,20220101_38023_D01_S012,38023_D01_S012,San Cristóbal de La Laguna,4.0,4.3,22.9,4.4,64.4
2021,20220101_38023_D01_S013,38023_D01_S013,San Cristóbal de La Laguna,3.0,13.7,23.0,1.6,58.8
2021,20220101_38023_D01_S014,38023_D01_S014,San Cristóbal de La Laguna,3.1,14.2,12.9,2.4,67.4
2021,20220101_38023_D01_S015,38023_D01_S015,San Cristóbal de La Laguna,2.3,25.1,20.0,1.1,51.6
2021,20220101_38023_D01_S016,38023_D01_S016,San Cristóbal de La Laguna,2.6,18.7,20.2,1.7,56.8
2021,20220101_38023_D01_S017,38023_D01_S017,San Cristóbal de La Laguna,2.3,11.6,18.6,2.6,64.9
2021,20220101_38023_D01_S018,38023_D01_S018,San Cristóbal de La Laguna,4.9,7.0,29.2,4.7,54.2
2021,20220101_38023_D01_S019,38023_D01_S019,San Cristóbal de La Laguna,3.3,18.9,17.7,1.7,58.5
2021,20220101_38023_D01_S020,38023_D01_S020,San Cristóbal de La Laguna,3.4,14.3,26.0,2.2,54.1
2021,20220101_38023_D01_S021,38023_D01_S021,San Cristóbal de La Laguna,3.4,10.5,21.8,2.3,62.0
2021,20220101_38023_D01_S022,38023_D01_S022,San Cristóbal de La Laguna,4.7,7.7,25.5,3.9,58.2
2021,20220101_38023_D01_S023,38023_D01_S023,San Cristóbal de La Laguna,3.2,10.8,17.8,2.8,65.4
2021,20220101_38023_D01_S024,38023_D01_S024,San Cristóbal de La Laguna,6.6,4.7,35.7,4.9,48.2
2021,20220101_38023_D01_S025,38023_D01_S025,San Cristóbal de La Laguna,4.1,10.8,19.3,3.7,62.1
2021,20220101_38023_D01_S026,38023_D01_S026,San Cristóbal de La Laguna,3.2,18.7,23.3,1.6,53.1
2021,20220101_38023_D01_S027,38023_D01_S027,San Cristóbal de La Laguna,3.2,5.1,14.9,4.8,72.0
2021,20220101_38023_D01_S028,38023_D01_S028,San Cristóbal de La Laguna,2.5,9.3,13.1,2.2,72.9
2021,20220101_38023_D01_S029,38023_D01_S029,San Cristóbal de La Laguna,2.5,14.7,23.8,1.7,57.4
2021,20220101_38023_D01_S030,38023_D01_S030,San Cristóbal de La Laguna,1.7,23.3,18.0,1.1,55.9
2021,20220101_38023_D01_S031,38023_D01_S031,San Cristóbal de La Laguna,3.2,17.7,22.0,1.4,55.8
2021,20220101_38023_D01_S032,38023_D01_S032,San Cristóbal de La Laguna,6.5,4.4,15.4,6.1,67.5
2021,20220101_38023_D01_S033,38023_D01_S033,San Cristóbal de La Laguna,3.7,11.6,19.6,2.5,62.7
2021,20220101_38023_D02_S001,38023_D02_S001,San Cristóbal de La Laguna,5.2,5.3,23.9,5.9,59.8
2021,20220101_38023_D02_S002,38023_D02_S002,San Cristóbal de La Laguna,5.8,7.0,22.2,5.9,59.0
2021,20220101_38023_D02_S003,38023_D02_S003,San Cristóbal de La Laguna,3.6,9.4,11.7,3.5,71.8
2021,20220101_38023_D02_S004,38023_D02_S004,San Cristóbal de La Laguna,4.6,7.0,18.4,4.4,65.6
2021,20220101_38023_D02_S005,38023_D02_S005,San Cristóbal de La Laguna,3.8,8.1,20.8,4.6,62.7
2021,20220101_38023_D02_S006,38023_D02_S006,San Cristóbal de La Laguna,3.5,12.9,22.4,3.8,57.5
2021,20220101_38023_D02_S007,38023_D02_S007,San Cristóbal de La Laguna,4.8,8.4,17.4,5.5,63.9
2021,20220101_38023_D02_S008,38023_D02_S008,San Cristóbal de La Laguna,6.3,4.9,21.0,7.0,60.8
2021,20220101_38023_D02_S009,38023_D02_S009,San Cristóbal de La Laguna,5.5,4.1,22.4,6.0,62.0
2021,20220101_38023_D02_S010,38023_D02_S010,San Cristóbal de La Laguna,6.3,6.0,23.8,6.3,57.7
2021,20220101_38023_D02_S011,38023_D02_S011,San Cristóbal de La Laguna,3.4,11.4,20.1,2.8,62.4
2021,20220101_38023_D02_S012,38023_D02_S012,San Cristóbal de La Laguna,4.5,9.6,14.5,3.1,68.3
2021,20220101_38023_D02_S013,38023_D02_S013,San Cristóbal de La Laguna,4.8,8.9,17.9,5.0,63.5
2021,20220101_38023_D02_S014,38023_D02_S014,San Cristóbal de La Laguna,4.7,10.2,21.6,4.0,59.6
2021,20220101_38023_D02_S015,38023_D02_S015,San Cristóbal de La Laguna,5.0,6.7,16.7,5.1,66.6
2021,20220101_38023_D02_S016,38023_D02_S016,San Cristóbal de La Laguna,5.4,6.6,23.3,6.7,58.0
2021,20220101_38023_D02_S017,38023_D02_S017,San Cristóbal de La Laguna,4.8,7.4,19.4,6.0,62.4
2021,20220101_38023_D02_S018,38023_D02_S018,San Cristóbal de La Laguna,7.0,5.9,19.4,5.0,62.7
2021,20220101_38023_D02_S019,38023_D02_S019,San Cristóbal de La Laguna,4.3,7.9,18.4,5.0,64.4
2021,20220101_38023_D02_S020,38023_D02_S020,San Cristóbal de La Laguna,4.6,6.3,21.7,6.0,61.4
2021,20220101_38023_D02_S021,38023_D02_S021,San Cristóbal de La Laguna,2.6,8.0,12.9,2.5,74.0
2021,20220101_38023_D02_S022,38023_D02_S022,San Cristóbal de La Laguna,5.4,5.6,19.6,4.8,64.6
2021,20220101_38023_D02_S023,38023_D02_S023,San Cristóbal de La Laguna,3.6,9.8,18.9,3.6,64.2
2021,20220101_38023_D02_S024,38023_D02_S024,San Cristóbal de La Laguna,3.6,7.3,17.9,5.2,66.1
2021,20220101_38023_D03_S001,38023_D03_S001,San Cristóbal de La Laguna,5.1,7.2,23.6,6.0,58.2
2021,20220101_38023_D03_S002,38023_D03_S002,San Cristóbal de La Laguna,3.0,10.9,16.6,2.9,66.6
2021,20220101_38023_D03_S003,38023_D03_S003,San Cristóbal de La Laguna,3.1,8.6,14.1,3.3,70.9
2021,20220101_38023_D03_S004,38023_D03_S004,San Cristóbal de La Laguna,6.2,4.4,23.6,6.5,59.2
2021,20220101_38023_D03_S005,38023_D03_S005,San Cristóbal de La Laguna,6.4,4.7,16.5,6.4,66.1
2021,20220101_38023_D03_S006,38023_D03_S006,San Cristóbal de La Laguna,2.5,12.4,18.8,2.2,64.2
2021,20220101_38023_D03_S007,38023_D03_S007,San Cristóbal de La Laguna,3.5,4.3,25.7,4.7,61.9
2021,20220101_38023_D03_S008,38023_D03_S008,San Cristóbal de La Laguna,4.9,9.3,19.1,5.8,60.9
2021,20220101_38023_D03_S009,38023_D03_S009,San Cristóbal de La Laguna,6.5,3.5,28.9,4.5,56.6
2021,20220101_38023_D03_S010,38023_D03_S010,San Cristóbal de La Laguna,6.3,5.9,29.0,6.4,52.5
2021,20220101_38023_D03_S011,38023_D03_S011,San Cristóbal de La Laguna,6.3,4.9,24.2,6.7,58.0
2021,20220101_38023_D03_S012,38023_D03_S012,San Cristóbal de La Laguna,5.6,7.7,19.7,7.1,59.9
2021,20220101_38023_D03_S013,38023_D03_S013,San Cristóbal de La Laguna,5.3,9.8,22.6,7.2,55.2
2021,20220101_38023_D03_S014,38023_D03_S014,San Cristóbal de La Laguna,7.3,4.6,30.2,7.1,50.7
2021,20220101_38023_D03_S015,38023_D03_S015,San Cristóbal de La Laguna,8.0,5.6,18.9,7.8,59.7
2021,20220101_38023_D03_S016,38023_D03_S016,San Cristóbal de La Laguna,6.4,6.5,24.0,5.7,57.4
2021,20220101_38023_D03_S017,38023_D03_S017,San Cristóbal de La Laguna,6.2,6.1,19.7,7.2,60.9
2021,20220101_38023_D03_S018,38023_D03_S018,San Cristóbal de La Laguna,7.2,4.0,29.9,5.7,53.3
2021,20220101_38023_D03_S019,38023_D03_S019,San Cristóbal de La Laguna,3.2,7.7,12.5,3.5,73.2
2021,20220101_38023_D03_S020,38023_D03_S020,San Cristóbal de La Laguna,7.1,7.0,12.3,4.6,69.0
2021,20220101_38023_D03_S021,38023_D03_S021,San Cristóbal de La Laguna,5.3,10.8,18.0,4.8,61.1
2021,20220101_38023_D03_S022,38023_D03_S022,San Cristóbal de La Laguna,2.6,21.7,23.0,1.5,51.3
2021,20220101_38023_D03_S023,38023_D03_S023,San Cristóbal de La Laguna,7.0,4.3,22.4,6.2,60.1
2021,20220101_38023_D03_S024,38023_D03_S024,San Cristóbal de La Laguna,6.1,8.4,19.9,6.5,59.1
2021,20220101_38023_D03_S025,38023_D03_S025,San Cristóbal de La Laguna,3.2,4.7,13.3,4.1,74.8
2021,20220101_38023_D03_S026,38023_D03_S026,San Cristóbal de La Laguna,3.5,10.4,19.5,2.3,64.4
2021,20220101_38023_D03_S027,38023_D03_S027,San Cristóbal de La Laguna,3.9,9.9,10.8,4.0,71.5
2021,20220101_38023_D03_S028,38023_D03_S028,San Cristóbal de La Laguna,4.6,10.4,17.7,4.9,62.5
2021,20220101_38023_D03_S029,38023_D03_S029,San Cristóbal de La Laguna,4.5,5.9,18.2,5.4,66.0
2021,20220101_38023_D04_S001,38023_D04_S001,San Cristóbal de La Laguna,5.1,10.8,18.1,4.5,61.5
2021,20220101_38023_D04_S002,38023_D04_S002,San Cristóbal de La Laguna,4.5,7.7,18.0,4.1,65.7
2021,20220101_38023_D04_S003,38023_D04_S003,San Cristóbal de La Laguna,3.9,9.1,17.5,3.9,65.6
2021,20220101_38023_D04_S004,38023_D04_S004,San Cristóbal de La Laguna,2.9,10.0,26.3,4.2,56.7
2021,20220101_38023_D04_S005,38023_D04_S005,San Cristóbal de La Laguna,3.6,17.6,18.2,2.5,58.1
2021,20220101_38023_D04_S006,38023_D04_S006,San Cristóbal de La Laguna,4.3,8.8,24.3,4.0,58.7
2021,20220101_38023_D04_S007,38023_D04_S007,San Cristóbal de La Laguna,3.4,12.2,20.3,2.8,61.3
2021,20220101_38023_D05_S001,38023_D05_S001,San Cristóbal de La Laguna,5.3,7.2,22.6,4.7,60.2
2021,20220101_38023_D05_S002,38023_D05_S002,San Cristóbal de La Laguna,5.1,8.3,21.1,4.4,61.0
2021,20220101_38023_D05_S003,38023_D05_S003,San Cristóbal de La Laguna,4.0,10.8,22.4,3.9,58.9
2021,20220101_38023_D05_S004,38023_D05_S004,San Cristóbal de La Laguna,4.3,9.9,18.0,4.1,63.6
2021,20220101_38023_D05_S005,38023_D05_S005,San Cristóbal de La Laguna,4.2,8.4,20.6,4.5,62.4
2021,20220101_38023_D05_S006,38023_D05_S006,San Cristóbal de La Laguna,3.7,11.4,19.9,3.4,61.5
2021,20220101_38023_D05_S007,38023_D05_S007,San Cristóbal de La Laguna,4.1,11.4,17.8,3.7,63.1
2021,20220101_38023_D05_S008,38023_D05_S008,San Cristóbal de La Laguna,6.0,7.3,24.8,5.1,56.8
2021,20220101_38023_D05_S009,38023_D05_S009,San Cristóbal de La Laguna,3.5,16.1,16.0,3.4,61.0
2021,20220101_38023_D05_S010,38023_D05_S010,San Cristóbal de La Laguna,4.8,8.2,21.5,3.8,61.7
2021,20220101_38023_D05_S011,38023_D05_S011,San Cristóbal de La Laguna,4.1,10.4,25.6,3.8,56.1
2021,20220101_38023_D05_S012,38023_D05_S012,San Cristóbal de La Laguna,4.2,7.0,25.1,4.8,58.9
2021,20220101_38023_D05_S013,38023_D05_S013,San Cristóbal de La Laguna,4.3,6.2,27.1,4.2,58.2
2021,20220101_38023_D05_S014,38023_D05_S014,San Cristóbal de La Laguna,4.5,7.1,18.1,4.8,65.5
2021,20220101_38023_D06_S001,38023_D06_S001,San Cristóbal de La Laguna,3.2,7.2,21.7,3.7,64.3
2021,20220101_38023_D06_S002,38023_D06_S002,San Cristóbal de La Laguna,2.2,18.2,19.1,2.3,58.2
2021,20220101_38023_D06_S003,38023_D06_S003,San Cristóbal de La Laguna,4.2,9.5,20.2,3.3,62.7
2021,20220101_38023_D06_S004,38023_D06_S004,San Cristóbal de La Laguna,5.5,7.4,21.3,4.5,61.4
2021,20220101_38024_D01_S001,38024_D01_S001,Los Llanos de Aridane,4.0,20.6,14.9,4.0,56.6
2021,20220101_38024_D01_S002,38024_D01_S002,Los Llanos de Aridane,4.6,14.6,12.4,4.9,63.5
2021,20220101_38024_D01_S003,38024_D01_S003,Los Llanos de Aridane,4.5,16.3,21.5,5.9,51.8
2021,20220101_38024_D01_S004,38024_D01_S004,Los Llanos de Aridane,5.1,15.1,14.4,3.9,61.5
2021,20220101_38024_D01_S005,38024_D01_S005,Los Llanos de Aridane,5.1,21.1,17.9,3.9,52.0
2021,20220101_38024_D01_S006,38024_D01_S006,Los Llanos de Aridane,5.0,17.1,19.8,5.0,53.3
2021,20220101_38024_D01_S007,38024_D01_S007,Los Llanos de Aridane,6.6,11.3,19.9,5.6,56.7
2021,20220101_38024_D01_S008,38024_D01_S008,Los Llanos de Aridane,5.5,12.1,18.8,5.4,58.1
2021,20220101_38024_D02_S001,38024_D02_S001,Los Llanos de Aridane,4.1,15.3,17.8,4.8,57.9
2021,20220101_38024_D02_S002,38024_D02_S002,Los Llanos de Aridane,4.6,12.4,20.5,5.5,57.0
2021,20220101_38024_D03_S001,38024_D03_S001,Los Llanos de Aridane,6.4,17.7,20.9,5.3,49.8
2021,20220101_38024_D03_S002,38024_D03_S002,Los Llanos de Aridane,8.7,15.7,18.3,7.2,50.2
2021,20220101_38024_D03_S003,38024_D03_S003,Los Llanos de Aridane,7.1,22.6,21.2,6.4,42.7
2021,20220101_38025_D01_S001,38025_D01_S001,La Matanza de Acentejo,4.5,5.0,19.8,5.4,65.4
2021,20220101_38025_D01_S002,38025_D01_S002,La Matanza de Acentejo,4.6,9.5,19.2,6.3,60.5
2021,20220101_38025_D01_S003,38025_D01_S003,La Matanza de Acentejo,4.1,10.8,14.1,5.5,65.5
2021,20220101_38025_D01_S004,38025_D01_S004,La Matanza de Acentejo,4.1,13.6,15.6,4.5,62.1
2021,20220101_38025_D01_S005,38025_D01_S005,La Matanza de Acentejo,5.4,10.8,22.3,6.7,54.8
2021,20220101_38026_D01_S001,38026_D01_S001,La Orotava,3.9,22.2,22.9,3.3,47.7
2021,20220101_38026_D01_S002,38026_D01_S002,La Orotava,3.4,11.9,20.7,4.4,59.6
2021,20220101_38026_D01_S004,38026_D01_S004,La Orotava,4.3,12.1,27.0,4.5,52.1
2021,20220101_38026_D02_S001,38026_D02_S001,La Orotava,5.3,15.9,24.4,5.4,49.0
2021,20220101_38026_D02_S002,38026_D02_S002,La Orotava,5.8,7.0,22.9,7.1,57.2
2021,20220101_38026_D02_S003,38026_D02_S003,La Orotava,4.0,10.3,10.5,7.0,68.3
2021,20220101_38026_D02_S004,38026_D02_S004,La Orotava,4.8,10.5,24.7,5.5,54.5
2021,20220101_38026_D03_S001,38026_D03_S001,La Orotava,6.1,6.1,21.7,8.5,57.6
2021,20220101_38026_D03_S002,38026_D03_S002,La Orotava,4.5,15.9,22.7,6.1,50.9
2021,20220101_38026_D03_S003,38026_D03_S003,La Orotava,2.5,22.7,21.5,3.9,49.5
2021,20220101_38026_D03_S004,38026_D03_S004,La Orotava,4.5,8.5,11.1,7.1,68.8
2021,20220101_38026_D03_S005,38026_D03_S005,La Orotava,5.1,7.7,25.3,6.8,55.1
2021,20220101_38026_D03_S006,38026_D03_S006,La Orotava,3.8,9.6,26.3,5.0,55.3
2021,20220101_38026_D03_S007,38026_D03_S007,La Orotava,4.8,6.8,15.7,7.1,65.6
2021,20220101_38026_D04_S001,38026_D04_S001,La Orotava,2.9,24.8,14.3,5.2,52.8
2021,20220101_38026_D04_S002,38026_D04_S002,La Orotava,3.6,11.2,14.5,6.1,64.6
2021,20220101_38026_D04_S003,38026_D04_S003,La Orotava,2.7,21.9,19.3,3.8,52.3
2021,20220101_38026_D04_S004,38026_D04_S004,La Orotava,7.2,8.9,23.3,8.5,52.2
2021,20220101_38026_D04_S005,38026_D04_S005,La Orotava,3.2,17.1,17.5,4.8,57.4
2021,20220101_38026_D05_S001,38026_D05_S001,La Orotava,5.0,8.8,15.8,7.2,63.1
2021,20220101_38026_D05_S002,38026_D05_S002,La Orotava,5.1,10.5,20.6,6.6,57.2
2021,20220101_38026_D05_S003,38026_D05_S003,La Orotava,4.3,9.2,22.3,6.3,57.9
2021,20220101_38026_D05_S004,38026_D05_S004,La Orotava,7.8,2.7,31.5,9.1,48.9
2021,20220101_38026_D05_S005,38026_D05_S005,La Orotava,5.1,8.1,13.2,7.3,66.3
2021,20220101_38026_D06_S001,38026_D06_S001,La Orotava,7.0,4.3,26.7,7.0,55.0
2021,20220101_38026_D06_S002,38026_D06_S002,La Orotava,5.4,6.2,24.7,7.3,56.5
2021,20220101_38026_D06_S003,38026_D06_S003,La Orotava,7.1,10.5,20.4,8.1,54.0
2021,20220101_38026_D06_S004,38026_D06_S004,La Orotava,6.5,9.2,19.0,7.0,58.3
2021,20220101_38027_D01_S001,38027_D01_S001,El Paso,4.8,14.6,17.2,5.7,57.8
2021,20220101_38027_D02_S001,38027_D02_S001,El Paso,3.9,15.9,18.2,5.7,56.2
2021,20220101_38027_D03_S001,38027_D03_S001,El Paso,3.7,19.5,21.1,4.0,51.7
2021,20220101_38027_D03_S002,38027_D03_S002,El Paso,3.4,22.5,20.5,4.9,48.8
2021,20220101_38027_D04_S001,38027_D04_S001,El Paso,5.7,18.7,19.1,4.2,52.3
2021,20220101_38028_D01_S001,38028_D01_S001,Puerto de La Cruz,6.4,16.3,31.3,6.2,39.9
2021,20220101_38028_D01_S002,38028_D01_S002,Puerto de La Cruz,4.7,16.9,28.8,6.8,42.8
2021,20220101_38028_D01_S003,38028_D01_S003,Puerto de La Cruz,2.5,26.1,28.7,4.0,38.7
2021,20220101_38028_D01_S004,38028_D01_S004,Puerto de La Cruz,2.6,23.3,18.2,3.7,52.2
2021,20220101_38028_D02_S001,38028_D02_S001,Puerto de La Cruz,2.7,23.9,30.6,4.8,37.9
2021,20220101_38028_D02_S002,38028_D02_S002,Puerto de La Cruz,5.3,19.2,28.8,6.3,40.5
2021,20220101_38028_D02_S003,38028_D02_S003,Puerto de La Cruz,2.8,25.0,18.8,4.7,48.7
2021,20220101_38028_D02_S004,38028_D02_S004,Puerto de La Cruz,3.5,16.7,22.9,5.1,51.7
2021,20220101_38028_D02_S005,38028_D02_S005,Puerto de La Cruz,4.8,10.5,20.7,7.8,56.3
2021,20220101_38028_D03_S001,38028_D03_S001,Puerto de La Cruz,4.6,15.0,29.4,6.9,44.2
2021,20220101_38028_D03_S002,38028_D03_S002,Puerto de La Cruz,3.8,11.2,36.2,7.0,41.9
2021,20220101_38028_D03_S003,38028_D03_S003,Puerto de La Cruz,6.5,4.3,29.8,9.2,50.3
2021,20220101_38028_D03_S004,38028_D03_S004,Puerto de La Cruz,4.5,13.2,28.9,6.9,46.5
2021,20220101_38028_D03_S005,38028_D03_S005,Puerto de La Cruz,5.2,6.1,35.5,7.6,45.6
2021,20220101_38028_D03_S006,38028_D03_S006,Puerto de La Cruz,6.9,5.6,37.9,7.4,42.3
2021,20220101_38028_D04_S001,38028_D04_S001,Puerto de La Cruz,5.2,11.8,28.3,6.7,48.1
2021,20220101_38028_D04_S002,38028_D04_S002,Puerto de La Cruz,7.9,4.7,25.1,10.1,52.2
2021,20220101_38028_D04_S003,38028_D04_S003,Puerto de La Cruz,5.2,11.7,22.2,8.7,52.2
2021,20220101_38028_D04_S004,38028_D04_S004,Puerto de La Cruz,6.0,14.0,22.1,6.3,51.6
2021,20220101_38028_D04_S005,38028_D04_S005,Puerto de La Cruz,8.3,3.9,28.6,10.6,48.6
2021,20220101_38029_D01_S001,38029_D01_S001,Puntagorda,4.1,17.7,20.4,6.0,51.9
2021,20220101_38029_D01_S002,38029_D01_S002,Puntagorda,3.6,15.5,21.0,5.3,54.6
2021,20220101_38030_D01_S001,38030_D01_S001,Puntallana,4.1,13.4,19.3,3.9,59.4
2021,20220101_38030_D01_S002,38030_D01_S002,Puntallana,2.9,14.1,23.6,3.1,56.4
2021,20220101_38031_D01_S001,38031_D01_S001,Los Realejos,4.4,10.0,23.0,7.5,55.1
2021,20220101_38031_D01_S002,38031_D01_S002,Los Realejos,4.0,18.8,16.0,6.3,54.9
2021,20220101_38031_D01_S003,38031_D01_S003,Los Realejos,4.2,10.1,18.1,7.2,60.4
2021,20220101_38031_D01_S004,38031_D01_S004,Los Realejos,4.5,8.3,19.8,7.6,59.8
2021,20220101_38031_D01_S005,38031_D01_S005,Los Realejos,4.3,9.3,19.6,7.5,59.3
2021,20220101_38031_D01_S006,38031_D01_S006,Los Realejos,3.4,11.0,16.9,7.3,61.5
2021,20220101_38031_D01_S007,38031_D01_S007,Los Realejos,4.8,6.2,22.1,8.6,58.4
2021,20220101_38031_D01_S008,38031_D01_S008,Los Realejos,3.6,12.3,14.4,7.1,62.6
2021,20220101_38031_D02_S001,38031_D02_S001,Los Realejos,4.2,10.7,23.5,7.0,54.6
2021,20220101_38031_D02_S002,38031_D02_S002,Los Realejos,4.0,8.8,18.7,6.4,62.1
2021,20220101_38031_D02_S003,38031_D02_S003,Los Realejos,5.9,5.8,24.2,8.8,55.4
2021,20220101_38031_D03_S001,38031_D03_S001,Los Realejos,5.2,10.2,21.4,7.1,56.1
2021,20220101_38031_D03_S002,38031_D03_S002,Los Realejos,3.9,9.3,23.0,8.1,55.7
2021,20220101_38031_D03_S003,38031_D03_S003,Los Realejos,6.7,5.3,24.0,9.1,55.0
2021,20220101_38031_D03_S004,38031_D03_S004,Los Realejos,3.6,11.0,18.1,6.0,61.3
2021,20220101_38031_D03_S005,38031_D03_S005,Los Realejos,4.8,8.9,25.5,7.7,53.1
2021,20220101_38031_D04_S001,38031_D04_S001,Los Realejos,4.5,10.7,20.3,9.8,54.7
2021,20220101_38031_D04_S002,38031_D04_S002,Los Realejos,2.8,15.8,15.1,5.7,60.5
2021,20220101_38031_D04_S003,38031_D04_S003,Los Realejos,3.0,18.0,24.0,3.7,51.3
2021,20220101_38031_D04_S004,38031_D04_S004,Los Realejos,4.4,13.7,22.4,7.9,51.6
2021,20220101_38031_D05_S001,38031_D05_S001,Los Realejos,5.5,4.1,28.2,9.7,52.5
2021,20220101_38031_D05_S002,38031_D05_S002,Los Realejos,6.7,3.8,27.1,10.3,52.2
2021,20220101_38031_D05_S003,38031_D05_S003,Los Realejos,6.1,5.0,23.2,12.0,53.7
2021,20220101_38031_D06_S001,38031_D06_S001,Los Realejos,8.1,7.3,22.1,6.7,55.9
2021,20220101_38031_D06_S002,38031_D06_S002,Los Realejos,7.5,7.5,22.4,8.2,54.3
2021,20220101_38032_D01_S001,38032_D01_S001,El Rosario,4.2,12.6,18.3,3.5,61.5
2021,20220101_38032_D01_S002,38032_D01_S002,El Rosario,3.8,9.3,23.4,4.9,58.6
2021,20220101_38032_D01_S003,38032_D01_S003,El Rosario,2.9,11.8,20.1,3.6,61.6
2021,20220101_38032_D01_S004,38032_D01_S004,El Rosario,2.7,14.4,10.6,3.0,69.2
2021,20220101_38032_D01_S005,38032_D01_S005,El Rosario,4.6,6.4,28.2,5.6,55.2
2021,20220101_38032_D01_S006,38032_D01_S006,El Rosario,2.9,15.5,12.1,2.7,66.8
2021,20220101_38032_D01_S007,38032_D01_S007,El Rosario,4.6,10.6,20.6,3.7,60.5
2021,20220101_38032_D01_S008,38032_D01_S008,El Rosario,2.6,13.3,19.0,2.5,62.7
2021,20220101_38032_D01_S009,38032_D01_S009,El Rosario,3.9,11.7,21.6,3.8,59.1
2021,20220101_38032_D01_S010,38032_D01_S010,El Rosario,3.7,9.1,23.8,4.3,59.1
2021,20220101_38032_D01_S011,38032_D01_S011,El Rosario,2.7,18.2,8.8,2.2,68.1
2021,20220101_38032_D01_S012,38032_D01_S012,El Rosario,2.0,22.0,13.2,1.9,60.9
2021,20220101_38032_D01_S013,38032_D01_S013,El Rosario,2.7,15.1,11.6,2.9,67.8
2021,20220101_38033_D01_S001,38033_D01_S001,San Andrés y Sauces,3.1,19.7,22.2,3.1,52.0
2021,20220101_38033_D01_S002,38033_D01_S002,San Andrés y Sauces,3.3,21.5,16.8,2.9,55.6
2021,20220101_38033_D01_S003,38033_D01_S003,San Andrés y Sauces,4.3,19.6,22.8,2.3,50.9
2021,20220101_38033_D02_S001,38033_D02_S001,San Andrés y Sauces,4.5,16.5,26.0,2.6,50.4
2021,20220101_38034_D01_S001,38034_D01_S001,San Juan de la Rambla,4.3,14.3,25.3,4.1,52.1
2021,20220101_38034_D01_S002,38034_D01_S002,San Juan de la Rambla,5.3,7.0,15.8,7.8,64.1
2021,20220101_38034_D01_S003,38034_D01_S003,San Juan de la Rambla,5.3,5.9,23.0,8.7,57.1
2021,20220101_38034_D01_S004,38034_D01_S004,San Juan de la Rambla,5.5,8.2,16.9,10.3,59.1
2021,20220101_38035_D01_S001,38035_D01_S001,San Miguel de Abona,3.9,7.5,20.5,8.9,59.2
2021,20220101_38035_D01_S002,38035_D01_S002,San Miguel de Abona,3.7,13.4,17.9,9.9,55.1
2021,20220101_38035_D01_S003,38035_D01_S003,San Miguel de Abona,3.8,15.4,15.9,9.3,55.7
2021,20220101_38035_D01_S004,38035_D01_S004,San Miguel de Abona,3.2,14.8,15.6,12.6,53.8
2021,20220101_38035_D01_S005,38035_D01_S005,San Miguel de Abona,4.0,18.7,16.4,8.9,52.0
2021,20220101_38035_D01_S006,38035_D01_S006,San Miguel de Abona,5.1,9.0,10.1,16.7,59.0
2021,20220101_38035_D01_S007,38035_D01_S007,San Miguel de Abona,3.7,11.3,5.9,11.7,67.4
2021,20220101_38035_D01_S008,38035_D01_S008,San Miguel de Abona,2.7,16.9,6.8,9.8,63.8
2021,20220101_38035_D01_S009,38035_D01_S009,San Miguel de Abona,4.5,8.3,11.4,14.5,61.3
2021,20220101_38036_D01_S001,38036_D01_S001,San Sebastián de La Gomera,3.0,12.9,15.1,3.1,65.9
2021,20220101_38036_D01_S002,38036_D01_S002,San Sebastián de La Gomera,4.3,9.8,20.0,5.0,61.0
2021,20220101_38036_D01_S003,38036_D01_S003,San Sebastián de La Gomera,4.5,13.9,18.8,3.9,58.9
2021,20220101_38036_D01_S005,38036_D01_S005,San Sebastián de La Gomera,3.7,8.3,15.6,4.1,68.4
2021,20220101_38036_D01_S006,38036_D01_S006,San Sebastián de La Gomera,3.9,11.5,19.5,3.4,61.8
2021,20220101_38036_D01_S007,38036_D01_S007,San Sebastián de La Gomera,6.0,7.2,14.9,5.2,66.7
2021,20220101_38037_D01_S001,38037_D01_S001,Santa Cruz de La Palma,2.6,19.2,21.6,2.8,53.8
2021,20220101_38037_D01_S002,38037_D01_S002,Santa Cruz de La Palma,4.7,6.5,25.2,4.9,58.7
2021,20220101_38037_D01_S003,38037_D01_S003,Santa Cruz de La Palma,3.1,12.1,21.0,3.1,60.7
2021,20220101_38037_D02_S001,38037_D02_S001,Santa Cruz de La Palma,2.2,17.1,26.1,3.0,51.7
2021,20220101_38037_D02_S002,38037_D02_S002,Santa Cruz de La Palma,4.1,10.7,27.2,3.2,54.9
2021,20220101_38037_D02_S003,38037_D02_S003,Santa Cruz de La Palma,4.5,7.1,29.6,3.8,55.1
2021,20220101_38037_D02_S005,38037_D02_S005,Santa Cruz de La Palma,3.0,12.2,18.1,2.9,63.8
2021,20220101_38037_D03_S001,38037_D03_S001,Santa Cruz de La Palma,3.4,9.7,17.8,2.6,66.6
2021,20220101_38037_D03_S002,38037_D03_S002,Santa Cruz de La Palma,4.1,8.3,28.2,3.7,55.7
2021,20220101_38037_D03_S003,38037_D03_S003,Santa Cruz de La Palma,5.6,3.1,31.5,5.6,54.3
2021,20220101_38037_D03_S004,38037_D03_S004,Santa Cruz de La Palma,3.6,11.4,26.1,3.2,55.6
2021,20220101_38037_D03_S005,38037_D03_S005,Santa Cruz de La Palma,4.9,8.6,23.1,4.5,58.9
2021,20220101_38038_D01_S001,38038_D01_S001,Santa Cruz de Tenerife,2.1,29.9,16.9,1.4,49.7
2021,20220101_38038_D01_S002,38038_D01_S002,Santa Cruz de Tenerife,4.4,11.5,21.3,3.0,59.8
2021,20220101_38038_D01_S003,38038_D01_S003,Santa Cruz de Tenerife,3.4,14.2,22.7,2.3,57.4
2021,20220101_38038_D01_S004,38038_D01_S004,Santa Cruz de Tenerife,3.2,24.9,20.0,2.2,49.8
2021,20220101_38038_D01_S006,38038_D01_S006,Santa Cruz de Tenerife,3.1,15.5,23.9,2.4,55.1
2021,20220101_38038_D01_S007,38038_D01_S007,Santa Cruz de Tenerife,3.7,16.6,22.7,2.3,54.7
2021,20220101_38038_D01_S008,38038_D01_S008,Santa Cruz de Tenerife,2.1,31.2,15.8,1.4,49.5
2021,20220101_38038_D01_S009,38038_D01_S009,Santa Cruz de Tenerife,1.9,21.4,29.0,0.9,46.8
2021,20220101_38038_D01_S010,38038_D01_S010,Santa Cruz de Tenerife,3.0,18.8,19.1,1.2,57.9
2021,20220101_38038_D01_S011,38038_D01_S011,Santa Cruz de Tenerife,3.6,26.4,21.6,1.5,47.0
2021,20220101_38038_D01_S012,38038_D01_S012,Santa Cruz de Tenerife,1.5,27.4,13.9,0.9,56.4
2021,20220101_38038_D02_S001,38038_D02_S001,Santa Cruz de Tenerife,3.7,20.6,19.5,2.1,54.1
2021,20220101_38038_D02_S002,38038_D02_S002,Santa Cruz de Tenerife,2.4,27.7,17.1,2.2,50.7
2021,20220101_38038_D02_S003,38038_D02_S003,Santa Cruz de Tenerife,3.4,19.5,19.2,2.0,56.0
2021,20220101_38038_D02_S004,38038_D02_S004,Santa Cruz de Tenerife,3.4,23.7,20.3,1.4,51.2
2021,20220101_38038_D02_S005,38038_D02_S005,Santa Cruz de Tenerife,3.7,19.0,22.0,1.8,53.5
2021,20220101_38038_D02_S006,38038_D02_S006,Santa Cruz de Tenerife,2.6,20.8,18.2,1.9,56.5
2021,20220101_38038_D02_S007,38038_D02_S007,Santa Cruz de Tenerife,2.3,23.6,23.8,1.9,48.4
2021,20220101_38038_D02_S008,38038_D02_S008,Santa Cruz de Tenerife,2.8,26.4,13.3,1.8,55.8
2021,20220101_38038_D02_S009,38038_D02_S009,Santa Cruz de Tenerife,3.5,13.4,21.1,2.3,59.7
2021,20220101_38038_D03_S001,38038_D03_S001,Santa Cruz de Tenerife,2.0,14.9,9.5,1.3,72.4
2021,20220101_38038_D03_S002,38038_D03_S002,Santa Cruz de Tenerife,3.7,13.5,23.4,2.1,57.2
2021,20220101_38038_D03_S003,38038_D03_S003,Santa Cruz de Tenerife,3.6,13.5,20.5,2.5,59.9
2021,20220101_38038_D03_S004,38038_D03_S004,Santa Cruz de Tenerife,5.9,6.1,29.2,3.3,55.6
2021,20220101_38038_D03_S005,38038_D03_S005,Santa Cruz de Tenerife,4.0,11.4,23.5,3.3,57.7
2021,20220101_38038_D03_S006,38038_D03_S006,Santa Cruz de Tenerife,2.3,15.8,24.0,1.6,56.4
2021,20220101_38038_D03_S007,38038_D03_S007,Santa Cruz de Tenerife,4.6,8.5,29.2,3.7,54.0
2021,20220101_38038_D03_S008,38038_D03_S008,Santa Cruz de Tenerife,4.5,11.9,24.4,3.3,55.9
2021,20220101_38038_D03_S009,38038_D03_S009,Santa Cruz de Tenerife,3.7,11.7,14.5,2.4,67.7
2021,20220101_38038_D03_S010,38038_D03_S010,Santa Cruz de Tenerife,5.5,11.8,22.4,3.1,57.3
2021,20220101_38038_D03_S011,38038_D03_S011,Santa Cruz de Tenerife,2.7,15.4,16.1,1.7,64.2
2021,20220101_38038_D03_S013,38038_D03_S013,Santa Cruz de Tenerife,2.5,11.1,22.6,2.5,61.4
2021,20220101_38038_D03_S014,38038_D03_S014,Santa Cruz de Tenerife,3.4,12.5,33.6,2.5,48.1
2021,20220101_38038_D03_S015,38038_D03_S015,Santa Cruz de Tenerife,3.7,12.6,26.6,2.5,54.7
2021,20220101_38038_D03_S016,38038_D03_S016,Santa Cruz de Tenerife,4.3,11.6,23.9,3.7,56.5
2021,20220101_38038_D03_S017,38038_D03_S017,Santa Cruz de Tenerife,2.7,11.6,18.4,2.5,64.8
2021,20220101_38038_D03_S018,38038_D03_S018,Santa Cruz de Tenerife,7.0,9.5,23.5,4.8,55.2
2021,20220101_38038_D03_S019,38038_D03_S019,Santa Cruz de Tenerife,2.8,12.4,30.4,2.3,52.2
2021,20220101_38038_D03_S020,38038_D03_S020,Santa Cruz de Tenerife,2.0,19.2,11.0,1.9,66.0
2021,20220101_38038_D04_S001,38038_D04_S001,Santa Cruz de Tenerife,7.4,13.2,21.2,6.6,51.6
2021,20220101_38038_D04_S002,38038_D04_S002,Santa Cruz de Tenerife,6.7,7.2,27.0,5.8,53.3
2021,20220101_38038_D04_S003,38038_D04_S003,Santa Cruz de Tenerife,6.7,6.8,20.7,5.8,60.1
2021,20220101_38038_D04_S004,38038_D04_S004,Santa Cruz de Tenerife,5.5,9.0,25.2,6.0,54.3
2021,20220101_38038_D04_S005,38038_D04_S005,Santa Cruz de Tenerife,7.1,10.5,24.0,6.4,52.0
2021,20220101_38038_D04_S006,38038_D04_S006,Santa Cruz de Tenerife,7.6,6.1,29.2,6.5,50.7
2021,20220101_38038_D04_S007,38038_D04_S007,Santa Cruz de Tenerife,5.8,2.3,35.4,5.8,50.7
2021,20220101_38038_D04_S009,38038_D04_S009,Santa Cruz de Tenerife,8.2,1.8,34.4,6.5,49.2
2021,20220101_38038_D04_S011,38038_D04_S011,Santa Cruz de Tenerife,8.6,4.7,29.0,6.4,51.2
2021,20220101_38038_D04_S012,38038_D04_S012,Santa Cruz de Tenerife,7.0,3.4,36.0,5.0,48.7
2021,20220101_38038_D04_S014,38038_D04_S014,Santa Cruz de Tenerife,5.6,2.5,32.8,5.5,53.7
2021,20220101_38038_D04_S015,38038_D04_S015,Santa Cruz de Tenerife,10.0,4.5,25.8,9.5,50.2
2021,20220101_38038_D05_S001,38038_D05_S001,Santa Cruz de Tenerife,2.2,39.5,15.9,1.2,41.2
2021,20220101_38038_D05_S002,38038_D05_S002,Santa Cruz de Tenerife,2.9,26.3,17.9,1.8,51.2
2021,20220101_38038_D05_S003,38038_D05_S003,Santa Cruz de Tenerife,3.5,17.8,21.7,2.3,54.8
2021,20220101_38038_D05_S004,38038_D05_S004,Santa Cruz de Tenerife,2.6,20.5,19.6,2.5,54.8
2021,20220101_38038_D05_S005,38038_D05_S005,Santa Cruz de Tenerife,3.3,16.3,21.1,2.2,57.1
2021,20220101_38038_D05_S006,38038_D05_S006,Santa Cruz de Tenerife,3.7,17.5,21.6,2.7,54.5
2021,20220101_38038_D05_S007,38038_D05_S007,Santa Cruz de Tenerife,3.6,16.3,22.4,2.9,54.8
2021,20220101_38038_D05_S008,38038_D05_S008,Santa Cruz de Tenerife,3.0,21.7,21.4,2.2,51.9
2021,20220101_38038_D05_S009,38038_D05_S009,Santa Cruz de Tenerife,1.9,46.9,14.0,1.1,36.1
2021,20220101_38038_D05_S010,38038_D05_S010,Santa Cruz de Tenerife,1.6,36.4,16.8,0.9,44.3
2021,20220101_38038_D05_S011,38038_D05_S011,Santa Cruz de Tenerife,3.7,19.4,26.7,2.0,48.2
2021,20220101_38038_D05_S012,38038_D05_S012,Santa Cruz de Tenerife,2.4,22.4,18.9,1.5,54.8
2021,20220101_38038_D05_S013,38038_D05_S013,Santa Cruz de Tenerife,4.1,14.5,23.6,3.2,54.6
2021,20220101_38038_D05_S014,38038_D05_S014,Santa Cruz de Tenerife,4.0,12.1,20.9,3.2,59.8
2021,20220101_38038_D05_S015,38038_D05_S015,Santa Cruz de Tenerife,3.0,17.6,24.0,2.7,52.8
2021,20220101_38038_D06_S001,38038_D06_S001,Santa Cruz de Tenerife,3.4,15.8,18.3,3.3,59.3
2021,20220101_38038_D06_S002,38038_D06_S002,Santa Cruz de Tenerife,2.4,16.8,24.9,1.6,54.3
2021,20220101_38038_D06_S003,38038_D06_S003,Santa Cruz de Tenerife,6.3,7.5,26.7,5.0,54.7
2021,20220101_38038_D06_S004,38038_D06_S004,Santa Cruz de Tenerife,7.8,4.4,27.9,5.5,54.4
2021,20220101_38038_D06_S005,38038_D06_S005,Santa Cruz de Tenerife,4.7,7.2,30.3,2.9,54.9
2021,20220101_38038_D06_S006,38038_D06_S006,Santa Cruz de Tenerife,2.1,22.7,21.0,1.4,52.8
2021,20220101_38038_D06_S007,38038_D06_S007,Santa Cruz de Tenerife,3.2,11.7,20.1,3.3,61.8
2021,20220101_38038_D06_S008,38038_D06_S008,Santa Cruz de Tenerife,3.2,22.1,21.2,2.0,51.6
2021,20220101_38038_D06_S010,38038_D06_S010,Santa Cruz de Tenerife,5.4,8.4,18.8,4.0,63.4
2021,20220101_38038_D06_S011,38038_D06_S011,Santa Cruz de Tenerife,4.8,7.5,21.3,4.7,61.6
2021,20220101_38038_D06_S012,38038_D06_S012,Santa Cruz de Tenerife,3.2,10.3,27.2,2.9,56.4
2021,20220101_38038_D06_S013,38038_D06_S013,Santa Cruz de Tenerife,3.7,17.7,27.0,2.3,49.3
2021,20220101_38038_D06_S014,38038_D06_S014,Santa Cruz de Tenerife,3.5,7.9,31.5,3.2,53.9
2021,20220101_38038_D06_S016,38038_D06_S016,Santa Cruz de Tenerife,8.7,2.6,32.7,6.6,49.4
2021,20220101_38038_D06_S017,38038_D06_S017,Santa Cruz de Tenerife,6.2,11.3,32.4,4.3,45.9
2021,20220101_38038_D06_S018,38038_D06_S018,Santa Cruz de Tenerife,4.3,6.9,33.5,3.2,52.1
2021,20220101_38038_D06_S019,38038_D06_S019,Santa Cruz de Tenerife,3.0,12.3,20.8,2.9,61.1
2021,20220101_38038_D06_S020,38038_D06_S020,Santa Cruz de Tenerife,5.3,7.4,24.3,4.7,58.3
2021,20220101_38038_D06_S021,38038_D06_S021,Santa Cruz de Tenerife,5.5,8.1,29.7,3.4,53.3
2021,20220101_38038_D06_S022,38038_D06_S022,Santa Cruz de Tenerife,3.2,10.5,26.6,2.3,57.4
2021,20220101_38038_D06_S023,38038_D06_S023,Santa Cruz de Tenerife,7.2,4.0,35.4,4.8,48.7
2021,20220101_38038_D06_S025,38038_D06_S025,Santa Cruz de Tenerife,3.6,15.2,25.0,1.4,54.8
2021,20220101_38038_D06_S026,38038_D06_S026,Santa Cruz de Tenerife,8.1,3.2,32.9,6.6,49.1
2021,20220101_38038_D06_S028,38038_D06_S028,Santa Cruz de Tenerife,4.5,5.9,27.5,3.3,58.8
2021,20220101_38038_D06_S029,38038_D06_S029,Santa Cruz de Tenerife,2.7,11.7,29.1,2.1,54.5
2021,20220101_38038_D07_S001,38038_D07_S001,Santa Cruz de Tenerife,4.0,8.8,12.1,3.4,71.8
2021,20220101_38038_D07_S002,38038_D07_S002,Santa Cruz de Tenerife,5.3,8.4,26.3,4.5,55.5
2021,20220101_38038_D07_S003,38038_D07_S003,Santa Cruz de Tenerife,5.2,6.9,30.7,4.3,53.0
2021,20220101_38038_D07_S004,38038_D07_S004,Santa Cruz de Tenerife,7.4,1.9,35.1,6.1,49.6
2021,20220101_38038_D07_S005,38038_D07_S005,Santa Cruz de Tenerife,4.4,5.3,26.1,3.9,60.3
2021,20220101_38038_D07_S006,38038_D07_S006,Santa Cruz de Tenerife,9.4,6.4,28.3,5.6,50.4
2021,20220101_38038_D07_S007,38038_D07_S007,Santa Cruz de Tenerife,6.9,6.9,26.7,5.0,54.4
2021,20220101_38038_D07_S009,38038_D07_S009,Santa Cruz de Tenerife,3.9,7.6,26.7,4.3,57.6
2021,20220101_38038_D08_S001,38038_D08_S001,Santa Cruz de Tenerife,5.2,5.2,32.9,5.1,51.6
2021,20220101_38038_D09_S001,38038_D09_S001,Santa Cruz de Tenerife,7.5,4.3,27.4,5.3,55.5
2021,20220101_38038_D09_S002,38038_D09_S002,Santa Cruz de Tenerife,7.4,3.4,26.2,5.7,57.4
2021,20220101_38038_D09_S003,38038_D09_S003,Santa Cruz de Tenerife,6.5,4.1,34.0,5.8,49.6
2021,20220101_38038_D09_S006,38038_D09_S006,Santa Cruz de Tenerife,5.8,3.7,30.0,3.9,56.6
2021,20220101_38038_D09_S007,38038_D09_S007,Santa Cruz de Tenerife,6.0,6.2,22.4,5.2,60.3
2021,20220101_38038_D09_S009,38038_D09_S009,Santa Cruz de Tenerife,9.1,4.7,27.1,6.8,52.3
2021,20220101_38038_D09_S010,38038_D09_S010,Santa Cruz de Tenerife,8.4,1.8,30.0,6.3,53.5
2021,20220101_38038_D09_S011,38038_D09_S011,Santa Cruz de Tenerife,8.5,2.3,31.0,7.3,50.9
2021,20220101_38038_D09_S012,38038_D09_S012,Santa Cruz de Tenerife,6.1,4.5,24.4,5.3,59.7
2021,20220101_38038_D09_S014,38038_D09_S014,Santa Cruz de Tenerife,9.7,4.3,26.2,7.2,52.5
2021,20220101_38038_D09_S015,38038_D09_S015,Santa Cruz de Tenerife,7.9,4.3,35.0,5.7,47.1
2021,20220101_38038_D09_S016,38038_D09_S016,Santa Cruz de Tenerife,7.3,2.5,33.9,5.9,50.5
2021,20220101_38038_D09_S018,38038_D09_S018,Santa Cruz de Tenerife,5.1,4.1,40.3,4.7,45.8
2021,20220101_38038_D09_S019,38038_D09_S019,Santa Cruz de Tenerife,5.5,5.1,21.7,5.1,62.7
2021,20220101_38038_D09_S021,38038_D09_S021,Santa Cruz de Tenerife,5.0,5.0,35.5,4.6,49.9
2021,20220101_38038_D09_S022,38038_D09_S022,Santa Cruz de Tenerife,9.3,2.8,26.5,6.6,54.9
2021,20220101_38038_D10_S001,38038_D10_S001,Santa Cruz de Tenerife,7.8,2.8,40.5,3.7,45.3
2021,20220101_38038_D10_S002,38038_D10_S002,Santa Cruz de Tenerife,7.8,4.8,34.2,4.5,48.8
2021,20220101_38038_D10_S003,38038_D10_S003,Santa Cruz de Tenerife,7.5,5.0,34.2,5.6,47.7
2021,20220101_38038_D10_S004,38038_D10_S004,Santa Cruz de Tenerife,7.3,2.8,36.8,5.2,48.0
2021,20220101_38038_D10_S005,38038_D10_S005,Santa Cruz de Tenerife,8.8,3.6,31.7,6.4,49.5
2021,20220101_38038_D10_S006,38038_D10_S006,Santa Cruz de Tenerife,3.8,14.3,28.8,2.9,50.2
2021,20220101_38038_D10_S007,38038_D10_S007,Santa Cruz de Tenerife,6.3,3.4,28.5,3.6,58.2
2021,20220101_38038_D10_S008,38038_D10_S008,Santa Cruz de Tenerife,6.1,8.5,27.4,3.9,54.1
2021,20220101_38038_D10_S009,38038_D10_S009,Santa Cruz de Tenerife,6.4,6.7,35.4,4.1,47.4
2021,20220101_38038_D10_S010,38038_D10_S010,Santa Cruz de Tenerife,8.4,6.3,30.2,5.2,50.0
2021,20220101_38038_D10_S011,38038_D10_S011,Santa Cruz de Tenerife,4.8,5.2,23.1,3.4,63.5
2021,20220101_38038_D10_S012,38038_D10_S012,Santa Cruz de Tenerife,6.3,5.1,32.3,6.4,49.9
2021,20220101_38038_D10_S013,38038_D10_S013,Santa Cruz de Tenerife,4.4,6.6,36.9,4.3,47.8
2021,20220101_38038_D10_S014,38038_D10_S014,Santa Cruz de Tenerife,4.9,5.6,30.3,4.2,55.1
2021,20220101_38038_D10_S015,38038_D10_S015,Santa Cruz de Tenerife,5.5,11.8,26.8,3.2,52.6
2021,20220101_38038_D10_S016,38038_D10_S016,Santa Cruz de Tenerife,4.7,6.1,26.3,3.4,59.5
2021,20220101_38038_D11_S001,38038_D11_S001,Santa Cruz de Tenerife,6.1,6.8,22.8,6.2,58.2
2021,20220101_38038_D11_S002,38038_D11_S002,Santa Cruz de Tenerife,4.2,6.7,12.3,5.0,71.8
2021,20220101_38038_D11_S003,38038_D11_S003,Santa Cruz de Tenerife,4.1,6.7,10.7,4.6,74.0
2021,20220101_38038_D11_S004,38038_D11_S004,Santa Cruz de Tenerife,5.7,7.5,16.3,6.0,64.5
2021,20220101_38038_D11_S005,38038_D11_S005,Santa Cruz de Tenerife,4.0,4.4,17.4,5.4,68.8
2021,20220101_38038_D11_S006,38038_D11_S006,Santa Cruz de Tenerife,5.7,4.0,22.9,5.9,61.5
2021,20220101_38038_D11_S007,38038_D11_S007,Santa Cruz de Tenerife,6.7,6.1,15.0,6.1,66.1
2021,20220101_38038_D11_S008,38038_D11_S008,Santa Cruz de Tenerife,6.9,4.8,12.4,5.2,70.7
2021,20220101_38038_D11_S009,38038_D11_S009,Santa Cruz de Tenerife,11.3,3.0,18.2,7.0,60.5
2021,20220101_38038_D11_S010,38038_D11_S010,Santa Cruz de Tenerife,6.7,8.3,17.3,4.7,63.0
2021,20220101_38038_D11_S011,38038_D11_S011,Santa Cruz de Tenerife,15.1,1.6,23.5,8.0,51.9
2021,20220101_38038_D11_S012,38038_D11_S012,Santa Cruz de Tenerife,15.0,1.9,18.4,8.4,56.3
2021,20220101_38038_D11_S013,38038_D11_S013,Santa Cruz de Tenerife,5.8,8.5,12.7,5.2,67.9
2021,20220101_38038_D11_S014,38038_D11_S014,Santa Cruz de Tenerife,3.2,11.0,9.7,2.3,73.7
2021,20220101_38038_D11_S015,38038_D11_S015,Santa Cruz de Tenerife,4.4,6.2,15.4,5.0,69.0
2021,20220101_38038_D11_S016,38038_D11_S016,Santa Cruz de Tenerife,5.6,4.2,23.7,6.0,60.5
2021,20220101_38038_D11_S017,38038_D11_S017,Santa Cruz de Tenerife,7.4,3.3,24.4,6.9,58.0
2021,20220101_38038_D11_S018,38038_D11_S018,Santa Cruz de Tenerife,4.4,6.6,10.9,4.1,74.1
2021,20220101_38038_D11_S019,38038_D11_S019,Santa Cruz de Tenerife,6.9,4.6,16.9,6.1,65.6
2021,20220101_38038_D11_S020,38038_D11_S020,Santa Cruz de Tenerife,4.1,7.4,9.1,5.9,73.5
2021,20220101_38038_D11_S021,38038_D11_S021,Santa Cruz de Tenerife,2.4,12.5,6.0,2.2,76.9
2021,20220101_38038_D12_S001,38038_D12_S001,Santa Cruz de Tenerife,4.4,5.8,18.3,4.5,67.0
2021,20220101_38038_D12_S002,38038_D12_S002,Santa Cruz de Tenerife,4.7,7.8,19.9,4.7,62.9
2021,20220101_38038_D12_S003,38038_D12_S003,Santa Cruz de Tenerife,6.3,4.8,28.3,5.8,54.8
2021,20220101_38038_D12_S004,38038_D12_S004,Santa Cruz de Tenerife,6.0,7.0,24.8,4.4,58.0
2021,20220101_38038_D12_S005,38038_D12_S005,Santa Cruz de Tenerife,4.5,7.3,13.3,4.6,70.4
2021,20220101_38038_D12_S006,38038_D12_S006,Santa Cruz de Tenerife,5.7,4.7,13.4,5.9,70.2
2021,20220101_38038_D12_S007,38038_D12_S007,Santa Cruz de Tenerife,4.6,7.9,13.4,5.0,69.2
2021,20220101_38038_D12_S008,38038_D12_S008,Santa Cruz de Tenerife,4.4,6.7,11.1,5.2,72.6
2021,20220101_38038_D12_S009,38038_D12_S009,Santa Cruz de Tenerife,3.5,4.6,8.8,4.0,79.1
2021,20220101_38038_D12_S010,38038_D12_S010,Santa Cruz de Tenerife,5.0,6.8,5.7,3.7,78.8
2021,20220101_38038_D12_S011,38038_D12_S011,Santa Cruz de Tenerife,7.1,4.6,11.4,5.3,71.7
2021,20220101_38039_D01_S001,38039_D01_S001,Santa Úrsula,6.0,12.5,19.2,7.8,54.5
2021,20220101_38039_D01_S002,38039_D01_S002,Santa Úrsula,6.1,11.9,21.2,7.2,53.5
2021,20220101_38039_D01_S003,38039_D01_S003,Santa Úrsula,6.3,7.9,21.4,7.6,56.9
2021,20220101_38039_D01_S004,38039_D01_S004,Santa Úrsula,3.9,19.4,16.1,4.5,56.1
2021,20220101_38039_D01_S005,38039_D01_S005,Santa Úrsula,5.6,12.9,19.1,6.8,55.6
2021,20220101_38039_D01_S006,38039_D01_S006,Santa Úrsula,4.9,14.6,15.3,5.9,59.3
2021,20220101_38039_D01_S007,38039_D01_S007,Santa Úrsula,4.6,12.1,13.0,6.2,64.1
2021,20220101_38039_D01_S008,38039_D01_S008,Santa Úrsula,5.1,9.2,20.1,5.4,60.3
2021,20220101_38039_D01_S009,38039_D01_S009,Santa Úrsula,2.6,20.4,10.5,3.2,63.3
2021,20220101_38040_D01_S001,38040_D01_S001,Santiago del Teide,5.0,11.0,20.4,9.9,53.6
2021,20220101_38040_D01_S002,38040_D01_S002,Santiago del Teide,3.4,21.7,14.6,11.3,49.1
2021,20220101_38040_D01_S003,38040_D01_S003,Santiago del Teide,4.9,13.8,15.0,12.5,53.8
2021,20220101_38040_D01_S004,38040_D01_S004,Santiago del Teide,3.6,17.4,18.8,14.2,46.0
2021,20220101_38041_D01_S001,38041_D01_S001,El Sauzal,2.9,18.3,16.5,2.6,59.7
2021,20220101_38041_D01_S002,38041_D01_S002,El Sauzal,5.7,5.6,22.4,5.1,61.2
2021,20220101_38041_D01_S003,38041_D01_S003,El Sauzal,4.6,6.2,24.0,5.6,59.6
2021,20220101_38041_D01_S004,38041_D01_S004,El Sauzal,3.4,13.9,21.0,2.7,59.0
2021,20220101_38041_D01_S005,38041_D01_S005,El Sauzal,4.7,10.1,13.8,3.8,67.6
2021,20220101_38041_D01_S006,38041_D01_S006,El Sauzal,5.3,4.5,19.2,5.9,65.2
2021,20220101_38042_D01_S001,38042_D01_S001,Los Silos,3.7,17.1,24.5,4.7,50.1
2021,20220101_38042_D01_S002,38042_D01_S002,Los Silos,4.6,10.0,28.5,6.2,50.6
2021,20220101_38042_D01_S003,38042_D01_S003,Los Silos,4.8,8.8,29.2,7.8,49.5
2021,20220101_38042_D01_S004,38042_D01_S004,Los Silos,4.2,8.9,23.7,6.8,56.4
2021,20220101_38043_D01_S001,38043_D01_S001,Tacoronte,3.6,15.2,16.2,3.3,61.7
2021,20220101_38043_D01_S002,38043_D01_S002,Tacoronte,3.7,12.3,23.9,2.9,57.2
2021,20220101_38043_D01_S003,38043_D01_S003,Tacoronte,3.9,11.7,18.5,3.3,62.6
2021,20220101_38043_D01_S004,38043_D01_S004,Tacoronte,6.2,6.9,25.7,4.6,56.7
2021,20220101_38043_D01_S005,38043_D01_S005,Tacoronte,3.4,19.7,17.9,3.2,55.7
2021,20220101_38043_D01_S006,38043_D01_S006,Tacoronte,3.0,9.5,21.7,3.8,62.0
2021,20220101_38043_D01_S007,38043_D01_S007,Tacoronte,4.4,8.5,19.3,4.6,63.2
2021,20220101_38043_D01_S008,38043_D01_S008,Tacoronte,3.3,13.4,19.3,3.5,60.6
2021,20220101_38043_D01_S009,38043_D01_S009,Tacoronte,4.3,18.1,15.7,4.4,57.6
2021,20220101_38043_D01_S010,38043_D01_S010,Tacoronte,2.8,14.4,14.3,2.8,65.8
2021,20220101_38043_D01_S011,38043_D01_S011,Tacoronte,3.0,9.4,17.4,3.8,66.4
2021,20220101_38043_D01_S012,38043_D01_S012,Tacoronte,5.9,7.7,23.6,5.4,57.4
2021,20220101_38043_D01_S013,38043_D01_S013,Tacoronte,5.2,10.1,21.1,4.1,59.5
2021,20220101_38043_D01_S014,38043_D01_S014,Tacoronte,3.2,14.0,16.0,2.4,64.3
2021,20220101_38043_D01_S015,38043_D01_S015,Tacoronte,3.6,13.6,15.0,3.6,64.2
2021,20220101_38044_D01_S001,38044_D01_S001,El Tanque,4.5,12.1,21.5,8.8,53.1
2021,20220101_38044_D01_S002,38044_D01_S002,El Tanque,7.5,8.0,23.6,12.0,49.0
2021,20220101_38045_D01_S001,38045_D01_S001,Tazacorte,5.1,12.5,25.6,6.3,50.5
2021,20220101_38045_D01_S002,38045_D01_S002,Tazacorte,4.3,12.8,20.2,5.8,57.0
2021,20220101_38045_D01_S003,38045_D01_S003,Tazacorte,4.2,23.7,24.2,6.3,41.7
2021,20220101_38045_D01_S004,38045_D01_S004,Tazacorte,5.8,8.4,26.6,10.3,49.0
2021,20220101_38046_D01_S001,38046_D01_S001,Tegueste,3.4,13.7,15.6,2.6,64.6
2021,20220101_38046_D01_S002,38046_D01_S002,Tegueste,3.4,8.5,22.3,3.6,62.2
2021,20220101_38046_D01_S003,38046_D01_S003,Tegueste,4.1,10.2,20.0,3.7,62.0
2021,20220101_38046_D01_S004,38046_D01_S004,Tegueste,3.2,10.7,18.0,3.2,64.8
2021,20220101_38046_D01_S005,38046_D01_S005,Tegueste,3.9,15.7,19.7,2.6,58.2
2021,20220101_38046_D01_S006,38046_D01_S006,Tegueste,3.2,12.3,23.9,2.0,58.7
2021,20220101_38046_D01_S007,38046_D01_S007,Tegueste,3.3,10.2,13.9,3.5,69.0
2021,20220101_38047_D01_S001,38047_D01_S001,Tijarafe,3.9,21.9,19.5,4.0,50.7
2021,20220101_38047_D01_S002,38047_D01_S002,Tijarafe,3.4,31.4,22.4,3.4,39.5
2021,20220101_38048_D01_S001,38048_D01_S001,Valverde,3.3,11.6,21.6,3.1,60.4
2021,20220101_38048_D01_S002,38048_D01_S002,Valverde,4.3,9.1,20.9,3.4,62.3
2021,20220101_38048_D01_S004,38048_D01_S004,Valverde,3.0,11.5,20.0,3.2,62.4
2021,20220101_38049_D01_S001,38049_D01_S001,Valle Gran Rey,4.0,21.8,18.2,8.1,48.0
2021,20220101_38049_D01_S002,38049_D01_S002,Valle Gran Rey,4.1,18.2,24.2,8.5,45.1
2021,20220101_38050_D01_S001,38050_D01_S001,Vallehermoso,4.3,12.9,27.1,5.5,50.3
2021,20220101_38050_D03_S001,38050_D03_S001,Vallehermoso,4.3,11.6,31.5,6.8,45.8
2021,20220101_38051_D01_S001,38051_D01_S001,La Victoria de Acentejo,5.1,10.8,23.3,6.2,54.6
2021,20220101_38051_D01_S002,38051_D01_S002,La Victoria de Acentejo,4.6,16.2,16.8,4.9,57.5
2021,20220101_38051_D01_S003,38051_D01_S003,La Victoria de Acentejo,6.8,6.3,25.3,7.5,54.2
2021,20220101_38051_D01_S004,38051_D01_S004,La Victoria de Acentejo,6.7,8.6,23.6,5.5,55.6
2021,20220101_38051_D01_S005,38051_D01_S005,La Victoria de Acentejo,5.1,8.9,17.8,6.1,62.2
2021,20220101_38051_D01_S006,38051_D01_S006,La Victoria de Acentejo,4.9,9.3,16.5,6.9,62.4
2021,20220101_38051_D01_S007,38051_D01_S007,La Victoria de Acentejo,4.7,14.0,21.1,4.9,55.3
2021,20220101_38052_D01_S001,38052_D01_S001,Vilaflor de Chasna,3.7,14.7,25.2,7.7,48.8
2021,20220101_38053_D01_S001,38053_D01_S001,Villa de Mazo,4.6,16.5,16.1,3.5,59.2
2021,20220101_38053_D01_S002,38053_D01_S002,Villa de Mazo,3.1,10.7,22.1,4.4,59.7
2021,20220101_38053_D01_S003,38053_D01_S003,Villa de Mazo,3.0,11.2,17.2,3.9,64.8
2021,20220101_38053_D01_S004,38053_D01_S004,Villa de Mazo,3.7,11.0,22.5,5.1,57.7
2021,20220101_38053_D01_S005,38053_D01_S005,Villa de Mazo,4.3,8.0,23.1,5.7,59.0
2021,20220101_38901_D01_S001,38901_D01_S001,El Pinar de El Hierro,3.5,13.4,19.9,3.3,59.9
2022,20230101_35001_D01_S001,35001_D01_S001,Agaete,5.1,7.0,24.0,2.5,61.4
2022,20230101_35001_D01_S002,35001_D01_S002,Agaete,6.1,11.1,22.5,2.5,57.8
2022,20230101_35001_D01_S003,35001_D01_S003,Agaete,7.3,7.5,24.4,3.2,57.6
2022,20230101_35001_D01_S004,35001_D01_S004,Agaete,8.3,11.6,21.1,2.4,56.6
2022,20230101_35001_D01_S005,35001_D01_S005,Agaete,5.2,14.2,20.7,2.7,57.2
2022,20230101_35002_D01_S001,35002_D01_S001,Agüimes,6.1,6.9,19.1,3.5,64.4
2022,20230101_35002_D01_S002,35002_D01_S002,Agüimes,6.9,14.0,20.5,2.8,55.8
2022,20230101_35002_D01_S003,35002_D01_S003,Agüimes,7.0,7.4,18.3,3.8,63.6
2022,20230101_35002_D01_S004,35002_D01_S004,Agüimes,5.8,12.5,14.2,3.0,64.5
2022,20230101_35002_D01_S005,35002_D01_S005,Agüimes,10.4,1.6,23.5,6.3,58.1
2022,20230101_35002_D01_S006,35002_D01_S006,Agüimes,4.3,12.7,18.2,2.1,62.7
2022,20230101_35002_D01_S007,35002_D01_S007,Agüimes,7.2,5.9,21.6,2.7,62.7
2022,20230101_35002_D01_S008,35002_D01_S008,Agüimes,5.5,9.8,22.8,3.2,58.7
2022,20230101_35002_D01_S009,35002_D01_S009,Agüimes,5.3,10.2,14.0,3.5,67.1
2022,20230101_35002_D01_S010,35002_D01_S010,Agüimes,3.8,12.6,12.9,1.8,69.0
2022,20230101_35002_D01_S011,35002_D01_S011,Agüimes,6.4,10.2,18.0,3.3,62.2
2022,20230101_35002_D01_S012,35002_D01_S012,Agüimes,5.5,10.3,14.2,3.0,67.1
2022,20230101_35002_D01_S013,35002_D01_S013,Agüimes,7.0,5.5,13.8,5.1,68.6
2022,20230101_35002_D01_S014,35002_D01_S014,Agüimes,5.9,10.2,26.5,2.6,54.9
2022,20230101_35002_D01_S015,35002_D01_S015,Agüimes,6.6,9.5,14.2,3.5,66.2
2022,20230101_35002_D01_S016,35002_D01_S016,Agüimes,4.7,9.6,13.7,3.0,69.1
2022,20230101_35002_D01_S017,35002_D01_S017,Agüimes,5.1,10.2,8.5,3.4,72.8
2022,20230101_35002_D01_S018,35002_D01_S018,Agüimes,4.3,10.6,18.3,2.2,64.6
2022,20230101_35002_D01_S019,35002_D01_S019,Agüimes,4.3,10.2,5.0,2.4,78.2
2022,20230101_35002_D01_S020,35002_D01_S020,Agüimes,3.9,6.7,7.0,2.8,79.7
2022,20230101_35002_D01_S021,35002_D01_S021,Agüimes,4.3,11.0,11.6,2.0,71.1
2022,20230101_35002_D01_S022,35002_D01_S022,Agüimes,3.9,11.3,16.1,2.3,66.3
2022,20230101_35002_D01_S023,35002_D01_S023,Agüimes,3.9,12.2,13.8,1.9,68.3
2022,20230101_35003_D01_S001,35003_D01_S001,Antigua,4.4,9.0,16.5,2.8,67.3
2022,20230101_35003_D01_S002,35003_D01_S002,Antigua,4.9,13.7,17.0,3.3,61.2
2022,20230101_35003_D01_S003,35003_D01_S003,Antigua,2.4,20.2,11.7,2.5,63.2
2022,20230101_35003_D01_S004,35003_D01_S004,Antigua,5.6,9.6,14.8,4.9,65.0
2022,20230101_35003_D01_S005,35003_D01_S005,Antigua,3.1,14.5,14.0,2.9,65.6
2022,20230101_35004_D01_S001,35004_D01_S001,Arrecife,3.0,19.3,14.9,1.7,61.0
2022,20230101_35004_D01_S002,35004_D01_S002,Arrecife,6.1,6.3,20.1,3.8,63.8
2022,20230101_35004_D01_S003,35004_D01_S003,Arrecife,3.6,21.9,14.3,1.7,58.6
2022,20230101_35004_D01_S004,35004_D01_S004,Arrecife,3.9,11.6,16.4,2.4,65.7
2022,20230101_35004_D01_S005,35004_D01_S005,Arrecife,4.6,4.8,13.5,3.7,73.4
2022,20230101_35004_D01_S006,35004_D01_S006,Arrecife,3.3,8.3,11.9,3.4,73.1
2022,20230101_35004_D01_S007,35004_D01_S007,Arrecife,3.3,9.6,11.5,2.6,73.0
2022,20230101_35004_D01_S008,35004_D01_S008,Arrecife,3.7,10.3,14.7,3.0,68.3
2022,20230101_35004_D01_S009,35004_D01_S009,Arrecife,2.3,19.3,22.1,1.4,54.9
2022,20230101_35004_D01_S010,35004_D01_S010,Arrecife,3.4,11.9,20.0,2.4,62.4
2022,20230101_35004_D01_S011,35004_D01_S011,Arrecife,3.2,6.6,13.1,2.5,74.6
2022,20230101_35004_D01_S012,35004_D01_S012,Arrecife,3.9,6.4,16.9,2.8,70.0
2022,20230101_35004_D02_S001,35004_D02_S001,Arrecife,5.3,7.6,12.0,2.9,72.2
2022,20230101_35004_D02_S002,35004_D02_S002,Arrecife,4.0,6.7,16.3,3.6,69.4
2022,20230101_35004_D02_S003,35004_D02_S003,Arrecife,5.2,7.3,20.3,3.7,63.5
2022,20230101_35004_D02_S004,35004_D02_S004,Arrecife,5.7,6.6,20.4,4.3,63.1
2022,20230101_35004_D02_S005,35004_D02_S005,Arrecife,3.4,16.4,11.9,1.7,66.6
2022,20230101_35004_D02_S006,35004_D02_S006,Arrecife,5.0,6.9,15.9,4.2,68.1
2022,20230101_35004_D02_S007,35004_D02_S007,Arrecife,5.6,5.3,20.1,3.8,65.3
2022,20230101_35004_D02_S008,35004_D02_S008,Arrecife,4.6,11.8,15.1,3.2,65.3
2022,20230101_35004_D02_S009,35004_D02_S009,Arrecife,5.1,7.1,15.8,3.4,68.6
2022,20230101_35004_D02_S010,35004_D02_S010,Arrecife,4.4,7.0,13.2,3.6,71.9
2022,20230101_35004_D02_S011,35004_D02_S011,Arrecife,3.1,24.2,17.3,1.8,53.7
2022,20230101_35004_D02_S012,35004_D02_S012,Arrecife,4.8,5.0,7.7,4.3,78.2
2022,20230101_35004_D02_S013,35004_D02_S013,Arrecife,4.0,9.3,14.1,2.6,70.0
2022,20230101_35004_D02_S014,35004_D02_S014,Arrecife,5.2,7.2,16.0,3.2,68.4
2022,20230101_35004_D02_S015,35004_D02_S015,Arrecife,3.8,8.7,11.4,3.9,72.2
2022,20230101_35004_D02_S016,35004_D02_S016,Arrecife,5.2,7.5,10.0,3.3,74.0
2022,20230101_35004_D02_S017,35004_D02_S017,Arrecife,6.0,5.8,9.9,3.8,74.6
2022,20230101_35004_D02_S018,35004_D02_S018,Arrecife,4.0,9.1,8.4,3.1,75.5
2022,20230101_35004_D02_S019,35004_D02_S019,Arrecife,5.3,9.6,14.4,4.8,65.9
2022,20230101_35004_D02_S020,35004_D02_S020,Arrecife,5.3,5.6,12.1,3.6,73.5
2022,20230101_35005_D01_S001,35005_D01_S001,Artenara,5.2,8.4,24.6,2.3,59.5
2022,20230101_35006_D01_S001,35006_D01_S001,Arucas,5.9,11.6,26.7,2.0,53.9
2022,20230101_35006_D01_S002,35006_D01_S002,Arucas,4.2,15.8,15.1,1.7,63.2
2022,20230101_35006_D01_S003,35006_D01_S003,Arucas,7.0,9.4,22.1,2.8,58.7
2022,20230101_35006_D01_S004,35006_D01_S004,Arucas,5.3,8.4,16.5,2.2,67.6
2022,20230101_35006_D01_S005,35006_D01_S005,Arucas,9.3,10.6,20.7,3.0,56.5
2022,20230101_35006_D02_S001,35006_D02_S001,Arucas,5.8,5.9,25.1,2.9,60.4
2022,20230101_35006_D02_S002,35006_D02_S002,Arucas,5.1,11.5,21.6,2.3,59.6
2022,20230101_35006_D02_S003,35006_D02_S003,Arucas,3.9,9.0,20.6,2.3,64.2
2022,20230101_35006_D03_S001,35006_D03_S001,Arucas,5.9,11.7,18.6,2.7,61.1
2022,20230101_35006_D03_S002,35006_D03_S002,Arucas,5.0,8.9,18.5,1.9,65.8
2022,20230101_35006_D03_S003,35006_D03_S003,Arucas,5.5,9.4,20.8,2.5,61.8
2022,20230101_35006_D03_S004,35006_D03_S004,Arucas,4.6,11.5,20.0,3.4,60.5
2022,20230101_35006_D04_S001,35006_D04_S001,Arucas,5.9,8.5,21.4,2.9,61.3
2022,20230101_35006_D04_S002,35006_D04_S002,Arucas,4.7,10.2,14.5,2.9,67.8
2022,20230101_35006_D04_S003,35006_D04_S003,Arucas,5.6,6.8,16.0,1.9,69.7
2022,20230101_35006_D04_S004,35006_D04_S004,Arucas,3.7,8.7,15.2,2.5,69.9
2022,20230101_35006_D05_S001,35006_D05_S001,Arucas,4.7,7.0,14.4,2.9,71.0
2022,20230101_35006_D05_S002,35006_D05_S002,Arucas,5.1,9.3,18.4,2.1,65.1
2022,20230101_35006_D05_S003,35006_D05_S003,Arucas,6.9,6.4,15.8,2.9,68.0
2022,20230101_35006_D05_S004,35006_D05_S004,Arucas,6.1,3.3,21.8,3.7,65.2
2022,20230101_35006_D05_S005,35006_D05_S005,Arucas,6.0,8.7,18.7,2.8,63.7
2022,20230101_35006_D05_S006,35006_D05_S006,Arucas,4.7,10.4,9.7,2.2,73.0
2022,20230101_35006_D06_S001,35006_D06_S001,Arucas,4.2,12.1,16.9,1.8,65.1
2022,20230101_35006_D06_S002,35006_D06_S002,Arucas,4.9,11.5,14.4,2.1,67.2
2022,20230101_35006_D06_S003,35006_D06_S003,Arucas,3.5,12.6,15.4,1.7,66.8
2022,20230101_35006_D07_S001,35006_D07_S001,Arucas,6.4,9.4,23.0,3.4,57.8
2022,20230101_35006_D07_S002,35006_D07_S002,Arucas,7.0,9.4,23.4,3.0,57.1
2022,20230101_35007_D01_S001,35007_D01_S001,Betancuria,4.2,23.9,19.2,1.7,51.0
2022,20230101_35008_D01_S001,35008_D01_S001,Firgas,5.9,7.4,22.0,2.6,62.1
2022,20230101_35008_D01_S002,35008_D01_S002,Firgas,5.5,7.4,19.3,2.6,65.1
2022,20230101_35008_D02_S001,35008_D02_S001,Firgas,5.3,12.2,20.7,2.8,59.1
2022,20230101_35008_D03_S001,35008_D03_S001,Firgas,7.0,6.7,17.2,2.9,66.3
2022,20230101_35008_D03_S002,35008_D03_S002,Firgas,7.4,8.3,21.6,2.5,60.2
2022,20230101_35008_D04_S001,35008_D04_S001,Firgas,5.9,11.0,19.9,2.6,60.6
2022,20230101_35008_D04_S002,35008_D04_S002,Firgas,5.4,9.6,14.2,2.6,68.2
2022,20230101_35009_D01_S001,35009_D01_S001,Gáldar,7.5,13.9,23.2,1.7,53.9
2022,20230101_35009_D01_S002,35009_D01_S002,Gáldar,5.7,12.8,21.4,1.8,58.3
2022,20230101_35009_D01_S003,35009_D01_S003,Gáldar,10.1,9.3,22.5,3.4,54.7
2022,20230101_35009_D01_S004,35009_D01_S004,Gáldar,6.3,10.5,23.7,2.3,57.3
2022,20230101_35009_D01_S005,35009_D01_S005,Gáldar,8.1,5.5,26.7,4.7,55.1
2022,20230101_35009_D01_S006,35009_D01_S006,Gáldar,7.2,8.6,17.1,3.2,64.0
2022,20230101_35009_D01_S007,35009_D01_S007,Gáldar,6.9,11.4,15.8,2.5,63.4
2022,20230101_35009_D01_S008,35009_D01_S008,Gáldar,6.9,10.5,22.6,2.7,57.4
2022,20230101_35009_D01_S009,35009_D01_S009,Gáldar,7.9,5.9,15.7,3.4,67.2
2022,20230101_35009_D01_S010,35009_D01_S010,Gáldar,6.9,7.6,15.3,2.9,67.5
2022,20230101_35009_D01_S011,35009_D01_S011,Gáldar,12.3,7.2,30.3,3.4,46.8
2022,20230101_35009_D01_S013,35009_D01_S013,Gáldar,5.2,15.9,21.4,1.7,55.8
2022,20230101_35009_D01_S014,35009_D01_S014,Gáldar,8.7,5.0,16.8,3.6,66.0
2022,20230101_35009_D01_S015,35009_D01_S015,Gáldar,8.0,7.3,18.3,3.3,63.1
2022,20230101_35009_D01_S016,35009_D01_S016,Gáldar,9.0,6.8,27.7,3.4,53.2
2022,20230101_35009_D01_S017,35009_D01_S017,Gáldar,12.1,8.2,20.5,3.8,55.4
2022,20230101_35010_D01_S001,35010_D01_S001,Haría,3.7,16.3,22.4,2.2,55.4
2022,20230101_35010_D01_S002,35010_D01_S002,Haría,5.0,13.9,23.4,2.3,55.4
2022,20230101_35010_D01_S003,35010_D01_S003,Haría,4.3,19.7,17.9,2.1,56.1
2022,20230101_35010_D01_S004,35010_D01_S004,Haría,3.8,12.4,21.6,2.3,59.9
2022,20230101_35011_D01_S001,35011_D01_S001,Ingenio,5.3,10.4,17.7,2.5,64.1
2022,20230101_35011_D01_S002,35011_D01_S002,Ingenio,9.7,8.9,21.7,3.5,56.3
2022,20230101_35011_D01_S003,35011_D01_S003,Ingenio,6.0,6.3,15.2,2.7,69.8
2022,20230101_35011_D01_S004,35011_D01_S004,Ingenio,5.7,8.3,14.4,3.1,68.6
2022,20230101_35011_D01_S005,35011_D01_S005,Ingenio,10.1,6.7,24.7,4.7,53.7
2022,20230101_35011_D01_S006,35011_D01_S006,Ingenio,7.1,9.8,17.0,2.7,63.4
2022,20230101_35011_D01_S007,35011_D01_S007,Ingenio,6.5,12.1,17.4,2.7,61.3
2022,20230101_35011_D02_S001,35011_D02_S001,Ingenio,6.7,10.0,18.1,2.3,63.0
2022,20230101_35011_D02_S002,35011_D02_S002,Ingenio,6.5,7.7,17.4,3.2,65.3
2022,20230101_35011_D02_S003,35011_D02_S003,Ingenio,6.7,8.3,20.3,2.7,62.0
2022,20230101_35011_D03_S001,35011_D03_S001,Ingenio,8.3,7.0,21.5,3.2,60.0
2022,20230101_35011_D03_S002,35011_D03_S002,Ingenio,7.3,9.2,18.8,4.1,60.6
2022,20230101_35011_D03_S003,35011_D03_S003,Ingenio,5.9,8.8,13.9,3.4,68.0
2022,20230101_35011_D03_S004,35011_D03_S004,Ingenio,8.3,6.7,16.9,3.8,64.3
2022,20230101_35011_D03_S005,35011_D03_S005,Ingenio,5.5,7.6,18.2,3.2,65.6
2022,20230101_35011_D03_S006,35011_D03_S006,Ingenio,7.3,9.8,18.4,3.2,61.4
2022,20230101_35011_D03_S007,35011_D03_S007,Ingenio,5.8,5.5,16.6,3.3,68.8
2022,20230101_35011_D03_S008,35011_D03_S008,Ingenio,5.3,9.4,12.9,3.1,69.2
2022,20230101_35011_D03_S009,35011_D03_S009,Ingenio,5.6,5.2,14.9,3.3,71.1
2022,20230101_35012_D01_S001,35012_D01_S001,Mogán,4.3,15.8,18.4,2.5,59.0
2022,20230101_35012_D01_S002,35012_D01_S002,Mogán,4.7,22.3,17.8,2.3,52.9
2022,20230101_35012_D01_S003,35012_D01_S003,Mogán,4.3,9.2,15.5,4.2,66.8
2022,20230101_35012_D02_S001,35012_D02_S001,Mogán,3.2,21.2,13.5,3.3,58.8
2022,20230101_35012_D02_S002,35012_D02_S002,Mogán,3.8,17.9,10.5,3.3,64.5
2022,20230101_35012_D03_S001,35012_D03_S001,Mogán,7.2,12.2,28.0,4.1,48.4
2022,20230101_35012_D03_S002,35012_D03_S002,Mogán,5.4,11.8,21.4,4.5,56.9
2022,20230101_35012_D04_S001,35012_D04_S001,Mogán,3.9,11.0,16.4,3.7,65.0
2022,20230101_35012_D04_S002,35012_D04_S002,Mogán,3.2,27.8,15.8,2.4,50.9
2022,20230101_35012_D04_S003,35012_D04_S003,Mogán,4.2,9.3,10.1,3.9,72.5
2022,20230101_35012_D05_S001,35012_D05_S001,Mogán,5.1,11.5,19.6,3.1,60.7
2022,20230101_35013_D01_S001,35013_D01_S001,Moya,5.8,16.0,22.1,2.2,54.0
2022,20230101_35013_D01_S002,35013_D01_S002,Moya,8.0,10.8,20.7,3.1,57.4
2022,20230101_35013_D01_S003,35013_D01_S003,Moya,8.7,9.7,18.4,2.7,60.5
2022,20230101_35013_D01_S004,35013_D01_S004,Moya,5.7,15.5,19.9,2.3,56.6
2022,20230101_35013_D01_S005,35013_D01_S005,Moya,7.0,12.4,19.4,3.1,58.1
2022,20230101_35013_D01_S006,35013_D01_S006,Moya,5.3,16.9,26.2,1.9,49.7
2022,20230101_35014_D01_S001,35014_D01_S001,La Oliva,4.5,16.5,14.4,2.5,62.1
2022,20230101_35014_D01_S002,35014_D01_S002,La Oliva,3.4,21.5,14.4,2.6,58.2
2022,20230101_35014_D01_S003,35014_D01_S003,La Oliva,3.8,19.2,10.0,3.4,63.6
2022,20230101_35014_D01_S004,35014_D01_S004,La Oliva,1.9,30.7,11.2,2.1,54.1
2022,20230101_35014_D01_S005,35014_D01_S005,La Oliva,3.3,27.6,10.9,2.9,55.4
2022,20230101_35014_D01_S006,35014_D01_S006,La Oliva,3.4,14.7,8.4,3.5,70.1
2022,20230101_35014_D01_S007,35014_D01_S007,La Oliva,4.5,18.1,10.2,4.2,62.9
2022,20230101_35014_D01_S008,35014_D01_S008,La Oliva,4.1,17.5,12.9,3.5,62.1
2022,20230101_35014_D01_S009,35014_D01_S009,La Oliva,3.1,22.7,8.7,3.1,62.5
2022,20230101_35014_D01_S010,35014_D01_S010,La Oliva,3.8,17.8,8.7,3.4,66.3
2022,20230101_35015_D01_S001,35015_D01_S001,Pájara,3.9,10.7,17.8,2.5,65.1
2022,20230101_35015_D02_S001,35015_D02_S001,Pájara,4.1,12.2,12.8,3.6,67.3
2022,20230101_35015_D03_S001,35015_D03_S001,Pájara,2.4,15.8,6.2,3.2,72.5
2022,20230101_35015_D03_S002,35015_D03_S002,Pájara,4.7,6.6,6.6,4.7,77.4
2022,20230101_35015_D04_S001,35015_D04_S001,Pájara,2.0,14.2,7.0,2.3,74.5
2022,20230101_35015_D04_S002,35015_D04_S002,Pájara,4.0,11.6,8.1,3.5,72.7
2022,20230101_35015_D04_S003,35015_D04_S003,Pájara,4.2,10.2,12.6,3.3,69.7
2022,20230101_35015_D04_S004,35015_D04_S004,Pájara,5.0,7.4,7.6,3.1,77.0
2022,20230101_35015_D04_S005,35015_D04_S005,Pájara,4.7,7.7,6.5,3.2,77.9
2022,20230101_35015_D04_S006,35015_D04_S006,Pájara,3.2,20.6,13.0,2.4,60.8
2022,20230101_35016_D01_S001,35016_D01_S001,Las Palmas de Gran Canaria,2.9,23.0,19.0,0.8,54.3
2022,20230101_35016_D01_S003,35016_D01_S003,Las Palmas de Gran Canaria,3.2,30.0,14.8,0.9,51.1
2022,20230101_35016_D01_S004,35016_D01_S004,Las Palmas de Gran Canaria,3.5,25.7,23.0,1.2,46.6
2022,20230101_35016_D01_S005,35016_D01_S005,Las Palmas de Gran Canaria,4.7,13.8,25.9,1.7,53.9
2022,20230101_35016_D01_S006,35016_D01_S006,Las Palmas de Gran Canaria,5.7,4.9,20.8,2.1,66.4
2022,20230101_35016_D01_S007,35016_D01_S007,Las Palmas de Gran Canaria,11.6,2.8,30.3,4.1,51.3
2022,20230101_35016_D01_S008,35016_D01_S008,Las Palmas de Gran Canaria,12.7,2.2,30.2,5.3,49.6
2022,20230101_35016_D01_S010,35016_D01_S010,Las Palmas de Gran Canaria,5.6,6.5,30.3,1.5,56.1
2022,20230101_35016_D01_S011,35016_D01_S011,Las Palmas de Gran Canaria,8.7,3.4,29.5,3.4,55.1
2022,20230101_35016_D01_S012,35016_D01_S012,Las Palmas de Gran Canaria,10.2,4.2,27.7,4.7,53.2
2022,20230101_35016_D01_S013,35016_D01_S013,Las Palmas de Gran Canaria,10.4,2.2,33.7,3.9,49.9
2022,20230101_35016_D01_S014,35016_D01_S014,Las Palmas de Gran Canaria,7.6,3.8,30.9,2.6,55.1
2022,20230101_35016_D01_S015,35016_D01_S015,Las Palmas de Gran Canaria,9.2,8.4,21.0,3.4,58.1
2022,20230101_35016_D01_S017,35016_D01_S017,Las Palmas de Gran Canaria,6.9,4.1,22.1,3.5,63.5
2022,20230101_35016_D01_S018,35016_D01_S018,Las Palmas de Gran Canaria,8.0,3.6,27.7,4.1,56.6
2022,20230101_35016_D01_S019,35016_D01_S019,Las Palmas de Gran Canaria,8.4,6.0,25.0,4.1,56.6
2022,20230101_35016_D01_S020,35016_D01_S020,Las Palmas de Gran Canaria,10.5,6.3,23.3,3.9,56.0
2022,20230101_35016_D01_S021,35016_D01_S021,Las Palmas de Gran Canaria,8.9,3.8,24.3,4.1,58.8
2022,20230101_35016_D01_S023,35016_D01_S023,Las Palmas de Gran Canaria,5.3,7.7,21.8,3.5,61.7
2022,20230101_35016_D01_S024,35016_D01_S024,Las Palmas de Gran Canaria,6.6,14.0,26.6,3.3,49.6
2022,20230101_35016_D01_S025,35016_D01_S025,Las Palmas de Gran Canaria,7.4,9.2,22.0,2.6,58.8
2022,20230101_35016_D01_S026,35016_D01_S026,Las Palmas de Gran Canaria,8.5,4.4,27.6,2.9,56.7
2022,20230101_35016_D01_S027,35016_D01_S027,Las Palmas de Gran Canaria,9.0,3.9,24.8,4.3,58.0
2022,20230101_35016_D01_S029,35016_D01_S029,Las Palmas de Gran Canaria,10.4,1.5,26.4,5.3,56.4
2022,20230101_35016_D01_S030,35016_D01_S030,Las Palmas de Gran Canaria,10.1,3.5,28.5,3.9,54.1
2022,20230101_35016_D01_S031,35016_D01_S031,Las Palmas de Gran Canaria,10.7,2.3,23.1,5.4,58.5
2022,20230101_35016_D01_S032,35016_D01_S032,Las Palmas de Gran Canaria,6.1,8.8,23.9,2.6,58.6
2022,20230101_35016_D01_S033,35016_D01_S033,Las Palmas de Gran Canaria,6.0,4.0,28.3,3.2,58.5
2022,20230101_35016_D01_S034,35016_D01_S034,Las Palmas de Gran Canaria,6.5,6.8,24.9,3.3,58.6
2022,20230101_35016_D01_S035,35016_D01_S035,Las Palmas de Gran Canaria,6.2,6.8,20.4,3.6,63.1
2022,20230101_35016_D01_S036,35016_D01_S036,Las Palmas de Gran Canaria,6.8,8.1,20.1,4.3,60.7
2022,20230101_35016_D01_S037,35016_D01_S037,Las Palmas de Gran Canaria,6.3,2.8,29.9,3.2,57.9
2022,20230101_35016_D01_S038,35016_D01_S038,Las Palmas de Gran Canaria,8.2,4.1,26.5,3.7,57.6
2022,20230101_35016_D01_S039,35016_D01_S039,Las Palmas de Gran Canaria,6.5,6.5,19.9,3.5,63.6
2022,20230101_35016_D01_S040,35016_D01_S040,Las Palmas de Gran Canaria,7.4,7.8,24.2,2.8,57.7
2022,20230101_35016_D01_S041,35016_D01_S041,Las Palmas de Gran Canaria,8.6,6.0,23.4,3.7,58.3
2022,20230101_35016_D01_S042,35016_D01_S042,Las Palmas de Gran Canaria,8.8,3.1,24.9,3.5,59.7
2022,20230101_35016_D01_S043,35016_D01_S043,Las Palmas de Gran Canaria,7.4,4.0,28.5,3.0,57.1
2022,20230101_35016_D01_S044,35016_D01_S044,Las Palmas de Gran Canaria,8.9,1.6,37.3,3.7,48.4
2022,20230101_35016_D01_S045,35016_D01_S045,Las Palmas de Gran Canaria,5.5,7.3,27.5,2.5,57.3
2022,20230101_35016_D01_S046,35016_D01_S046,Las Palmas de Gran Canaria,3.4,22.6,18.6,1.0,54.3
2022,20230101_35016_D01_S047,35016_D01_S047,Las Palmas de Gran Canaria,2.1,33.5,12.4,0.5,51.5
2022,20230101_35016_D01_S048,35016_D01_S048,Las Palmas de Gran Canaria,2.9,26.0,17.5,1.2,52.4
2022,20230101_35016_D01_S049,35016_D01_S049,Las Palmas de Gran Canaria,4.8,8.3,16.2,2.4,68.3
2022,20230101_35016_D01_S050,35016_D01_S050,Las Palmas de Gran Canaria,4.4,19.3,21.0,1.3,54.0
2022,20230101_35016_D01_S051,35016_D01_S051,Las Palmas de Gran Canaria,9.4,2.7,24.7,3.9,59.4
2022,20230101_35016_D01_S052,35016_D01_S052,Las Palmas de Gran Canaria,11.9,5.2,25.4,3.7,53.8
2022,20230101_35016_D01_S053,35016_D01_S053,Las Palmas de Gran Canaria,6.6,5.9,26.7,3.4,57.4
2022,20230101_35016_D01_S054,35016_D01_S054,Las Palmas de Gran Canaria,7.4,11.2,20.8,3.3,57.3
2022,20230101_35016_D01_S055,35016_D01_S055,Las Palmas de Gran Canaria,4.1,26.2,20.0,1.3,48.5
2022,20230101_35016_D01_S056,35016_D01_S056,Las Palmas de Gran Canaria,2.6,16.1,10.9,1.2,69.3
2022,20230101_35016_D01_S057,35016_D01_S057,Las Palmas de Gran Canaria,4.8,7.8,12.4,2.5,72.6
2022,20230101_35016_D01_S058,35016_D01_S058,Las Palmas de Gran Canaria,6.5,8.2,20.7,2.7,61.9
2022,20230101_35016_D01_S059,35016_D01_S059,Las Palmas de Gran Canaria,4.6,17.9,19.0,2.0,56.5
2022,20230101_35016_D01_S060,35016_D01_S060,Las Palmas de Gran Canaria,7.0,4.7,26.4,3.5,58.4
2022,20230101_35016_D01_S061,35016_D01_S061,Las Palmas de Gran Canaria,15.2,2.1,21.8,6.5,54.5
2022,20230101_35016_D01_S062,35016_D01_S062,Las Palmas de Gran Canaria,8.5,2.6,31.3,4.2,53.5
2022,20230101_35016_D01_S063,35016_D01_S063,Las Palmas de Gran Canaria,8.3,5.2,27.2,4.4,54.9
2022,20230101_35016_D02_S001,35016_D02_S001,Las Palmas de Gran Canaria,4.4,20.6,28.8,0.9,45.3
2022,20230101_35016_D02_S002,35016_D02_S002,Las Palmas de Gran Canaria,3.1,28.6,21.6,0.5,46.1
2022,20230101_35016_D02_S003,35016_D02_S003,Las Palmas de Gran Canaria,2.4,37.7,15.1,0.7,44.1
2022,20230101_35016_D02_S004,35016_D02_S004,Las Palmas de Gran Canaria,3.2,28.6,15.9,0.6,51.7
2022,20230101_35016_D02_S005,35016_D02_S005,Las Palmas de Gran Canaria,3.8,24.2,17.8,1.0,53.2
2022,20230101_35016_D02_S006,35016_D02_S006,Las Palmas de Gran Canaria,4.0,23.0,18.7,1.1,53.3
2022,20230101_35016_D02_S007,35016_D02_S007,Las Palmas de Gran Canaria,10.8,5.1,20.8,5.2,58.1
2022,20230101_35016_D02_S009,35016_D02_S009,Las Palmas de Gran Canaria,9.5,4.9,26.6,3.7,55.3
2022,20230101_35016_D02_S010,35016_D02_S010,Las Palmas de Gran Canaria,10.4,2.8,23.8,4.3,58.7
2022,20230101_35016_D02_S011,35016_D02_S011,Las Palmas de Gran Canaria,7.6,7.2,24.9,3.1,57.3
2022,20230101_35016_D02_S012,35016_D02_S012,Las Palmas de Gran Canaria,7.0,12.1,20.1,3.6,57.3
2022,20230101_35016_D02_S013,35016_D02_S013,Las Palmas de Gran Canaria,6.1,6.2,27.9,3.6,56.2
2022,20230101_35016_D02_S014,35016_D02_S014,Las Palmas de Gran Canaria,6.2,5.3,28.6,2.7,57.3
2022,20230101_35016_D02_S015,35016_D02_S015,Las Palmas de Gran Canaria,5.0,5.1,25.9,3.3,60.7
2022,20230101_35016_D02_S016,35016_D02_S016,Las Palmas de Gran Canaria,5.8,8.3,27.6,2.5,55.8
2022,20230101_35016_D02_S018,35016_D02_S018,Las Palmas de Gran Canaria,8.3,3.5,21.7,4.1,62.4
2022,20230101_35016_D02_S019,35016_D02_S019,Las Palmas de Gran Canaria,5.4,8.0,25.2,2.9,58.6
2022,20230101_35016_D02_S020,35016_D02_S020,Las Palmas de Gran Canaria,4.1,6.6,15.6,2.2,71.5
2022,20230101_35016_D02_S021,35016_D02_S021,Las Palmas de Gran Canaria,5.9,3.3,24.1,3.5,63.2
2022,20230101_35016_D02_S022,35016_D02_S022,Las Palmas de Gran Canaria,6.6,3.3,23.4,3.4,63.4
2022,20230101_35016_D02_S023,35016_D02_S023,Las Palmas de Gran Canaria,10.2,6.3,21.7,3.6,58.2
2022,20230101_35016_D02_S025,35016_D02_S025,Las Palmas de Gran Canaria,7.2,4.1,20.9,3.3,64.5
2022,20230101_35016_D02_S026,35016_D02_S026,Las Palmas de Gran Canaria,4.2,14.4,12.6,3.2,65.6
2022,20230101_35016_D02_S027,35016_D02_S027,Las Palmas de Gran Canaria,6.1,6.2,30.5,2.4,54.8
2022,20230101_35016_D02_S028,35016_D02_S028,Las Palmas de Gran Canaria,3.4,22.3,22.4,0.9,51.1
2022,20230101_35016_D02_S029,35016_D02_S029,Las Palmas de Gran Canaria,6.2,7.4,16.9,2.9,66.6
2022,20230101_35016_D02_S030,35016_D02_S030,Las Palmas de Gran Canaria,12.0,2.7,30.1,5.2,50.0
2022,20230101_35016_D02_S032,35016_D02_S032,Las Palmas de Gran Canaria,10.0,2.6,31.6,4.5,51.3
2022,20230101_35016_D02_S033,35016_D02_S033,Las Palmas de Gran Canaria,3.5,22.3,21.3,1.0,52.0
2022,20230101_35016_D02_S034,35016_D02_S034,Las Palmas de Gran Canaria,3.4,24.1,18.5,1.2,52.8
2022,20230101_35016_D02_S035,35016_D02_S035,Las Palmas de Gran Canaria,3.1,21.5,17.1,0.7,57.6
2022,20230101_35016_D02_S036,35016_D02_S036,Las Palmas de Gran Canaria,3.6,16.2,21.4,1.1,57.8
2022,20230101_35016_D02_S037,35016_D02_S037,Las Palmas de Gran Canaria,1.6,36.2,18.7,0.6,43.0
2022,20230101_35016_D02_S038,35016_D02_S038,Las Palmas de Gran Canaria,4.6,16.7,19.2,1.6,57.9
2022,20230101_35016_D02_S039,35016_D02_S039,Las Palmas de Gran Canaria,3.5,13.8,13.7,1.2,67.8
2022,20230101_35016_D02_S040,35016_D02_S040,Las Palmas de Gran Canaria,3.2,24.5,23.2,0.6,48.6
2022,20230101_35016_D02_S041,35016_D02_S041,Las Palmas de Gran Canaria,4.0,11.7,20.2,1.6,62.6
2022,20230101_35016_D02_S042,35016_D02_S042,Las Palmas de Gran Canaria,3.9,14.6,18.9,1.7,61.0
2022,20230101_35016_D02_S043,35016_D02_S043,Las Palmas de Gran Canaria,5.3,12.6,17.6,2.0,62.6
2022,20230101_35016_D02_S044,35016_D02_S044,Las Palmas de Gran Canaria,3.7,13.2,22.9,1.2,59.0
2022,20230101_35016_D02_S045,35016_D02_S045,Las Palmas de Gran Canaria,4.2,13.0,23.5,1.5,57.8
2022,20230101_35016_D02_S046,35016_D02_S046,Las Palmas de Gran Canaria,2.7,14.2,14.3,1.6,67.4
2022,20230101_35016_D02_S047,35016_D02_S047,Las Palmas de Gran Canaria,3.3,25.0,21.5,0.7,49.5
2022,20230101_35016_D02_S048,35016_D02_S048,Las Palmas de Gran Canaria,3.5,17.5,23.5,0.7,54.8
2022,20230101_35016_D02_S049,35016_D02_S049,Las Palmas de Gran Canaria,2.2,26.9,13.7,0.9,56.3
2022,20230101_35016_D02_S050,35016_D02_S050,Las Palmas de Gran Canaria,2.4,27.0,17.5,0.5,52.6
2022,20230101_35016_D02_S051,35016_D02_S051,Las Palmas de Gran Canaria,2.2,30.3,11.1,0.5,56.0
2022,20230101_35016_D02_S052,35016_D02_S052,Las Palmas de Gran Canaria,3.4,42.2,13.4,0.6,40.3
2022,20230101_35016_D02_S053,35016_D02_S053,Las Palmas de Gran Canaria,4.1,12.3,22.0,2.1,59.7
2022,20230101_35016_D02_S054,35016_D02_S054,Las Palmas de Gran Canaria,3.9,19.3,18.8,1.4,56.5
2022,20230101_35016_D02_S055,35016_D02_S055,Las Palmas de Gran Canaria,4.5,10.8,24.8,1.6,58.3
2022,20230101_35016_D02_S056,35016_D02_S056,Las Palmas de Gran Canaria,3.9,17.2,16.1,2.0,60.8
2022,20230101_35016_D02_S057,35016_D02_S057,Las Palmas de Gran Canaria,4.9,14.8,21.6,1.6,57.1
2022,20230101_35016_D02_S058,35016_D02_S058,Las Palmas de Gran Canaria,3.3,15.5,21.9,1.8,57.6
2022,20230101_35016_D02_S059,35016_D02_S059,Las Palmas de Gran Canaria,4.7,20.7,22.6,1.1,50.9
2022,20230101_35016_D02_S061,35016_D02_S061,Las Palmas de Gran Canaria,4.1,19.6,26.1,1.1,49.1
2022,20230101_35016_D02_S064,35016_D02_S064,Las Palmas de Gran Canaria,2.8,18.3,22.2,1.2,55.5
2022,20230101_35016_D02_S065,35016_D02_S065,Las Palmas de Gran Canaria,7.2,4.7,22.1,2.8,63.2
2022,20230101_35016_D03_S001,35016_D03_S001,Las Palmas de Gran Canaria,4.4,26.1,20.9,1.4,47.3
2022,20230101_35016_D03_S002,35016_D03_S002,Las Palmas de Gran Canaria,5.3,13.5,23.1,1.9,56.4
2022,20230101_35016_D03_S003,35016_D03_S003,Las Palmas de Gran Canaria,4.8,15.4,23.5,2.0,54.3
2022,20230101_35016_D03_S004,35016_D03_S004,Las Palmas de Gran Canaria,3.1,19.1,19.0,1.2,57.7
2022,20230101_35016_D03_S005,35016_D03_S005,Las Palmas de Gran Canaria,5.1,20.3,20.7,1.8,52.1
2022,20230101_35016_D03_S006,35016_D03_S006,Las Palmas de Gran Canaria,2.9,23.5,19.6,1.0,53.1
2022,20230101_35016_D03_S007,35016_D03_S007,Las Palmas de Gran Canaria,3.8,16.6,23.2,1.7,54.6
2022,20230101_35016_D03_S008,35016_D03_S008,Las Palmas de Gran Canaria,3.9,22.2,19.3,1.6,53.0
2022,20230101_35016_D03_S009,35016_D03_S009,Las Palmas de Gran Canaria,3.1,28.1,19.7,1.2,47.9
2022,20230101_35016_D03_S010,35016_D03_S010,Las Palmas de Gran Canaria,3.9,14.9,27.2,1.3,52.8
2022,20230101_35016_D03_S011,35016_D03_S011,Las Palmas de Gran Canaria,3.7,18.8,19.0,1.9,56.6
2022,20230101_35016_D03_S012,35016_D03_S012,Las Palmas de Gran Canaria,2.5,18.1,23.4,0.8,55.2
2022,20230101_35016_D03_S013,35016_D03_S013,Las Palmas de Gran Canaria,4.5,13.7,30.5,1.8,49.6
2022,20230101_35016_D03_S014,35016_D03_S014,Las Palmas de Gran Canaria,3.9,17.6,22.7,1.0,54.8
2022,20230101_35016_D03_S015,35016_D03_S015,Las Palmas de Gran Canaria,5.2,5.9,20.9,3.2,64.8
2022,20230101_35016_D03_S016,35016_D03_S016,Las Palmas de Gran Canaria,3.2,25.0,20.3,1.4,50.1
2022,20230101_35016_D03_S017,35016_D03_S017,Las Palmas de Gran Canaria,3.7,13.0,19.5,1.4,62.5
2022,20230101_35016_D03_S018,35016_D03_S018,Las Palmas de Gran Canaria,4.9,10.0,22.8,1.7,60.6
2022,20230101_35016_D03_S019,35016_D03_S019,Las Palmas de Gran Canaria,4.0,16.0,17.9,1.4,60.7
2022,20230101_35016_D03_S020,35016_D03_S020,Las Palmas de Gran Canaria,4.0,21.4,13.5,1.6,59.4
2022,20230101_35016_D03_S021,35016_D03_S021,Las Palmas de Gran Canaria,5.3,16.1,22.1,1.8,54.8
2022,20230101_35016_D03_S022,35016_D03_S022,Las Palmas de Gran Canaria,3.1,19.1,22.8,0.8,54.1
2022,20230101_35016_D03_S023,35016_D03_S023,Las Palmas de Gran Canaria,3.5,16.0,21.1,0.8,58.6
2022,20230101_35016_D03_S024,35016_D03_S024,Las Palmas de Gran Canaria,5.1,20.1,24.7,1.7,48.4
2022,20230101_35016_D03_S025,35016_D03_S025,Las Palmas de Gran Canaria,6.9,7.2,29.3,2.7,54.0
2022,20230101_35016_D03_S026,35016_D03_S026,Las Palmas de Gran Canaria,5.5,7.0,31.1,2.6,53.8
2022,20230101_35016_D03_S027,35016_D03_S027,Las Palmas de Gran Canaria,7.4,10.4,23.7,3.3,55.2
2022,20230101_35016_D03_S028,35016_D03_S028,Las Palmas de Gran Canaria,5.2,14.4,21.3,2.3,56.9
2022,20230101_35016_D03_S029,35016_D03_S029,Las Palmas de Gran Canaria,3.9,18.8,20.4,2.1,54.8
2022,20230101_35016_D03_S030,35016_D03_S030,Las Palmas de Gran Canaria,4.9,14.8,22.3,2.3,55.6
2022,20230101_35016_D03_S031,35016_D03_S031,Las Palmas de Gran Canaria,5.7,7.4,27.0,3.0,56.9
2022,20230101_35016_D03_S032,35016_D03_S032,Las Palmas de Gran Canaria,7.2,4.5,22.4,3.1,62.8
2022,20230101_35016_D03_S033,35016_D03_S033,Las Palmas de Gran Canaria,4.7,9.7,21.5,2.3,61.8
2022,20230101_35016_D03_S034,35016_D03_S034,Las Palmas de Gran Canaria,7.1,7.9,24.6,2.7,57.7
2022,20230101_35016_D03_S035,35016_D03_S035,Las Palmas de Gran Canaria,7.9,9.0,22.2,2.5,58.4
2022,20230101_35016_D03_S036,35016_D03_S036,Las Palmas de Gran Canaria,7.8,6.5,22.9,3.4,59.5
2022,20230101_35016_D03_S037,35016_D03_S037,Las Palmas de Gran Canaria,6.1,6.6,23.0,3.1,61.1
2022,20230101_35016_D03_S038,35016_D03_S038,Las Palmas de Gran Canaria,6.3,9.6,28.5,3.0,52.6
2022,20230101_35016_D03_S039,35016_D03_S039,Las Palmas de Gran Canaria,6.0,8.7,25.6,3.1,56.5
2022,20230101_35016_D03_S040,35016_D03_S040,Las Palmas de Gran Canaria,6.7,4.4,22.3,3.0,63.7
2022,20230101_35016_D03_S041,35016_D03_S041,Las Palmas de Gran Canaria,5.9,8.1,26.3,3.5,56.1
2022,20230101_35016_D03_S042,35016_D03_S042,Las Palmas de Gran Canaria,3.0,30.5,24.6,0.8,41.0
2022,20230101_35016_D03_S043,35016_D03_S043,Las Palmas de Gran Canaria,3.3,22.4,24.6,1.2,48.5
2022,20230101_35016_D03_S044,35016_D03_S044,Las Palmas de Gran Canaria,4.3,20.2,20.2,1.9,53.5
2022,20230101_35016_D03_S045,35016_D03_S045,Las Palmas de Gran Canaria,3.6,10.8,16.8,1.3,67.4
2022,20230101_35016_D03_S046,35016_D03_S046,Las Palmas de Gran Canaria,3.8,21.8,24.1,1.3,49.1
2022,20230101_35016_D04_S001,35016_D04_S001,Las Palmas de Gran Canaria,4.1,20.6,20.3,1.9,53.1
2022,20230101_35016_D04_S002,35016_D04_S002,Las Palmas de Gran Canaria,5.6,8.4,31.0,2.2,52.9
2022,20230101_35016_D04_S003,35016_D04_S003,Las Palmas de Gran Canaria,3.7,20.6,20.7,1.3,53.7
2022,20230101_35016_D04_S004,35016_D04_S004,Las Palmas de Gran Canaria,7.1,16.0,19.4,2.3,55.1
2022,20230101_35016_D04_S005,35016_D04_S005,Las Palmas de Gran Canaria,7.4,5.3,30.1,3.0,54.3
2022,20230101_35016_D04_S006,35016_D04_S006,Las Palmas de Gran Canaria,5.0,10.7,26.6,1.7,56.1
2022,20230101_35016_D04_S007,35016_D04_S007,Las Palmas de Gran Canaria,12.3,2.8,30.7,4.9,49.4
2022,20230101_35016_D04_S008,35016_D04_S008,Las Palmas de Gran Canaria,11.7,3.3,23.0,6.2,55.8
2022,20230101_35016_D04_S009,35016_D04_S009,Las Palmas de Gran Canaria,7.9,7.4,28.6,2.8,53.3
2022,20230101_35016_D04_S011,35016_D04_S011,Las Palmas de Gran Canaria,10.1,4.1,28.3,4.2,53.3
2022,20230101_35016_D04_S012,35016_D04_S012,Las Palmas de Gran Canaria,7.2,3.9,27.5,3.6,57.9
2022,20230101_35016_D04_S013,35016_D04_S013,Las Palmas de Gran Canaria,6.5,8.9,22.9,4.1,57.7
2022,20230101_35016_D04_S014,35016_D04_S014,Las Palmas de Gran Canaria,7.8,3.5,34.7,4.4,49.6
2022,20230101_35016_D04_S015,35016_D04_S015,Las Palmas de Gran Canaria,6.5,9.4,21.4,3.7,59.0
2022,20230101_35016_D04_S016,35016_D04_S016,Las Palmas de Gran Canaria,9.3,1.2,25.2,5.0,59.4
2022,20230101_35016_D04_S017,35016_D04_S017,Las Palmas de Gran Canaria,10.7,3.2,25.7,4.6,55.8
2022,20230101_35016_D04_S019,35016_D04_S019,Las Palmas de Gran Canaria,6.5,4.5,23.2,4.4,61.5
2022,20230101_35016_D04_S020,35016_D04_S020,Las Palmas de Gran Canaria,6.7,8.0,24.7,3.5,57.2
2022,20230101_35016_D04_S021,35016_D04_S021,Las Palmas de Gran Canaria,6.0,11.9,22.4,2.9,56.8
2022,20230101_35016_D04_S022,35016_D04_S022,Las Palmas de Gran Canaria,10.5,2.3,28.6,7.3,51.4
2022,20230101_35016_D04_S023,35016_D04_S023,Las Palmas de Gran Canaria,8.7,2.2,27.7,5.6,55.9
2022,20230101_35016_D04_S024,35016_D04_S024,Las Palmas de Gran Canaria,9.3,3.3,30.1,4.3,53.0
2022,20230101_35016_D04_S025,35016_D04_S025,Las Palmas de Gran Canaria,8.6,3.3,32.0,4.3,51.8
2022,20230101_35016_D04_S026,35016_D04_S026,Las Palmas de Gran Canaria,4.5,7.4,22.2,3.4,62.6
2022,20230101_35016_D04_S027,35016_D04_S027,Las Palmas de Gran Canaria,7.0,11.1,22.1,3.5,56.3
2022,20230101_35016_D04_S028,35016_D04_S028,Las Palmas de Gran Canaria,10.7,2.4,31.0,4.1,51.9
2022,20230101_35016_D04_S029,35016_D04_S029,Las Palmas de Gran Canaria,7.6,5.4,27.8,4.9,54.3
2022,20230101_35016_D04_S030,35016_D04_S030,Las Palmas de Gran Canaria,6.8,5.5,22.0,3.9,61.8
2022,20230101_35016_D04_S031,35016_D04_S031,Las Palmas de Gran Canaria,8.4,6.9,21.0,4.3,59.4
2022,20230101_35016_D04_S032,35016_D04_S032,Las Palmas de Gran Canaria,7.2,4.9,23.4,3.6,61.0
2022,20230101_35016_D04_S033,35016_D04_S033,Las Palmas de Gran Canaria,8.8,3.0,32.8,4.4,50.9
2022,20230101_35016_D04_S034,35016_D04_S034,Las Palmas de Gran Canaria,6.8,3.2,31.8,3.6,54.7
2022,20230101_35016_D04_S035,35016_D04_S035,Las Palmas de Gran Canaria,7.1,4.8,28.0,3.0,57.0
2022,20230101_35016_D04_S036,35016_D04_S036,Las Palmas de Gran Canaria,6.9,4.5,31.4,2.6,54.6
2022,20230101_35016_D04_S037,35016_D04_S037,Las Palmas de Gran Canaria,6.5,12.0,18.5,3.2,59.9
2022,20230101_35016_D04_S038,35016_D04_S038,Las Palmas de Gran Canaria,4.9,20.3,27.3,1.2,46.4
2022,20230101_35016_D04_S039,35016_D04_S039,Las Palmas de Gran Canaria,2.6,36.9,13.6,0.5,46.5
2022,20230101_35016_D04_S040,35016_D04_S040,Las Palmas de Gran Canaria,3.4,16.8,28.9,1.2,49.8
2022,20230101_35016_D04_S041,35016_D04_S041,Las Palmas de Gran Canaria,4.2,11.4,30.8,1.6,52.0
2022,20230101_35016_D04_S042,35016_D04_S042,Las Palmas de Gran Canaria,5.6,13.1,27.1,1.3,52.9
2022,20230101_35016_D04_S043,35016_D04_S043,Las Palmas de Gran Canaria,4.1,16.3,27.9,1.3,50.4
2022,20230101_35016_D04_S045,35016_D04_S045,Las Palmas de Gran Canaria,5.8,6.7,26.7,2.0,58.7
2022,20230101_35016_D04_S046,35016_D04_S046,Las Palmas de Gran Canaria,4.0,11.2,22.5,2.0,60.3
2022,20230101_35016_D04_S047,35016_D04_S047,Las Palmas de Gran Canaria,4.9,7.0,24.0,2.3,61.8
2022,20230101_35016_D04_S048,35016_D04_S048,Las Palmas de Gran Canaria,9.0,4.6,30.5,3.5,52.4
2022,20230101_35016_D04_S049,35016_D04_S049,Las Palmas de Gran Canaria,9.0,3.2,31.8,4.0,52.1
2022,20230101_35016_D04_S050,35016_D04_S050,Las Palmas de Gran Canaria,6.1,5.5,25.2,2.9,60.2
2022,20230101_35016_D04_S051,35016_D04_S051,Las Palmas de Gran Canaria,9.8,4.5,24.9,4.3,56.6
2022,20230101_35016_D04_S052,35016_D04_S052,Las Palmas de Gran Canaria,7.9,4.3,30.5,3.5,54.0
2022,20230101_35016_D04_S053,35016_D04_S053,Las Palmas de Gran Canaria,9.2,1.9,27.2,4.8,56.9
2022,20230101_35016_D04_S055,35016_D04_S055,Las Palmas de Gran Canaria,5.4,10.0,30.5,2.4,51.8
2022,20230101_35016_D04_S056,35016_D04_S056,Las Palmas de Gran Canaria,2.2,20.9,7.4,0.4,69.2
2022,20230101_35016_D04_S057,35016_D04_S057,Las Palmas de Gran Canaria,5.6,6.6,27.9,2.9,57.2
2022,20230101_35016_D04_S058,35016_D04_S058,Las Palmas de Gran Canaria,3.4,11.5,11.1,1.3,72.8
2022,20230101_35016_D04_S059,35016_D04_S059,Las Palmas de Gran Canaria,7.3,3.1,31.6,3.3,54.8
2022,20230101_35016_D04_S060,35016_D04_S060,Las Palmas de Gran Canaria,4.0,11.4,22.0,2.7,60.0
2022,20230101_35016_D04_S061,35016_D04_S061,Las Palmas de Gran Canaria,6.9,10.8,18.9,3.0,60.5
2022,20230101_35016_D04_S062,35016_D04_S062,Las Palmas de Gran Canaria,2.4,17.5,5.6,0.8,73.7
2022,20230101_35016_D04_S063,35016_D04_S063,Las Palmas de Gran Canaria,4.2,9.2,12.0,1.4,73.3
2022,20230101_35016_D04_S064,35016_D04_S064,Las Palmas de Gran Canaria,7.5,4.6,28.2,2.9,56.8
2022,20230101_35016_D04_S065,35016_D04_S065,Las Palmas de Gran Canaria,5.7,4.6,25.8,3.0,61.0
2022,20230101_35016_D04_S066,35016_D04_S066,Las Palmas de Gran Canaria,8.6,4.3,26.9,3.0,57.2
2022,20230101_35016_D04_S067,35016_D04_S067,Las Palmas de Gran Canaria,8.5,2.6,35.5,5.3,48.2
2022,20230101_35016_D04_S068,35016_D04_S068,Las Palmas de Gran Canaria,5.9,7.6,19.5,2.5,64.6
2022,20230101_35016_D04_S069,35016_D04_S069,Las Palmas de Gran Canaria,8.7,2.4,28.7,4.8,55.4
2022,20230101_35016_D04_S070,35016_D04_S070,Las Palmas de Gran Canaria,5.4,9.4,14.9,2.6,67.8
2022,20230101_35016_D04_S071,35016_D04_S071,Las Palmas de Gran Canaria,5.9,5.3,23.4,3.9,61.5
2022,20230101_35016_D04_S073,35016_D04_S073,Las Palmas de Gran Canaria,2.0,25.3,6.1,0.6,66.0
2022,20230101_35016_D04_S074,35016_D04_S074,Las Palmas de Gran Canaria,4.8,9.3,8.7,3.4,73.8
2022,20230101_35016_D04_S075,35016_D04_S075,Las Palmas de Gran Canaria,2.9,11.0,10.2,1.1,74.9
2022,20230101_35016_D04_S076,35016_D04_S076,Las Palmas de Gran Canaria,2.6,14.1,9.4,0.9,73.1
2022,20230101_35016_D04_S077,35016_D04_S077,Las Palmas de Gran Canaria,4.7,6.1,8.9,2.9,77.4
2022,20230101_35016_D04_S078,35016_D04_S078,Las Palmas de Gran Canaria,4.1,8.1,11.4,2.0,74.4
2022,20230101_35016_D04_S079,35016_D04_S079,Las Palmas de Gran Canaria,2.6,19.5,15.0,0.8,62.1
2022,20230101_35016_D04_S080,35016_D04_S080,Las Palmas de Gran Canaria,5.0,10.7,16.6,2.6,65.1
2022,20230101_35016_D04_S081,35016_D04_S081,Las Palmas de Gran Canaria,3.4,18.5,6.2,1.0,70.9
2022,20230101_35016_D04_S082,35016_D04_S082,Las Palmas de Gran Canaria,4.7,13.7,11.0,1.9,68.6
2022,20230101_35016_D04_S083,35016_D04_S083,Las Palmas de Gran Canaria,3.3,12.1,25.3,1.2,58.0
2022,20230101_35016_D04_S084,35016_D04_S084,Las Palmas de Gran Canaria,2.6,15.9,9.7,1.0,70.8
2022,20230101_35016_D05_S001,35016_D05_S001,Las Palmas de Gran Canaria,8.2,6.5,22.1,3.6,59.5
2022,20230101_35016_D05_S002,35016_D05_S002,Las Palmas de Gran Canaria,7.3,9.5,19.1,3.5,60.6
2022,20230101_35016_D05_S003,35016_D05_S003,Las Palmas de Gran Canaria,5.8,7.3,9.4,2.4,75.2
2022,20230101_35016_D05_S004,35016_D05_S004,Las Palmas de Gran Canaria,6.0,11.0,20.4,2.9,59.7
2022,20230101_35016_D05_S005,35016_D05_S005,Las Palmas de Gran Canaria,11.3,3.8,22.1,6.2,56.6
2022,20230101_35016_D05_S006,35016_D05_S006,Las Palmas de Gran Canaria,5.8,8.7,16.2,3.1,66.2
2022,20230101_35016_D05_S007,35016_D05_S007,Las Palmas de Gran Canaria,5.2,14.0,14.9,2.2,63.8
2022,20230101_35016_D05_S008,35016_D05_S008,Las Palmas de Gran Canaria,4.6,10.1,18.0,2.3,65.1
2022,20230101_35016_D05_S009,35016_D05_S009,Las Palmas de Gran Canaria,3.6,9.6,3.9,1.3,81.8
2022,20230101_35016_D05_S010,35016_D05_S010,Las Palmas de Gran Canaria,7.1,7.5,15.0,3.1,67.3
2022,20230101_35016_D05_S011,35016_D05_S011,Las Palmas de Gran Canaria,5.6,6.7,17.6,3.3,66.8
2022,20230101_35016_D05_S012,35016_D05_S012,Las Palmas de Gran Canaria,8.5,5.8,19.9,4.3,61.5
2022,20230101_35016_D05_S013,35016_D05_S013,Las Palmas de Gran Canaria,6.3,8.2,20.3,2.3,62.9
2022,20230101_35016_D05_S014,35016_D05_S014,Las Palmas de Gran Canaria,8.1,5.5,24.5,4.3,57.6
2022,20230101_35016_D05_S015,35016_D05_S015,Las Palmas de Gran Canaria,8.8,6.9,23.7,2.6,58.0
2022,20230101_35016_D05_S016,35016_D05_S016,Las Palmas de Gran Canaria,4.1,17.2,9.9,2.3,66.5
2022,20230101_35016_D05_S017,35016_D05_S017,Las Palmas de Gran Canaria,5.7,14.9,21.3,2.5,55.7
2022,20230101_35016_D05_S018,35016_D05_S018,Las Palmas de Gran Canaria,4.4,7.2,12.1,2.7,73.7
2022,20230101_35016_D05_S019,35016_D05_S019,Las Palmas de Gran Canaria,4.3,13.3,20.0,2.3,60.2
2022,20230101_35016_D05_S020,35016_D05_S020,Las Palmas de Gran Canaria,4.4,17.7,16.1,1.8,60.2
2022,20230101_35016_D05_S021,35016_D05_S021,Las Palmas de Gran Canaria,5.8,6.7,23.1,3.2,61.2
2022,20230101_35016_D05_S022,35016_D05_S022,Las Palmas de Gran Canaria,5.7,12.7,16.0,2.5,63.1
2022,20230101_35016_D05_S023,35016_D05_S023,Las Palmas de Gran Canaria,5.7,9.7,16.6,2.8,65.2
2022,20230101_35016_D05_S024,35016_D05_S024,Las Palmas de Gran Canaria,3.5,13.3,13.9,2.0,67.3
2022,20230101_35016_D05_S025,35016_D05_S025,Las Palmas de Gran Canaria,6.9,10.9,14.7,3.2,64.3
2022,20230101_35016_D05_S026,35016_D05_S026,Las Palmas de Gran Canaria,6.2,15.9,17.3,2.1,58.5
2022,20230101_35016_D05_S027,35016_D05_S027,Las Palmas de Gran Canaria,7.7,7.5,10.5,2.7,71.8
2022,20230101_35016_D05_S028,35016_D05_S028,Las Palmas de Gran Canaria,7.4,7.9,17.5,3.8,63.4
2022,20230101_35016_D05_S029,35016_D05_S029,Las Palmas de Gran Canaria,4.7,11.0,6.0,2.2,76.1
2022,20230101_35016_D05_S030,35016_D05_S030,Las Palmas de Gran Canaria,3.4,13.4,14.6,2.2,66.3
2022,20230101_35016_D05_S031,35016_D05_S031,Las Palmas de Gran Canaria,6.3,8.0,10.3,2.5,72.9
2022,20230101_35016_D05_S032,35016_D05_S032,Las Palmas de Gran Canaria,6.0,9.9,17.6,3.0,63.6
2022,20230101_35016_D05_S033,35016_D05_S033,Las Palmas de Gran Canaria,6.8,7.1,16.0,3.7,66.5
2022,20230101_35016_D05_S034,35016_D05_S034,Las Palmas de Gran Canaria,4.1,7.7,3.4,2.3,82.6
2022,20230101_35016_D05_S035,35016_D05_S035,Las Palmas de Gran Canaria,8.9,5.9,6.0,3.5,75.8
2022,20230101_35016_D05_S036,35016_D05_S036,Las Palmas de Gran Canaria,4.0,6.8,7.2,3.2,78.9
2022,20230101_35017_D01_S001,35017_D01_S001,Puerto del Rosario,4.1,10.7,18.1,2.2,64.8
2022,20230101_35017_D01_S002,35017_D01_S002,Puerto del Rosario,3.8,16.1,15.3,2.0,62.8
2022,20230101_35017_D01_S003,35017_D01_S003,Puerto del Rosario,3.8,9.5,14.3,3.1,69.3
2022,20230101_35017_D01_S004,35017_D01_S004,Puerto del Rosario,4.2,6.3,14.3,3.2,72.0
2022,20230101_35017_D01_S006,35017_D01_S006,Puerto del Rosario,4.0,11.7,14.2,2.6,67.6
2022,20230101_35017_D01_S007,35017_D01_S007,Puerto del Rosario,4.8,11.1,13.5,4.0,66.6
2022,20230101_35017_D01_S008,35017_D01_S008,Puerto del Rosario,2.5,18.9,10.4,1.4,66.8
2022,20230101_35017_D01_S009,35017_D01_S009,Puerto del Rosario,4.3,9.9,11.8,2.8,71.1
2022,20230101_35017_D01_S010,35017_D01_S010,Puerto del Rosario,4.0,9.1,9.0,3.4,74.4
2022,20230101_35017_D01_S011,35017_D01_S011,Puerto del Rosario,5.1,9.4,12.2,3.0,70.4
2022,20230101_35017_D01_S012,35017_D01_S012,Puerto del Rosario,3.2,13.6,11.7,2.1,69.5
2022,20230101_35017_D01_S013,35017_D01_S013,Puerto del Rosario,3.9,10.0,11.8,2.9,71.5
2022,20230101_35017_D01_S014,35017_D01_S014,Puerto del Rosario,3.1,12.7,7.5,2.1,74.6
2022,20230101_35017_D01_S015,35017_D01_S015,Puerto del Rosario,4.6,8.3,7.9,3.4,75.8
2022,20230101_35017_D01_S016,35017_D01_S016,Puerto del Rosario,4.2,9.4,7.6,3.3,75.5
2022,20230101_35017_D01_S017,35017_D01_S017,Puerto del Rosario,3.6,9.4,9.0,3.4,74.7
2022,20230101_35017_D01_S018,35017_D01_S018,Puerto del Rosario,4.7,7.1,9.1,3.6,75.5
2022,20230101_35017_D02_S001,35017_D02_S001,Puerto del Rosario,4.1,13.6,14.0,1.6,66.7
2022,20230101_35017_D02_S002,35017_D02_S002,Puerto del Rosario,4.4,14.0,14.4,1.9,65.2
2022,20230101_35017_D02_S003,35017_D02_S003,Puerto del Rosario,3.5,14.0,8.1,1.5,72.8
2022,20230101_35017_D03_S001,35017_D03_S001,Puerto del Rosario,5.2,15.1,16.5,2.3,60.9
2022,20230101_35017_D03_S002,35017_D03_S002,Puerto del Rosario,5.1,6.8,9.4,3.5,75.2
2022,20230101_35018_D01_S001,35018_D01_S001,San Bartolomé,3.9,11.6,12.1,2.4,69.9
2022,20230101_35018_D01_S002,35018_D01_S002,San Bartolomé,3.6,15.1,11.8,2.4,67.1
2022,20230101_35018_D01_S003,35018_D01_S003,San Bartolomé,3.9,15.2,12.3,2.2,66.4
2022,20230101_35018_D01_S004,35018_D01_S004,San Bartolomé,2.7,18.3,13.6,2.0,63.4
2022,20230101_35018_D02_S001,35018_D02_S001,San Bartolomé,3.0,14.4,14.4,2.0,66.1
2022,20230101_35018_D02_S002,35018_D02_S002,San Bartolomé,2.8,15.1,12.3,2.1,67.7
2022,20230101_35018_D02_S003,35018_D02_S003,San Bartolomé,3.0,17.0,15.4,2.2,62.4
2022,20230101_35018_D02_S004,35018_D02_S004,San Bartolomé,3.2,8.9,8.7,2.8,76.4
2022,20230101_35018_D02_S005,35018_D02_S005,San Bartolomé,2.9,10.9,12.3,2.7,71.2
2022,20230101_35018_D02_S006,35018_D02_S006,San Bartolomé,3.6,9.6,12.8,2.3,71.8
2022,20230101_35019_D01_S001,35019_D01_S001,San Bartolomé de Tirajana,6.9,14.6,26.4,2.7,49.4
2022,20230101_35019_D02_S001,35019_D02_S001,San Bartolomé de Tirajana,6.4,6.7,19.3,3.5,64.1
2022,20230101_35019_D02_S002,35019_D02_S002,San Bartolomé de Tirajana,7.5,5.7,18.9,4.3,63.6
2022,20230101_35019_D02_S003,35019_D02_S003,San Bartolomé de Tirajana,7.5,10.9,21.6,3.1,56.9
2022,20230101_35019_D03_S001,35019_D03_S001,San Bartolomé de Tirajana,6.5,9.4,36.9,3.2,44.1
2022,20230101_35019_D03_S002,35019_D03_S002,San Bartolomé de Tirajana,5.0,8.9,19.2,4.3,62.6
2022,20230101_35019_D03_S003,35019_D03_S003,San Bartolomé de Tirajana,2.6,23.8,17.3,1.5,54.8
2022,20230101_35019_D03_S004,35019_D03_S004,San Bartolomé de Tirajana,3.6,17.2,20.7,2.8,55.6
2022,20230101_35019_D03_S005,35019_D03_S005,San Bartolomé de Tirajana,2.1,30.7,21.6,1.7,43.8
2022,20230101_35019_D03_S006,35019_D03_S006,San Bartolomé de Tirajana,7.9,6.4,23.8,4.4,57.5
2022,20230101_35019_D03_S007,35019_D03_S007,San Bartolomé de Tirajana,5.3,10.3,16.7,4.4,63.3
2022,20230101_35019_D03_S008,35019_D03_S008,San Bartolomé de Tirajana,5.3,12.5,25.1,3.2,54.0
2022,20230101_35019_D03_S009,35019_D03_S009,San Bartolomé de Tirajana,5.4,13.0,15.1,3.5,63.0
2022,20230101_35019_D03_S010,35019_D03_S010,San Bartolomé de Tirajana,4.6,16.8,18.8,2.4,57.5
2022,20230101_35019_D03_S011,35019_D03_S011,San Bartolomé de Tirajana,2.2,30.5,12.7,1.8,52.9
2022,20230101_35019_D03_S012,35019_D03_S012,San Bartolomé de Tirajana,4.3,15.5,18.7,2.8,58.7
2022,20230101_35019_D03_S013,35019_D03_S013,San Bartolomé de Tirajana,5.3,12.8,11.6,3.6,66.7
2022,20230101_35019_D03_S014,35019_D03_S014,San Bartolomé de Tirajana,4.1,31.7,24.7,1.7,37.8
2022,20230101_35019_D03_S015,35019_D03_S015,San Bartolomé de Tirajana,3.8,15.0,18.3,2.7,60.3
2022,20230101_35019_D03_S016,35019_D03_S016,San Bartolomé de Tirajana,3.2,26.3,11.4,1.8,57.4
2022,20230101_35019_D03_S017,35019_D03_S017,San Bartolomé de Tirajana,2.8,25.1,15.5,1.8,54.9
2022,20230101_35019_D03_S018,35019_D03_S018,San Bartolomé de Tirajana,3.5,27.9,15.0,2.5,51.1
2022,20230101_35019_D04_S001,35019_D04_S001,San Bartolomé de Tirajana,6.2,9.6,17.5,3.7,63.1
2022,20230101_35019_D04_S002,35019_D04_S002,San Bartolomé de Tirajana,4.5,15.5,11.8,3.2,65.0
2022,20230101_35019_D04_S003,35019_D04_S003,San Bartolomé de Tirajana,5.0,11.9,23.0,3.7,56.4
2022,20230101_35019_D04_S004,35019_D04_S004,San Bartolomé de Tirajana,4.6,23.0,14.5,2.8,55.2
2022,20230101_35019_D04_S005,35019_D04_S005,San Bartolomé de Tirajana,4.9,21.6,14.8,3.1,55.7
2022,20230101_35019_D04_S006,35019_D04_S006,San Bartolomé de Tirajana,3.7,12.7,11.6,3.2,68.8
2022,20230101_35020_D01_S001,35020_D01_S001,La Aldea de San Nicolás,7.5,14.2,25.2,3.4,49.6
2022,20230101_35020_D01_S002,35020_D01_S002,La Aldea de San Nicolás,6.9,9.8,24.0,6.0,53.3
2022,20230101_35020_D01_S003,35020_D01_S003,La Aldea de San Nicolás,8.3,12.2,22.3,4.5,52.7
2022,20230101_35020_D01_S004,35020_D01_S004,La Aldea de San Nicolás,7.4,9.5,26.1,3.8,53.2
2022,20230101_35020_D01_S005,35020_D01_S005,La Aldea de San Nicolás,8.1,8.9,20.8,5.2,57.0
2022,20230101_35020_D01_S006,35020_D01_S006,La Aldea de San Nicolás,7.0,5.2,23.2,5.2,59.5
2022,20230101_35020_D01_S007,35020_D01_S007,La Aldea de San Nicolás,6.5,9.7,26.6,5.7,51.6
2022,20230101_35021_D01_S001,35021_D01_S001,Santa Brígida,4.7,15.7,16.5,1.2,62.0
2022,20230101_35021_D01_S002,35021_D01_S002,Santa Brígida,6.9,12.7,18.4,2.1,59.9
2022,20230101_35021_D01_S003,35021_D01_S003,Santa Brígida,3.6,17.5,19.5,1.8,57.6
2022,20230101_35021_D01_S004,35021_D01_S004,Santa Brígida,5.7,20.4,21.8,1.5,50.6
2022,20230101_35021_D02_S001,35021_D02_S001,Santa Brígida,5.1,12.3,18.9,1.8,61.9
2022,20230101_35021_D02_S002,35021_D02_S002,Santa Brígida,5.1,13.4,20.9,2.7,57.9
2022,20230101_35021_D03_S001,35021_D03_S001,Santa Brígida,2.4,37.4,12.0,0.8,47.4
2022,20230101_35021_D03_S002,35021_D03_S002,Santa Brígida,5.0,14.7,16.8,2.4,61.1
2022,20230101_35021_D03_S003,35021_D03_S003,Santa Brígida,2.3,30.3,15.7,0.7,51.0
2022,20230101_35021_D03_S004,35021_D03_S004,Santa Brígida,2.1,34.6,14.1,0.9,48.4
2022,20230101_35021_D04_S001,35021_D04_S001,Santa Brígida,3.0,16.6,21.4,1.5,57.5
2022,20230101_35021_D04_S002,35021_D04_S002,Santa Brígida,3.0,23.7,12.4,1.5,59.3
2022,20230101_35022_D01_S001,35022_D01_S001,Santa Lucía de Tirajana,5.1,20.8,25.3,2.1,46.7
2022,20230101_35022_D02_S001,35022_D02_S001,Santa Lucía de Tirajana,6.1,10.8,17.0,4.2,61.9
2022,20230101_35022_D02_S002,35022_D02_S002,Santa Lucía de Tirajana,5.6,6.7,15.6,3.5,68.6
2022,20230101_35022_D02_S003,35022_D02_S003,Santa Lucía de Tirajana,5.1,11.5,18.6,2.4,62.6
2022,20230101_35022_D02_S004,35022_D02_S004,Santa Lucía de Tirajana,6.9,5.6,15.4,4.4,67.7
2022,20230101_35022_D02_S005,35022_D02_S005,Santa Lucía de Tirajana,5.4,7.9,19.5,4.2,63.0
2022,20230101_35022_D02_S006,35022_D02_S006,Santa Lucía de Tirajana,8.3,8.4,10.3,4.6,68.4
2022,20230101_35022_D02_S007,35022_D02_S007,Santa Lucía de Tirajana,8.3,5.5,12.6,4.5,69.0
2022,20230101_35022_D03_S001,35022_D03_S001,Santa Lucía de Tirajana,6.6,5.1,9.9,3.8,74.6
2022,20230101_35022_D03_S002,35022_D03_S002,Santa Lucía de Tirajana,5.2,8.2,14.6,3.9,68.2
2022,20230101_35022_D03_S003,35022_D03_S003,Santa Lucía de Tirajana,7.6,8.6,15.7,4.1,64.0
2022,20230101_35022_D03_S004,35022_D03_S004,Santa Lucía de Tirajana,6.2,19.3,15.0,2.5,57.0
2022,20230101_35022_D03_S005,35022_D03_S005,Santa Lucía de Tirajana,6.1,16.3,14.2,3.4,60.0
2022,20230101_35022_D03_S006,35022_D03_S006,Santa Lucía de Tirajana,4.9,14.4,12.3,2.9,65.5
2022,20230101_35022_D03_S007,35022_D03_S007,Santa Lucía de Tirajana,6.5,9.6,17.5,3.9,62.6
2022,20230101_35022_D03_S008,35022_D03_S008,Santa Lucía de Tirajana,6.2,9.9,16.2,3.1,64.6
2022,20230101_35022_D03_S009,35022_D03_S009,Santa Lucía de Tirajana,6.8,11.8,15.1,3.6,62.8
2022,20230101_35022_D03_S010,35022_D03_S010,Santa Lucía de Tirajana,6.9,11.2,14.9,3.5,63.7
2022,20230101_35022_D03_S011,35022_D03_S011,Santa Lucía de Tirajana,6.7,7.3,13.2,4.1,68.8
2022,20230101_35022_D03_S012,35022_D03_S012,Santa Lucía de Tirajana,7.4,6.8,17.3,3.7,64.8
2022,20230101_35022_D03_S013,35022_D03_S013,Santa Lucía de Tirajana,6.3,6.7,15.0,5.0,67.0
2022,20230101_35022_D03_S014,35022_D03_S014,Santa Lucía de Tirajana,6.5,7.4,13.0,4.9,68.2
2022,20230101_35022_D03_S015,35022_D03_S015,Santa Lucía de Tirajana,6.1,13.6,16.5,3.1,60.8
2022,20230101_35022_D03_S016,35022_D03_S016,Santa Lucía de Tirajana,6.2,8.5,14.0,4.0,67.4
2022,20230101_35022_D03_S017,35022_D03_S017,Santa Lucía de Tirajana,5.4,6.2,13.2,3.5,71.8
2022,20230101_35022_D03_S018,35022_D03_S018,Santa Lucía de Tirajana,4.9,20.5,11.9,2.9,59.8
2022,20230101_35022_D03_S019,35022_D03_S019,Santa Lucía de Tirajana,5.8,6.7,14.2,4.4,69.0
2022,20230101_35022_D03_S020,35022_D03_S020,Santa Lucía de Tirajana,6.1,9.6,15.1,3.3,66.0
2022,20230101_35022_D03_S021,35022_D03_S021,Santa Lucía de Tirajana,6.7,8.2,16.6,3.5,65.0
2022,20230101_35022_D03_S022,35022_D03_S022,Santa Lucía de Tirajana,5.6,6.3,10.6,4.4,73.2
2022,20230101_35022_D03_S023,35022_D03_S023,Santa Lucía de Tirajana,6.1,8.6,12.4,3.3,69.6
2022,20230101_35022_D03_S024,35022_D03_S024,Santa Lucía de Tirajana,5.1,6.3,8.1,3.5,77.0
2022,20230101_35022_D03_S025,35022_D03_S025,Santa Lucía de Tirajana,5.6,8.9,13.1,3.9,68.5
2022,20230101_35022_D03_S026,35022_D03_S026,Santa Lucía de Tirajana,6.2,7.8,11.8,4.4,69.8
2022,20230101_35022_D03_S027,35022_D03_S027,Santa Lucía de Tirajana,5.0,9.8,9.8,3.1,72.2
2022,20230101_35022_D03_S028,35022_D03_S028,Santa Lucía de Tirajana,3.7,18.6,8.9,2.6,66.3
2022,20230101_35022_D03_S029,35022_D03_S029,Santa Lucía de Tirajana,5.4,10.8,7.6,3.0,73.3
2022,20230101_35022_D03_S030,35022_D03_S030,Santa Lucía de Tirajana,4.6,13.0,11.1,3.8,67.6
2022,20230101_35022_D03_S031,35022_D03_S031,Santa Lucía de Tirajana,6.4,8.7,12.3,3.5,69.2
2022,20230101_35023_D01_S001,35023_D01_S001,Santa María de Guía de Gran Canaria,5.6,11.6,19.0,1.9,61.8
2022,20230101_35023_D01_S002,35023_D01_S002,Santa María de Guía de Gran Canaria,7.9,7.6,22.8,3.2,58.5
2022,20230101_35023_D01_S003,35023_D01_S003,Santa María de Guía de Gran Canaria,6.3,8.3,19.5,2.1,63.8
2022,20230101_35023_D01_S004,35023_D01_S004,Santa María de Guía de Gran Canaria,6.3,6.4,20.6,2.8,64.0
2022,20230101_35023_D01_S005,35023_D01_S005,Santa María de Guía de Gran Canaria,9.5,4.8,19.9,2.5,63.2
2022,20230101_35023_D01_S006,35023_D01_S006,Santa María de Guía de Gran Canaria,6.6,12.6,19.2,2.5,59.2
2022,20230101_35023_D01_S007,35023_D01_S007,Santa María de Guía de Gran Canaria,9.0,10.0,24.2,2.8,54.1
2022,20230101_35023_D01_S008,35023_D01_S008,Santa María de Guía de Gran Canaria,7.3,15.7,22.7,2.7,51.8
2022,20230101_35023_D01_S009,35023_D01_S009,Santa María de Guía de Gran Canaria,7.6,15.4,23.6,2.7,50.7
2022,20230101_35023_D01_S010,35023_D01_S010,Santa María de Guía de Gran Canaria,9.0,2.8,24.0,4.5,59.7
2022,20230101_35023_D01_S011,35023_D01_S011,Santa María de Guía de Gran Canaria,5.2,17.5,20.9,1.5,55.0
2022,20230101_35023_D01_S012,35023_D01_S012,Santa María de Guía de Gran Canaria,9.8,6.0,29.1,2.6,52.5
2022,20230101_35024_D01_S001,35024_D01_S001,Teguise,3.3,14.8,16.6,1.8,63.5
2022,20230101_35024_D01_S002,35024_D01_S002,Teguise,2.9,19.2,14.4,2.3,61.2
2022,20230101_35024_D01_S003,35024_D01_S003,Teguise,3.6,17.1,17.4,1.8,60.2
2022,20230101_35024_D01_S004,35024_D01_S004,Teguise,3.8,12.8,11.3,1.8,70.4
2022,20230101_35024_D01_S005,35024_D01_S005,Teguise,2.7,16.0,7.9,1.7,71.8
2022,20230101_35024_D01_S006,35024_D01_S006,Teguise,2.6,23.9,10.9,1.8,60.9
2022,20230101_35024_D01_S007,35024_D01_S007,Teguise,2.0,27.2,7.9,1.7,61.2
2022,20230101_35024_D01_S008,35024_D01_S008,Teguise,3.3,15.0,12.7,2.1,67.0
2022,20230101_35024_D01_S009,35024_D01_S009,Teguise,2.6,24.3,9.4,1.6,62.1
2022,20230101_35024_D01_S010,35024_D01_S010,Teguise,6.0,23.7,17.4,2.3,50.6
2022,20230101_35024_D01_S011,35024_D01_S011,Teguise,2.5,16.3,3.9,1.3,76.1
2022,20230101_35025_D01_S001,35025_D01_S001,Tejeda,4.8,16.2,26.6,2.0,50.5
2022,20230101_35025_D01_S002,35025_D01_S002,Tejeda,4.0,10.3,34.4,2.6,48.7
2022,20230101_35026_D01_S001,35026_D01_S001,Telde,4.2,15.9,24.5,2.1,53.4
2022,20230101_35026_D01_S002,35026_D01_S002,Telde,4.9,18.5,17.1,1.4,58.1
2022,20230101_35026_D01_S003,35026_D01_S003,Telde,4.0,9.2,23.6,2.0,61.2
2022,20230101_35026_D02_S001,35026_D02_S001,Telde,5.8,16.3,20.8,2.4,54.7
2022,20230101_35026_D02_S002,35026_D02_S002,Telde,7.0,7.9,21.2,3.4,60.5
2022,20230101_35026_D02_S003,35026_D02_S003,Telde,5.2,9.8,20.1,2.9,62.1
2022,20230101_35026_D02_S004,35026_D02_S004,Telde,4.8,8.1,12.0,2.5,72.6
2022,20230101_35026_D02_S005,35026_D02_S005,Telde,6.4,8.3,15.4,3.5,66.4
2022,20230101_35026_D02_S006,35026_D02_S006,Telde,5.8,11.0,21.2,2.9,59.1
2022,20230101_35026_D02_S007,35026_D02_S007,Telde,6.7,8.3,20.5,2.8,61.8
2022,20230101_35026_D02_S008,35026_D02_S008,Telde,5.4,13.7,21.0,2.4,57.6
2022,20230101_35026_D02_S009,35026_D02_S009,Telde,6.6,10.2,17.7,2.9,62.6
2022,20230101_35026_D02_S010,35026_D02_S010,Telde,5.6,8.7,20.5,2.9,62.3
2022,20230101_35026_D02_S011,35026_D02_S011,Telde,4.1,10.4,10.9,2.2,72.4
2022,20230101_35026_D03_S001,35026_D03_S001,Telde,7.1,7.0,18.4,3.4,64.1
2022,20230101_35026_D03_S002,35026_D03_S002,Telde,6.9,8.4,20.4,3.2,61.1
2022,20230101_35026_D03_S003,35026_D03_S003,Telde,4.1,14.2,15.7,2.6,63.5
2022,20230101_35026_D03_S004,35026_D03_S004,Telde,5.7,11.0,18.7,3.0,61.6
2022,20230101_35026_D03_S005,35026_D03_S005,Telde,3.8,16.9,8.9,1.5,68.9
2022,20230101_35026_D03_S006,35026_D03_S006,Telde,8.2,5.3,22.8,4.7,59.1
2022,20230101_35026_D03_S007,35026_D03_S007,Telde,10.7,5.8,27.8,4.7,51.0
2022,20230101_35026_D03_S008,35026_D03_S008,Telde,6.2,2.6,24.0,3.4,63.8
2022,20230101_35026_D03_S009,35026_D03_S009,Telde,10.0,2.8,32.9,3.7,50.6
2022,20230101_35026_D03_S010,35026_D03_S010,Telde,6.0,7.5,18.0,3.6,64.9
2022,20230101_35026_D03_S011,35026_D03_S011,Telde,10.0,3.6,19.7,4.9,61.9
2022,20230101_35026_D03_S012,35026_D03_S012,Telde,10.0,1.6,27.6,5.8,55.0
2022,20230101_35026_D03_S013,35026_D03_S013,Telde,9.2,2.0,29.4,4.6,54.8
2022,20230101_35026_D03_S014,35026_D03_S014,Telde,9.6,1.6,32.1,4.8,52.0
2022,20230101_35026_D03_S015,35026_D03_S015,Telde,13.7,2.1,27.1,5.4,51.7
2022,20230101_35026_D03_S016,35026_D03_S016,Telde,10.5,2.1,32.4,5.7,49.3
2022,20230101_35026_D03_S017,35026_D03_S017,Telde,11.3,3.0,29.6,4.9,51.3
2022,20230101_35026_D03_S018,35026_D03_S018,Telde,9.9,2.2,23.7,6.2,58.0
2022,20230101_35026_D03_S019,35026_D03_S019,Telde,5.5,6.8,10.7,3.5,73.5
2022,20230101_35026_D03_S020,35026_D03_S020,Telde,5.9,5.7,12.0,3.6,72.7
2022,20230101_35026_D03_S021,35026_D03_S021,Telde,5.1,7.1,12.9,3.6,71.3
2022,20230101_35026_D03_S022,35026_D03_S022,Telde,5.5,9.3,12.0,3.8,69.4
2022,20230101_35026_D03_S023,35026_D03_S023,Telde,7.6,3.9,7.8,4.0,76.8
2022,20230101_35026_D04_S001,35026_D04_S001,Telde,6.6,7.1,19.7,3.3,63.3
2022,20230101_35026_D04_S002,35026_D04_S002,Telde,6.5,6.4,22.3,3.3,61.6
2022,20230101_35026_D04_S003,35026_D04_S003,Telde,7.8,8.5,16.8,4.2,62.7
2022,20230101_35026_D04_S004,35026_D04_S004,Telde,7.0,8.9,21.1,3.4,59.7
2022,20230101_35026_D05_S001,35026_D05_S001,Telde,4.7,10.6,18.4,2.4,64.0
2022,20230101_35026_D05_S002,35026_D05_S002,Telde,4.1,7.2,13.8,3.1,71.8
2022,20230101_35026_D05_S003,35026_D05_S003,Telde,4.4,8.2,17.5,3.0,67.0
2022,20230101_35026_D05_S004,35026_D05_S004,Telde,8.8,1.4,28.1,5.3,56.4
2022,20230101_35026_D05_S005,35026_D05_S005,Telde,9.3,2.3,30.3,3.9,54.3
2022,20230101_35026_D05_S006,35026_D05_S006,Telde,8.9,2.2,29.0,5.1,54.8
2022,20230101_35026_D05_S007,35026_D05_S007,Telde,3.5,21.0,13.5,1.2,60.7
2022,20230101_35026_D05_S008,35026_D05_S008,Telde,4.1,11.3,14.6,2.3,67.8
2022,20230101_35026_D05_S009,35026_D05_S009,Telde,4.0,13.6,14.4,1.3,66.8
2022,20230101_35026_D05_S010,35026_D05_S010,Telde,5.8,9.1,8.9,2.2,74.1
2022,20230101_35026_D05_S011,35026_D05_S011,Telde,3.1,13.7,9.6,1.5,72.2
2022,20230101_35026_D06_S001,35026_D06_S001,Telde,5.6,6.4,18.4,4.4,65.2
2022,20230101_35026_D06_S002,35026_D06_S002,Telde,5.2,9.5,14.3,2.5,68.5
2022,20230101_35026_D06_S003,35026_D06_S003,Telde,3.7,13.2,16.6,2.3,64.2
2022,20230101_35026_D06_S004,35026_D06_S004,Telde,7.3,7.7,16.3,3.2,65.5
2022,20230101_35026_D06_S005,35026_D06_S005,Telde,6.0,6.1,13.0,3.5,71.5
2022,20230101_35026_D06_S006,35026_D06_S006,Telde,6.5,7.0,17.0,4.0,65.5
2022,20230101_35026_D06_S007,35026_D06_S007,Telde,6.4,8.8,20.5,3.9,60.4
2022,20230101_35026_D06_S008,35026_D06_S008,Telde,5.4,10.7,12.6,2.9,68.4
2022,20230101_35026_D06_S009,35026_D06_S009,Telde,6.5,9.7,20.9,3.6,59.3
2022,20230101_35026_D06_S010,35026_D06_S010,Telde,6.9,7.9,19.3,3.5,62.3
2022,20230101_35026_D06_S011,35026_D06_S011,Telde,6.9,6.5,16.6,3.5,66.6
2022,20230101_35026_D06_S012,35026_D06_S012,Telde,2.7,17.5,14.7,1.0,64.0
2022,20230101_35026_D06_S013,35026_D06_S013,Telde,3.9,15.4,12.3,1.9,66.4
2022,20230101_35026_D06_S014,35026_D06_S014,Telde,8.0,5.6,25.7,3.3,57.4
2022,20230101_35026_D06_S015,35026_D06_S015,Telde,5.3,10.1,12.6,3.0,69.0
2022,20230101_35027_D01_S001,35027_D01_S001,Teror,3.4,22.9,19.7,1.8,52.1
2022,20230101_35027_D01_S002,35027_D01_S002,Teror,4.7,11.2,20.2,2.5,61.5
2022,20230101_35027_D01_S003,35027_D01_S003,Teror,4.6,12.0,21.4,2.8,59.2
2022,20230101_35027_D01_S004,35027_D01_S004,Teror,6.5,13.1,19.3,2.5,58.6
2022,20230101_35027_D01_S005,35027_D01_S005,Teror,6.3,13.1,23.7,2.5,54.4
2022,20230101_35027_D01_S006,35027_D01_S006,Teror,4.3,8.8,18.0,2.3,66.6
2022,20230101_35027_D01_S007,35027_D01_S007,Teror,4.5,9.2,18.2,2.5,65.7
2022,20230101_35027_D01_S008,35027_D01_S008,Teror,4.6,14.3,18.6,2.4,60.1
2022,20230101_35027_D01_S009,35027_D01_S009,Teror,4.4,13.3,14.5,2.3,65.6
2022,20230101_35027_D01_S010,35027_D01_S010,Teror,5.5,7.5,14.0,3.4,69.6
2022,20230101_35028_D01_S001,35028_D01_S001,Tías,3.3,17.5,11.0,2.5,65.7
2022,20230101_35028_D01_S002,35028_D01_S002,Tías,3.4,22.2,13.3,2.5,58.6
2022,20230101_35028_D01_S003,35028_D01_S003,Tías,2.4,24.6,11.6,1.6,59.8
2022,20230101_35028_D01_S004,35028_D01_S004,Tías,2.4,27.1,14.2,2.7,53.7
2022,20230101_35028_D01_S005,35028_D01_S005,Tías,3.3,18.5,11.8,2.2,64.2
2022,20230101_35028_D01_S006,35028_D01_S006,Tías,2.3,23.0,14.0,1.9,58.8
2022,20230101_35028_D01_S007,35028_D01_S007,Tías,2.7,18.3,13.4,2.2,63.4
2022,20230101_35028_D01_S008,35028_D01_S008,Tías,2.5,33.5,16.0,1.2,46.8
2022,20230101_35029_D01_S001,35029_D01_S001,Tinajo,2.9,16.8,12.7,2.0,65.6
2022,20230101_35029_D01_S002,35029_D01_S002,Tinajo,2.9,16.3,12.7,2.2,65.9
2022,20230101_35029_D01_S003,35029_D01_S003,Tinajo,3.9,14.8,6.8,2.8,71.7
2022,20230101_35029_D01_S004,35029_D01_S004,Tinajo,3.6,16.1,16.5,2.5,61.3
2022,20230101_35030_D01_S001,35030_D01_S001,Tuineje,5.6,11.3,17.0,3.5,62.7
2022,20230101_35030_D01_S002,35030_D01_S002,Tuineje,4.9,13.2,14.8,2.9,64.3
2022,20230101_35030_D01_S003,35030_D01_S003,Tuineje,4.3,15.6,12.5,3.1,64.5
2022,20230101_35030_D01_S004,35030_D01_S004,Tuineje,6.2,8.9,15.1,3.8,66.1
2022,20230101_35030_D01_S005,35030_D01_S005,Tuineje,5.4,12.1,15.0,3.0,64.6
2022,20230101_35030_D01_S006,35030_D01_S006,Tuineje,4.1,8.2,11.8,3.4,72.6
2022,20230101_35030_D01_S007,35030_D01_S007,Tuineje,3.9,13.1,10.7,2.9,69.5
2022,20230101_35031_D01_S001,35031_D01_S001,Valsequillo de Gran Canaria,4.6,10.5,14.9,2.6,67.4
2022,20230101_35031_D01_S002,35031_D01_S002,Valsequillo de Gran Canaria,5.2,10.6,14.3,2.9,67.0
2022,20230101_35031_D01_S003,35031_D01_S003,Valsequillo de Gran Canaria,5.5,11.3,20.7,2.4,60.1
2022,20230101_35031_D01_S004,35031_D01_S004,Valsequillo de Gran Canaria,5.0,11.6,17.9,3.0,62.5
2022,20230101_35031_D01_S005,35031_D01_S005,Valsequillo de Gran Canaria,3.7,16.1,13.6,2.5,64.1
2022,20230101_35031_D01_S006,35031_D01_S006,Valsequillo de Gran Canaria,6.7,13.1,14.5,2.9,62.8
2022,20230101_35032_D01_S001,35032_D01_S001,Valleseco,6.2,11.1,23.0,2.7,57.1
2022,20230101_35032_D01_S002,35032_D01_S002,Valleseco,6.4,10.6,23.7,2.2,57.1
2022,20230101_35032_D01_S003,35032_D01_S003,Valleseco,3.8,11.8,26.3,2.3,55.9
2022,20230101_35033_D01_S001,35033_D01_S001,Vega de San Mateo,4.6,14.1,16.9,2.0,62.4
2022,20230101_35033_D01_S002,35033_D01_S002,Vega de San Mateo,4.9,16.3,19.3,2.3,57.3
2022,20230101_35033_D01_S003,35033_D01_S003,Vega de San Mateo,6.4,11.0,26.5,3.0,53.1
2022,20230101_35033_D01_S004,35033_D01_S004,Vega de San Mateo,7.4,11.4,17.7,3.5,60.0
2022,20230101_35033_D01_S005,35033_D01_S005,Vega de San Mateo,7.0,12.4,20.7,2.3,57.7
2022,20230101_35033_D01_S006,35033_D01_S006,Vega de San Mateo,6.7,9.0,22.8,2.6,59.0
2022,20230101_35033_D01_S007,35033_D01_S007,Vega de San Mateo,5.5,12.0,17.1,2.2,63.2
2022,20230101_35034_D01_S001,35034_D01_S001,Yaiza,2.4,24.7,11.2,1.9,59.8
2022,20230101_35034_D01_S002,35034_D01_S002,Yaiza,3.2,15.5,7.5,2.5,71.2
2022,20230101_35034_D01_S003,35034_D01_S003,Yaiza,3.3,11.5,6.7,2.5,76.0
2022,20230101_35034_D01_S004,35034_D01_S004,Yaiza,3.4,23.4,9.0,2.0,62.2
2022,20230101_35034_D01_S005,35034_D01_S005,Yaiza,2.7,18.7,11.0,2.5,65.0
2022,20230101_35034_D01_S006,35034_D01_S006,Yaiza,3.3,22.1,18.8,2.1,53.7
2022,20230101_38001_D01_S001,38001_D01_S001,Adeje,2.9,16.2,12.4,2.9,65.7
2022,20230101_38001_D01_S002,38001_D01_S002,Adeje,4.2,7.8,11.6,3.7,72.7
2022,20230101_38001_D01_S003,38001_D01_S003,Adeje,2.9,22.1,11.1,2.4,61.5
2022,20230101_38001_D01_S004,38001_D01_S004,Adeje,3.9,10.6,16.0,3.0,66.5
2022,20230101_38001_D01_S005,38001_D01_S005,Adeje,3.0,15.8,16.6,2.8,61.9
2022,20230101_38001_D01_S006,38001_D01_S006,Adeje,4.2,8.1,15.0,4.1,68.7
2022,20230101_38001_D01_S007,38001_D01_S007,Adeje,2.5,19.0,14.9,2.8,60.9
2022,20230101_38001_D01_S008,38001_D01_S008,Adeje,2.4,24.3,14.0,2.5,56.9
2022,20230101_38001_D01_S009,38001_D01_S009,Adeje,2.3,21.7,7.8,2.0,66.3
2022,20230101_38001_D01_S010,38001_D01_S010,Adeje,3.1,17.6,12.1,2.2,65.0
2022,20230101_38001_D01_S011,38001_D01_S011,Adeje,2.1,22.3,9.7,2.8,63.2
2022,20230101_38001_D01_S012,38001_D01_S012,Adeje,2.9,24.8,11.2,2.7,58.4
2022,20230101_38001_D01_S013,38001_D01_S013,Adeje,2.4,28.9,7.8,2.1,58.8
2022,20230101_38001_D01_S014,38001_D01_S014,Adeje,3.7,12.0,13.0,3.4,67.9
2022,20230101_38001_D01_S015,38001_D01_S015,Adeje,3.4,12.2,10.5,3.6,70.3
2022,20230101_38001_D01_S016,38001_D01_S016,Adeje,3.4,16.7,9.1,2.4,68.3
2022,20230101_38001_D01_S017,38001_D01_S017,Adeje,2.4,18.0,11.4,2.4,65.9
2022,20230101_38001_D01_S018,38001_D01_S018,Adeje,1.5,35.7,10.2,1.8,50.8
2022,20230101_38002_D01_S001,38002_D01_S001,Agulo,4.0,15.4,28.9,2.4,49.3
2022,20230101_38003_D01_S001,38003_D01_S001,Alajeró,4.0,10.8,21.1,2.1,62.0
2022,20230101_38004_D01_S001,38004_D01_S001,Arafo,3.4,8.5,19.6,2.6,66.0
2022,20230101_38004_D01_S002,38004_D01_S002,Arafo,4.3,8.9,23.9,3.1,59.8
2022,20230101_38004_D01_S003,38004_D01_S003,Arafo,4.0,13.7,17.6,1.9,62.7
2022,20230101_38005_D01_S001,38005_D01_S001,Arico,4.7,10.2,21.8,4.0,59.3
2022,20230101_38005_D01_S002,38005_D01_S002,Arico,4.3,8.0,20.5,4.6,62.7
2022,20230101_38005_D01_S003,38005_D01_S003,Arico,3.4,10.9,23.1,3.8,58.9
2022,20230101_38005_D01_S004,38005_D01_S004,Arico,3.8,11.2,20.3,2.5,62.3
2022,20230101_38005_D01_S005,38005_D01_S005,Arico,3.6,8.6,16.6,3.9,67.2
2022,20230101_38005_D01_S006,38005_D01_S006,Arico,4.0,8.0,20.9,3.3,63.8
2022,20230101_38006_D01_S001,38006_D01_S001,Arona,3.6,15.8,18.1,2.5,60.0
2022,20230101_38006_D01_S002,38006_D01_S002,Arona,4.8,12.7,19.1,3.0,60.4
2022,20230101_38006_D01_S003,38006_D01_S003,Arona,4.4,14.8,15.7,3.0,62.1
2022,20230101_38006_D01_S004,38006_D01_S004,Arona,5.1,8.9,17.4,3.5,65.2
2022,20230101_38006_D01_S005,38006_D01_S005,Arona,3.0,18.4,15.2,3.2,60.3
2022,20230101_38006_D01_S006,38006_D01_S006,Arona,2.9,25.7,18.4,2.2,50.8
2022,20230101_38006_D01_S007,38006_D01_S007,Arona,5.1,8.5,11.9,4.6,69.9
2022,20230101_38006_D01_S008,38006_D01_S008,Arona,3.5,17.6,15.3,3.8,59.8
2022,20230101_38006_D01_S009,38006_D01_S009,Arona,4.3,10.5,15.3,3.7,66.3
2022,20230101_38006_D01_S010,38006_D01_S010,Arona,3.6,9.6,15.7,3.2,67.9
2022,20230101_38006_D01_S011,38006_D01_S011,Arona,2.2,26.2,11.7,2.2,57.7
2022,20230101_38006_D01_S012,38006_D01_S012,Arona,5.4,6.0,20.2,4.2,64.3
2022,20230101_38006_D01_S013,38006_D01_S013,Arona,7.3,6.5,13.5,5.1,67.7
2022,20230101_38006_D01_S014,38006_D01_S014,Arona,4.1,20.1,13.2,3.1,59.4
2022,20230101_38006_D01_S015,38006_D01_S015,Arona,2.8,24.2,18.0,1.9,53.0
2022,20230101_38006_D01_S016,38006_D01_S016,Arona,5.0,11.7,22.6,3.4,57.3
2022,20230101_38006_D01_S017,38006_D01_S017,Arona,3.9,20.8,17.1,2.9,55.3
2022,20230101_38006_D01_S018,38006_D01_S018,Arona,4.9,12.0,10.2,4.0,68.9
2022,20230101_38006_D01_S019,38006_D01_S019,Arona,2.9,24.6,17.5,2.0,53.0
2022,20230101_38006_D01_S020,38006_D01_S020,Arona,2.6,21.5,20.9,2.0,53.2
2022,20230101_38006_D01_S021,38006_D01_S021,Arona,4.0,8.3,12.0,4.2,71.5
2022,20230101_38006_D01_S022,38006_D01_S022,Arona,3.6,16.4,11.1,3.0,65.9
2022,20230101_38006_D01_S023,38006_D01_S023,Arona,4.1,8.8,13.0,4.8,69.3
2022,20230101_38006_D01_S024,38006_D01_S024,Arona,4.2,9.8,15.3,3.0,67.6
2022,20230101_38006_D01_S025,38006_D01_S025,Arona,3.8,10.9,20.7,3.2,61.3
2022,20230101_38006_D01_S026,38006_D01_S026,Arona,2.5,24.6,12.1,2.5,58.3
2022,20230101_38006_D01_S027,38006_D01_S027,Arona,4.5,9.8,11.0,3.4,71.4
2022,20230101_38006_D01_S028,38006_D01_S028,Arona,2.8,14.7,10.9,3.2,68.5
2022,20230101_38006_D01_S029,38006_D01_S029,Arona,5.5,8.7,12.3,5.3,68.1
2022,20230101_38006_D01_S030,38006_D01_S030,Arona,4.3,8.7,9.7,3.8,73.5
2022,20230101_38006_D01_S031,38006_D01_S031,Arona,5.9,7.2,11.3,5.2,70.5
2022,20230101_38006_D01_S032,38006_D01_S032,Arona,3.5,14.1,19.3,3.7,59.3
2022,20230101_38006_D01_S033,38006_D01_S033,Arona,1.4,23.1,14.4,1.9,59.2
2022,20230101_38006_D01_S034,38006_D01_S034,Arona,4.0,23.6,12.2,3.5,56.6
2022,20230101_38007_D01_S001,38007_D01_S001,Barlovento,3.9,18.8,23.4,2.5,51.4
2022,20230101_38008_D01_S001,38008_D01_S001,Breña Alta,3.7,13.9,17.2,2.3,63.0
2022,20230101_38008_D01_S002,38008_D01_S002,Breña Alta,2.7,15.0,19.6,2.2,60.4
2022,20230101_38008_D01_S003,38008_D01_S003,Breña Alta,2.9,12.5,15.9,2.0,66.8
2022,20230101_38008_D01_S004,38008_D01_S004,Breña Alta,4.0,8.1,15.8,2.6,69.5
2022,20230101_38009_D01_S001,38009_D01_S001,Breña Baja,3.0,10.6,14.7,1.8,69.9
2022,20230101_38009_D01_S002,38009_D01_S002,Breña Baja,3.4,10.4,16.3,2.1,67.8
2022,20230101_38009_D01_S003,38009_D01_S003,Breña Baja,3.6,15.0,16.9,1.6,62.9
2022,20230101_38009_D01_S004,38009_D01_S004,Breña Baja,3.1,16.9,14.2,1.9,63.9
2022,20230101_38010_D01_S001,38010_D01_S001,Buenavista del Norte,4.2,24.1,23.6,3.0,45.2
2022,20230101_38010_D01_S002,38010_D01_S002,Buenavista del Norte,6.9,14.4,33.3,3.5,41.9
2022,20230101_38010_D01_S003,38010_D01_S003,Buenavista del Norte,4.8,11.5,26.0,3.5,54.2
2022,20230101_38010_D01_S004,38010_D01_S004,Buenavista del Norte,5.5,8.9,21.9,4.5,59.2
2022,20230101_38011_D01_S001,38011_D01_S001,Candelaria,4.0,10.6,20.3,2.6,62.5
2022,20230101_38011_D01_S002,38011_D01_S002,Candelaria,3.5,10.9,16.7,1.7,67.3
2022,20230101_38011_D01_S003,38011_D01_S003,Candelaria,4.1,12.4,20.4,2.1,61.0
2022,20230101_38011_D01_S004,38011_D01_S004,Candelaria,5.4,8.6,20.8,2.7,62.5
2022,20230101_38011_D01_S005,38011_D01_S005,Candelaria,3.7,10.4,27.6,1.8,56.5
2022,20230101_38011_D01_S006,38011_D01_S006,Candelaria,3.8,9.4,14.3,2.4,70.1
2022,20230101_38011_D01_S007,38011_D01_S007,Candelaria,3.3,8.9,14.2,2.0,71.5
2022,20230101_38011_D01_S008,38011_D01_S008,Candelaria,4.4,10.2,18.2,2.4,64.9
2022,20230101_38011_D01_S009,38011_D01_S009,Candelaria,3.8,11.9,18.7,1.7,64.0
2022,20230101_38011_D01_S010,38011_D01_S010,Candelaria,5.4,10.2,23.1,1.9,59.4
2022,20230101_38011_D01_S011,38011_D01_S011,Candelaria,5.2,11.2,15.3,1.9,66.5
2022,20230101_38011_D01_S012,38011_D01_S012,Candelaria,3.8,12.4,19.7,1.6,62.5
2022,20230101_38011_D02_S001,38011_D02_S001,Candelaria,3.2,13.2,16.5,2.2,64.9
2022,20230101_38011_D02_S002,38011_D02_S002,Candelaria,3.8,17.2,18.7,1.6,58.8
2022,20230101_38011_D02_S003,38011_D02_S003,Candelaria,3.6,12.5,16.3,2.2,65.4
2022,20230101_38011_D02_S004,38011_D02_S004,Candelaria,4.6,7.3,20.9,2.1,65.1
2022,20230101_38011_D02_S005,38011_D02_S005,Candelaria,2.6,17.2,11.2,1.0,68.1
2022,20230101_38012_D01_S001,38012_D01_S001,Fasnia,3.9,9.4,24.2,2.5,60.0
2022,20230101_38012_D01_S002,38012_D01_S002,Fasnia,5.2,11.4,22.6,3.4,57.4
2022,20230101_38013_D01_S001,38013_D01_S001,Frontera,4.6,16.5,18.8,3.1,57.0
2022,20230101_38013_D01_S002,38013_D01_S002,Frontera,3.9,11.9,19.6,3.4,61.2
2022,20230101_38014_D01_S001,38014_D01_S001,Fuencaliente de La Palma,4.3,13.1,22.7,3.2,56.7
2022,20230101_38014_D01_S002,38014_D01_S002,Fuencaliente de La Palma,4.4,13.1,21.1,4.0,57.4
2022,20230101_38015_D01_S001,38015_D01_S001,Garachico,4.0,14.6,25.9,2.5,53.0
2022,20230101_38015_D01_S002,38015_D01_S002,Garachico,3.5,13.9,28.5,1.5,52.7
2022,20230101_38015_D02_S001,38015_D02_S001,Garachico,4.9,18.9,20.6,2.8,52.7
2022,20230101_38015_D02_S002,38015_D02_S002,Garachico,6.2,6.8,24.5,4.6,57.9
2022,20230101_38016_D01_S001,38016_D01_S001,Garafía,4.6,13.5,29.2,3.6,49.1
2022,20230101_38017_D01_S001,38017_D01_S001,Granadilla de Abona,4.4,10.6,20.3,3.7,61.1
2022,20230101_38017_D01_S002,38017_D01_S002,Granadilla de Abona,3.7,12.6,21.0,3.0,59.7
2022,20230101_38017_D01_S003,38017_D01_S003,Granadilla de Abona,4.2,8.5,10.6,3.9,72.8
2022,20230101_38017_D01_S004,38017_D01_S004,Granadilla de Abona,4.1,9.7,24.0,3.9,58.4
2022,20230101_38017_D01_S005,38017_D01_S005,Granadilla de Abona,5.2,8.4,20.9,3.6,61.8
2022,20230101_38017_D01_S006,38017_D01_S006,Granadilla de Abona,4.4,7.9,20.9,3.8,63.1
2022,20230101_38017_D01_S007,38017_D01_S007,Granadilla de Abona,3.6,18.0,13.9,2.5,62.1
2022,20230101_38017_D01_S008,38017_D01_S008,Granadilla de Abona,4.7,7.8,12.9,4.5,70.1
2022,20230101_38017_D01_S009,38017_D01_S009,Granadilla de Abona,4.4,13.5,16.5,3.5,62.2
2022,20230101_38017_D01_S010,38017_D01_S010,Granadilla de Abona,3.2,12.3,8.7,3.1,72.8
2022,20230101_38017_D01_S011,38017_D01_S011,Granadilla de Abona,5.1,8.5,9.2,4.2,73.1
2022,20230101_38017_D01_S012,38017_D01_S012,Granadilla de Abona,3.4,8.6,23.6,3.0,61.5
2022,20230101_38017_D01_S013,38017_D01_S013,Granadilla de Abona,4.0,8.4,11.4,5.0,71.3
2022,20230101_38017_D01_S014,38017_D01_S014,Granadilla de Abona,2.0,17.7,14.2,2.2,64.0
2022,20230101_38017_D01_S015,38017_D01_S015,Granadilla de Abona,5.0,8.3,12.6,5.0,69.0
2022,20230101_38017_D01_S016,38017_D01_S016,Granadilla de Abona,3.8,15.8,19.8,3.0,57.6
2022,20230101_38017_D01_S017,38017_D01_S017,Granadilla de Abona,3.4,11.6,10.6,3.5,70.9
2022,20230101_38017_D01_S018,38017_D01_S018,Granadilla de Abona,2.7,22.1,9.5,1.6,64.2
2022,20230101_38017_D01_S019,38017_D01_S019,Granadilla de Abona,4.4,10.6,11.4,4.2,69.5
2022,20230101_38017_D01_S020,38017_D01_S020,Granadilla de Abona,4.0,11.6,9.6,3.9,70.9
2022,20230101_38017_D01_S021,38017_D01_S021,Granadilla de Abona,4.0,13.7,11.6,3.1,67.7
2022,20230101_38017_D01_S022,38017_D01_S022,Granadilla de Abona,4.4,8.7,8.7,3.8,74.4
2022,20230101_38017_D01_S023,38017_D01_S023,Granadilla de Abona,4.2,8.5,11.0,4.4,71.9
2022,20230101_38017_D01_S024,38017_D01_S024,Granadilla de Abona,5.4,6.6,8.7,4.2,75.1
2022,20230101_38017_D01_S025,38017_D01_S025,Granadilla de Abona,5.0,5.6,10.1,4.7,74.7
2022,20230101_38017_D01_S026,38017_D01_S026,Granadilla de Abona,3.3,10.6,12.3,4.2,69.6
2022,20230101_38017_D01_S027,38017_D01_S027,Granadilla de Abona,2.2,22.9,7.4,1.7,65.8
2022,20230101_38018_D01_S001,38018_D01_S001,La Guancha,4.5,8.9,25.8,2.7,58.0
2022,20230101_38018_D01_S002,38018_D01_S002,La Guancha,5.2,10.3,22.8,3.5,58.3
2022,20230101_38018_D01_S003,38018_D01_S003,La Guancha,5.7,10.1,22.4,3.3,58.5
2022,20230101_38019_D01_S001,38019_D01_S001,Guía de Isora,4.1,12.8,21.0,3.2,59.0
2022,20230101_38019_D01_S002,38019_D01_S002,Guía de Isora,5.4,11.5,18.4,3.6,61.1
2022,20230101_38019_D01_S003,38019_D01_S003,Guía de Isora,3.3,14.2,17.9,3.2,61.5
2022,20230101_38019_D01_S004,38019_D01_S004,Guía de Isora,3.3,13.0,12.2,3.1,68.4
2022,20230101_38019_D01_S005,38019_D01_S005,Guía de Isora,3.4,14.0,16.0,3.3,63.3
2022,20230101_38019_D01_S007,38019_D01_S007,Guía de Isora,3.7,10.0,17.8,3.9,64.7
2022,20230101_38019_D01_S008,38019_D01_S008,Guía de Isora,3.3,18.7,15.6,2.5,59.9
2022,20230101_38019_D01_S009,38019_D01_S009,Guía de Isora,3.9,11.7,15.4,3.5,65.6
2022,20230101_38019_D01_S010,38019_D01_S010,Guía de Isora,3.7,13.2,16.3,3.2,63.7
2022,20230101_38019_D01_S011,38019_D01_S011,Guía de Isora,4.0,10.5,18.0,3.3,64.2
2022,20230101_38020_D01_S001,38020_D01_S001,Güímar,3.5,11.2,13.5,2.5,69.3
2022,20230101_38020_D01_S002,38020_D01_S002,Güímar,3.9,9.1,23.3,3.1,60.6
2022,20230101_38020_D01_S003,38020_D01_S003,Güímar,4.3,9.1,20.8,2.4,63.4
2022,20230101_38020_D01_S004,38020_D01_S004,Güímar,3.2,11.2,21.0,3.0,61.6
2022,20230101_38020_D01_S005,38020_D01_S005,Güímar,5.0,3.4,25.8,3.3,62.5
2022,20230101_38020_D01_S006,38020_D01_S006,Güímar,5.4,6.9,26.2,3.7,57.8
2022,20230101_38020_D01_S007,38020_D01_S007,Güímar,3.7,11.2,19.9,2.6,62.7
2022,20230101_38020_D01_S008,38020_D01_S008,Güímar,5.1,7.5,27.9,3.5,56.0
2022,20230101_38020_D01_S009,38020_D01_S009,Güímar,6.5,2.2,28.8,5.1,57.4
2022,20230101_38020_D01_S010,38020_D01_S010,Güímar,3.7,10.2,19.5,1.9,64.7
2022,20230101_38020_D01_S011,38020_D01_S011,Güímar,5.6,7.4,20.1,3.5,63.4
2022,20230101_38020_D01_S012,38020_D01_S012,Güímar,3.7,9.3,12.1,2.3,72.6
2022,20230101_38020_D02_S001,38020_D02_S001,Güímar,3.5,7.6,18.6,2.7,67.6
2022,20230101_38020_D02_S002,38020_D02_S002,Güímar,5.2,9.9,23.8,3.0,58.1
2022,20230101_38020_D03_S001,38020_D03_S001,Güímar,5.4,8.1,22.0,3.6,61.0
2022,20230101_38020_D03_S002,38020_D03_S002,Güímar,4.1,8.6,23.1,3.6,60.6
2022,20230101_38021_D01_S001,38021_D01_S001,Hermigua,4.5,12.4,24.3,3.2,55.6
2022,20230101_38021_D02_S001,38021_D02_S001,Hermigua,3.3,14.1,26.8,2.5,53.2
2022,20230101_38022_D01_S001,38022_D01_S001,Icod de los Vinos,5.1,15.5,28.1,2.5,48.8
2022,20230101_38022_D01_S002,38022_D01_S002,Icod de los Vinos,3.7,19.0,23.8,2.7,50.7
2022,20230101_38022_D01_S003,38022_D01_S003,Icod de los Vinos,3.5,20.5,24.6,2.5,49.0
2022,20230101_38022_D01_S004,38022_D01_S004,Icod de los Vinos,5.9,12.8,24.4,2.9,54.0
2022,20230101_38022_D01_S005,38022_D01_S005,Icod de los Vinos,3.8,15.1,21.6,2.8,56.8
2022,20230101_38022_D01_S006,38022_D01_S006,Icod de los Vinos,4.9,12.4,21.6,3.1,58.0
2022,20230101_38022_D02_S001,38022_D02_S001,Icod de los Vinos,4.4,6.5,23.1,4.6,61.4
2022,20230101_38022_D02_S002,38022_D02_S002,Icod de los Vinos,5.3,8.8,28.0,4.1,53.7
2022,20230101_38022_D03_S001,38022_D03_S001,Icod de los Vinos,4.8,9.1,23.2,4.5,58.4
2022,20230101_38022_D03_S002,38022_D03_S002,Icod de los Vinos,5.6,10.7,24.7,4.0,55.0
2022,20230101_38022_D03_S003,38022_D03_S003,Icod de los Vinos,6.8,7.8,27.9,4.1,53.5
2022,20230101_38022_D03_S004,38022_D03_S004,Icod de los Vinos,4.4,9.2,27.1,4.6,54.6
2022,20230101_38022_D04_S001,38022_D04_S001,Icod de los Vinos,4.6,12.2,24.7,4.2,54.4
2022,20230101_38022_D04_S002,38022_D04_S002,Icod de los Vinos,5.0,11.5,19.8,3.9,59.8
2022,20230101_38022_D04_S003,38022_D04_S003,Icod de los Vinos,6.3,10.7,18.0,4.3,60.7
2022,20230101_38022_D04_S004,38022_D04_S004,Icod de los Vinos,4.0,10.2,22.0,3.6,60.2
2022,20230101_38022_D05_S001,38022_D05_S001,Icod de los Vinos,6.1,12.6,25.7,3.8,51.8
2022,20230101_38022_D05_S002,38022_D05_S002,Icod de los Vinos,5.5,10.8,18.0,3.4,62.3
2022,20230101_38023_D01_S001,38023_D01_S001,San Cristóbal de La Laguna,3.1,23.8,20.0,1.1,52.1
2022,20230101_38023_D01_S002,38023_D01_S002,San Cristóbal de La Laguna,3.8,8.8,25.1,2.4,59.9
2022,20230101_38023_D01_S003,38023_D01_S003,San Cristóbal de La Laguna,3.6,10.4,18.1,1.9,66.1
2022,20230101_38023_D01_S004,38023_D01_S004,San Cristóbal de La Laguna,6.3,5.8,32.4,3.4,52.0
2022,20230101_38023_D01_S005,38023_D01_S005,San Cristóbal de La Laguna,3.4,15.6,16.7,1.5,62.7
2022,20230101_38023_D01_S006,38023_D01_S006,San Cristóbal de La Laguna,4.5,9.4,18.7,1.8,65.6
2022,20230101_38023_D01_S007,38023_D01_S007,San Cristóbal de La Laguna,3.7,10.8,14.9,2.0,68.7
2022,20230101_38023_D01_S008,38023_D01_S008,San Cristóbal de La Laguna,4.7,13.3,21.1,1.8,59.1
2022,20230101_38023_D01_S009,38023_D01_S009,San Cristóbal de La Laguna,4.1,12.5,18.2,2.1,63.1
2022,20230101_38023_D01_S010,38023_D01_S010,San Cristóbal de La Laguna,3.3,7.5,20.1,1.5,67.6
2022,20230101_38023_D01_S011,38023_D01_S011,San Cristóbal de La Laguna,3.9,8.8,22.6,2.3,62.4
2022,20230101_38023_D01_S012,38023_D01_S012,San Cristóbal de La Laguna,4.2,5.4,22.7,3.2,64.5
2022,20230101_38023_D01_S013,38023_D01_S013,San Cristóbal de La Laguna,3.4,14.7,22.8,1.1,58.0
2022,20230101_38023_D01_S014,38023_D01_S014,San Cristóbal de La Laguna,2.9,17.0,14.0,1.7,64.4
2022,20230101_38023_D01_S015,38023_D01_S015,San Cristóbal de La Laguna,2.2,24.8,21.0,0.7,51.3
2022,20230101_38023_D01_S016,38023_D01_S016,San Cristóbal de La Laguna,2.6,18.5,21.5,1.1,56.3
2022,20230101_38023_D01_S017,38023_D01_S017,San Cristóbal de La Laguna,2.5,12.5,18.6,1.5,64.9
2022,20230101_38023_D01_S018,38023_D01_S018,San Cristóbal de La Laguna,5.1,6.8,28.2,2.5,57.5
2022,20230101_38023_D01_S019,38023_D01_S019,San Cristóbal de La Laguna,3.3,19.5,17.8,1.2,58.1
2022,20230101_38023_D01_S020,38023_D01_S020,San Cristóbal de La Laguna,3.7,15.0,25.4,1.1,54.7
2022,20230101_38023_D01_S021,38023_D01_S021,San Cristóbal de La Laguna,3.2,11.3,21.6,1.8,62.1
2022,20230101_38023_D01_S022,38023_D01_S022,San Cristóbal de La Laguna,4.4,7.4,25.5,2.3,60.5
2022,20230101_38023_D01_S023,38023_D01_S023,San Cristóbal de La Laguna,3.4,12.1,17.4,1.9,65.2
2022,20230101_38023_D01_S024,38023_D01_S024,San Cristóbal de La Laguna,7.7,4.8,34.8,3.4,49.3
2022,20230101_38023_D01_S025,38023_D01_S025,San Cristóbal de La Laguna,3.4,10.4,19.8,2.6,63.7
2022,20230101_38023_D01_S026,38023_D01_S026,San Cristóbal de La Laguna,3.3,18.8,23.8,1.1,53.0
2022,20230101_38023_D01_S027,38023_D01_S027,San Cristóbal de La Laguna,3.7,5.5,14.9,3.3,72.7
2022,20230101_38023_D01_S028,38023_D01_S028,San Cristóbal de La Laguna,2.5,9.9,14.6,1.2,71.8
2022,20230101_38023_D01_S029,38023_D01_S029,San Cristóbal de La Laguna,2.3,13.8,25.3,0.8,57.8
2022,20230101_38023_D01_S030,38023_D01_S030,San Cristóbal de La Laguna,1.8,24.3,17.3,0.7,56.0
2022,20230101_38023_D01_S031,38023_D01_S031,San Cristóbal de La Laguna,2.9,20.5,20.7,1.0,55.0
2022,20230101_38023_D01_S032,38023_D01_S032,San Cristóbal de La Laguna,7.5,4.6,15.8,3.9,68.3
2022,20230101_38023_D01_S033,38023_D01_S033,San Cristóbal de La Laguna,4.1,13.0,18.8,1.6,62.5
2022,20230101_38023_D02_S001,38023_D02_S001,San Cristóbal de La Laguna,5.2,5.1,22.9,4.6,62.2
2022,20230101_38023_D02_S002,38023_D02_S002,San Cristóbal de La Laguna,5.5,7.2,24.8,3.2,59.3
2022,20230101_38023_D02_S003,38023_D02_S003,San Cristóbal de La Laguna,3.8,8.5,11.7,2.3,73.7
2022,20230101_38023_D02_S004,38023_D02_S004,San Cristóbal de La Laguna,4.5,6.6,20.4,3.2,65.2
2022,20230101_38023_D02_S005,38023_D02_S005,San Cristóbal de La Laguna,4.0,7.4,21.5,2.9,64.2
2022,20230101_38023_D02_S006,38023_D02_S006,San Cristóbal de La Laguna,3.8,13.9,20.2,2.4,59.8
2022,20230101_38023_D02_S007,38023_D02_S007,San Cristóbal de La Laguna,4.0,7.6,17.9,3.5,67.0
2022,20230101_38023_D02_S008,38023_D02_S008,San Cristóbal de La Laguna,5.6,5.5,20.1,5.0,63.8
2022,20230101_38023_D02_S009,38023_D02_S009,San Cristóbal de La Laguna,5.7,4.6,22.1,4.3,63.4
2022,20230101_38023_D02_S010,38023_D02_S010,San Cristóbal de La Laguna,6.5,5.6,23.1,3.9,60.8
2022,20230101_38023_D02_S011,38023_D02_S011,San Cristóbal de La Laguna,3.7,12.7,20.7,1.6,61.3
2022,20230101_38023_D02_S012,38023_D02_S012,San Cristóbal de La Laguna,5.3,10.1,14.3,2.1,68.3
2022,20230101_38023_D02_S013,38023_D02_S013,San Cristóbal de La Laguna,5.1,9.4,17.2,3.1,65.2
2022,20230101_38023_D02_S014,38023_D02_S014,San Cristóbal de La Laguna,4.5,10.2,21.8,2.6,60.9
2022,20230101_38023_D02_S015,38023_D02_S015,San Cristóbal de La Laguna,4.8,7.4,16.0,3.0,68.8
2022,20230101_38023_D02_S016,38023_D02_S016,San Cristóbal de La Laguna,5.5,7.2,23.1,3.6,60.7
2022,20230101_38023_D02_S017,38023_D02_S017,San Cristóbal de La Laguna,5.0,7.8,19.0,3.9,64.4
2022,20230101_38023_D02_S018,38023_D02_S018,San Cristóbal de La Laguna,6.9,6.3,19.5,3.0,64.4
2022,20230101_38023_D02_S019,38023_D02_S019,San Cristóbal de La Laguna,4.3,7.9,19.0,2.9,66.0
2022,20230101_38023_D02_S020,38023_D02_S020,San Cristóbal de La Laguna,4.7,6.6,20.8,3.5,64.4
2022,20230101_38023_D02_S021,38023_D02_S021,San Cristóbal de La Laguna,2.6,8.7,13.6,1.7,73.5
2022,20230101_38023_D02_S022,38023_D02_S022,San Cristóbal de La Laguna,5.7,7.1,20.7,2.5,64.0
2022,20230101_38023_D02_S023,38023_D02_S023,San Cristóbal de La Laguna,4.3,10.3,18.5,2.3,64.7
2022,20230101_38023_D02_S024,38023_D02_S024,San Cristóbal de La Laguna,3.9,7.4,18.5,3.4,66.8
2022,20230101_38023_D03_S001,38023_D03_S001,San Cristóbal de La Laguna,6.0,7.2,23.9,3.6,59.3
2022,20230101_38023_D03_S002,38023_D03_S002,San Cristóbal de La Laguna,3.7,9.6,17.8,1.4,67.5
2022,20230101_38023_D03_S003,38023_D03_S003,San Cristóbal de La Laguna,3.0,8.9,14.8,1.7,71.7
2022,20230101_38023_D03_S004,38023_D03_S004,San Cristóbal de La Laguna,6.6,4.9,23.2,4.5,60.9
2022,20230101_38023_D03_S005,38023_D03_S005,San Cristóbal de La Laguna,6.0,4.6,16.8,3.9,68.6
2022,20230101_38023_D03_S006,38023_D03_S006,San Cristóbal de La Laguna,2.7,13.3,21.0,1.5,61.5
2022,20230101_38023_D03_S007,38023_D03_S007,San Cristóbal de La Laguna,3.8,3.8,24.9,2.5,65.1
2022,20230101_38023_D03_S008,38023_D03_S008,San Cristóbal de La Laguna,5.2,9.1,18.5,3.8,63.5
2022,20230101_38023_D03_S009,38023_D03_S009,San Cristóbal de La Laguna,6.0,4.1,27.2,3.5,59.2
2022,20230101_38023_D03_S010,38023_D03_S010,San Cristóbal de La Laguna,7.4,3.8,27.9,3.5,57.4
2022,20230101_38023_D03_S011,38023_D03_S011,San Cristóbal de La Laguna,6.5,5.7,24.4,4.4,59.0
2022,20230101_38023_D03_S012,38023_D03_S012,San Cristóbal de La Laguna,6.0,7.6,18.6,4.7,63.1
2022,20230101_38023_D03_S013,38023_D03_S013,San Cristóbal de La Laguna,6.3,9.3,22.4,4.2,57.7
2022,20230101_38023_D03_S014,38023_D03_S014,San Cristóbal de La Laguna,7.7,4.8,30.0,4.8,52.8
2022,20230101_38023_D03_S015,38023_D03_S015,San Cristóbal de La Laguna,8.0,6.0,18.0,4.9,63.2
2022,20230101_38023_D03_S016,38023_D03_S016,San Cristóbal de La Laguna,6.5,7.1,23.1,4.0,59.4
2022,20230101_38023_D03_S017,38023_D03_S017,San Cristóbal de La Laguna,6.5,5.3,19.6,4.9,63.8
2022,20230101_38023_D03_S018,38023_D03_S018,San Cristóbal de La Laguna,6.8,4.5,31.4,4.5,52.9
2022,20230101_38023_D03_S019,38023_D03_S019,San Cristóbal de La Laguna,3.6,9.5,11.4,2.5,73.1
2022,20230101_38023_D03_S020,38023_D03_S020,San Cristóbal de La Laguna,7.5,10.7,11.9,3.2,66.7
2022,20230101_38023_D03_S021,38023_D03_S021,San Cristóbal de La Laguna,5.3,9.4,17.7,3.2,64.4
2022,20230101_38023_D03_S022,38023_D03_S022,San Cristóbal de La Laguna,2.5,21.0,23.9,1.0,51.7
2022,20230101_38023_D03_S023,38023_D03_S023,San Cristóbal de La Laguna,7.6,4.2,22.7,4.1,61.4
2022,20230101_38023_D03_S024,38023_D03_S024,San Cristóbal de La Laguna,6.0,8.0,20.1,4.2,61.7
2022,20230101_38023_D03_S025,38023_D03_S025,San Cristóbal de La Laguna,3.4,4.4,13.6,2.4,76.3
2022,20230101_38023_D03_S026,38023_D03_S026,San Cristóbal de La Laguna,3.2,10.8,19.2,1.5,65.3
2022,20230101_38023_D03_S027,38023_D03_S027,San Cristóbal de La Laguna,4.5,9.4,10.7,1.8,73.6
2022,20230101_38023_D03_S028,38023_D03_S028,San Cristóbal de La Laguna,4.4,9.7,17.2,3.3,65.5
2022,20230101_38023_D03_S029,38023_D03_S029,San Cristóbal de La Laguna,5.4,7.2,18.2,3.2,66.0
2022,20230101_38023_D04_S001,38023_D04_S001,San Cristóbal de La Laguna,4.3,9.7,19.2,2.7,64.1
2022,20230101_38023_D04_S002,38023_D04_S002,San Cristóbal de La Laguna,4.8,8.3,16.7,2.4,67.8
2022,20230101_38023_D04_S003,38023_D04_S003,San Cristóbal de La Laguna,3.3,9.4,17.4,1.9,68.0
2022,20230101_38023_D04_S004,38023_D04_S004,San Cristóbal de La Laguna,3.6,10.7,27.7,2.7,55.3
2022,20230101_38023_D04_S005,38023_D04_S005,San Cristóbal de La Laguna,3.1,18.6,18.7,1.9,57.7
2022,20230101_38023_D04_S006,38023_D04_S006,San Cristóbal de La Laguna,4.3,8.2,23.8,2.9,60.8
2022,20230101_38023_D04_S007,38023_D04_S007,San Cristóbal de La Laguna,4.3,13.3,20.7,1.8,59.9
2022,20230101_38023_D04_S008,38023_D04_S008,San Cristóbal de La Laguna,5.0,7.6,18.7,2.8,65.9
2022,20230101_38023_D05_S001,38023_D05_S001,San Cristóbal de La Laguna,4.9,8.7,22.0,3.6,60.8
2022,20230101_38023_D05_S002,38023_D05_S002,San Cristóbal de La Laguna,5.3,9.2,20.8,3.1,61.6
2022,20230101_38023_D05_S003,38023_D05_S003,San Cristóbal de La Laguna,3.8,10.6,22.7,2.5,60.4
2022,20230101_38023_D05_S004,38023_D05_S004,San Cristóbal de La Laguna,4.0,12.4,19.0,3.1,61.5
2022,20230101_38023_D05_S005,38023_D05_S005,San Cristóbal de La Laguna,4.5,9.8,20.7,2.8,62.2
2022,20230101_38023_D05_S006,38023_D05_S006,San Cristóbal de La Laguna,3.8,12.3,20.8,2.0,61.1
2022,20230101_38023_D05_S007,38023_D05_S007,San Cristóbal de La Laguna,4.4,12.1,18.5,2.7,62.3
2022,20230101_38023_D05_S008,38023_D05_S008,San Cristóbal de La Laguna,5.3,6.1,24.3,4.0,60.2
2022,20230101_38023_D05_S009,38023_D05_S009,San Cristóbal de La Laguna,4.0,14.6,15.3,2.3,63.9
2022,20230101_38023_D05_S010,38023_D05_S010,San Cristóbal de La Laguna,4.9,9.0,21.1,2.8,62.2
2022,20230101_38023_D05_S011,38023_D05_S011,San Cristóbal de La Laguna,3.6,11.1,25.7,2.5,57.1
2022,20230101_38023_D05_S012,38023_D05_S012,San Cristóbal de La Laguna,4.2,6.7,25.6,3.4,60.3
2022,20230101_38023_D05_S013,38023_D05_S013,San Cristóbal de La Laguna,4.6,8.2,27.6,3.4,56.3
2022,20230101_38023_D05_S014,38023_D05_S014,San Cristóbal de La Laguna,4.6,6.6,17.8,3.3,67.7
2022,20230101_38023_D05_S015,38023_D05_S015,San Cristóbal de La Laguna,3.2,18.2,17.1,2.6,59.0
2022,20230101_38023_D06_S001,38023_D06_S001,San Cristóbal de La Laguna,3.1,7.6,21.8,1.9,65.7
2022,20230101_38023_D06_S002,38023_D06_S002,San Cristóbal de La Laguna,2.2,18.3,19.7,1.6,58.2
2022,20230101_38023_D06_S003,38023_D06_S003,San Cristóbal de La Laguna,4.7,10.7,20.8,2.0,61.8
2022,20230101_38023_D06_S004,38023_D06_S004,San Cristóbal de La Laguna,4.7,11.2,19.6,2.3,62.2
2022,20230101_38024_D01_S001,38024_D01_S001,Los Llanos de Aridane,4.3,20.4,15.0,4.2,56.2
2022,20230101_38024_D01_S002,38024_D01_S002,Los Llanos de Aridane,5.0,13.1,12.5,4.6,64.8
2022,20230101_38024_D01_S003,38024_D01_S003,Los Llanos de Aridane,5.6,15.0,20.1,4.9,54.4
2022,20230101_38024_D01_S004,38024_D01_S004,Los Llanos de Aridane,5.8,16.9,13.6,4.4,59.3
2022,20230101_38024_D01_S005,38024_D01_S005,Los Llanos de Aridane,5.2,20.2,17.8,3.9,52.9
2022,20230101_38024_D01_S006,38024_D01_S006,Los Llanos de Aridane,5.0,16.4,20.9,4.1,53.6
2022,20230101_38024_D01_S007,38024_D01_S007,Los Llanos de Aridane,6.8,10.6,20.4,4.9,57.4
2022,20230101_38024_D01_S008,38024_D01_S008,Los Llanos de Aridane,6.0,12.6,17.5,4.7,59.3
2022,20230101_38024_D02_S001,38024_D02_S001,Los Llanos de Aridane,4.8,15.1,17.6,3.9,58.6
2022,20230101_38024_D02_S002,38024_D02_S002,Los Llanos de Aridane,5.6,12.8,18.5,5.4,57.8
2022,20230101_38024_D03_S001,38024_D03_S001,Los Llanos de Aridane,12.7,14.0,20.2,4.8,48.3
2022,20230101_38024_D03_S002,38024_D03_S002,Los Llanos de Aridane,17.1,11.6,15.7,8.2,47.4
2022,20230101_38024_D03_S003,38024_D03_S003,Los Llanos de Aridane,14.8,16.1,19.7,5.9,43.5
2022,20230101_38025_D01_S001,38025_D01_S001,La Matanza de Acentejo,4.4,6.3,19.9,3.3,66.1
2022,20230101_38025_D01_S002,38025_D01_S002,La Matanza de Acentejo,4.5,12.4,17.4,3.4,62.3
2022,20230101_38025_D01_S003,38025_D01_S003,La Matanza de Acentejo,3.9,11.3,14.8,2.9,67.1
2022,20230101_38025_D01_S004,38025_D01_S004,La Matanza de Acentejo,4.0,14.1,15.8,2.5,63.7
2022,20230101_38025_D01_S005,38025_D01_S005,La Matanza de Acentejo,5.3,11.7,22.7,3.1,57.3
2022,20230101_38026_D01_S001,38026_D01_S001,La Orotava,3.7,21.8,22.8,1.8,49.9
2022,20230101_38026_D01_S002,38026_D01_S002,La Orotava,3.7,11.6,23.2,2.1,59.4
2022,20230101_38026_D01_S004,38026_D01_S004,La Orotava,4.7,12.5,27.7,2.0,53.1
2022,20230101_38026_D02_S001,38026_D02_S001,La Orotava,5.4,18.5,22.9,3.0,50.2
2022,20230101_38026_D02_S002,38026_D02_S002,La Orotava,5.6,7.9,21.4,3.0,62.3
2022,20230101_38026_D02_S003,38026_D02_S003,La Orotava,3.9,9.5,10.7,3.0,72.9
2022,20230101_38026_D02_S004,38026_D02_S004,La Orotava,4.7,11.9,24.5,2.7,56.2
2022,20230101_38026_D03_S001,38026_D03_S001,La Orotava,5.6,7.5,21.4,3.9,61.6
2022,20230101_38026_D03_S002,38026_D03_S002,La Orotava,3.6,16.9,21.5,2.5,55.5
2022,20230101_38026_D03_S003,38026_D03_S003,La Orotava,2.0,25.2,22.4,1.8,48.6
2022,20230101_38026_D03_S004,38026_D03_S004,La Orotava,4.7,8.7,10.4,2.7,73.5
2022,20230101_38026_D03_S005,38026_D03_S005,La Orotava,5.7,8.6,24.3,3.7,57.7
2022,20230101_38026_D03_S006,38026_D03_S006,La Orotava,3.5,10.2,26.5,2.5,57.3
2022,20230101_38026_D03_S007,38026_D03_S007,La Orotava,4.6,8.2,15.5,3.0,68.8
2022,20230101_38026_D04_S001,38026_D04_S001,La Orotava,2.8,23.8,14.8,2.3,56.4
2022,20230101_38026_D04_S002,38026_D04_S002,La Orotava,4.0,11.2,13.6,3.0,68.3
2022,20230101_38026_D04_S003,38026_D04_S003,La Orotava,2.9,20.4,20.7,2.1,54.0
2022,20230101_38026_D04_S004,38026_D04_S004,La Orotava,6.7,9.3,23.3,4.0,56.8
2022,20230101_38026_D04_S005,38026_D04_S005,La Orotava,3.2,16.0,17.4,2.2,61.2
2022,20230101_38026_D05_S001,38026_D05_S001,La Orotava,5.0,10.0,15.3,3.4,66.2
2022,20230101_38026_D05_S002,38026_D05_S002,La Orotava,5.3,11.6,19.4,3.0,60.7
2022,20230101_38026_D05_S003,38026_D05_S003,La Orotava,4.9,10.4,21.9,3.6,59.3
2022,20230101_38026_D05_S004,38026_D05_S004,La Orotava,7.3,7.1,30.2,5.0,50.3
2022,20230101_38026_D05_S005,38026_D05_S005,La Orotava,5.0,9.4,12.7,3.3,69.7
2022,20230101_38026_D06_S001,38026_D06_S001,La Orotava,6.5,3.8,26.9,4.3,58.5
2022,20230101_38026_D06_S002,38026_D06_S002,La Orotava,5.4,10.0,24.3,3.8,56.6
2022,20230101_38026_D06_S003,38026_D06_S003,La Orotava,6.8,10.2,20.3,3.9,58.9
2022,20230101_38026_D06_S004,38026_D06_S004,La Orotava,6.2,9.9,18.6,4.4,60.9
2022,20230101_38027_D01_S001,38027_D01_S001,El Paso,5.2,14.4,18.1,4.7,57.6
2022,20230101_38027_D02_S001,38027_D02_S001,El Paso,5.5,15.5,18.0,4.3,56.7
2022,20230101_38027_D03_S001,38027_D03_S001,El Paso,3.9,22.2,19.2,3.3,51.4
2022,20230101_38027_D03_S002,38027_D03_S002,El Paso,4.1,21.6,21.0,4.4,48.9
2022,20230101_38027_D04_S001,38027_D04_S001,El Paso,11.7,13.4,18.8,4.4,51.7
2022,20230101_38028_D01_S001,38028_D01_S001,Puerto de La Cruz,6.4,18.7,29.3,2.1,43.4
2022,20230101_38028_D01_S002,38028_D01_S002,Puerto de La Cruz,5.2,17.7,29.4,3.0,44.8
2022,20230101_38028_D01_S003,38028_D01_S003,Puerto de La Cruz,2.0,36.5,25.7,1.2,34.7
2022,20230101_38028_D01_S004,38028_D01_S004,Puerto de La Cruz,2.5,25.8,18.1,1.5,52.1
2022,20230101_38028_D02_S001,38028_D02_S001,Puerto de La Cruz,2.5,25.9,30.1,2.0,39.6
2022,20230101_38028_D02_S002,38028_D02_S002,Puerto de La Cruz,5.2,20.4,28.3,2.4,43.8
2022,20230101_38028_D02_S003,38028_D02_S003,Puerto de La Cruz,3.1,20.4,21.1,2.3,53.1
2022,20230101_38028_D02_S004,38028_D02_S004,Puerto de La Cruz,3.3,19.3,22.1,2.1,53.3
2022,20230101_38028_D02_S005,38028_D02_S005,Puerto de La Cruz,4.1,12.9,19.2,2.8,60.9
2022,20230101_38028_D03_S001,38028_D03_S001,Puerto de La Cruz,5.0,17.5,27.7,2.3,47.6
2022,20230101_38028_D03_S002,38028_D03_S002,Puerto de La Cruz,3.8,13.2,36.1,2.8,44.3
2022,20230101_38028_D03_S003,38028_D03_S003,Puerto de La Cruz,5.7,5.6,28.9,3.3,56.5
2022,20230101_38028_D03_S004,38028_D03_S004,Puerto de La Cruz,4.7,12.8,30.0,3.0,49.5
2022,20230101_38028_D03_S005,38028_D03_S005,Puerto de La Cruz,4.8,6.9,34.0,2.9,51.4
2022,20230101_38028_D03_S006,38028_D03_S006,Puerto de La Cruz,6.8,6.0,37.9,3.2,46.1
2022,20230101_38028_D04_S001,38028_D04_S001,Puerto de La Cruz,5.1,12.7,27.7,2.8,51.8
2022,20230101_38028_D04_S002,38028_D04_S002,Puerto de La Cruz,7.7,6.0,24.3,4.6,57.4
2022,20230101_38028_D04_S003,38028_D04_S003,Puerto de La Cruz,4.7,12.9,21.9,3.6,56.9
2022,20230101_38028_D04_S004,38028_D04_S004,Puerto de La Cruz,5.7,14.9,20.4,2.4,56.6
2022,20230101_38028_D04_S005,38028_D04_S005,Puerto de La Cruz,8.7,4.8,29.6,4.5,52.6
2022,20230101_38029_D01_S001,38029_D01_S001,Puntagorda,3.5,17.9,19.9,4.3,54.4
2022,20230101_38029_D01_S002,38029_D01_S002,Puntagorda,4.4,15.8,19.4,3.4,56.9
2022,20230101_38030_D01_S001,38030_D01_S001,Puntallana,4.2,14.2,18.8,2.7,60.0
2022,20230101_38030_D01_S002,38030_D01_S002,Puntallana,2.6,14.4,23.6,1.9,57.5
2022,20230101_38031_D01_S001,38031_D01_S001,Los Realejos,4.7,8.7,25.0,3.5,58.1
2022,20230101_38031_D01_S002,38031_D01_S002,Los Realejos,4.4,12.5,17.7,3.0,62.4
2022,20230101_38031_D01_S003,38031_D01_S003,Los Realejos,4.5,10.4,18.5,3.3,63.3
2022,20230101_38031_D01_S004,38031_D01_S004,Los Realejos,4.3,9.3,20.0,3.5,62.9
2022,20230101_38031_D01_S005,38031_D01_S005,Los Realejos,4.3,8.1,20.1,3.6,63.9
2022,20230101_38031_D01_S006,38031_D01_S006,Los Realejos,3.4,12.4,17.2,3.0,64.1
2022,20230101_38031_D01_S007,38031_D01_S007,Los Realejos,5.2,7.2,21.4,4.3,61.9
2022,20230101_38031_D01_S008,38031_D01_S008,Los Realejos,3.8,12.7,13.9,3.1,66.6
2022,20230101_38031_D02_S001,38031_D02_S001,Los Realejos,4.3,10.3,22.3,3.2,59.9
2022,20230101_38031_D02_S002,38031_D02_S002,Los Realejos,4.0,8.7,17.9,2.9,66.5
2022,20230101_38031_D02_S003,38031_D02_S003,Los Realejos,5.6,5.8,24.4,4.4,59.8
2022,20230101_38031_D03_S001,38031_D03_S001,Los Realejos,5.4,11.2,21.0,3.9,58.5
2022,20230101_38031_D03_S002,38031_D03_S002,Los Realejos,4.1,10.9,22.8,3.9,58.4
2022,20230101_38031_D03_S003,38031_D03_S003,Los Realejos,6.4,5.4,23.9,5.3,59.1
2022,20230101_38031_D03_S004,38031_D03_S004,Los Realejos,3.8,10.4,18.0,2.9,64.9
2022,20230101_38031_D03_S005,38031_D03_S005,Los Realejos,4.6,9.9,24.4,3.4,57.7
2022,20230101_38031_D04_S001,38031_D04_S001,Los Realejos,4.4,11.9,19.9,4.2,59.6
2022,20230101_38031_D04_S002,38031_D04_S002,Los Realejos,2.6,15.7,15.8,2.0,63.9
2022,20230101_38031_D04_S003,38031_D04_S003,Los Realejos,3.0,21.1,22.5,1.7,51.7
2022,20230101_38031_D04_S004,38031_D04_S004,Los Realejos,4.2,14.8,22.3,3.5,55.2
2022,20230101_38031_D05_S001,38031_D05_S001,Los Realejos,4.8,4.3,27.3,5.0,58.6
2022,20230101_38031_D05_S002,38031_D05_S002,Los Realejos,6.7,4.1,26.7,5.0,57.6
2022,20230101_38031_D05_S003,38031_D05_S003,Los Realejos,4.9,6.4,23.2,5.8,59.8
2022,20230101_38031_D06_S001,38031_D06_S001,Los Realejos,7.8,6.7,21.6,5.1,58.8
2022,20230101_38031_D06_S002,38031_D06_S002,Los Realejos,7.1,7.5,22.9,4.8,57.8
2022,20230101_38032_D01_S001,38032_D01_S001,El Rosario,3.7,11.9,19.6,2.2,62.6
2022,20230101_38032_D01_S002,38032_D01_S002,El Rosario,3.5,8.6,24.7,3.2,60.0
2022,20230101_38032_D01_S003,38032_D01_S003,El Rosario,3.3,11.8,21.2,2.2,61.6
2022,20230101_38032_D01_S004,38032_D01_S004,El Rosario,2.7,15.6,11.6,1.7,68.6
2022,20230101_38032_D01_S005,38032_D01_S005,El Rosario,5.1,9.2,24.7,4.0,57.1
2022,20230101_38032_D01_S006,38032_D01_S006,El Rosario,2.4,17.9,11.9,1.2,66.5
2022,20230101_38032_D01_S007,38032_D01_S007,El Rosario,4.5,10.3,20.6,2.1,62.5
2022,20230101_38032_D01_S008,38032_D01_S008,El Rosario,3.0,12.2,18.9,1.2,64.9
2022,20230101_38032_D01_S009,38032_D01_S009,El Rosario,4.0,11.3,22.4,2.7,59.6
2022,20230101_38032_D01_S010,38032_D01_S010,El Rosario,3.8,10.4,23.6,2.6,59.6
2022,20230101_38032_D01_S011,38032_D01_S011,El Rosario,2.3,18.7,8.8,1.2,69.0
2022,20230101_38032_D01_S012,38032_D01_S012,El Rosario,1.8,22.5,12.7,1.0,62.1
2022,20230101_38032_D01_S013,38032_D01_S013,El Rosario,2.8,16.4,12.1,1.2,67.5
2022,20230101_38033_D01_S001,38033_D01_S001,San Andrés y Sauces,3.4,19.0,22.3,2.5,52.8
2022,20230101_38033_D01_S002,38033_D01_S002,San Andrés y Sauces,3.7,20.6,17.2,2.3,56.1
2022,20230101_38033_D01_S003,38033_D01_S003,San Andrés y Sauces,4.3,19.4,23.7,1.8,50.8
2022,20230101_38033_D02_S001,38033_D02_S001,San Andrés y Sauces,4.3,15.1,26.7,1.6,52.3
2022,20230101_38034_D01_S001,38034_D01_S001,San Juan de la Rambla,4.1,15.2,24.8,1.9,54.0
2022,20230101_38034_D01_S002,38034_D01_S002,San Juan de la Rambla,5.2,7.8,15.6,4.1,67.3
2022,20230101_38034_D01_S003,38034_D01_S003,San Juan de la Rambla,5.3,6.5,21.9,4.5,61.8
2022,20230101_38034_D01_S004,38034_D01_S004,San Juan de la Rambla,5.7,8.2,16.8,4.1,65.3
2022,20230101_38035_D01_S001,38035_D01_S001,San Miguel de Abona,3.1,17.8,18.3,2.3,58.5
2022,20230101_38035_D01_S002,38035_D01_S002,San Miguel de Abona,3.5,14.9,17.4,3.4,60.9
2022,20230101_38035_D01_S003,38035_D01_S003,San Miguel de Abona,3.1,17.1,15.8,2.9,61.1
2022,20230101_38035_D01_S004,38035_D01_S004,San Miguel de Abona,2.8,17.8,14.4,2.7,62.3
2022,20230101_38035_D01_S005,38035_D01_S005,San Miguel de Abona,3.7,19.1,15.2,3.4,58.7
2022,20230101_38035_D01_S006,38035_D01_S006,San Miguel de Abona,4.7,8.3,9.4,3.6,74.2
2022,20230101_38035_D01_S007,38035_D01_S007,San Miguel de Abona,3.2,12.2,5.9,2.9,75.8
2022,20230101_38035_D01_S008,38035_D01_S008,San Miguel de Abona,2.6,18.9,6.6,2.4,69.5
2022,20230101_38035_D01_S009,38035_D01_S009,San Miguel de Abona,4.0,9.5,10.8,4.1,71.7
2022,20230101_38036_D01_S001,38036_D01_S001,San Sebastián de La Gomera,2.7,15.2,19.5,1.4,61.2
2022,20230101_38036_D01_S002,38036_D01_S002,San Sebastián de La Gomera,4.8,8.6,21.0,2.2,63.4
2022,20230101_38036_D01_S003,38036_D01_S003,San Sebastián de La Gomera,5.0,11.9,18.7,2.3,62.2
2022,20230101_38036_D01_S005,38036_D01_S005,San Sebastián de La Gomera,3.2,9.7,15.5,2.2,69.3
2022,20230101_38036_D01_S006,38036_D01_S006,San Sebastián de La Gomera,3.7,11.2,19.8,2.2,63.2
2022,20230101_38036_D01_S007,38036_D01_S007,San Sebastián de La Gomera,5.2,7.3,16.5,3.4,67.7
2022,20230101_38036_D01_S008,38036_D01_S008,San Sebastián de La Gomera,2.9,9.1,9.7,1.7,76.7
2022,20230101_38037_D01_S001,38037_D01_S001,Santa Cruz de La Palma,2.6,18.5,21.3,1.8,55.8
2022,20230101_38037_D01_S002,38037_D01_S002,Santa Cruz de La Palma,4.8,6.5,24.5,2.8,61.4
2022,20230101_38037_D01_S003,38037_D01_S003,Santa Cruz de La Palma,3.1,13.6,20.9,1.9,60.4
2022,20230101_38037_D02_S001,38037_D02_S001,Santa Cruz de La Palma,2.0,19.8,25.5,1.5,51.2
2022,20230101_38037_D02_S002,38037_D02_S002,Santa Cruz de La Palma,4.0,12.8,27.6,2.4,53.2
2022,20230101_38037_D02_S003,38037_D02_S003,Santa Cruz de La Palma,4.3,6.3,30.3,2.6,56.5
2022,20230101_38037_D02_S005,38037_D02_S005,Santa Cruz de La Palma,3.4,13.0,18.2,1.8,63.7
2022,20230101_38037_D03_S001,38037_D03_S001,Santa Cruz de La Palma,3.3,11.4,17.7,1.5,66.1
2022,20230101_38037_D03_S002,38037_D03_S002,Santa Cruz de La Palma,4.2,8.7,26.6,2.3,58.3
2022,20230101_38037_D03_S003,38037_D03_S003,Santa Cruz de La Palma,5.6,3.6,31.5,3.3,56.0
2022,20230101_38037_D03_S004,38037_D03_S004,Santa Cruz de La Palma,3.0,12.0,25.2,2.0,57.7
2022,20230101_38037_D03_S005,38037_D03_S005,Santa Cruz de La Palma,4.7,9.5,22.8,2.9,60.1
2022,20230101_38038_D01_S001,38038_D01_S001,Santa Cruz de Tenerife,1.9,31.2,17.7,0.9,48.4
2022,20230101_38038_D01_S002,38038_D01_S002,Santa Cruz de Tenerife,4.3,13.1,19.0,1.8,61.8
2022,20230101_38038_D01_S003,38038_D01_S003,Santa Cruz de Tenerife,3.5,17.1,22.4,1.2,55.9
2022,20230101_38038_D01_S004,38038_D01_S004,Santa Cruz de Tenerife,3.5,26.7,19.2,1.4,49.2
2022,20230101_38038_D01_S006,38038_D01_S006,Santa Cruz de Tenerife,3.2,14.9,22.4,1.4,58.1
2022,20230101_38038_D01_S007,38038_D01_S007,Santa Cruz de Tenerife,4.0,19.1,21.7,1.2,54.1
2022,20230101_38038_D01_S008,38038_D01_S008,Santa Cruz de Tenerife,2.2,33.8,15.7,0.7,47.7
2022,20230101_38038_D01_S009,38038_D01_S009,Santa Cruz de Tenerife,2.1,22.4,28.1,0.4,47.0
2022,20230101_38038_D01_S010,38038_D01_S010,Santa Cruz de Tenerife,3.1,22.1,18.8,0.8,55.3
2022,20230101_38038_D01_S011,38038_D01_S011,Santa Cruz de Tenerife,3.5,27.3,21.5,1.0,46.8
2022,20230101_38038_D01_S012,38038_D01_S012,Santa Cruz de Tenerife,1.5,29.3,13.4,0.5,55.3
2022,20230101_38038_D02_S001,38038_D02_S001,Santa Cruz de Tenerife,3.6,21.6,21.0,1.0,52.8
2022,20230101_38038_D02_S002,38038_D02_S002,Santa Cruz de Tenerife,2.4,25.7,16.5,1.0,54.4
2022,20230101_38038_D02_S003,38038_D02_S003,Santa Cruz de Tenerife,2.8,19.6,19.4,1.1,57.1
2022,20230101_38038_D02_S004,38038_D02_S004,Santa Cruz de Tenerife,3.4,26.5,19.4,0.9,49.9
2022,20230101_38038_D02_S005,38038_D02_S005,Santa Cruz de Tenerife,3.5,19.5,19.9,1.0,56.0
2022,20230101_38038_D02_S006,38038_D02_S006,Santa Cruz de Tenerife,2.8,23.9,17.0,0.9,55.4
2022,20230101_38038_D02_S007,38038_D02_S007,Santa Cruz de Tenerife,1.9,16.2,21.4,1.0,59.5
2022,20230101_38038_D02_S008,38038_D02_S008,Santa Cruz de Tenerife,2.4,33.4,13.1,1.1,50.0
2022,20230101_38038_D02_S009,38038_D02_S009,Santa Cruz de Tenerife,3.7,14.2,22.4,1.4,58.4
2022,20230101_38038_D03_S001,38038_D03_S001,Santa Cruz de Tenerife,2.1,15.2,8.5,0.5,73.8
2022,20230101_38038_D03_S002,38038_D03_S002,Santa Cruz de Tenerife,3.4,13.1,22.9,1.3,59.3
2022,20230101_38038_D03_S003,38038_D03_S003,Santa Cruz de Tenerife,3.1,15.6,19.6,1.4,60.3
2022,20230101_38038_D03_S004,38038_D03_S004,Santa Cruz de Tenerife,6.8,6.0,28.9,2.2,56.2
2022,20230101_38038_D03_S005,38038_D03_S005,Santa Cruz de Tenerife,3.6,11.9,22.8,2.0,59.7
2022,20230101_38038_D03_S006,38038_D03_S006,Santa Cruz de Tenerife,2.0,15.3,24.3,1.0,57.5
2022,20230101_38038_D03_S007,38038_D03_S007,Santa Cruz de Tenerife,4.2,8.9,28.7,1.7,56.5
2022,20230101_38038_D03_S008,38038_D03_S008,Santa Cruz de Tenerife,4.3,12.6,26.1,1.9,55.2
2022,20230101_38038_D03_S009,38038_D03_S009,Santa Cruz de Tenerife,4.7,11.5,14.4,1.4,68.0
2022,20230101_38038_D03_S010,38038_D03_S010,Santa Cruz de Tenerife,5.3,11.3,23.0,2.0,58.4
2022,20230101_38038_D03_S011,38038_D03_S011,Santa Cruz de Tenerife,2.8,17.9,17.3,1.1,61.0
2022,20230101_38038_D03_S013,38038_D03_S013,Santa Cruz de Tenerife,2.5,11.5,22.9,1.3,61.9
2022,20230101_38038_D03_S014,38038_D03_S014,Santa Cruz de Tenerife,3.5,13.2,32.4,1.4,49.4
2022,20230101_38038_D03_S015,38038_D03_S015,Santa Cruz de Tenerife,3.8,12.8,28.2,1.3,53.9
2022,20230101_38038_D03_S016,38038_D03_S016,Santa Cruz de Tenerife,4.6,14.1,22.1,2.4,56.7
2022,20230101_38038_D03_S017,38038_D03_S017,Santa Cruz de Tenerife,2.8,16.3,17.5,1.6,61.7
2022,20230101_38038_D03_S018,38038_D03_S018,Santa Cruz de Tenerife,5.8,10.6,23.0,2.4,58.2
2022,20230101_38038_D03_S019,38038_D03_S019,Santa Cruz de Tenerife,2.6,13.4,31.7,1.1,51.2
2022,20230101_38038_D03_S020,38038_D03_S020,Santa Cruz de Tenerife,2.4,19.9,10.4,1.1,66.1
2022,20230101_38038_D03_S021,38038_D03_S021,Santa Cruz de Tenerife,1.9,16.8,9.0,0.7,71.6
2022,20230101_38038_D04_S001,38038_D04_S001,Santa Cruz de Tenerife,7.7,13.2,22.0,4.1,53.0
2022,20230101_38038_D04_S002,38038_D04_S002,Santa Cruz de Tenerife,7.0,6.2,26.0,3.4,57.4
2022,20230101_38038_D04_S003,38038_D04_S003,Santa Cruz de Tenerife,7.1,7.9,20.6,3.5,60.9
2022,20230101_38038_D04_S004,38038_D04_S004,Santa Cruz de Tenerife,6.2,10.4,23.9,3.8,55.8
2022,20230101_38038_D04_S005,38038_D04_S005,Santa Cruz de Tenerife,6.7,10.7,23.6,4.1,55.0
2022,20230101_38038_D04_S006,38038_D04_S006,Santa Cruz de Tenerife,7.9,6.7,28.2,3.9,53.3
2022,20230101_38038_D04_S007,38038_D04_S007,Santa Cruz de Tenerife,6.1,2.3,33.0,4.0,54.6
2022,20230101_38038_D04_S009,38038_D04_S009,Santa Cruz de Tenerife,8.2,2.8,33.1,4.1,51.8
2022,20230101_38038_D04_S011,38038_D04_S011,Santa Cruz de Tenerife,8.3,4.4,28.0,3.9,55.4
2022,20230101_38038_D04_S012,38038_D04_S012,Santa Cruz de Tenerife,7.8,3.3,34.4,3.4,51.1
2022,20230101_38038_D04_S014,38038_D04_S014,Santa Cruz de Tenerife,5.1,3.3,31.9,3.6,56.2
2022,20230101_38038_D04_S015,38038_D04_S015,Santa Cruz de Tenerife,10.7,3.7,26.0,7.5,52.2
2022,20230101_38038_D05_S001,38038_D05_S001,Santa Cruz de Tenerife,2.5,40.1,15.1,0.5,41.8
2022,20230101_38038_D05_S002,38038_D05_S002,Santa Cruz de Tenerife,3.0,26.7,17.8,1.2,51.4
2022,20230101_38038_D05_S003,38038_D05_S003,Santa Cruz de Tenerife,3.4,20.4,20.9,1.2,54.1
2022,20230101_38038_D05_S004,38038_D05_S004,Santa Cruz de Tenerife,2.7,20.5,18.4,1.6,56.7
2022,20230101_38038_D05_S005,38038_D05_S005,Santa Cruz de Tenerife,2.8,17.2,21.5,1.4,57.2
2022,20230101_38038_D05_S006,38038_D05_S006,Santa Cruz de Tenerife,3.3,18.4,21.1,1.7,55.5
2022,20230101_38038_D05_S007,38038_D05_S007,Santa Cruz de Tenerife,3.6,17.2,21.9,2.0,55.3
2022,20230101_38038_D05_S008,38038_D05_S008,Santa Cruz de Tenerife,3.3,20.5,21.5,1.4,53.3
2022,20230101_38038_D05_S009,38038_D05_S009,Santa Cruz de Tenerife,1.4,44.0,13.0,0.6,41.0
2022,20230101_38038_D05_S010,38038_D05_S010,Santa Cruz de Tenerife,1.7,41.6,14.6,0.4,41.8
2022,20230101_38038_D05_S011,38038_D05_S011,Santa Cruz de Tenerife,4.0,15.4,28.0,1.5,51.1
2022,20230101_38038_D05_S012,38038_D05_S012,Santa Cruz de Tenerife,2.5,23.3,17.6,0.8,55.8
2022,20230101_38038_D05_S013,38038_D05_S013,Santa Cruz de Tenerife,4.3,14.9,23.3,2.1,55.5
2022,20230101_38038_D05_S014,38038_D05_S014,Santa Cruz de Tenerife,4.4,11.8,21.3,2.1,60.4
2022,20230101_38038_D05_S015,38038_D05_S015,Santa Cruz de Tenerife,2.7,18.7,24.7,1.3,52.6
2022,20230101_38038_D06_S001,38038_D06_S001,Santa Cruz de Tenerife,2.7,17.0,18.8,1.8,59.7
2022,20230101_38038_D06_S002,38038_D06_S002,Santa Cruz de Tenerife,2.0,17.8,23.2,1.2,55.9
2022,20230101_38038_D06_S003,38038_D06_S003,Santa Cruz de Tenerife,5.5,9.1,25.6,2.9,57.0
2022,20230101_38038_D06_S004,38038_D06_S004,Santa Cruz de Tenerife,7.8,4.7,28.2,2.6,56.7
2022,20230101_38038_D06_S005,38038_D06_S005,Santa Cruz de Tenerife,4.1,8.2,28.8,2.1,56.8
2022,20230101_38038_D06_S006,38038_D06_S006,Santa Cruz de Tenerife,2.4,21.9,21.6,0.8,53.3
2022,20230101_38038_D06_S007,38038_D06_S007,Santa Cruz de Tenerife,3.5,11.5,20.3,2.1,62.7
2022,20230101_38038_D06_S008,38038_D06_S008,Santa Cruz de Tenerife,3.2,28.0,18.9,1.0,48.9
2022,20230101_38038_D06_S010,38038_D06_S010,Santa Cruz de Tenerife,5.7,9.8,18.3,2.9,63.3
2022,20230101_38038_D06_S011,38038_D06_S011,Santa Cruz de Tenerife,5.1,9.5,21.5,2.6,61.3
2022,20230101_38038_D06_S012,38038_D06_S012,Santa Cruz de Tenerife,3.7,11.4,27.1,1.5,56.3
2022,20230101_38038_D06_S013,38038_D06_S013,Santa Cruz de Tenerife,3.9,17.9,25.8,1.3,51.2
2022,20230101_38038_D06_S014,38038_D06_S014,Santa Cruz de Tenerife,4.3,9.4,28.2,1.9,56.2
2022,20230101_38038_D06_S016,38038_D06_S016,Santa Cruz de Tenerife,8.6,2.7,32.1,4.6,52.0
2022,20230101_38038_D06_S017,38038_D06_S017,Santa Cruz de Tenerife,6.5,10.2,32.0,2.6,48.7
2022,20230101_38038_D06_S018,38038_D06_S018,Santa Cruz de Tenerife,3.9,7.0,33.6,1.6,53.9
2022,20230101_38038_D06_S019,38038_D06_S019,Santa Cruz de Tenerife,3.4,13.1,21.3,1.7,60.6
2022,20230101_38038_D06_S020,38038_D06_S020,Santa Cruz de Tenerife,5.6,8.8,24.0,2.8,58.8
2022,20230101_38038_D06_S021,38038_D06_S021,Santa Cruz de Tenerife,5.5,9.3,30.1,2.0,53.1
2022,20230101_38038_D06_S022,38038_D06_S022,Santa Cruz de Tenerife,3.1,12.0,26.7,1.4,56.8
2022,20230101_38038_D06_S023,38038_D06_S023,Santa Cruz de Tenerife,6.7,3.8,34.9,3.2,51.4
2022,20230101_38038_D06_S025,38038_D06_S025,Santa Cruz de Tenerife,3.7,15.5,24.6,0.8,55.3
2022,20230101_38038_D06_S026,38038_D06_S026,Santa Cruz de Tenerife,8.0,4.0,32.9,4.7,50.4
2022,20230101_38038_D06_S028,38038_D06_S028,Santa Cruz de Tenerife,4.1,6.1,27.4,1.7,60.7
2022,20230101_38038_D06_S029,38038_D06_S029,Santa Cruz de Tenerife,2.8,11.3,30.2,1.2,54.6
2022,20230101_38038_D07_S001,38038_D07_S001,Santa Cruz de Tenerife,4.3,8.7,12.5,2.2,72.4
2022,20230101_38038_D07_S002,38038_D07_S002,Santa Cruz de Tenerife,5.6,8.3,26.6,2.8,56.8
2022,20230101_38038_D07_S003,38038_D07_S003,Santa Cruz de Tenerife,5.1,7.3,31.1,3.1,53.4
2022,20230101_38038_D07_S004,38038_D07_S004,Santa Cruz de Tenerife,8.4,1.6,33.8,4.2,52.1
2022,20230101_38038_D07_S005,38038_D07_S005,Santa Cruz de Tenerife,4.5,5.9,26.0,2.5,61.1
2022,20230101_38038_D07_S006,38038_D07_S006,Santa Cruz de Tenerife,9.4,4.6,29.2,4.0,52.9
2022,20230101_38038_D07_S007,38038_D07_S007,Santa Cruz de Tenerife,6.3,5.6,28.0,3.2,56.9
2022,20230101_38038_D07_S009,38038_D07_S009,Santa Cruz de Tenerife,4.3,5.6,27.2,2.8,60.1
2022,20230101_38038_D08_S001,38038_D08_S001,Santa Cruz de Tenerife,4.9,5.5,33.5,3.2,52.9
2022,20230101_38038_D09_S001,38038_D09_S001,Santa Cruz de Tenerife,7.1,5.0,26.1,3.4,58.3
2022,20230101_38038_D09_S002,38038_D09_S002,Santa Cruz de Tenerife,8.8,3.6,23.2,3.5,61.0
2022,20230101_38038_D09_S003,38038_D09_S003,Santa Cruz de Tenerife,6.6,4.0,35.0,3.1,51.4
2022,20230101_38038_D09_S006,38038_D09_S006,Santa Cruz de Tenerife,6.4,4.0,28.5,3.4,57.7
2022,20230101_38038_D09_S007,38038_D09_S007,Santa Cruz de Tenerife,6.4,7.8,21.0,3.3,61.6
2022,20230101_38038_D09_S009,38038_D09_S009,Santa Cruz de Tenerife,9.2,4.0,26.5,4.0,56.3
2022,20230101_38038_D09_S010,38038_D09_S010,Santa Cruz de Tenerife,9.2,2.6,29.4,3.7,55.1
2022,20230101_38038_D09_S011,38038_D09_S011,Santa Cruz de Tenerife,8.1,2.1,30.6,4.5,54.7
2022,20230101_38038_D09_S012,38038_D09_S012,Santa Cruz de Tenerife,6.1,5.8,23.9,3.5,60.7
2022,20230101_38038_D09_S014,38038_D09_S014,Santa Cruz de Tenerife,10.8,4.2,25.4,4.6,55.1
2022,20230101_38038_D09_S015,38038_D09_S015,Santa Cruz de Tenerife,7.8,4.0,35.0,3.3,49.9
2022,20230101_38038_D09_S016,38038_D09_S016,Santa Cruz de Tenerife,7.9,2.2,33.6,3.5,52.8
2022,20230101_38038_D09_S018,38038_D09_S018,Santa Cruz de Tenerife,5.5,7.1,37.6,3.4,46.4
2022,20230101_38038_D09_S019,38038_D09_S019,Santa Cruz de Tenerife,6.1,6.0,21.3,3.3,63.3
2022,20230101_38038_D09_S021,38038_D09_S021,Santa Cruz de Tenerife,5.5,4.3,34.1,2.8,53.3
2022,20230101_38038_D09_S022,38038_D09_S022,Santa Cruz de Tenerife,9.4,2.7,26.9,4.7,56.4
2022,20230101_38038_D10_S001,38038_D10_S001,Santa Cruz de Tenerife,7.7,2.7,40.2,2.7,46.7
2022,20230101_38038_D10_S002,38038_D10_S002,Santa Cruz de Tenerife,7.1,5.6,34.2,2.7,50.5
2022,20230101_38038_D10_S003,38038_D10_S003,Santa Cruz de Tenerife,7.7,5.0,34.0,3.2,50.2
2022,20230101_38038_D10_S004,38038_D10_S004,Santa Cruz de Tenerife,7.6,2.6,35.5,2.6,51.8
2022,20230101_38038_D10_S005,38038_D10_S005,Santa Cruz de Tenerife,9.1,4.2,31.6,3.4,51.7
2022,20230101_38038_D10_S006,38038_D10_S006,Santa Cruz de Tenerife,3.9,15.2,28.0,1.7,51.2
2022,20230101_38038_D10_S007,38038_D10_S007,Santa Cruz de Tenerife,6.6,4.2,29.6,2.1,57.6
2022,20230101_38038_D10_S008,38038_D10_S008,Santa Cruz de Tenerife,6.0,7.4,27.9,2.4,56.4
2022,20230101_38038_D10_S009,38038_D10_S009,Santa Cruz de Tenerife,6.7,7.4,35.1,2.5,48.3
2022,20230101_38038_D10_S010,38038_D10_S010,Santa Cruz de Tenerife,8.1,5.2,31.7,3.3,51.7
2022,20230101_38038_D10_S011,38038_D10_S011,Santa Cruz de Tenerife,4.6,5.2,23.8,1.9,64.6
2022,20230101_38038_D10_S012,38038_D10_S012,Santa Cruz de Tenerife,6.6,4.5,31.0,4.2,53.8
2022,20230101_38038_D10_S013,38038_D10_S013,Santa Cruz de Tenerife,4.0,6.8,38.2,2.0,49.0
2022,20230101_38038_D10_S014,38038_D10_S014,Santa Cruz de Tenerife,5.1,5.3,31.9,2.6,55.1
2022,20230101_38038_D10_S015,38038_D10_S015,Santa Cruz de Tenerife,5.3,11.3,27.8,2.1,53.6
2022,20230101_38038_D10_S016,38038_D10_S016,Santa Cruz de Tenerife,4.1,7.3,25.8,2.1,60.7
2022,20230101_38038_D11_S001,38038_D11_S001,Santa Cruz de Tenerife,5.7,5.0,22.3,3.8,63.1
2022,20230101_38038_D11_S002,38038_D11_S002,Santa Cruz de Tenerife,4.3,7.2,13.2,3.0,72.4
2022,20230101_38038_D11_S003,38038_D11_S003,Santa Cruz de Tenerife,4.3,5.9,11.1,2.5,76.3
2022,20230101_38038_D11_S004,38038_D11_S004,Santa Cruz de Tenerife,6.3,4.7,17.2,3.4,68.5
2022,20230101_38038_D11_S005,38038_D11_S005,Santa Cruz de Tenerife,4.5,4.4,18.4,2.9,69.7
2022,20230101_38038_D11_S006,38038_D11_S006,Santa Cruz de Tenerife,5.4,4.3,22.2,3.5,64.6
2022,20230101_38038_D11_S007,38038_D11_S007,Santa Cruz de Tenerife,6.2,6.3,14.9,3.4,69.4
2022,20230101_38038_D11_S008,38038_D11_S008,Santa Cruz de Tenerife,7.1,5.4,12.6,3.7,71.3
2022,20230101_38038_D11_S009,38038_D11_S009,Santa Cruz de Tenerife,10.4,3.2,18.1,4.6,63.7
2022,20230101_38038_D11_S010,38038_D11_S010,Santa Cruz de Tenerife,6.6,8.2,18.0,3.2,64.0
2022,20230101_38038_D11_S011,38038_D11_S011,Santa Cruz de Tenerife,15.1,1.8,23.0,5.7,54.4
2022,20230101_38038_D11_S012,38038_D11_S012,Santa Cruz de Tenerife,14.5,1.8,17.9,5.3,60.5
2022,20230101_38038_D11_S013,38038_D11_S013,Santa Cruz de Tenerife,5.6,11.6,12.4,3.1,67.3
2022,20230101_38038_D11_S014,38038_D11_S014,Santa Cruz de Tenerife,3.0,11.4,10.2,1.4,74.0
2022,20230101_38038_D11_S015,38038_D11_S015,Santa Cruz de Tenerife,5.1,5.5,15.0,3.2,71.2
2022,20230101_38038_D11_S016,38038_D11_S016,Santa Cruz de Tenerife,6.1,3.7,24.6,3.2,62.5
2022,20230101_38038_D11_S017,38038_D11_S017,Santa Cruz de Tenerife,7.5,4.0,24.6,4.6,59.3
2022,20230101_38038_D11_S018,38038_D11_S018,Santa Cruz de Tenerife,3.9,6.5,11.5,2.6,75.4
2022,20230101_38038_D11_S019,38038_D11_S019,Santa Cruz de Tenerife,6.7,5.1,17.4,3.3,67.4
2022,20230101_38038_D11_S020,38038_D11_S020,Santa Cruz de Tenerife,4.5,8.5,9.6,2.9,74.6
2022,20230101_38038_D11_S021,38038_D11_S021,Santa Cruz de Tenerife,2.6,13.7,6.0,1.1,76.6
2022,20230101_38038_D12_S001,38038_D12_S001,Santa Cruz de Tenerife,4.0,6.4,18.8,2.8,68.0
2022,20230101_38038_D12_S002,38038_D12_S002,Santa Cruz de Tenerife,5.3,8.1,20.3,3.0,63.2
2022,20230101_38038_D12_S003,38038_D12_S003,Santa Cruz de Tenerife,6.9,4.5,27.0,4.2,57.4
2022,20230101_38038_D12_S004,38038_D12_S004,Santa Cruz de Tenerife,6.2,8.2,25.7,3.3,56.6
2022,20230101_38038_D12_S005,38038_D12_S005,Santa Cruz de Tenerife,4.8,7.1,13.9,2.9,71.3
2022,20230101_38038_D12_S006,38038_D12_S006,Santa Cruz de Tenerife,5.7,5.9,13.7,4.1,70.6
2022,20230101_38038_D12_S007,38038_D12_S007,Santa Cruz de Tenerife,4.9,7.0,14.2,2.9,71.0
2022,20230101_38038_D12_S008,38038_D12_S008,Santa Cruz de Tenerife,4.8,6.3,11.4,2.7,74.9
2022,20230101_38038_D12_S009,38038_D12_S009,Santa Cruz de Tenerife,3.5,5.2,8.8,2.8,79.8
2022,20230101_38038_D12_S010,38038_D12_S010,Santa Cruz de Tenerife,4.6,6.7,5.4,2.4,81.0
2022,20230101_38038_D12_S011,38038_D12_S011,Santa Cruz de Tenerife,7.7,4.3,11.9,3.4,72.7
2022,20230101_38039_D01_S001,38039_D01_S001,Santa Úrsula,5.5,12.1,18.9,4.4,59.2
2022,20230101_38039_D01_S002,38039_D01_S002,Santa Úrsula,6.4,13.1,21.4,4.6,54.6
2022,20230101_38039_D01_S003,38039_D01_S003,Santa Úrsula,6.6,7.5,20.8,4.6,60.5
2022,20230101_38039_D01_S004,38039_D01_S004,Santa Úrsula,3.4,19.4,15.8,1.9,59.7
2022,20230101_38039_D01_S005,38039_D01_S005,Santa Úrsula,5.7,13.3,20.0,3.2,57.9
2022,20230101_38039_D01_S006,38039_D01_S006,Santa Úrsula,4.7,16.5,15.6,3.1,60.0
2022,20230101_38039_D01_S007,38039_D01_S007,Santa Úrsula,4.6,10.5,13.2,2.9,68.8
2022,20230101_38039_D01_S008,38039_D01_S008,Santa Úrsula,4.6,11.5,19.4,2.9,61.6
2022,20230101_38039_D01_S009,38039_D01_S009,Santa Úrsula,2.7,26.4,10.1,1.4,59.3
2022,20230101_38040_D01_S001,38040_D01_S001,Santiago del Teide,4.3,10.8,19.9,3.1,61.9
2022,20230101_38040_D01_S002,38040_D01_S002,Santiago del Teide,3.2,23.3,13.7,2.3,57.6
2022,20230101_38040_D01_S003,38040_D01_S003,Santiago del Teide,4.4,14.6,14.0,3.1,63.9
2022,20230101_38040_D01_S004,38040_D01_S004,Santiago del Teide,3.3,21.6,16.9,2.6,55.6
2022,20230101_38041_D01_S001,38041_D01_S001,El Sauzal,3.2,19.5,17.3,1.4,58.6
2022,20230101_38041_D01_S002,38041_D01_S002,El Sauzal,5.0,6.4,21.8,3.4,63.5
2022,20230101_38041_D01_S003,38041_D01_S003,El Sauzal,4.4,7.1,24.2,3.4,60.9
2022,20230101_38041_D01_S004,38041_D01_S004,El Sauzal,3.4,19.3,21.0,1.5,54.9
2022,20230101_38041_D01_S005,38041_D01_S005,El Sauzal,4.5,10.3,15.2,2.1,67.9
2022,20230101_38041_D01_S006,38041_D01_S006,El Sauzal,6.3,4.3,18.9,4.0,66.6
2022,20230101_38042_D01_S001,38042_D01_S001,Los Silos,3.7,15.6,25.4,2.8,52.6
2022,20230101_38042_D01_S002,38042_D01_S002,Los Silos,4.9,12.1,28.6,3.3,51.2
2022,20230101_38042_D01_S003,38042_D01_S003,Los Silos,4.8,9.9,28.0,4.1,53.3
2022,20230101_38042_D01_S004,38042_D01_S004,Los Silos,4.2,9.8,23.4,3.5,59.2
2022,20230101_38043_D01_S001,38043_D01_S001,Tacoronte,3.8,14.7,17.0,2.4,62.1
2022,20230101_38043_D01_S002,38043_D01_S002,Tacoronte,3.8,13.0,22.2,1.6,59.4
2022,20230101_38043_D01_S003,38043_D01_S003,Tacoronte,4.1,13.6,17.8,2.1,62.4
2022,20230101_38043_D01_S004,38043_D01_S004,Tacoronte,6.6,5.6,27.1,3.4,57.3
2022,20230101_38043_D01_S005,38043_D01_S005,Tacoronte,3.8,17.4,18.1,2.1,58.6
2022,20230101_38043_D01_S006,38043_D01_S006,Tacoronte,3.1,9.0,20.7,2.0,65.3
2022,20230101_38043_D01_S007,38043_D01_S007,Tacoronte,4.7,9.1,19.5,3.7,63.0
2022,20230101_38043_D01_S008,38043_D01_S008,Tacoronte,3.8,13.8,20.2,2.0,60.3
2022,20230101_38043_D01_S009,38043_D01_S009,Tacoronte,4.7,14.1,15.5,3.3,62.4
2022,20230101_38043_D01_S010,38043_D01_S010,Tacoronte,3.1,13.2,14.2,1.7,67.8
2022,20230101_38043_D01_S011,38043_D01_S011,Tacoronte,3.2,10.0,18.4,2.3,66.2
2022,20230101_38043_D01_S012,38043_D01_S012,Tacoronte,5.6,7.3,24.2,3.6,59.3
2022,20230101_38043_D01_S013,38043_D01_S013,Tacoronte,5.3,11.3,20.7,2.3,60.5
2022,20230101_38043_D01_S014,38043_D01_S014,Tacoronte,3.6,13.6,16.4,1.4,64.9
2022,20230101_38043_D01_S015,38043_D01_S015,Tacoronte,3.8,12.2,15.1,2.1,66.9
2022,20230101_38044_D01_S001,38044_D01_S001,El Tanque,4.3,14.3,20.7,3.8,56.9
2022,20230101_38044_D01_S002,38044_D01_S002,El Tanque,6.7,7.2,22.1,5.0,59.0
2022,20230101_38045_D01_S001,38045_D01_S001,Tazacorte,5.1,11.3,23.0,5.4,55.2
2022,20230101_38045_D01_S002,38045_D01_S002,Tazacorte,6.6,13.8,20.6,4.8,54.2
2022,20230101_38045_D01_S003,38045_D01_S003,Tazacorte,9.4,15.4,18.8,6.3,50.1
2022,20230101_38045_D01_S004,38045_D01_S004,Tazacorte,5.8,9.3,24.5,7.1,53.3
2022,20230101_38046_D01_S001,38046_D01_S001,Tegueste,3.1,14.0,16.6,1.6,64.8
2022,20230101_38046_D01_S002,38046_D01_S002,Tegueste,3.2,9.8,23.1,2.4,61.6
2022,20230101_38046_D01_S003,38046_D01_S003,Tegueste,4.3,10.6,19.6,2.4,63.1
2022,20230101_38046_D01_S004,38046_D01_S004,Tegueste,3.3,12.7,17.5,2.0,64.5
2022,20230101_38046_D01_S005,38046_D01_S005,Tegueste,4.0,17.6,19.5,1.6,57.2
2022,20230101_38046_D01_S006,38046_D01_S006,Tegueste,2.8,14.0,25.3,1.4,56.4
2022,20230101_38046_D01_S007,38046_D01_S007,Tegueste,3.4,9.1,13.5,2.4,71.7
2022,20230101_38047_D01_S001,38047_D01_S001,Tijarafe,4.2,20.9,19.3,3.7,51.8
2022,20230101_38047_D01_S002,38047_D01_S002,Tijarafe,3.9,28.5,23.5,2.9,41.1
2022,20230101_38048_D01_S001,38048_D01_S001,Valverde,3.3,11.3,22.2,2.3,60.8
2022,20230101_38048_D01_S002,38048_D01_S002,Valverde,4.2,9.3,20.9,2.8,62.8
2022,20230101_38048_D01_S004,38048_D01_S004,Valverde,3.1,12.9,21.0,2.0,60.9
2022,20230101_38049_D01_S001,38049_D01_S001,Valle Gran Rey,3.7,24.4,17.8,2.5,51.6
2022,20230101_38049_D01_S002,38049_D01_S002,Valle Gran Rey,3.8,18.0,23.5,3.0,51.6
2022,20230101_38050_D01_S001,38050_D01_S001,Vallehermoso,4.1,13.1,26.8,3.5,52.6
2022,20230101_38050_D03_S001,38050_D03_S001,Vallehermoso,4.2,13.3,32.2,3.0,47.3
2022,20230101_38051_D01_S001,38051_D01_S001,La Victoria de Acentejo,5.6,11.6,24.0,3.7,55.1
2022,20230101_38051_D01_S002,38051_D01_S002,La Victoria de Acentejo,4.8,12.9,17.4,3.2,61.7
2022,20230101_38051_D01_S003,38051_D01_S003,La Victoria de Acentejo,6.2,8.4,24.1,4.8,56.5
2022,20230101_38051_D01_S004,38051_D01_S004,La Victoria de Acentejo,5.8,8.7,24.2,4.1,57.3
2022,20230101_38051_D01_S005,38051_D01_S005,La Victoria de Acentejo,5.0,10.5,17.9,3.0,63.8
2022,20230101_38051_D01_S006,38051_D01_S006,La Victoria de Acentejo,4.6,9.0,16.9,3.7,65.7
2022,20230101_38051_D01_S007,38051_D01_S007,La Victoria de Acentejo,4.6,14.1,21.9,2.8,56.6
2022,20230101_38052_D01_S001,38052_D01_S001,Vilaflor de Chasna,3.2,14.7,22.8,3.3,56.0
2022,20230101_38053_D01_S001,38053_D01_S001,Villa de Mazo,4.2,18.0,16.1,1.9,59.9
2022,20230101_38053_D01_S002,38053_D01_S002,Villa de Mazo,3.1,10.2,21.0,2.2,63.5
2022,20230101_38053_D01_S003,38053_D01_S003,Villa de Mazo,2.5,12.0,17.6,2.2,65.8
2022,20230101_38053_D01_S004,38053_D01_S004,Villa de Mazo,3.2,10.6,21.7,3.1,61.5
2022,20230101_38053_D01_S005,38053_D01_S005,Villa de Mazo,3.9,9.8,22.7,3.1,60.5
2022,20230101_38901_D01_S001,38901_D01_S001,El Pinar de El Hierro,3.8,12.8,20.7,2.8,60.0
2023,20240101_35001_D01_S001,35001_D01_S001,Agaete,5.4,7.4,25.3,3.0,59.0
2023,20240101_35001_D01_S002,35001_D01_S002,Agaete,8.0,12.2,25.4,3.4,51.0
2023,20240101_35001_D01_S003,35001_D01_S003,Agaete,7.8,8.6,23.5,2.9,57.3
2023,20240101_35001_D01_S004,35001_D01_S004,Agaete,7.0,12.3,18.7,2.1,59.8
2023,20240101_35001_D01_S005,35001_D01_S005,Agaete,5.6,13.7,20.3,2.6,57.8
2023,20240101_35002_D01_S001,35002_D01_S001,Agüimes,7.3,7.9,18.3,2.9,63.6
2023,20240101_35002_D01_S002,35002_D01_S002,Agüimes,6.2,18.2,21.5,2.2,51.8
2023,20240101_35002_D01_S003,35002_D01_S003,Agüimes,7.2,8.0,18.0,2.9,63.9
2023,20240101_35002_D01_S004,35002_D01_S004,Agüimes,5.6,14.7,13.7,2.8,63.3
2023,20240101_35002_D01_S005,35002_D01_S005,Agüimes,10.8,3.6,23.4,6.1,56.1
2023,20240101_35002_D01_S006,35002_D01_S006,Agüimes,4.0,16.0,17.9,1.5,60.6
2023,20240101_35002_D01_S007,35002_D01_S007,Agüimes,7.5,6.6,22.9,2.6,60.4
2023,20240101_35002_D01_S008,35002_D01_S008,Agüimes,5.1,12.2,20.6,3.1,59.0
2023,20240101_35002_D01_S009,35002_D01_S009,Agüimes,5.5,9.6,13.3,2.9,68.7
2023,20240101_35002_D01_S011,35002_D01_S011,Agüimes,7.0,8.9,18.7,3.2,62.2
2023,20240101_35002_D01_S012,35002_D01_S012,Agüimes,4.8,8.8,13.6,2.8,70.0
2023,20240101_35002_D01_S013,35002_D01_S013,Agüimes,7.8,5.9,14.3,4.1,67.9
2023,20240101_35002_D01_S014,35002_D01_S014,Agüimes,6.2,8.3,25.6,2.6,57.4
2023,20240101_35002_D01_S015,35002_D01_S015,Agüimes,6.4,8.8,14.0,3.3,67.5
2023,20240101_35002_D01_S016,35002_D01_S016,Agüimes,4.7,9.8,13.3,2.4,69.8
2023,20240101_35002_D01_S017,35002_D01_S017,Agüimes,5.4,12.8,8.9,3.0,69.9
2023,20240101_35002_D01_S018,35002_D01_S018,Agüimes,4.9,11.9,17.6,2.1,63.6
2023,20240101_35002_D01_S019,35002_D01_S019,Agüimes,3.8,10.9,5.6,1.6,78.1
2023,20240101_35002_D01_S020,35002_D01_S020,Agüimes,4.7,6.4,7.4,2.2,79.3
2023,20240101_35002_D01_S021,35002_D01_S021,Agüimes,3.5,10.6,11.9,1.6,72.5
2023,20240101_35002_D01_S022,35002_D01_S022,Agüimes,4.1,12.2,14.5,2.4,66.8
2023,20240101_35002_D01_S023,35002_D01_S023,Agüimes,4.6,10.8,13.7,1.8,69.2
2023,20240101_35003_D01_S001,35003_D01_S001,Antigua,3.9,10.8,16.5,2.4,66.4
2023,20240101_35003_D01_S002,35003_D01_S002,Antigua,4.1,13.8,17.6,2.6,62.0
2023,20240101_35003_D01_S003,35003_D01_S003,Antigua,2.4,19.9,12.1,2.0,63.6
2023,20240101_35003_D01_S004,35003_D01_S004,Antigua,5.3,11.9,14.4,3.3,65.0
2023,20240101_35003_D01_S005,35003_D01_S005,Antigua,3.3,13.9,15.6,3.0,64.2
2023,20240101_35004_D01_S001,35004_D01_S001,Arrecife,3.3,19.4,15.5,1.7,60.2
2023,20240101_35004_D01_S002,35004_D01_S002,Arrecife,6.3,6.6,20.0,3.2,64.0
2023,20240101_35004_D01_S003,35004_D01_S003,Arrecife,3.2,24.9,13.3,1.6,57.0
2023,20240101_35004_D01_S004,35004_D01_S004,Arrecife,3.8,11.3,16.3,1.9,66.6
2023,20240101_35004_D01_S005,35004_D01_S005,Arrecife,4.6,6.5,13.1,2.8,73.1
2023,20240101_35004_D01_S006,35004_D01_S006,Arrecife,3.5,9.6,11.2,2.8,72.9
2023,20240101_35004_D01_S007,35004_D01_S007,Arrecife,3.1,10.1,10.2,2.3,74.4
2023,20240101_35004_D01_S008,35004_D01_S008,Arrecife,4.0,13.1,14.3,2.3,66.4
2023,20240101_35004_D01_S009,35004_D01_S009,Arrecife,2.3,22.2,20.5,1.5,53.5
2023,20240101_35004_D01_S010,35004_D01_S010,Arrecife,3.7,12.2,20.3,2.1,61.8
2023,20240101_35004_D01_S011,35004_D01_S011,Arrecife,2.7,7.7,12.4,2.5,74.7
2023,20240101_35004_D01_S012,35004_D01_S012,Arrecife,4.1,7.0,16.6,2.3,70.0
2023,20240101_35004_D02_S001,35004_D02_S001,Arrecife,4.8,8.9,11.2,2.6,72.6
2023,20240101_35004_D02_S002,35004_D02_S002,Arrecife,4.5,8.1,15.1,3.1,69.3
2023,20240101_35004_D02_S003,35004_D02_S003,Arrecife,5.4,7.7,18.7,3.0,65.2
2023,20240101_35004_D02_S004,35004_D02_S004,Arrecife,5.2,8.0,18.9,3.3,64.6
2023,20240101_35004_D02_S005,35004_D02_S005,Arrecife,5.2,6.4,12.7,2.4,73.2
2023,20240101_35004_D02_S006,35004_D02_S006,Arrecife,5.1,7.7,15.1,3.3,68.8
2023,20240101_35004_D02_S007,35004_D02_S007,Arrecife,5.1,6.1,19.3,3.4,66.0
2023,20240101_35004_D02_S008,35004_D02_S008,Arrecife,4.6,11.1,15.2,3.1,66.0
2023,20240101_35004_D02_S009,35004_D02_S009,Arrecife,5.0,7.0,15.1,2.9,70.1
2023,20240101_35004_D02_S010,35004_D02_S010,Arrecife,4.0,6.6,13.1,2.6,73.8
2023,20240101_35004_D02_S011,35004_D02_S011,Arrecife,4.6,9.6,19.0,2.5,64.5
2023,20240101_35004_D02_S012,35004_D02_S012,Arrecife,4.6,4.9,7.8,3.5,79.1
2023,20240101_35004_D02_S013,35004_D02_S013,Arrecife,4.0,8.4,13.6,2.4,71.6
2023,20240101_35004_D02_S014,35004_D02_S014,Arrecife,4.5,6.9,15.0,2.6,71.1
2023,20240101_35004_D02_S015,35004_D02_S015,Arrecife,4.1,8.6,11.2,3.0,73.1
2023,20240101_35004_D02_S016,35004_D02_S016,Arrecife,4.9,7.5,9.9,3.5,74.3
2023,20240101_35004_D02_S017,35004_D02_S017,Arrecife,5.5,6.3,10.2,3.3,74.7
2023,20240101_35004_D02_S018,35004_D02_S018,Arrecife,3.8,10.5,8.7,2.7,74.5
2023,20240101_35004_D02_S019,35004_D02_S019,Arrecife,3.9,9.3,14.7,3.4,68.7
2023,20240101_35004_D02_S020,35004_D02_S020,Arrecife,5.6,5.1,10.0,3.1,76.3
2023,20240101_35004_D02_S021,35004_D02_S021,Arrecife,1.6,32.3,13.1,0.6,52.4
2023,20240101_35005_D01_S001,35005_D01_S001,Artenara,5.1,11.0,23.8,2.2,57.9
2023,20240101_35006_D01_S001,35006_D01_S001,Arucas,6.5,11.9,25.0,2.2,54.4
2023,20240101_35006_D01_S002,35006_D01_S002,Arucas,4.0,14.6,16.8,1.8,62.9
2023,20240101_35006_D01_S003,35006_D01_S003,Arucas,7.6,9.5,22.7,2.7,57.5
2023,20240101_35006_D01_S004,35006_D01_S004,Arucas,5.5,7.7,16.7,2.1,67.9
2023,20240101_35006_D01_S005,35006_D01_S005,Arucas,9.2,11.0,21.0,3.0,55.8
2023,20240101_35006_D02_S001,35006_D02_S001,Arucas,5.7,7.8,23.3,2.7,60.5
2023,20240101_35006_D02_S002,35006_D02_S002,Arucas,5.5,11.2,20.9,1.9,60.6
2023,20240101_35006_D02_S003,35006_D02_S003,Arucas,5.9,8.4,23.0,2.5,60.3
2023,20240101_35006_D03_S001,35006_D03_S001,Arucas,6.7,9.8,18.0,2.9,62.7
2023,20240101_35006_D03_S002,35006_D03_S002,Arucas,4.8,8.2,17.7,2.0,67.3
2023,20240101_35006_D03_S003,35006_D03_S003,Arucas,5.9,8.6,21.4,2.1,62.0
2023,20240101_35006_D03_S004,35006_D03_S004,Arucas,4.0,9.9,20.1,3.2,62.7
2023,20240101_35006_D04_S001,35006_D04_S001,Arucas,5.6,8.4,17.8,2.2,66.1
2023,20240101_35006_D04_S002,35006_D04_S002,Arucas,5.1,10.4,15.4,2.6,66.6
2023,20240101_35006_D04_S003,35006_D04_S003,Arucas,5.8,8.2,17.0,1.6,67.4
2023,20240101_35006_D04_S004,35006_D04_S004,Arucas,5.3,10.7,19.5,2.1,62.5
2023,20240101_35006_D05_S001,35006_D05_S001,Arucas,5.3,7.4,13.2,2.2,72.0
2023,20240101_35006_D05_S002,35006_D05_S002,Arucas,5.9,10.0,18.2,2.1,63.8
2023,20240101_35006_D05_S003,35006_D05_S003,Arucas,6.7,7.1,15.9,2.8,67.5
2023,20240101_35006_D05_S004,35006_D05_S004,Arucas,6.6,3.4,21.3,3.4,65.3
2023,20240101_35006_D05_S005,35006_D05_S005,Arucas,6.1,8.1,18.5,2.5,64.9
2023,20240101_35006_D05_S006,35006_D05_S006,Arucas,4.9,8.3,10.6,2.0,74.2
2023,20240101_35006_D06_S001,35006_D06_S001,Arucas,4.6,12.5,16.2,1.9,64.8
2023,20240101_35006_D06_S002,35006_D06_S002,Arucas,5.1,11.2,15.1,2.1,66.6
2023,20240101_35006_D06_S003,35006_D06_S003,Arucas,4.0,12.5,16.9,1.7,65.0
2023,20240101_35006_D07_S001,35006_D07_S001,Arucas,7.9,8.2,22.7,3.1,58.1
2023,20240101_35006_D07_S002,35006_D07_S002,Arucas,7.7,8.0,23.1,2.9,58.4
2023,20240101_35007_D01_S001,35007_D01_S001,Betancuria,4.1,20.0,20.6,1.9,53.3
2023,20240101_35008_D01_S001,35008_D01_S001,Firgas,5.8,8.9,20.9,2.3,62.1
2023,20240101_35008_D01_S002,35008_D01_S002,Firgas,6.2,6.7,17.5,2.6,67.1
2023,20240101_35008_D02_S001,35008_D02_S001,Firgas,5.9,11.8,20.8,2.8,58.8
2023,20240101_35008_D03_S001,35008_D03_S001,Firgas,8.2,6.0,22.4,2.5,61.0
2023,20240101_35008_D03_S002,35008_D03_S002,Firgas,6.5,9.0,18.0,2.4,64.2
2023,20240101_35008_D04_S001,35008_D04_S001,Firgas,6.2,11.5,20.7,2.7,58.9
2023,20240101_35008_D04_S002,35008_D04_S002,Firgas,5.9,9.9,14.1,2.3,67.7
2023,20240101_35009_D01_S001,35009_D01_S001,Gáldar,8.0,14.5,22.9,1.7,52.9
2023,20240101_35009_D01_S002,35009_D01_S002,Gáldar,5.8,14.1,21.4,1.8,57.0
2023,20240101_35009_D01_S003,35009_D01_S003,Gáldar,11.4,10.7,20.4,2.6,54.9
2023,20240101_35009_D01_S004,35009_D01_S004,Gáldar,6.5,11.1,24.9,2.4,55.2
2023,20240101_35009_D01_S005,35009_D01_S005,Gáldar,7.6,6.8,25.4,4.3,56.0
2023,20240101_35009_D01_S006,35009_D01_S006,Gáldar,7.5,9.1,17.2,3.0,63.2
2023,20240101_35009_D01_S007,35009_D01_S007,Gáldar,7.0,8.6,16.4,2.5,65.5
2023,20240101_35009_D01_S008,35009_D01_S008,Gáldar,8.0,9.9,24.1,2.6,55.4
2023,20240101_35009_D01_S009,35009_D01_S009,Gáldar,8.4,5.6,16.4,3.1,66.4
2023,20240101_35009_D01_S010,35009_D01_S010,Gáldar,7.1,6.5,16.0,2.6,67.8
2023,20240101_35009_D01_S011,35009_D01_S011,Gáldar,11.9,8.0,29.9,2.9,47.3
2023,20240101_35009_D01_S013,35009_D01_S013,Gáldar,5.6,15.3,21.8,1.4,55.9
2023,20240101_35009_D01_S014,35009_D01_S014,Gáldar,9.3,4.5,17.6,3.5,65.2
2023,20240101_35009_D01_S015,35009_D01_S015,Gáldar,8.0,6.8,18.9,3.1,63.3
2023,20240101_35009_D01_S016,35009_D01_S016,Gáldar,10.1,7.0,27.8,3.5,51.6
2023,20240101_35009_D01_S017,35009_D01_S017,Gáldar,12.0,10.5,19.9,3.7,53.9
2023,20240101_35010_D01_S001,35010_D01_S001,Haría,4.2,16.3,22.4,2.0,55.2
2023,20240101_35010_D01_S002,35010_D01_S002,Haría,4.6,14.1,22.5,1.8,57.0
2023,20240101_35010_D01_S003,35010_D01_S003,Haría,3.6,19.6,17.8,2.0,57.0
2023,20240101_35010_D01_S004,35010_D01_S004,Haría,4.1,15.2,19.8,2.1,58.8
2023,20240101_35011_D01_S001,35011_D01_S001,Ingenio,5.4,9.4,17.3,2.2,65.7
2023,20240101_35011_D01_S002,35011_D01_S002,Ingenio,9.5,7.4,21.6,3.2,58.3
2023,20240101_35011_D01_S003,35011_D01_S003,Ingenio,6.1,6.5,15.8,2.7,69.0
2023,20240101_35011_D01_S004,35011_D01_S004,Ingenio,5.6,8.6,14.2,2.8,68.9
2023,20240101_35011_D01_S005,35011_D01_S005,Ingenio,11.3,6.0,24.4,4.4,53.9
2023,20240101_35011_D01_S006,35011_D01_S006,Ingenio,7.8,9.1,16.6,2.6,63.9
2023,20240101_35011_D01_S007,35011_D01_S007,Ingenio,6.0,12.4,17.2,2.2,62.3
2023,20240101_35011_D02_S001,35011_D02_S001,Ingenio,6.3,11.4,17.3,2.2,62.9
2023,20240101_35011_D02_S002,35011_D02_S002,Ingenio,6.9,8.9,17.1,3.3,64.0
2023,20240101_35011_D02_S003,35011_D02_S003,Ingenio,6.8,8.4,20.8,2.4,61.6
2023,20240101_35011_D03_S001,35011_D03_S001,Ingenio,7.9,7.0,21.1,3.0,61.0
2023,20240101_35011_D03_S002,35011_D03_S002,Ingenio,7.3,9.0,17.5,3.2,63.1
2023,20240101_35011_D03_S003,35011_D03_S003,Ingenio,6.7,9.0,13.0,2.9,68.5
2023,20240101_35011_D03_S004,35011_D03_S004,Ingenio,8.4,7.3,16.5,3.6,64.1
2023,20240101_35011_D03_S005,35011_D03_S005,Ingenio,6.0,8.6,18.8,2.8,63.9
2023,20240101_35011_D03_S006,35011_D03_S006,Ingenio,8.5,9.5,18.3,3.0,60.8
2023,20240101_35011_D03_S007,35011_D03_S007,Ingenio,5.7,4.8,13.8,3.7,72.1
2023,20240101_35011_D03_S008,35011_D03_S008,Ingenio,5.4,10.7,13.5,2.8,67.6
2023,20240101_35011_D03_S009,35011_D03_S009,Ingenio,6.4,4.6,16.4,3.4,69.3
2023,20240101_35012_D01_S001,35012_D01_S001,Mogán,5.1,16.1,19.0,2.1,57.7
2023,20240101_35012_D01_S002,35012_D01_S002,Mogán,5.1,22.9,17.3,2.7,52.0
2023,20240101_35012_D01_S003,35012_D01_S003,Mogán,4.8,9.9,14.2,3.3,67.8
2023,20240101_35012_D02_S001,35012_D02_S001,Mogán,3.4,21.0,13.9,2.6,59.2
2023,20240101_35012_D02_S002,35012_D02_S002,Mogán,3.6,19.5,9.4,2.0,65.5
2023,20240101_35012_D03_S001,35012_D03_S001,Mogán,7.3,13.8,25.2,4.0,49.7
2023,20240101_35012_D03_S002,35012_D03_S002,Mogán,4.3,13.0,21.6,3.9,57.2
2023,20240101_35012_D04_S001,35012_D04_S001,Mogán,4.6,11.2,17.2,3.1,64.0
2023,20240101_35012_D04_S002,35012_D04_S002,Mogán,3.7,26.0,16.0,1.9,52.4
2023,20240101_35012_D04_S003,35012_D04_S003,Mogán,5.3,10.0,9.3,3.4,72.0
2023,20240101_35012_D05_S001,35012_D05_S001,Mogán,5.2,13.4,17.7,2.6,61.2
2023,20240101_35013_D01_S001,35013_D01_S001,Moya,6.4,17.7,21.7,2.1,52.2
2023,20240101_35013_D01_S002,35013_D01_S002,Moya,8.6,14.0,19.5,3.1,54.8
2023,20240101_35013_D01_S003,35013_D01_S003,Moya,9.4,11.6,17.5,2.4,59.2
2023,20240101_35013_D01_S004,35013_D01_S004,Moya,6.6,13.8,20.6,2.7,56.4
2023,20240101_35013_D01_S005,35013_D01_S005,Moya,7.3,13.1,18.1,2.8,58.7
2023,20240101_35013_D01_S006,35013_D01_S006,Moya,5.6,17.5,26.2,2.3,48.4
2023,20240101_35014_D01_S001,35014_D01_S001,La Oliva,3.8,17.9,15.1,2.8,60.4
2023,20240101_35014_D01_S002,35014_D01_S002,La Oliva,3.1,21.7,14.3,2.5,58.4
2023,20240101_35014_D01_S003,35014_D01_S003,La Oliva,4.0,15.6,10.4,3.1,67.0
2023,20240101_35014_D01_S004,35014_D01_S004,La Oliva,2.0,28.5,9.8,2.1,57.6
2023,20240101_35014_D01_S005,35014_D01_S005,La Oliva,3.5,26.2,10.8,2.7,56.8
2023,20240101_35014_D01_S006,35014_D01_S006,La Oliva,3.6,16.6,8.5,3.2,68.2
2023,20240101_35014_D01_S007,35014_D01_S007,La Oliva,4.6,16.2,11.1,3.8,64.3
2023,20240101_35014_D01_S008,35014_D01_S008,La Oliva,4.0,18.3,12.2,3.2,62.3
2023,20240101_35014_D01_S009,35014_D01_S009,La Oliva,3.4,22.3,11.4,2.8,60.1
2023,20240101_35014_D01_S010,35014_D01_S010,La Oliva,3.3,17.6,10.3,2.5,66.3
2023,20240101_35015_D01_S001,35015_D01_S001,Pájara,4.3,9.4,18.3,2.5,65.5
2023,20240101_35015_D02_S001,35015_D02_S001,Pájara,4.2,11.6,13.0,2.6,68.6
2023,20240101_35015_D03_S001,35015_D03_S001,Pájara,2.9,14.3,5.9,2.6,74.4
2023,20240101_35015_D03_S002,35015_D03_S002,Pájara,4.3,8.3,6.3,2.9,78.3
2023,20240101_35015_D04_S001,35015_D04_S001,Pájara,2.4,13.3,6.5,1.9,75.9
2023,20240101_35015_D04_S002,35015_D04_S002,Pájara,3.6,10.9,7.4,2.6,75.5
2023,20240101_35015_D04_S003,35015_D04_S003,Pájara,4.3,10.2,12.9,2.6,70.0
2023,20240101_35015_D04_S004,35015_D04_S004,Pájara,4.7,7.9,8.3,2.2,76.9
2023,20240101_35015_D04_S005,35015_D04_S005,Pájara,5.0,6.7,6.6,2.8,78.9
2023,20240101_35015_D04_S006,35015_D04_S006,Pájara,2.6,20.6,12.6,2.7,61.6
2023,20240101_35016_D01_S001,35016_D01_S001,Las Palmas de Gran Canaria,2.8,24.3,18.2,0.7,54.0
2023,20240101_35016_D01_S003,35016_D01_S003,Las Palmas de Gran Canaria,3.2,28.7,14.7,1.1,52.4
2023,20240101_35016_D01_S004,35016_D01_S004,Las Palmas de Gran Canaria,4.0,23.9,24.0,1.5,46.6
2023,20240101_35016_D01_S005,35016_D01_S005,Las Palmas de Gran Canaria,4.5,13.1,23.5,1.6,57.3
2023,20240101_35016_D01_S006,35016_D01_S006,Las Palmas de Gran Canaria,6.4,5.0,22.3,1.8,64.5
2023,20240101_35016_D01_S007,35016_D01_S007,Las Palmas de Gran Canaria,12.8,2.5,30.2,4.3,50.3
2023,20240101_35016_D01_S008,35016_D01_S008,Las Palmas de Gran Canaria,13.4,2.1,28.3,4.9,51.3
2023,20240101_35016_D01_S010,35016_D01_S010,Las Palmas de Gran Canaria,5.8,7.0,30.2,1.7,55.4
2023,20240101_35016_D01_S011,35016_D01_S011,Las Palmas de Gran Canaria,9.3,3.6,29.1,2.9,55.1
2023,20240101_35016_D01_S012,35016_D01_S012,Las Palmas de Gran Canaria,10.5,3.7,26.9,3.5,55.4
2023,20240101_35016_D01_S013,35016_D01_S013,Las Palmas de Gran Canaria,11.2,3.0,33.3,3.5,48.9
2023,20240101_35016_D01_S014,35016_D01_S014,Las Palmas de Gran Canaria,9.0,2.7,31.8,2.4,54.0
2023,20240101_35016_D01_S015,35016_D01_S015,Las Palmas de Gran Canaria,10.5,6.8,21.9,3.8,57.0
2023,20240101_35016_D01_S017,35016_D01_S017,Las Palmas de Gran Canaria,7.0,3.6,21.7,2.9,64.9
2023,20240101_35016_D01_S018,35016_D01_S018,Las Palmas de Gran Canaria,8.8,4.7,26.8,3.9,55.9
2023,20240101_35016_D01_S019,35016_D01_S019,Las Palmas de Gran Canaria,8.2,5.7,23.6,4.3,58.3
2023,20240101_35016_D01_S020,35016_D01_S020,Las Palmas de Gran Canaria,10.3,7.4,22.1,3.0,57.3
2023,20240101_35016_D01_S021,35016_D01_S021,Las Palmas de Gran Canaria,10.4,3.5,22.6,3.5,60.0
2023,20240101_35016_D01_S023,35016_D01_S023,Las Palmas de Gran Canaria,5.4,6.9,21.8,3.6,62.3
2023,20240101_35016_D01_S024,35016_D01_S024,Las Palmas de Gran Canaria,6.2,14.6,26.8,3.2,49.3
2023,20240101_35016_D01_S025,35016_D01_S025,Las Palmas de Gran Canaria,8.4,0.1,24.6,2.7,64.2
2023,20240101_35016_D01_S026,35016_D01_S026,Las Palmas de Gran Canaria,9.0,5.0,27.3,2.8,55.9
2023,20240101_35016_D01_S027,35016_D01_S027,Las Palmas de Gran Canaria,8.9,3.6,25.1,3.9,58.6
2023,20240101_35016_D01_S029,35016_D01_S029,Las Palmas de Gran Canaria,10.6,1.7,22.7,4.8,60.2
2023,20240101_35016_D01_S030,35016_D01_S030,Las Palmas de Gran Canaria,11.1,2.3,28.1,3.2,55.2
2023,20240101_35016_D01_S031,35016_D01_S031,Las Palmas de Gran Canaria,10.8,2.0,25.5,4.8,56.9
2023,20240101_35016_D01_S032,35016_D01_S032,Las Palmas de Gran Canaria,6.0,8.7,22.3,2.3,60.8
2023,20240101_35016_D01_S033,35016_D01_S033,Las Palmas de Gran Canaria,6.4,4.8,25.4,3.5,60.0
2023,20240101_35016_D01_S034,35016_D01_S034,Las Palmas de Gran Canaria,6.3,6.9,25.7,3.1,58.0
2023,20240101_35016_D01_S035,35016_D01_S035,Las Palmas de Gran Canaria,6.5,7.3,19.1,3.3,63.8
2023,20240101_35016_D01_S036,35016_D01_S036,Las Palmas de Gran Canaria,6.8,6.8,20.2,3.7,62.4
2023,20240101_35016_D01_S037,35016_D01_S037,Las Palmas de Gran Canaria,7.1,3.2,28.1,2.5,59.1
2023,20240101_35016_D01_S038,35016_D01_S038,Las Palmas de Gran Canaria,7.8,4.7,25.4,3.1,59.0
2023,20240101_35016_D01_S039,35016_D01_S039,Las Palmas de Gran Canaria,6.2,11.5,19.0,3.2,60.1
2023,20240101_35016_D01_S040,35016_D01_S040,Las Palmas de Gran Canaria,7.5,8.0,22.7,2.5,59.4
2023,20240101_35016_D01_S041,35016_D01_S041,Las Palmas de Gran Canaria,8.7,6.8,22.7,3.3,58.5
2023,20240101_35016_D01_S042,35016_D01_S042,Las Palmas de Gran Canaria,8.7,3.3,23.6,3.3,61.2
2023,20240101_35016_D01_S043,35016_D01_S043,Las Palmas de Gran Canaria,7.3,5.7,28.1,3.0,55.9
2023,20240101_35016_D01_S044,35016_D01_S044,Las Palmas de Gran Canaria,9.5,2.3,36.3,3.6,48.3
2023,20240101_35016_D01_S045,35016_D01_S045,Las Palmas de Gran Canaria,5.4,6.7,29.8,1.7,56.4
2023,20240101_35016_D01_S046,35016_D01_S046,Las Palmas de Gran Canaria,3.1,22.3,16.9,0.9,56.8
2023,20240101_35016_D01_S047,35016_D01_S047,Las Palmas de Gran Canaria,2.4,37.8,12.2,0.5,47.1
2023,20240101_35016_D01_S048,35016_D01_S048,Las Palmas de Gran Canaria,2.8,27.5,16.3,1.0,52.4
2023,20240101_35016_D01_S049,35016_D01_S049,Las Palmas de Gran Canaria,5.5,8.9,16.7,2.4,66.6
2023,20240101_35016_D01_S050,35016_D01_S050,Las Palmas de Gran Canaria,4.4,25.5,19.6,1.3,49.2
2023,20240101_35016_D01_S051,35016_D01_S051,Las Palmas de Gran Canaria,9.9,2.8,23.8,3.8,59.8
2023,20240101_35016_D01_S052,35016_D01_S052,Las Palmas de Gran Canaria,12.7,5.6,24.4,3.6,53.7
2023,20240101_35016_D01_S053,35016_D01_S053,Las Palmas de Gran Canaria,6.6,4.1,25.9,3.2,60.2
2023,20240101_35016_D01_S054,35016_D01_S054,Las Palmas de Gran Canaria,7.3,9.7,21.7,3.5,57.8
2023,20240101_35016_D01_S055,35016_D01_S055,Las Palmas de Gran Canaria,4.1,23.7,19.9,1.1,51.2
2023,20240101_35016_D01_S056,35016_D01_S056,Las Palmas de Gran Canaria,2.6,16.8,10.0,1.0,69.5
2023,20240101_35016_D01_S057,35016_D01_S057,Las Palmas de Gran Canaria,4.8,7.5,13.5,2.2,72.0
2023,20240101_35016_D01_S058,35016_D01_S058,Las Palmas de Gran Canaria,7.3,7.8,22.0,3.4,59.4
2023,20240101_35016_D01_S059,35016_D01_S059,Las Palmas de Gran Canaria,4.1,18.2,19.2,1.5,57.0
2023,20240101_35016_D01_S060,35016_D01_S060,Las Palmas de Gran Canaria,7.3,5.1,27.5,3.1,57.1
2023,20240101_35016_D01_S061,35016_D01_S061,Las Palmas de Gran Canaria,16.8,2.3,21.9,5.2,53.8
2023,20240101_35016_D01_S062,35016_D01_S062,Las Palmas de Gran Canaria,12.7,1.3,29.8,3.5,52.7
2023,20240101_35016_D01_S063,35016_D01_S063,Las Palmas de Gran Canaria,8.5,4.2,26.7,4.6,56.0
2023,20240101_35016_D02_S001,35016_D02_S001,Las Palmas de Gran Canaria,4.2,21.3,29.3,0.7,44.5
2023,20240101_35016_D02_S002,35016_D02_S002,Las Palmas de Gran Canaria,3.5,28.4,22.5,0.6,45.2
2023,20240101_35016_D02_S003,35016_D02_S003,Las Palmas de Gran Canaria,2.5,37.7,14.7,0.6,44.5
2023,20240101_35016_D02_S004,35016_D02_S004,Las Palmas de Gran Canaria,3.0,34.4,15.3,0.5,46.9
2023,20240101_35016_D02_S005,35016_D02_S005,Las Palmas de Gran Canaria,4.0,22.9,18.2,0.8,54.1
2023,20240101_35016_D02_S006,35016_D02_S006,Las Palmas de Gran Canaria,4.5,16.5,21.8,1.0,56.2
2023,20240101_35016_D02_S007,35016_D02_S007,Las Palmas de Gran Canaria,10.2,4.6,21.2,4.6,59.4
2023,20240101_35016_D02_S009,35016_D02_S009,Las Palmas de Gran Canaria,11.0,5.4,27.8,3.8,52.1
2023,20240101_35016_D02_S010,35016_D02_S010,Las Palmas de Gran Canaria,11.1,3.1,21.7,4.0,60.2
2023,20240101_35016_D02_S011,35016_D02_S011,Las Palmas de Gran Canaria,7.2,6.0,24.9,2.5,59.4
2023,20240101_35016_D02_S012,35016_D02_S012,Las Palmas de Gran Canaria,6.3,12.0,21.0,3.0,57.7
2023,20240101_35016_D02_S013,35016_D02_S013,Las Palmas de Gran Canaria,6.1,5.4,27.0,2.8,58.8
2023,20240101_35016_D02_S014,35016_D02_S014,Las Palmas de Gran Canaria,6.0,5.9,27.8,2.6,57.7
2023,20240101_35016_D02_S015,35016_D02_S015,Las Palmas de Gran Canaria,5.4,4.2,24.7,3.2,62.5
2023,20240101_35016_D02_S016,35016_D02_S016,Las Palmas de Gran Canaria,6.2,9.0,27.9,2.2,54.7
2023,20240101_35016_D02_S018,35016_D02_S018,Las Palmas de Gran Canaria,8.7,3.6,22.6,3.7,61.4
2023,20240101_35016_D02_S019,35016_D02_S019,Las Palmas de Gran Canaria,6.7,7.6,23.7,2.8,59.1
2023,20240101_35016_D02_S020,35016_D02_S020,Las Palmas de Gran Canaria,4.2,6.4,15.9,2.3,71.2
2023,20240101_35016_D02_S021,35016_D02_S021,Las Palmas de Gran Canaria,5.4,5.7,24.2,2.8,62.0
2023,20240101_35016_D02_S022,35016_D02_S022,Las Palmas de Gran Canaria,7.0,3.2,23.5,2.5,63.8
2023,20240101_35016_D02_S023,35016_D02_S023,Las Palmas de Gran Canaria,9.9,6.8,20.0,3.3,60.0
2023,20240101_35016_D02_S025,35016_D02_S025,Las Palmas de Gran Canaria,7.4,5.0,21.1,3.4,63.1
2023,20240101_35016_D02_S026,35016_D02_S026,Las Palmas de Gran Canaria,4.5,14.1,12.5,2.6,66.3
2023,20240101_35016_D02_S027,35016_D02_S027,Las Palmas de Gran Canaria,6.3,4.8,31.8,2.4,54.8
2023,20240101_35016_D02_S028,35016_D02_S028,Las Palmas de Gran Canaria,3.5,23.5,21.4,0.9,50.7
2023,20240101_35016_D02_S029,35016_D02_S029,Las Palmas de Gran Canaria,7.8,5.9,20.1,2.9,63.3
2023,20240101_35016_D02_S030,35016_D02_S030,Las Palmas de Gran Canaria,11.9,2.9,33.0,4.0,48.2
2023,20240101_35016_D02_S032,35016_D02_S032,Las Palmas de Gran Canaria,10.5,2.9,30.8,3.7,52.2
2023,20240101_35016_D02_S033,35016_D02_S033,Las Palmas de Gran Canaria,3.7,21.6,21.5,0.9,52.3
2023,20240101_35016_D02_S034,35016_D02_S034,Las Palmas de Gran Canaria,3.3,24.7,19.0,1.1,52.0
2023,20240101_35016_D02_S035,35016_D02_S035,Las Palmas de Gran Canaria,3.0,21.3,16.4,0.7,58.6
2023,20240101_35016_D02_S036,35016_D02_S036,Las Palmas de Gran Canaria,3.9,15.8,21.6,1.0,57.7
2023,20240101_35016_D02_S037,35016_D02_S037,Las Palmas de Gran Canaria,2.0,37.9,20.6,0.4,39.1
2023,20240101_35016_D02_S038,35016_D02_S038,Las Palmas de Gran Canaria,4.4,21.1,21.9,1.4,51.2
2023,20240101_35016_D02_S039,35016_D02_S039,Las Palmas de Gran Canaria,3.9,14.1,16.9,1.6,63.4
2023,20240101_35016_D02_S040,35016_D02_S040,Las Palmas de Gran Canaria,3.2,24.7,22.1,0.6,49.4
2023,20240101_35016_D02_S041,35016_D02_S041,Las Palmas de Gran Canaria,4.3,11.9,19.9,1.6,62.3
2023,20240101_35016_D02_S042,35016_D02_S042,Las Palmas de Gran Canaria,4.5,17.7,17.5,1.7,58.6
2023,20240101_35016_D02_S043,35016_D02_S043,Las Palmas de Gran Canaria,3.7,21.8,14.8,1.5,58.2
2023,20240101_35016_D02_S044,35016_D02_S044,Las Palmas de Gran Canaria,3.3,14.6,21.2,1.4,59.4
2023,20240101_35016_D02_S045,35016_D02_S045,Las Palmas de Gran Canaria,4.2,13.4,23.4,1.5,57.6
2023,20240101_35016_D02_S046,35016_D02_S046,Las Palmas de Gran Canaria,3.0,14.1,14.9,1.4,66.7
2023,20240101_35016_D02_S047,35016_D02_S047,Las Palmas de Gran Canaria,3.3,23.0,21.2,0.5,51.9
2023,20240101_35016_D02_S048,35016_D02_S048,Las Palmas de Gran Canaria,3.7,21.2,24.5,0.6,50.1
2023,20240101_35016_D02_S049,35016_D02_S049,Las Palmas de Gran Canaria,2.8,27.2,18.7,0.6,50.7
2023,20240101_35016_D02_S050,35016_D02_S050,Las Palmas de Gran Canaria,2.4,29.6,16.1,0.5,51.4
2023,20240101_35016_D02_S051,35016_D02_S051,Las Palmas de Gran Canaria,2.2,32.0,10.1,0.4,55.3
2023,20240101_35016_D02_S052,35016_D02_S052,Las Palmas de Gran Canaria,3.5,37.5,13.9,0.7,44.4
2023,20240101_35016_D02_S053,35016_D02_S053,Las Palmas de Gran Canaria,3.6,12.1,22.7,1.7,59.9
2023,20240101_35016_D02_S054,35016_D02_S054,Las Palmas de Gran Canaria,4.4,22.1,17.7,1.6,54.4
2023,20240101_35016_D02_S055,35016_D02_S055,Las Palmas de Gran Canaria,4.6,10.6,24.6,1.8,58.3
2023,20240101_35016_D02_S056,35016_D02_S056,Las Palmas de Gran Canaria,4.3,17.5,17.1,1.6,59.6
2023,20240101_35016_D02_S057,35016_D02_S057,Las Palmas de Gran Canaria,4.4,15.3,21.7,1.7,57.0
2023,20240101_35016_D02_S058,35016_D02_S058,Las Palmas de Gran Canaria,4.2,16.9,21.5,1.5,56.0
2023,20240101_35016_D02_S059,35016_D02_S059,Las Palmas de Gran Canaria,4.4,21.4,21.7,1.0,51.5
2023,20240101_35016_D02_S061,35016_D02_S061,Las Palmas de Gran Canaria,4.7,19.1,24.4,1.0,50.8
2023,20240101_35016_D02_S064,35016_D02_S064,Las Palmas de Gran Canaria,2.8,19.9,19.7,1.0,56.6
2023,20240101_35016_D02_S065,35016_D02_S065,Las Palmas de Gran Canaria,5.9,4.8,21.6,2.2,65.5
2023,20240101_35016_D03_S001,35016_D03_S001,Las Palmas de Gran Canaria,4.1,26.9,22.3,0.9,45.9
2023,20240101_35016_D03_S002,35016_D03_S002,Las Palmas de Gran Canaria,5.0,21.4,20.1,1.6,52.0
2023,20240101_35016_D03_S003,35016_D03_S003,Las Palmas de Gran Canaria,4.9,15.3,22.2,1.5,56.2
2023,20240101_35016_D03_S004,35016_D03_S004,Las Palmas de Gran Canaria,3.4,17.9,19.4,1.2,58.1
2023,20240101_35016_D03_S005,35016_D03_S005,Las Palmas de Gran Canaria,5.0,16.8,21.6,1.8,54.9
2023,20240101_35016_D03_S006,35016_D03_S006,Las Palmas de Gran Canaria,3.2,24.3,19.3,1.1,52.2
2023,20240101_35016_D03_S007,35016_D03_S007,Las Palmas de Gran Canaria,3.9,17.2,23.3,1.6,54.0
2023,20240101_35016_D03_S008,35016_D03_S008,Las Palmas de Gran Canaria,4.1,20.4,19.8,1.6,54.2
2023,20240101_35016_D03_S009,35016_D03_S009,Las Palmas de Gran Canaria,3.2,27.8,19.7,1.1,48.3
2023,20240101_35016_D03_S010,35016_D03_S010,Las Palmas de Gran Canaria,3.8,14.8,25.7,1.2,54.5
2023,20240101_35016_D03_S011,35016_D03_S011,Las Palmas de Gran Canaria,4.0,19.5,19.5,1.8,55.2
2023,20240101_35016_D03_S012,35016_D03_S012,Las Palmas de Gran Canaria,2.9,18.6,22.5,0.7,55.3
2023,20240101_35016_D03_S013,35016_D03_S013,Las Palmas de Gran Canaria,4.3,16.2,29.1,1.5,48.9
2023,20240101_35016_D03_S014,35016_D03_S014,Las Palmas de Gran Canaria,4.1,17.9,22.9,1.0,54.1
2023,20240101_35016_D03_S015,35016_D03_S015,Las Palmas de Gran Canaria,4.5,5.8,19.1,2.7,68.0
2023,20240101_35016_D03_S016,35016_D03_S016,Las Palmas de Gran Canaria,3.5,18.5,21.8,1.3,54.9
2023,20240101_35016_D03_S017,35016_D03_S017,Las Palmas de Gran Canaria,4.2,13.8,20.0,1.3,60.6
2023,20240101_35016_D03_S018,35016_D03_S018,Las Palmas de Gran Canaria,4.6,11.8,21.3,1.5,60.8
2023,20240101_35016_D03_S019,35016_D03_S019,Las Palmas de Gran Canaria,4.0,15.7,19.5,1.3,59.5
2023,20240101_35016_D03_S020,35016_D03_S020,Las Palmas de Gran Canaria,3.8,16.8,14.2,1.4,63.7
2023,20240101_35016_D03_S021,35016_D03_S021,Las Palmas de Gran Canaria,5.1,16.0,23.4,1.7,53.7
2023,20240101_35016_D03_S022,35016_D03_S022,Las Palmas de Gran Canaria,3.1,20.0,22.1,0.6,54.2
2023,20240101_35016_D03_S023,35016_D03_S023,Las Palmas de Gran Canaria,3.2,19.4,21.2,0.8,55.4
2023,20240101_35016_D03_S024,35016_D03_S024,Las Palmas de Gran Canaria,5.5,20.5,24.2,1.9,47.9
2023,20240101_35016_D03_S025,35016_D03_S025,Las Palmas de Gran Canaria,8.3,9.6,27.6,2.1,52.4
2023,20240101_35016_D03_S026,35016_D03_S026,Las Palmas de Gran Canaria,5.3,7.8,29.2,2.4,55.3
2023,20240101_35016_D03_S027,35016_D03_S027,Las Palmas de Gran Canaria,7.6,10.2,23.4,3.3,55.4
2023,20240101_35016_D03_S028,35016_D03_S028,Las Palmas de Gran Canaria,5.5,14.3,20.4,1.8,58.0
2023,20240101_35016_D03_S029,35016_D03_S029,Las Palmas de Gran Canaria,4.3,17.4,21.5,1.9,55.0
2023,20240101_35016_D03_S030,35016_D03_S030,Las Palmas de Gran Canaria,5.0,11.7,24.4,2.9,56.1
2023,20240101_35016_D03_S031,35016_D03_S031,Las Palmas de Gran Canaria,5.6,8.1,25.8,2.1,58.4
2023,20240101_35016_D03_S032,35016_D03_S032,Las Palmas de Gran Canaria,7.1,3.9,22.4,3.0,63.5
2023,20240101_35016_D03_S033,35016_D03_S033,Las Palmas de Gran Canaria,4.6,10.7,21.1,2.6,61.0
2023,20240101_35016_D03_S034,35016_D03_S034,Las Palmas de Gran Canaria,6.8,8.7,23.1,2.4,59.2
2023,20240101_35016_D03_S035,35016_D03_S035,Las Palmas de Gran Canaria,6.6,11.6,20.3,2.1,59.5
2023,20240101_35016_D03_S036,35016_D03_S036,Las Palmas de Gran Canaria,8.1,6.8,21.6,2.7,60.8
2023,20240101_35016_D03_S037,35016_D03_S037,Las Palmas de Gran Canaria,6.4,7.2,22.6,3.1,60.6
2023,20240101_35016_D03_S038,35016_D03_S038,Las Palmas de Gran Canaria,6.2,8.1,27.9,3.0,54.8
2023,20240101_35016_D03_S039,35016_D03_S039,Las Palmas de Gran Canaria,6.2,10.2,25.2,3.0,55.5
2023,20240101_35016_D03_S040,35016_D03_S040,Las Palmas de Gran Canaria,7.5,5.4,21.0,2.5,63.6
2023,20240101_35016_D03_S041,35016_D03_S041,Las Palmas de Gran Canaria,6.3,8.4,25.0,3.5,56.8
2023,20240101_35016_D03_S042,35016_D03_S042,Las Palmas de Gran Canaria,4.5,30.5,23.4,0.7,41.0
2023,20240101_35016_D03_S043,35016_D03_S043,Las Palmas de Gran Canaria,3.2,23.6,23.6,1.2,48.4
2023,20240101_35016_D03_S044,35016_D03_S044,Las Palmas de Gran Canaria,3.0,26.0,18.5,1.5,51.0
2023,20240101_35016_D03_S045,35016_D03_S045,Las Palmas de Gran Canaria,3.6,12.3,15.7,1.3,67.2
2023,20240101_35016_D03_S046,35016_D03_S046,Las Palmas de Gran Canaria,4.7,21.5,23.1,1.3,49.4
2023,20240101_35016_D03_S047,35016_D03_S047,Las Palmas de Gran Canaria,3.7,21.5,18.9,1.7,54.2
2023,20240101_35016_D04_S001,35016_D04_S001,Las Palmas de Gran Canaria,4.5,20.3,19.9,2.1,53.2
2023,20240101_35016_D04_S002,35016_D04_S002,Las Palmas de Gran Canaria,6.0,9.0,29.5,2.0,53.6
2023,20240101_35016_D04_S003,35016_D04_S003,Las Palmas de Gran Canaria,3.6,18.9,19.5,1.2,56.9
2023,20240101_35016_D04_S004,35016_D04_S004,Las Palmas de Gran Canaria,6.7,14.6,19.7,2.3,56.6
2023,20240101_35016_D04_S005,35016_D04_S005,Las Palmas de Gran Canaria,6.9,4.7,30.6,3.0,54.9
2023,20240101_35016_D04_S006,35016_D04_S006,Las Palmas de Gran Canaria,4.2,28.1,21.5,1.5,44.6
2023,20240101_35016_D04_S007,35016_D04_S007,Las Palmas de Gran Canaria,11.3,6.3,28.6,5.3,48.6
2023,20240101_35016_D04_S008,35016_D04_S008,Las Palmas de Gran Canaria,12.6,3.1,25.1,5.8,53.5
2023,20240101_35016_D04_S009,35016_D04_S009,Las Palmas de Gran Canaria,8.2,8.1,27.7,2.9,53.2
2023,20240101_35016_D04_S011,35016_D04_S011,Las Palmas de Gran Canaria,9.6,6.5,26.1,4.0,53.7
2023,20240101_35016_D04_S012,35016_D04_S012,Las Palmas de Gran Canaria,8.2,4.4,27.2,4.4,55.9
2023,20240101_35016_D04_S013,35016_D04_S013,Las Palmas de Gran Canaria,7.1,8.3,20.9,4.0,59.8
2023,20240101_35016_D04_S014,35016_D04_S014,Las Palmas de Gran Canaria,7.6,4.1,33.1,4.2,51.1
2023,20240101_35016_D04_S015,35016_D04_S015,Las Palmas de Gran Canaria,6.6,7.4,21.3,3.4,61.3
2023,20240101_35016_D04_S016,35016_D04_S016,Las Palmas de Gran Canaria,10.5,1.8,27.2,4.4,56.1
2023,20240101_35016_D04_S017,35016_D04_S017,Las Palmas de Gran Canaria,11.3,3.4,26.2,4.3,54.9
2023,20240101_35016_D04_S019,35016_D04_S019,Las Palmas de Gran Canaria,5.1,3.8,23.2,3.7,64.3
2023,20240101_35016_D04_S020,35016_D04_S020,Las Palmas de Gran Canaria,7.3,5.2,23.1,2.9,61.5
2023,20240101_35016_D04_S021,35016_D04_S021,Las Palmas de Gran Canaria,5.6,10.7,22.0,3.0,58.8
2023,20240101_35016_D04_S022,35016_D04_S022,Las Palmas de Gran Canaria,10.3,2.3,29.1,5.5,52.9
2023,20240101_35016_D04_S023,35016_D04_S023,Las Palmas de Gran Canaria,8.9,2.5,26.3,5.2,57.1
2023,20240101_35016_D04_S024,35016_D04_S024,Las Palmas de Gran Canaria,9.3,4.1,27.2,3.7,55.7
2023,20240101_35016_D04_S025,35016_D04_S025,Las Palmas de Gran Canaria,9.5,3.7,29.5,3.6,53.7
2023,20240101_35016_D04_S026,35016_D04_S026,Las Palmas de Gran Canaria,5.1,8.7,21.4,2.8,62.1
2023,20240101_35016_D04_S027,35016_D04_S027,Las Palmas de Gran Canaria,8.2,10.7,20.9,4.1,56.1
2023,20240101_35016_D04_S028,35016_D04_S028,Las Palmas de Gran Canaria,10.9,3.0,28.4,3.7,54.0
2023,20240101_35016_D04_S029,35016_D04_S029,Las Palmas de Gran Canaria,8.9,5.1,26.8,4.6,54.8
2023,20240101_35016_D04_S030,35016_D04_S030,Las Palmas de Gran Canaria,7.4,5.1,20.9,3.8,62.9
2023,20240101_35016_D04_S031,35016_D04_S031,Las Palmas de Gran Canaria,8.9,6.9,21.1,3.9,59.2
2023,20240101_35016_D04_S032,35016_D04_S032,Las Palmas de Gran Canaria,7.7,4.4,21.3,3.0,63.6
2023,20240101_35016_D04_S033,35016_D04_S033,Las Palmas de Gran Canaria,9.0,2.9,30.9,4.3,53.0
2023,20240101_35016_D04_S034,35016_D04_S034,Las Palmas de Gran Canaria,6.8,3.5,32.1,3.1,54.6
2023,20240101_35016_D04_S035,35016_D04_S035,Las Palmas de Gran Canaria,7.4,5.2,28.5,3.0,55.9
2023,20240101_35016_D04_S036,35016_D04_S036,Las Palmas de Gran Canaria,7.0,4.0,29.9,2.7,56.4
2023,20240101_35016_D04_S037,35016_D04_S037,Las Palmas de Gran Canaria,6.2,14.0,18.8,2.9,58.2
2023,20240101_35016_D04_S038,35016_D04_S038,Las Palmas de Gran Canaria,4.1,32.1,22.0,1.0,40.8
2023,20240101_35016_D04_S039,35016_D04_S039,Las Palmas de Gran Canaria,2.8,31.8,14.6,0.6,50.2
2023,20240101_35016_D04_S040,35016_D04_S040,Las Palmas de Gran Canaria,3.6,17.4,29.1,0.9,49.1
2023,20240101_35016_D04_S041,35016_D04_S041,Las Palmas de Gran Canaria,4.9,12.7,30.5,1.2,50.7
2023,20240101_35016_D04_S042,35016_D04_S042,Las Palmas de Gran Canaria,5.4,13.7,26.9,1.3,52.7
2023,20240101_35016_D04_S043,35016_D04_S043,Las Palmas de Gran Canaria,4.3,17.5,27.8,1.2,49.2
2023,20240101_35016_D04_S045,35016_D04_S045,Las Palmas de Gran Canaria,5.9,6.7,27.6,2.0,57.7
2023,20240101_35016_D04_S046,35016_D04_S046,Las Palmas de Gran Canaria,4.3,11.4,23.4,2.0,58.9
2023,20240101_35016_D04_S047,35016_D04_S047,Las Palmas de Gran Canaria,4.8,8.5,22.9,2.3,61.6
2023,20240101_35016_D04_S048,35016_D04_S048,Las Palmas de Gran Canaria,9.1,5.2,28.2,3.5,54.1
2023,20240101_35016_D04_S049,35016_D04_S049,Las Palmas de Gran Canaria,9.7,2.9,29.5,4.0,54.0
2023,20240101_35016_D04_S050,35016_D04_S050,Las Palmas de Gran Canaria,6.1,5.8,24.4,2.7,61.1
2023,20240101_35016_D04_S051,35016_D04_S051,Las Palmas de Gran Canaria,10.2,4.4,24.3,4.2,56.8
2023,20240101_35016_D04_S052,35016_D04_S052,Las Palmas de Gran Canaria,8.4,4.3,30.4,3.3,53.7
2023,20240101_35016_D04_S053,35016_D04_S053,Las Palmas de Gran Canaria,10.3,2.5,26.0,4.4,56.8
2023,20240101_35016_D04_S055,35016_D04_S055,Las Palmas de Gran Canaria,6.7,9.5,28.2,2.2,53.5
2023,20240101_35016_D04_S056,35016_D04_S056,Las Palmas de Gran Canaria,2.1,23.2,9.3,0.3,65.1
2023,20240101_35016_D04_S057,35016_D04_S057,Las Palmas de Gran Canaria,6.3,5.7,27.1,3.1,57.8
2023,20240101_35016_D04_S058,35016_D04_S058,Las Palmas de Gran Canaria,3.3,13.8,10.3,1.0,71.6
2023,20240101_35016_D04_S059,35016_D04_S059,Las Palmas de Gran Canaria,6.7,4.9,31.1,3.1,54.3
2023,20240101_35016_D04_S060,35016_D04_S060,Las Palmas de Gran Canaria,4.8,8.4,24.9,2.7,59.3
2023,20240101_35016_D04_S061,35016_D04_S061,Las Palmas de Gran Canaria,6.9,10.2,18.2,3.0,61.8
2023,20240101_35016_D04_S062,35016_D04_S062,Las Palmas de Gran Canaria,2.5,16.4,6.1,0.9,74.2
2023,20240101_35016_D04_S063,35016_D04_S063,Las Palmas de Gran Canaria,4.6,10.0,13.0,1.2,71.1
2023,20240101_35016_D04_S064,35016_D04_S064,Las Palmas de Gran Canaria,7.3,5.7,27.7,2.7,56.7
2023,20240101_35016_D04_S065,35016_D04_S065,Las Palmas de Gran Canaria,6.0,3.5,25.5,2.5,62.6
2023,20240101_35016_D04_S066,35016_D04_S066,Las Palmas de Gran Canaria,8.5,5.1,26.5,3.3,56.6
2023,20240101_35016_D04_S067,35016_D04_S067,Las Palmas de Gran Canaria,9.4,2.3,34.1,3.6,50.6
2023,20240101_35016_D04_S068,35016_D04_S068,Las Palmas de Gran Canaria,6.0,7.4,19.0,2.1,65.5
2023,20240101_35016_D04_S069,35016_D04_S069,Las Palmas de Gran Canaria,10.7,3.5,28.7,5.0,52.2
2023,20240101_35016_D04_S070,35016_D04_S070,Las Palmas de Gran Canaria,5.6,10.5,15.2,2.2,66.4
2023,20240101_35016_D04_S071,35016_D04_S071,Las Palmas de Gran Canaria,7.5,6.1,22.6,3.6,60.4
2023,20240101_35016_D04_S073,35016_D04_S073,Las Palmas de Gran Canaria,2.0,26.4,5.5,0.5,65.6
2023,20240101_35016_D04_S074,35016_D04_S074,Las Palmas de Gran Canaria,5.3,9.9,9.5,2.9,72.4
2023,20240101_35016_D04_S075,35016_D04_S075,Las Palmas de Gran Canaria,3.5,11.4,12.2,0.9,72.0
2023,20240101_35016_D04_S076,35016_D04_S076,Las Palmas de Gran Canaria,2.9,12.7,10.4,0.8,73.3
2023,20240101_35016_D04_S077,35016_D04_S077,Las Palmas de Gran Canaria,5.0,8.4,8.7,2.2,75.7
2023,20240101_35016_D04_S078,35016_D04_S078,Las Palmas de Gran Canaria,3.9,8.2,11.8,1.9,74.3
2023,20240101_35016_D04_S079,35016_D04_S079,Las Palmas de Gran Canaria,2.3,20.8,11.2,0.6,65.2
2023,20240101_35016_D04_S080,35016_D04_S080,Las Palmas de Gran Canaria,6.8,4.0,18.0,3.3,67.9
2023,20240101_35016_D04_S081,35016_D04_S081,Las Palmas de Gran Canaria,3.2,18.4,5.8,0.7,71.9
2023,20240101_35016_D04_S082,35016_D04_S082,Las Palmas de Gran Canaria,4.3,11.7,10.7,1.7,71.7
2023,20240101_35016_D04_S083,35016_D04_S083,Las Palmas de Gran Canaria,3.5,15.1,25.5,1.2,54.8
2023,20240101_35016_D04_S084,35016_D04_S084,Las Palmas de Gran Canaria,2.6,15.6,10.1,0.9,70.8
2023,20240101_35016_D05_S001,35016_D05_S001,Las Palmas de Gran Canaria,8.1,7.2,22.2,3.7,58.8
2023,20240101_35016_D05_S002,35016_D05_S002,Las Palmas de Gran Canaria,6.9,9.3,16.9,2.4,64.4
2023,20240101_35016_D05_S003,35016_D05_S003,Las Palmas de Gran Canaria,5.6,8.1,8.6,2.0,75.6
2023,20240101_35016_D05_S004,35016_D05_S004,Las Palmas de Gran Canaria,6.1,11.3,19.5,2.7,60.4
2023,20240101_35016_D05_S005,35016_D05_S005,Las Palmas de Gran Canaria,13.6,1.4,23.8,6.2,55.0
2023,20240101_35016_D05_S006,35016_D05_S006,Las Palmas de Gran Canaria,6.3,8.9,16.2,2.8,65.9
2023,20240101_35016_D05_S007,35016_D05_S007,Las Palmas de Gran Canaria,5.9,12.1,14.4,2.2,65.5
2023,20240101_35016_D05_S008,35016_D05_S008,Las Palmas de Gran Canaria,4.6,11.8,19.3,2.3,61.9
2023,20240101_35016_D05_S009,35016_D05_S009,Las Palmas de Gran Canaria,3.3,9.1,4.1,1.1,82.4
2023,20240101_35016_D05_S010,35016_D05_S010,Las Palmas de Gran Canaria,7.8,8.1,15.6,3.3,65.2
2023,20240101_35016_D05_S011,35016_D05_S011,Las Palmas de Gran Canaria,6.0,7.1,17.3,2.7,67.0
2023,20240101_35016_D05_S012,35016_D05_S012,Las Palmas de Gran Canaria,9.7,5.8,19.2,3.9,61.4
2023,20240101_35016_D05_S013,35016_D05_S013,Las Palmas de Gran Canaria,6.8,7.3,20.6,2.7,62.6
2023,20240101_35016_D05_S014,35016_D05_S014,Las Palmas de Gran Canaria,7.2,7.2,22.5,3.8,59.3
2023,20240101_35016_D05_S015,35016_D05_S015,Las Palmas de Gran Canaria,10.1,8.8,22.0,3.4,55.7
2023,20240101_35016_D05_S016,35016_D05_S016,Las Palmas de Gran Canaria,6.1,7.0,16.5,3.0,67.5
2023,20240101_35016_D05_S017,35016_D05_S017,Las Palmas de Gran Canaria,5.9,16.2,19.1,2.5,56.2
2023,20240101_35016_D05_S018,35016_D05_S018,Las Palmas de Gran Canaria,4.9,8.0,10.4,2.4,74.3
2023,20240101_35016_D05_S019,35016_D05_S019,Las Palmas de Gran Canaria,4.9,12.4,20.2,1.6,61.0
2023,20240101_35016_D05_S020,35016_D05_S020,Las Palmas de Gran Canaria,4.3,16.8,17.1,1.7,60.2
2023,20240101_35016_D05_S021,35016_D05_S021,Las Palmas de Gran Canaria,5.7,8.0,22.3,2.7,61.3
2023,20240101_35016_D05_S022,35016_D05_S022,Las Palmas de Gran Canaria,5.3,13.0,15.1,2.4,64.3
2023,20240101_35016_D05_S023,35016_D05_S023,Las Palmas de Gran Canaria,5.2,11.4,17.2,2.4,63.8
2023,20240101_35016_D05_S024,35016_D05_S024,Las Palmas de Gran Canaria,3.6,13.3,14.9,1.6,66.8
2023,20240101_35016_D05_S025,35016_D05_S025,Las Palmas de Gran Canaria,7.2,8.1,13.8,2.9,68.0
2023,20240101_35016_D05_S026,35016_D05_S026,Las Palmas de Gran Canaria,6.3,16.4,19.1,2.1,56.1
2023,20240101_35016_D05_S027,35016_D05_S027,Las Palmas de Gran Canaria,7.8,6.4,12.8,2.9,70.1
2023,20240101_35016_D05_S028,35016_D05_S028,Las Palmas de Gran Canaria,7.7,8.2,17.9,3.2,63.0
2023,20240101_35016_D05_S029,35016_D05_S029,Las Palmas de Gran Canaria,4.4,11.5,6.5,2.0,75.6
2023,20240101_35016_D05_S030,35016_D05_S030,Las Palmas de Gran Canaria,3.5,15.5,11.2,1.7,68.1
2023,20240101_35016_D05_S031,35016_D05_S031,Las Palmas de Gran Canaria,6.7,8.0,11.1,2.6,71.6
2023,20240101_35016_D05_S032,35016_D05_S032,Las Palmas de Gran Canaria,5.7,9.2,18.2,2.8,64.0
2023,20240101_35016_D05_S033,35016_D05_S033,Las Palmas de Gran Canaria,6.6,8.2,14.7,3.0,67.5
2023,20240101_35016_D05_S034,35016_D05_S034,Las Palmas de Gran Canaria,4.6,6.9,4.0,2.0,82.5
2023,20240101_35016_D05_S035,35016_D05_S035,Las Palmas de Gran Canaria,8.9,5.6,6.0,3.2,76.2
2023,20240101_35016_D05_S036,35016_D05_S036,Las Palmas de Gran Canaria,4.6,7.0,7.9,2.5,78.2
2023,20240101_35017_D01_S001,35017_D01_S001,Puerto del Rosario,3.3,12.3,18.4,1.9,64.1
2023,20240101_35017_D01_S002,35017_D01_S002,Puerto del Rosario,3.5,15.6,16.0,1.9,63.1
2023,20240101_35017_D01_S003,35017_D01_S003,Puerto del Rosario,3.5,9.1,14.8,2.4,70.3
2023,20240101_35017_D01_S004,35017_D01_S004,Puerto del Rosario,4.1,6.8,13.4,3.0,72.7
2023,20240101_35017_D01_S006,35017_D01_S006,Puerto del Rosario,3.7,12.7,14.0,2.6,67.0
2023,20240101_35017_D01_S007,35017_D01_S007,Puerto del Rosario,4.8,11.2,13.3,3.1,67.6
2023,20240101_35017_D01_S008,35017_D01_S008,Puerto del Rosario,2.6,19.3,10.4,1.3,66.4
2023,20240101_35017_D01_S009,35017_D01_S009,Puerto del Rosario,4.3,10.3,11.2,3.0,71.2
2023,20240101_35017_D01_S010,35017_D01_S010,Puerto del Rosario,3.7,8.8,8.9,2.8,75.8
2023,20240101_35017_D01_S011,35017_D01_S011,Puerto del Rosario,4.8,9.8,11.3,2.9,71.3
2023,20240101_35017_D01_S012,35017_D01_S012,Puerto del Rosario,2.9,10.5,12.0,1.7,72.9
2023,20240101_35017_D01_S013,35017_D01_S013,Puerto del Rosario,3.5,10.1,11.1,2.8,72.6
2023,20240101_35017_D01_S014,35017_D01_S014,Puerto del Rosario,2.8,14.1,8.1,1.9,73.1
2023,20240101_35017_D01_S015,35017_D01_S015,Puerto del Rosario,4.6,7.6,8.6,2.5,76.7
2023,20240101_35017_D01_S016,35017_D01_S016,Puerto del Rosario,3.6,8.8,6.9,2.6,78.2
2023,20240101_35017_D01_S017,35017_D01_S017,Puerto del Rosario,4.5,11.1,7.9,3.1,73.5
2023,20240101_35017_D01_S018,35017_D01_S018,Puerto del Rosario,4.3,7.2,9.2,2.6,76.7
2023,20240101_35017_D02_S001,35017_D02_S001,Puerto del Rosario,4.0,17.6,13.7,1.6,63.0
2023,20240101_35017_D02_S002,35017_D02_S002,Puerto del Rosario,4.4,13.5,14.7,1.7,65.6
2023,20240101_35017_D02_S003,35017_D02_S003,Puerto del Rosario,3.6,13.7,8.6,1.3,72.9
2023,20240101_35017_D03_S001,35017_D03_S001,Puerto del Rosario,5.2,14.9,16.4,2.1,61.4
2023,20240101_35017_D03_S002,35017_D03_S002,Puerto del Rosario,5.0,7.3,9.3,3.3,75.0
2023,20240101_35018_D01_S001,35018_D01_S001,San Bartolomé,3.5,11.4,12.1,2.2,71.0
2023,20240101_35018_D01_S002,35018_D01_S002,San Bartolomé,3.8,15.2,11.8,2.1,67.1
2023,20240101_35018_D01_S003,35018_D01_S003,San Bartolomé,3.6,14.4,13.0,2.0,67.1
2023,20240101_35018_D01_S004,35018_D01_S004,San Bartolomé,2.4,18.6,14.4,1.8,62.8
2023,20240101_35018_D02_S001,35018_D02_S001,San Bartolomé,2.9,15.6,14.4,1.5,65.7
2023,20240101_35018_D02_S002,35018_D02_S002,San Bartolomé,2.5,16.3,13.4,1.5,66.3
2023,20240101_35018_D02_S003,35018_D02_S003,San Bartolomé,3.3,17.2,13.9,1.9,63.7
2023,20240101_35018_D02_S004,35018_D02_S004,San Bartolomé,2.6,10.8,9.9,2.3,74.4
2023,20240101_35018_D02_S005,35018_D02_S005,San Bartolomé,2.3,12.0,11.1,2.0,72.6
2023,20240101_35018_D02_S006,35018_D02_S006,San Bartolomé,3.4,11.1,12.1,1.9,71.5
2023,20240101_35019_D01_S001,35019_D01_S001,San Bartolomé de Tirajana,7.0,13.6,26.5,2.8,50.1
2023,20240101_35019_D02_S001,35019_D02_S001,San Bartolomé de Tirajana,6.4,7.1,18.9,3.4,64.3
2023,20240101_35019_D02_S002,35019_D02_S002,San Bartolomé de Tirajana,7.4,5.6,18.7,3.6,64.6
2023,20240101_35019_D02_S003,35019_D02_S003,San Bartolomé de Tirajana,7.5,10.3,20.2,3.2,58.8
2023,20240101_35019_D03_S001,35019_D03_S001,San Bartolomé de Tirajana,7.9,11.0,34.2,2.7,44.2
2023,20240101_35019_D03_S002,35019_D03_S002,San Bartolomé de Tirajana,4.9,14.0,17.8,3.6,59.8
2023,20240101_35019_D03_S003,35019_D03_S003,San Bartolomé de Tirajana,2.4,25.9,17.6,1.4,52.8
2023,20240101_35019_D03_S004,35019_D03_S004,San Bartolomé de Tirajana,3.3,17.9,20.8,2.3,55.7
2023,20240101_35019_D03_S005,35019_D03_S005,San Bartolomé de Tirajana,2.1,32.9,20.7,1.3,43.0
2023,20240101_35019_D03_S006,35019_D03_S006,San Bartolomé de Tirajana,8.2,6.0,23.5,3.5,58.8
2023,20240101_35019_D03_S007,35019_D03_S007,San Bartolomé de Tirajana,4.9,7.9,16.8,3.8,66.5
2023,20240101_35019_D03_S008,35019_D03_S008,San Bartolomé de Tirajana,5.0,11.3,24.7,3.2,55.8
2023,20240101_35019_D03_S009,35019_D03_S009,San Bartolomé de Tirajana,5.3,14.2,15.2,2.9,62.4
2023,20240101_35019_D03_S010,35019_D03_S010,San Bartolomé de Tirajana,4.4,18.7,17.8,1.8,57.2
2023,20240101_35019_D03_S011,35019_D03_S011,San Bartolomé de Tirajana,1.8,37.5,11.2,1.4,48.1
2023,20240101_35019_D03_S012,35019_D03_S012,San Bartolomé de Tirajana,4.2,14.8,18.4,2.3,60.3
2023,20240101_35019_D03_S013,35019_D03_S013,San Bartolomé de Tirajana,4.3,27.3,16.5,2.1,49.9
2023,20240101_35019_D03_S014,35019_D03_S014,San Bartolomé de Tirajana,3.9,31.6,24.2,1.1,39.3
2023,20240101_35019_D03_S015,35019_D03_S015,San Bartolomé de Tirajana,3.5,17.6,17.2,1.8,60.0
2023,20240101_35019_D03_S016,35019_D03_S016,San Bartolomé de Tirajana,3.3,24.6,12.5,1.4,58.2
2023,20240101_35019_D03_S017,35019_D03_S017,San Bartolomé de Tirajana,2.2,28.2,14.9,1.6,53.1
2023,20240101_35019_D03_S018,35019_D03_S018,San Bartolomé de Tirajana,5.2,11.7,11.7,2.5,69.0
2023,20240101_35019_D04_S001,35019_D04_S001,San Bartolomé de Tirajana,5.8,17.3,15.9,2.9,58.1
2023,20240101_35019_D04_S002,35019_D04_S002,San Bartolomé de Tirajana,4.0,18.5,11.2,2.4,63.9
2023,20240101_35019_D04_S003,35019_D04_S003,San Bartolomé de Tirajana,5.5,13.0,22.4,2.9,56.3
2023,20240101_35019_D04_S004,35019_D04_S004,San Bartolomé de Tirajana,5.0,25.2,14.1,2.4,53.4
2023,20240101_35019_D04_S005,35019_D04_S005,San Bartolomé de Tirajana,4.7,24.3,14.9,2.7,53.4
2023,20240101_35019_D04_S006,35019_D04_S006,San Bartolomé de Tirajana,3.6,18.8,10.7,2.6,64.3
2023,20240101_35020_D01_S001,35020_D01_S001,La Aldea de San Nicolás,7.8,15.2,24.6,3.6,48.8
2023,20240101_35020_D01_S002,35020_D01_S002,La Aldea de San Nicolás,7.3,7.7,23.3,6.4,55.3
2023,20240101_35020_D01_S003,35020_D01_S003,La Aldea de San Nicolás,9.2,10.6,22.5,4.6,53.1
2023,20240101_35020_D01_S004,35020_D01_S004,La Aldea de San Nicolás,6.9,14.5,24.6,3.7,50.4
2023,20240101_35020_D01_S005,35020_D01_S005,La Aldea de San Nicolás,8.8,10.5,20.9,4.5,55.3
2023,20240101_35020_D01_S006,35020_D01_S006,La Aldea de San Nicolás,6.8,5.8,23.3,4.6,59.4
2023,20240101_35020_D01_S007,35020_D01_S007,La Aldea de San Nicolás,7.5,8.9,26.3,5.2,52.1
2023,20240101_35021_D01_S001,35021_D01_S001,Santa Brígida,4.7,17.2,15.6,1.5,61.0
2023,20240101_35021_D01_S002,35021_D01_S002,Santa Brígida,7.2,12.1,18.7,2.2,59.9
2023,20240101_35021_D01_S003,35021_D01_S003,Santa Brígida,3.6,20.8,18.8,1.5,55.3
2023,20240101_35021_D01_S004,35021_D01_S004,Santa Brígida,6.4,10.2,23.5,1.5,58.4
2023,20240101_35021_D02_S001,35021_D02_S001,Santa Brígida,5.2,13.5,18.8,1.6,61.0
2023,20240101_35021_D02_S002,35021_D02_S002,Santa Brígida,5.8,13.1,19.9,2.6,58.5
2023,20240101_35021_D03_S001,35021_D03_S001,Santa Brígida,2.4,37.6,11.7,0.6,47.7
2023,20240101_35021_D03_S002,35021_D03_S002,Santa Brígida,5.6,16.5,16.2,2.1,59.6
2023,20240101_35021_D03_S003,35021_D03_S003,Santa Brígida,2.5,31.0,15.2,0.7,50.8
2023,20240101_35021_D03_S004,35021_D03_S004,Santa Brígida,2.2,34.1,15.9,1.1,46.7
2023,20240101_35021_D04_S001,35021_D04_S001,Santa Brígida,3.2,15.2,20.5,1.4,59.7
2023,20240101_35021_D04_S002,35021_D04_S002,Santa Brígida,3.1,21.2,14.2,1.2,60.4
2023,20240101_35022_D01_S001,35022_D01_S001,Santa Lucía de Tirajana,4.7,20.9,24.2,2.1,48.1
2023,20240101_35022_D02_S001,35022_D02_S001,Santa Lucía de Tirajana,7.1,12.2,17.0,3.4,60.3
2023,20240101_35022_D02_S002,35022_D02_S002,Santa Lucía de Tirajana,6.1,6.7,15.5,3.4,68.4
2023,20240101_35022_D02_S003,35022_D02_S003,Santa Lucía de Tirajana,6.0,12.2,17.5,2.2,62.1
2023,20240101_35022_D02_S004,35022_D02_S004,Santa Lucía de Tirajana,7.3,6.3,15.9,4.0,66.5
2023,20240101_35022_D02_S005,35022_D02_S005,Santa Lucía de Tirajana,5.6,9.1,17.6,3.0,64.7
2023,20240101_35022_D02_S006,35022_D02_S006,Santa Lucía de Tirajana,8.1,9.6,10.2,3.7,68.4
2023,20240101_35022_D02_S007,35022_D02_S007,Santa Lucía de Tirajana,8.2,6.0,12.4,3.8,69.7
2023,20240101_35022_D03_S001,35022_D03_S001,Santa Lucía de Tirajana,6.8,5.7,10.2,3.4,73.9
2023,20240101_35022_D03_S002,35022_D03_S002,Santa Lucía de Tirajana,5.5,8.1,15.2,3.5,67.7
2023,20240101_35022_D03_S003,35022_D03_S003,Santa Lucía de Tirajana,7.7,11.2,15.3,4.3,61.5
2023,20240101_35022_D03_S004,35022_D03_S004,Santa Lucía de Tirajana,6.4,18.9,15.2,2.6,56.9
2023,20240101_35022_D03_S005,35022_D03_S005,Santa Lucía de Tirajana,6.6,16.3,14.4,3.2,59.5
2023,20240101_35022_D03_S006,35022_D03_S006,Santa Lucía de Tirajana,5.6,12.3,12.7,2.6,66.9
2023,20240101_35022_D03_S007,35022_D03_S007,Santa Lucía de Tirajana,6.7,9.0,16.6,3.6,64.2
2023,20240101_35022_D03_S008,35022_D03_S008,Santa Lucía de Tirajana,6.2,9.0,17.3,3.2,64.4
2023,20240101_35022_D03_S009,35022_D03_S009,Santa Lucía de Tirajana,7.2,10.9,14.0,3.0,64.9
2023,20240101_35022_D03_S010,35022_D03_S010,Santa Lucía de Tirajana,7.1,7.9,13.9,3.4,67.7
2023,20240101_35022_D03_S011,35022_D03_S011,Santa Lucía de Tirajana,6.6,9.7,12.8,3.6,67.4
2023,20240101_35022_D03_S012,35022_D03_S012,Santa Lucía de Tirajana,7.7,7.1,17.5,3.2,64.5
2023,20240101_35022_D03_S013,35022_D03_S013,Santa Lucía de Tirajana,6.8,5.2,15.3,4.1,68.6
2023,20240101_35022_D03_S014,35022_D03_S014,Santa Lucía de Tirajana,6.6,10.2,13.0,4.5,65.8
2023,20240101_35022_D03_S015,35022_D03_S015,Santa Lucía de Tirajana,6.0,11.2,15.9,3.1,63.9
2023,20240101_35022_D03_S016,35022_D03_S016,Santa Lucía de Tirajana,6.4,7.9,14.1,3.6,67.9
2023,20240101_35022_D03_S017,35022_D03_S017,Santa Lucía de Tirajana,6.0,6.8,12.5,2.8,72.0
2023,20240101_35022_D03_S018,35022_D03_S018,Santa Lucía de Tirajana,6.0,12.7,11.9,2.7,66.8
2023,20240101_35022_D03_S019,35022_D03_S019,Santa Lucía de Tirajana,5.9,6.0,14.0,3.8,70.3
2023,20240101_35022_D03_S020,35022_D03_S020,Santa Lucía de Tirajana,6.2,10.4,14.5,3.0,65.9
2023,20240101_35022_D03_S021,35022_D03_S021,Santa Lucía de Tirajana,6.4,8.3,15.4,3.3,66.7
2023,20240101_35022_D03_S022,35022_D03_S022,Santa Lucía de Tirajana,5.6,6.1,10.7,3.5,74.2
2023,20240101_35022_D03_S023,35022_D03_S023,Santa Lucía de Tirajana,5.8,8.5,13.6,2.7,69.6
2023,20240101_35022_D03_S024,35022_D03_S024,Santa Lucía de Tirajana,5.4,7.3,8.0,3.4,76.0
2023,20240101_35022_D03_S025,35022_D03_S025,Santa Lucía de Tirajana,6.0,7.5,13.7,3.1,69.7
2023,20240101_35022_D03_S026,35022_D03_S026,Santa Lucía de Tirajana,6.8,8.3,11.6,3.4,69.9
2023,20240101_35022_D03_S027,35022_D03_S027,Santa Lucía de Tirajana,5.3,10.5,10.0,2.3,71.9
2023,20240101_35022_D03_S028,35022_D03_S028,Santa Lucía de Tirajana,4.1,16.6,9.0,2.0,68.2
2023,20240101_35022_D03_S029,35022_D03_S029,Santa Lucía de Tirajana,5.1,12.1,8.1,2.8,71.9
2023,20240101_35022_D03_S030,35022_D03_S030,Santa Lucía de Tirajana,5.4,12.1,11.2,2.9,68.4
2023,20240101_35022_D03_S031,35022_D03_S031,Santa Lucía de Tirajana,6.1,8.0,12.7,3.7,69.5
2023,20240101_35023_D01_S001,35023_D01_S001,Santa María de Guía de Gran Canaria,5.5,8.7,18.2,1.9,65.7
2023,20240101_35023_D01_S002,35023_D01_S002,Santa María de Guía de Gran Canaria,8.5,8.5,22.7,2.5,57.9
2023,20240101_35023_D01_S003,35023_D01_S003,Santa María de Guía de Gran Canaria,6.8,8.3,19.8,1.7,63.3
2023,20240101_35023_D01_S004,35023_D01_S004,Santa María de Guía de Gran Canaria,7.1,5.7,20.7,2.6,63.9
2023,20240101_35023_D01_S005,35023_D01_S005,Santa María de Guía de Gran Canaria,8.8,4.8,22.1,3.0,61.4
2023,20240101_35023_D01_S006,35023_D01_S006,Santa María de Guía de Gran Canaria,6.7,13.9,18.9,2.4,58.2
2023,20240101_35023_D01_S007,35023_D01_S007,Santa María de Guía de Gran Canaria,7.8,11.8,23.9,2.8,53.8
2023,20240101_35023_D01_S008,35023_D01_S008,Santa María de Guía de Gran Canaria,8.2,15.3,24.3,2.4,49.8
2023,20240101_35023_D01_S009,35023_D01_S009,Santa María de Guía de Gran Canaria,7.6,12.7,23.5,3.1,53.1
2023,20240101_35023_D01_S010,35023_D01_S010,Santa María de Guía de Gran Canaria,7.8,3.8,26.2,4.3,57.9
2023,20240101_35023_D01_S011,35023_D01_S011,Santa María de Guía de Gran Canaria,5.9,16.9,20.9,1.9,54.4
2023,20240101_35023_D01_S012,35023_D01_S012,Santa María de Guía de Gran Canaria,11.7,5.1,25.8,4.0,53.4
2023,20240101_35024_D01_S001,35024_D01_S001,Teguise,3.3,15.8,16.1,1.7,63.1
2023,20240101_35024_D01_S002,35024_D01_S002,Teguise,2.6,18.2,14.6,2.0,62.6
2023,20240101_35024_D01_S003,35024_D01_S003,Teguise,3.4,18.0,17.2,1.6,59.9
2023,20240101_35024_D01_S004,35024_D01_S004,Teguise,3.5,13.7,11.7,1.6,69.6
2023,20240101_35024_D01_S005,35024_D01_S005,Teguise,2.1,18.8,8.5,1.3,69.4
2023,20240101_35024_D01_S006,35024_D01_S006,Teguise,2.5,24.1,11.5,1.5,60.4
2023,20240101_35024_D01_S007,35024_D01_S007,Teguise,1.9,23.7,8.7,1.5,64.3
2023,20240101_35024_D01_S008,35024_D01_S008,Teguise,3.0,15.5,12.2,1.9,67.5
2023,20240101_35024_D01_S009,35024_D01_S009,Teguise,2.2,24.8,10.1,1.4,61.4
2023,20240101_35024_D01_S010,35024_D01_S010,Teguise,5.5,28.1,16.8,1.7,47.9
2023,20240101_35024_D01_S011,35024_D01_S011,Teguise,2.1,18.9,3.9,1.1,74.2
2023,20240101_35025_D01_S001,35025_D01_S001,Tejeda,5.0,16.9,25.8,2.1,50.2
2023,20240101_35025_D01_S002,35025_D01_S002,Tejeda,4.5,11.2,32.5,2.5,49.3
2023,20240101_35026_D01_S001,35026_D01_S001,Telde,4.5,16.1,23.0,1.6,54.8
2023,20240101_35026_D01_S002,35026_D01_S002,Telde,4.2,17.4,20.9,1.2,56.4
2023,20240101_35026_D01_S003,35026_D01_S003,Telde,4.2,9.3,23.5,1.8,61.3
2023,20240101_35026_D02_S001,35026_D02_S001,Telde,5.5,14.7,22.9,2.2,54.7
2023,20240101_35026_D02_S002,35026_D02_S002,Telde,7.7,7.7,21.1,3.0,60.5
2023,20240101_35026_D02_S003,35026_D02_S003,Telde,5.5,10.7,19.3,2.7,61.8
2023,20240101_35026_D02_S004,35026_D02_S004,Telde,5.2,8.6,12.8,2.3,71.2
2023,20240101_35026_D02_S005,35026_D02_S005,Telde,6.3,8.2,15.9,3.0,66.7
2023,20240101_35026_D02_S006,35026_D02_S006,Telde,5.6,11.6,21.3,2.9,58.7
2023,20240101_35026_D02_S007,35026_D02_S007,Telde,6.2,9.3,16.2,2.5,65.9
2023,20240101_35026_D02_S008,35026_D02_S008,Telde,5.4,15.9,18.2,1.7,58.7
2023,20240101_35026_D02_S009,35026_D02_S009,Telde,6.5,9.6,17.7,2.7,63.5
2023,20240101_35026_D02_S010,35026_D02_S010,Telde,5.3,8.6,21.1,3.0,62.1
2023,20240101_35026_D02_S011,35026_D02_S011,Telde,4.3,12.6,14.4,1.9,66.9
2023,20240101_35026_D03_S001,35026_D03_S001,Telde,7.4,6.4,18.0,3.7,64.5
2023,20240101_35026_D03_S002,35026_D03_S002,Telde,6.5,9.0,19.9,3.0,61.6
2023,20240101_35026_D03_S003,35026_D03_S003,Telde,4.0,15.9,15.2,2.6,62.4
2023,20240101_35026_D03_S004,35026_D03_S004,Telde,6.6,11.8,18.8,3.0,59.9
2023,20240101_35026_D03_S005,35026_D03_S005,Telde,8.1,14.0,11.0,2.7,64.2
2023,20240101_35026_D03_S006,35026_D03_S006,Telde,8.8,4.5,25.0,3.4,58.4
2023,20240101_35026_D03_S007,35026_D03_S007,Telde,9.2,6.7,22.3,4.7,57.2
2023,20240101_35026_D03_S008,35026_D03_S008,Telde,6.2,2.6,24.5,3.3,63.4
2023,20240101_35026_D03_S009,35026_D03_S009,Telde,10.0,2.7,32.6,3.8,51.0
2023,20240101_35026_D03_S010,35026_D03_S010,Telde,5.9,8.1,18.3,3.1,64.7
2023,20240101_35026_D03_S011,35026_D03_S011,Telde,6.2,4.6,21.3,4.4,63.4
2023,20240101_35026_D03_S012,35026_D03_S012,Telde,10.2,1.3,27.9,5.6,55.0
2023,20240101_35026_D03_S013,35026_D03_S013,Telde,9.7,1.4,30.1,4.1,54.7
2023,20240101_35026_D03_S014,35026_D03_S014,Telde,9.8,2.3,31.8,4.5,51.6
2023,20240101_35026_D03_S015,35026_D03_S015,Telde,13.7,2.7,27.4,4.9,51.3
2023,20240101_35026_D03_S016,35026_D03_S016,Telde,12.2,2.0,29.4,4.9,51.6
2023,20240101_35026_D03_S017,35026_D03_S017,Telde,12.5,3.3,29.2,5.2,49.8
2023,20240101_35026_D03_S018,35026_D03_S018,Telde,11.4,1.9,23.2,6.0,57.4
2023,20240101_35026_D03_S019,35026_D03_S019,Telde,6.4,6.5,11.1,3.1,72.9
2023,20240101_35026_D03_S020,35026_D03_S020,Telde,5.2,9.7,15.4,2.7,67.0
2023,20240101_35026_D03_S021,35026_D03_S021,Telde,5.2,8.6,12.7,3.4,70.2
2023,20240101_35026_D03_S022,35026_D03_S022,Telde,5.2,7.6,10.1,3.8,73.3
2023,20240101_35026_D03_S023,35026_D03_S023,Telde,7.8,4.0,7.9,4.4,76.0
2023,20240101_35026_D04_S001,35026_D04_S001,Telde,7.0,7.6,19.8,3.3,62.3
2023,20240101_35026_D04_S002,35026_D04_S002,Telde,7.2,7.6,21.0,2.8,61.5
2023,20240101_35026_D04_S003,35026_D04_S003,Telde,6.5,9.4,15.6,3.3,65.3
2023,20240101_35026_D04_S004,35026_D04_S004,Telde,7.6,9.4,20.7,4.1,58.2
2023,20240101_35026_D05_S001,35026_D05_S001,Telde,4.4,9.4,18.3,2.3,65.7
2023,20240101_35026_D05_S002,35026_D05_S002,Telde,4.7,8.4,13.1,2.6,71.2
2023,20240101_35026_D05_S003,35026_D05_S003,Telde,5.4,8.9,18.5,2.6,64.6
2023,20240101_35026_D05_S004,35026_D05_S004,Telde,9.5,1.7,26.5,5.6,56.7
2023,20240101_35026_D05_S005,35026_D05_S005,Telde,10.1,1.6,29.4,3.5,55.3
2023,20240101_35026_D05_S006,35026_D05_S006,Telde,8.1,3.4,22.1,4.2,62.2
2023,20240101_35026_D05_S007,35026_D05_S007,Telde,3.3,18.9,12.6,1.2,63.9
2023,20240101_35026_D05_S008,35026_D05_S008,Telde,4.4,11.2,15.0,2.3,67.1
2023,20240101_35026_D05_S009,35026_D05_S009,Telde,4.0,13.9,16.4,1.1,64.6
2023,20240101_35026_D05_S010,35026_D05_S010,Telde,9.3,7.0,13.1,2.7,68.0
2023,20240101_35026_D05_S011,35026_D05_S011,Telde,3.6,14.5,11.5,1.6,68.9
2023,20240101_35026_D06_S001,35026_D06_S001,Telde,5.8,7.0,18.6,3.8,64.8
2023,20240101_35026_D06_S002,35026_D06_S002,Telde,5.9,9.7,14.3,2.5,67.6
2023,20240101_35026_D06_S003,35026_D06_S003,Telde,3.9,14.1,16.0,2.2,63.9
2023,20240101_35026_D06_S004,35026_D06_S004,Telde,8.6,8.5,17.2,3.6,62.1
2023,20240101_35026_D06_S005,35026_D06_S005,Telde,6.3,7.6,12.3,3.6,70.2
2023,20240101_35026_D06_S006,35026_D06_S006,Telde,7.2,7.1,16.7,3.9,65.1
2023,20240101_35026_D06_S007,35026_D06_S007,Telde,7.3,6.9,20.6,3.9,61.3
2023,20240101_35026_D06_S008,35026_D06_S008,Telde,5.2,10.4,9.5,2.0,72.9
2023,20240101_35026_D06_S009,35026_D06_S009,Telde,5.2,11.5,14.8,2.5,66.1
2023,20240101_35026_D06_S010,35026_D06_S010,Telde,7.4,8.4,19.3,3.4,61.6
2023,20240101_35026_D06_S011,35026_D06_S011,Telde,7.7,7.6,17.7,3.5,63.5
2023,20240101_35026_D06_S012,35026_D06_S012,Telde,3.1,18.5,13.2,1.0,64.1
2023,20240101_35026_D06_S013,35026_D06_S013,Telde,4.3,16.5,13.1,1.7,64.5
2023,20240101_35026_D06_S014,35026_D06_S014,Telde,8.3,5.0,25.6,3.4,57.7
2023,20240101_35026_D06_S015,35026_D06_S015,Telde,5.5,9.5,12.8,2.9,69.3
2023,20240101_35027_D01_S001,35027_D01_S001,Teror,3.8,19.9,19.9,1.6,54.7
2023,20240101_35027_D01_S002,35027_D01_S002,Teror,4.2,11.1,18.9,2.2,63.5
2023,20240101_35027_D01_S003,35027_D01_S003,Teror,4.9,10.6,22.0,3.0,59.6
2023,20240101_35027_D01_S004,35027_D01_S004,Teror,6.2,14.2,18.8,2.5,58.3
2023,20240101_35027_D01_S005,35027_D01_S005,Teror,6.9,14.4,22.4,2.5,53.8
2023,20240101_35027_D01_S006,35027_D01_S006,Teror,4.6,10.5,19.0,2.3,63.7
2023,20240101_35027_D01_S007,35027_D01_S007,Teror,5.4,10.2,15.3,2.4,66.7
2023,20240101_35027_D01_S008,35027_D01_S008,Teror,4.2,14.7,19.4,2.5,59.3
2023,20240101_35027_D01_S009,35027_D01_S009,Teror,4.1,12.2,15.1,2.5,66.1
2023,20240101_35027_D01_S010,35027_D01_S010,Teror,4.5,7.0,16.9,3.1,68.4
2023,20240101_35028_D01_S001,35028_D01_S001,Tías,3.1,18.7,11.4,1.8,65.1
2023,20240101_35028_D01_S002,35028_D01_S002,Tías,2.9,23.9,12.8,1.7,58.7
2023,20240101_35028_D01_S003,35028_D01_S003,Tías,2.2,24.6,12.2,1.5,59.5
2023,20240101_35028_D01_S004,35028_D01_S004,Tías,2.7,27.5,13.8,1.9,54.1
2023,20240101_35028_D01_S005,35028_D01_S005,Tías,3.9,19.7,11.6,1.8,63.0
2023,20240101_35028_D01_S006,35028_D01_S006,Tías,2.5,25.0,12.8,1.7,58.0
2023,20240101_35028_D01_S007,35028_D01_S007,Tías,2.6,24.6,13.3,1.3,58.2
2023,20240101_35028_D01_S008,35028_D01_S008,Tías,2.5,33.5,14.9,0.9,48.2
2023,20240101_35029_D01_S001,35029_D01_S001,Tinajo,2.8,19.0,12.3,1.4,64.5
2023,20240101_35029_D01_S002,35029_D01_S002,Tinajo,2.9,16.8,12.6,1.9,65.9
2023,20240101_35029_D01_S003,35029_D01_S003,Tinajo,4.0,16.2,7.4,2.3,70.1
2023,20240101_35029_D01_S004,35029_D01_S004,Tinajo,3.6,17.8,16.3,1.7,60.6
2023,20240101_35030_D01_S001,35030_D01_S001,Tuineje,5.5,12.0,15.4,3.0,64.2
2023,20240101_35030_D01_S002,35030_D01_S002,Tuineje,5.2,13.8,15.5,2.9,62.7
2023,20240101_35030_D01_S003,35030_D01_S003,Tuineje,4.3,14.4,12.7,2.2,66.5
2023,20240101_35030_D01_S004,35030_D01_S004,Tuineje,5.4,9.5,15.2,2.9,66.9
2023,20240101_35030_D01_S005,35030_D01_S005,Tuineje,4.9,12.5,14.8,2.8,65.1
2023,20240101_35030_D01_S006,35030_D01_S006,Tuineje,4.2,8.8,11.7,2.8,72.5
2023,20240101_35030_D01_S007,35030_D01_S007,Tuineje,4.2,12.5,11.3,2.3,69.8
2023,20240101_35031_D01_S001,35031_D01_S001,Valsequillo de Gran Canaria,4.8,10.6,15.1,2.7,67.0
2023,20240101_35031_D01_S002,35031_D01_S002,Valsequillo de Gran Canaria,5.5,10.3,14.1,3.0,67.2
2023,20240101_35031_D01_S003,35031_D01_S003,Valsequillo de Gran Canaria,6.1,13.5,18.9,2.5,59.0
2023,20240101_35031_D01_S004,35031_D01_S004,Valsequillo de Gran Canaria,5.3,12.4,17.3,2.7,62.4
2023,20240101_35031_D01_S005,35031_D01_S005,Valsequillo de Gran Canaria,4.0,14.6,15.4,2.4,63.6
2023,20240101_35031_D01_S006,35031_D01_S006,Valsequillo de Gran Canaria,7.0,12.9,16.2,2.8,61.1
2023,20240101_35032_D01_S001,35032_D01_S001,Valleseco,6.4,11.7,23.7,2.4,55.8
2023,20240101_35032_D01_S002,35032_D01_S002,Valleseco,6.9,11.1,22.2,2.1,57.7
2023,20240101_35032_D01_S003,35032_D01_S003,Valleseco,4.3,12.2,27.8,2.3,53.4
2023,20240101_35033_D01_S001,35033_D01_S001,Vega de San Mateo,4.8,15.1,16.4,1.9,61.8
2023,20240101_35033_D01_S002,35033_D01_S002,Vega de San Mateo,6.0,13.2,20.6,2.3,57.9
2023,20240101_35033_D01_S003,35033_D01_S003,Vega de San Mateo,5.5,12.2,25.1,3.2,54.1
2023,20240101_35033_D01_S004,35033_D01_S004,Vega de San Mateo,7.0,12.9,18.9,2.7,58.5
2023,20240101_35033_D01_S005,35033_D01_S005,Vega de San Mateo,7.4,10.2,20.8,2.2,59.4
2023,20240101_35033_D01_S006,35033_D01_S006,Vega de San Mateo,7.0,8.8,21.4,2.4,60.4
2023,20240101_35033_D01_S007,35033_D01_S007,Vega de San Mateo,5.6,11.6,16.5,1.9,64.4
2023,20240101_35034_D01_S001,35034_D01_S001,Yaiza,2.2,25.3,11.3,1.4,59.8
2023,20240101_35034_D01_S002,35034_D01_S002,Yaiza,3.0,19.8,8.6,1.9,66.7
2023,20240101_35034_D01_S003,35034_D01_S003,Yaiza,3.2,14.5,7.5,2.1,72.7
2023,20240101_35034_D01_S004,35034_D01_S004,Yaiza,5.1,38.8,3.7,1.7,50.7
2023,20240101_35034_D01_S005,35034_D01_S005,Yaiza,1.7,23.9,12.3,1.7,60.3
2023,20240101_35034_D01_S006,35034_D01_S006,Yaiza,2.9,21.7,18.2,1.7,55.6
2023,20240101_38001_D01_S001,38001_D01_S001,Adeje,2.8,17.1,13.0,2.6,64.5
2023,20240101_38001_D01_S002,38001_D01_S002,Adeje,3.6,8.1,10.9,3.5,73.8
2023,20240101_38001_D01_S003,38001_D01_S003,Adeje,2.5,30.2,9.8,1.7,55.8
2023,20240101_38001_D01_S004,38001_D01_S004,Adeje,4.3,9.7,15.7,2.6,67.8
2023,20240101_38001_D01_S005,38001_D01_S005,Adeje,2.7,16.0,16.0,2.3,62.9
2023,20240101_38001_D01_S006,38001_D01_S006,Adeje,3.9,7.8,14.9,3.3,70.1
2023,20240101_38001_D01_S007,38001_D01_S007,Adeje,2.3,22.6,13.6,2.1,59.3
2023,20240101_38001_D01_S008,38001_D01_S008,Adeje,2.4,26.4,14.0,1.7,55.6
2023,20240101_38001_D01_S009,38001_D01_S009,Adeje,2.2,22.6,8.3,1.7,65.2
2023,20240101_38001_D01_S010,38001_D01_S010,Adeje,3.1,17.9,13.1,1.9,64.0
2023,20240101_38001_D01_S011,38001_D01_S011,Adeje,1.9,24.5,9.1,2.1,62.4
2023,20240101_38001_D01_S012,38001_D01_S012,Adeje,2.7,17.5,12.0,2.4,65.4
2023,20240101_38001_D01_S013,38001_D01_S013,Adeje,2.0,31.1,8.5,1.3,57.1
2023,20240101_38001_D01_S014,38001_D01_S014,Adeje,3.5,13.1,12.6,3.4,67.4
2023,20240101_38001_D01_S015,38001_D01_S015,Adeje,3.7,10.4,9.6,2.9,73.4
2023,20240101_38001_D01_S016,38001_D01_S016,Adeje,3.3,17.8,9.3,2.1,67.5
2023,20240101_38001_D01_S017,38001_D01_S017,Adeje,2.6,20.0,11.4,2.2,63.8
2023,20240101_38001_D01_S018,38001_D01_S018,Adeje,1.5,33.2,9.7,1.3,54.3
2023,20240101_38002_D01_S001,38002_D01_S001,Agulo,3.4,16.1,26.9,2.6,51.1
2023,20240101_38003_D01_S001,38003_D01_S001,Alajeró,4.0,10.8,21.2,1.9,62.2
2023,20240101_38004_D01_S001,38004_D01_S001,Arafo,3.3,9.5,18.6,2.4,66.1
2023,20240101_38004_D01_S002,38004_D01_S002,Arafo,3.8,9.1,24.6,3.2,59.4
2023,20240101_38004_D01_S003,38004_D01_S003,Arafo,3.5,13.6,17.5,2.1,63.3
2023,20240101_38005_D01_S001,38005_D01_S001,Arico,4.7,12.5,22.1,3.3,57.4
2023,20240101_38005_D01_S002,38005_D01_S002,Arico,3.6,7.1,19.3,3.9,66.1
2023,20240101_38005_D01_S003,38005_D01_S003,Arico,3.4,11.4,22.8,3.4,59.0
2023,20240101_38005_D01_S004,38005_D01_S004,Arico,3.8,12.6,20.7,2.4,60.6
2023,20240101_38005_D01_S005,38005_D01_S005,Arico,3.5,9.2,16.3,3.8,67.2
2023,20240101_38005_D01_S006,38005_D01_S006,Arico,3.5,8.1,21.8,3.2,63.5
2023,20240101_38006_D01_S001,38006_D01_S001,Arona,3.4,12.6,20.2,2.8,60.9
2023,20240101_38006_D01_S002,38006_D01_S002,Arona,4.4,11.4,18.8,2.7,62.7
2023,20240101_38006_D01_S003,38006_D01_S003,Arona,4.2,15.9,14.9,2.6,62.4
2023,20240101_38006_D01_S004,38006_D01_S004,Arona,5.1,8.3,17.4,2.9,66.4
2023,20240101_38006_D01_S005,38006_D01_S005,Arona,2.7,18.0,15.3,3.1,60.9
2023,20240101_38006_D01_S006,38006_D01_S006,Arona,2.7,26.2,18.9,1.7,50.5
2023,20240101_38006_D01_S007,38006_D01_S007,Arona,4.8,7.4,12.1,4.2,71.6
2023,20240101_38006_D01_S008,38006_D01_S008,Arona,3.4,15.5,14.6,3.4,63.1
2023,20240101_38006_D01_S009,38006_D01_S009,Arona,4.1,11.4,14.3,3.1,67.1
2023,20240101_38006_D01_S010,38006_D01_S010,Arona,4.0,10.5,15.6,2.7,67.2
2023,20240101_38006_D01_S011,38006_D01_S011,Arona,1.9,25.8,11.8,1.7,58.7
2023,20240101_38006_D01_S012,38006_D01_S012,Arona,4.9,7.7,19.1,3.6,64.7
2023,20240101_38006_D01_S013,38006_D01_S013,Arona,6.7,6.9,12.7,3.8,70.0
2023,20240101_38006_D01_S014,38006_D01_S014,Arona,3.7,26.2,12.3,2.4,55.4
2023,20240101_38006_D01_S015,38006_D01_S015,Arona,2.5,29.5,15.8,1.5,50.7
2023,20240101_38006_D01_S016,38006_D01_S016,Arona,4.6,12.2,21.3,2.6,59.4
2023,20240101_38006_D01_S017,38006_D01_S017,Arona,3.4,19.2,17.3,1.7,58.6
2023,20240101_38006_D01_S018,38006_D01_S018,Arona,2.9,13.1,11.6,2.6,69.8
2023,20240101_38006_D01_S019,38006_D01_S019,Arona,3.7,28.5,17.0,2.0,48.8
2023,20240101_38006_D01_S020,38006_D01_S020,Arona,2.6,23.2,20.5,1.5,52.3
2023,20240101_38006_D01_S021,38006_D01_S021,Arona,3.9,9.3,11.7,3.7,71.4
2023,20240101_38006_D01_S022,38006_D01_S022,Arona,3.7,13.7,12.4,2.5,67.8
2023,20240101_38006_D01_S023,38006_D01_S023,Arona,4.4,9.9,12.3,4.2,69.2
2023,20240101_38006_D01_S024,38006_D01_S024,Arona,4.0,9.8,14.5,2.6,69.0
2023,20240101_38006_D01_S025,38006_D01_S025,Arona,3.3,13.5,17.9,2.4,63.0
2023,20240101_38006_D01_S026,38006_D01_S026,Arona,1.9,28.0,11.4,2.0,56.7
2023,20240101_38006_D01_S027,38006_D01_S027,Arona,4.3,10.0,10.6,2.8,72.4
2023,20240101_38006_D01_S028,38006_D01_S028,Arona,4.1,10.8,9.8,3.2,72.1
2023,20240101_38006_D01_S029,38006_D01_S029,Arona,5.2,8.4,11.1,3.8,71.5
2023,20240101_38006_D01_S030,38006_D01_S030,Arona,4.0,9.7,9.0,3.4,74.1
2023,20240101_38006_D01_S031,38006_D01_S031,Arona,5.4,8.4,10.9,4.7,70.7
2023,20240101_38006_D01_S032,38006_D01_S032,Arona,3.5,13.9,20.1,2.7,59.8
2023,20240101_38006_D01_S033,38006_D01_S033,Arona,2.0,23.8,15.0,1.5,57.7
2023,20240101_38006_D01_S034,38006_D01_S034,Arona,4.2,20.0,14.5,3.0,58.4
2023,20240101_38007_D01_S001,38007_D01_S001,Barlovento,3.7,21.0,23.0,2.5,49.9
2023,20240101_38008_D01_S001,38008_D01_S001,Breña Alta,3.2,14.8,18.2,2.0,61.9
2023,20240101_38008_D01_S002,38008_D01_S002,Breña Alta,3.0,17.6,19.5,2.3,57.7
2023,20240101_38008_D01_S003,38008_D01_S003,Breña Alta,2.9,13.0,16.3,1.9,66.0
2023,20240101_38008_D01_S004,38008_D01_S004,Breña Alta,3.4,9.8,15.8,2.8,68.2
2023,20240101_38009_D01_S001,38009_D01_S001,Breña Baja,3.1,11.5,14.5,2.0,68.9
2023,20240101_38009_D01_S002,38009_D01_S002,Breña Baja,3.4,10.8,15.8,2.1,68.0
2023,20240101_38009_D01_S003,38009_D01_S003,Breña Baja,3.2,15.3,17.1,1.7,62.8
2023,20240101_38009_D01_S004,38009_D01_S004,Breña Baja,2.5,19.4,15.4,1.8,60.9
2023,20240101_38010_D01_S001,38010_D01_S001,Buenavista del Norte,4.6,19.3,24.3,3.1,48.8
2023,20240101_38010_D01_S002,38010_D01_S002,Buenavista del Norte,6.7,12.0,33.7,3.4,44.3
2023,20240101_38010_D01_S003,38010_D01_S003,Buenavista del Norte,4.2,11.4,25.2,3.3,56.0
2023,20240101_38010_D01_S004,38010_D01_S004,Buenavista del Norte,5.5,9.6,21.7,3.9,59.4
2023,20240101_38011_D01_S001,38011_D01_S001,Candelaria,3.6,10.9,19.8,2.1,63.6
2023,20240101_38011_D01_S002,38011_D01_S002,Candelaria,3.6,11.1,17.4,1.9,66.1
2023,20240101_38011_D01_S003,38011_D01_S003,Candelaria,3.9,13.6,19.1,2.0,61.4
2023,20240101_38011_D01_S004,38011_D01_S004,Candelaria,5.4,9.9,19.6,2.1,63.0
2023,20240101_38011_D01_S005,38011_D01_S005,Candelaria,4.3,15.1,23.6,1.6,55.4
2023,20240101_38011_D01_S006,38011_D01_S006,Candelaria,3.3,9.5,14.1,2.2,70.8
2023,20240101_38011_D01_S007,38011_D01_S007,Candelaria,4.0,9.7,14.5,2.1,69.8
2023,20240101_38011_D01_S008,38011_D01_S008,Candelaria,3.7,11.7,18.7,2.2,63.7
2023,20240101_38011_D01_S009,38011_D01_S009,Candelaria,2.7,13.6,16.1,1.3,66.4
2023,20240101_38011_D01_S010,38011_D01_S010,Candelaria,5.1,12.0,21.8,2.0,59.1
2023,20240101_38011_D01_S011,38011_D01_S011,Candelaria,5.1,10.5,19.1,1.7,63.5
2023,20240101_38011_D01_S012,38011_D01_S012,Candelaria,3.3,12.5,18.5,1.4,64.2
2023,20240101_38011_D02_S001,38011_D02_S001,Candelaria,3.3,12.3,17.3,1.8,65.4
2023,20240101_38011_D02_S002,38011_D02_S002,Candelaria,3.6,16.6,19.1,1.5,59.2
2023,20240101_38011_D02_S003,38011_D02_S003,Candelaria,3.8,12.7,15.6,2.1,65.8
2023,20240101_38011_D02_S004,38011_D02_S004,Candelaria,3.8,10.3,19.7,1.8,64.5
2023,20240101_38011_D02_S005,38011_D02_S005,Candelaria,2.6,18.2,12.0,0.9,66.4
2023,20240101_38012_D01_S001,38012_D01_S001,Fasnia,3.5,9.2,24.3,2.4,60.7
2023,20240101_38012_D01_S002,38012_D01_S002,Fasnia,4.3,12.2,22.3,3.2,58.0
2023,20240101_38013_D01_S001,38013_D01_S001,Frontera,4.7,16.6,19.2,2.7,56.9
2023,20240101_38013_D01_S002,38013_D01_S002,Frontera,3.8,15.0,18.6,3.0,59.7
2023,20240101_38014_D01_S001,38014_D01_S001,Fuencaliente de La Palma,4.4,13.1,24.4,2.9,55.2
2023,20240101_38014_D01_S002,38014_D01_S002,Fuencaliente de La Palma,4.0,15.1,21.7,3.1,56.1
2023,20240101_38015_D01_S001,38015_D01_S001,Garachico,4.3,11.0,27.9,2.5,54.4
2023,20240101_38015_D01_S002,38015_D01_S002,Garachico,4.0,11.6,32.4,1.8,50.3
2023,20240101_38015_D02_S001,38015_D02_S001,Garachico,5.5,14.1,21.0,2.8,56.5
2023,20240101_38015_D02_S002,38015_D02_S002,Garachico,6.0,6.7,24.5,4.3,58.6
2023,20240101_38016_D01_S001,38016_D01_S001,Garafía,4.2,15.6,30.2,3.8,46.3
2023,20240101_38017_D01_S001,38017_D01_S001,Granadilla de Abona,3.9,11.9,18.3,3.3,62.7
2023,20240101_38017_D01_S002,38017_D01_S002,Granadilla de Abona,3.6,10.4,18.8,2.9,64.3
2023,20240101_38017_D01_S003,38017_D01_S003,Granadilla de Abona,4.1,8.2,11.2,3.3,73.2
2023,20240101_38017_D01_S004,38017_D01_S004,Granadilla de Abona,3.8,11.5,25.1,3.1,56.6
2023,20240101_38017_D01_S005,38017_D01_S005,Granadilla de Abona,4.8,9.5,19.8,2.8,63.0
2023,20240101_38017_D01_S006,38017_D01_S006,Granadilla de Abona,3.5,15.1,20.0,2.7,58.6
2023,20240101_38017_D01_S007,38017_D01_S007,Granadilla de Abona,3.2,18.4,12.6,2.3,63.6
2023,20240101_38017_D01_S008,38017_D01_S008,Granadilla de Abona,4.0,7.2,12.6,4.0,72.2
2023,20240101_38017_D01_S009,38017_D01_S009,Granadilla de Abona,4.0,14.8,15.6,2.8,62.8
2023,20240101_38017_D01_S010,38017_D01_S010,Granadilla de Abona,3.2,12.5,8.1,2.4,73.9
2023,20240101_38017_D01_S011,38017_D01_S011,Granadilla de Abona,5.1,7.4,9.0,3.0,75.4
2023,20240101_38017_D01_S012,38017_D01_S012,Granadilla de Abona,3.2,12.4,22.0,2.4,59.9
2023,20240101_38017_D01_S013,38017_D01_S013,Granadilla de Abona,4.1,8.2,11.8,4.3,71.6
2023,20240101_38017_D01_S014,38017_D01_S014,Granadilla de Abona,1.9,17.2,14.5,2.1,64.3
2023,20240101_38017_D01_S015,38017_D01_S015,Granadilla de Abona,4.9,8.6,11.9,4.4,70.2
2023,20240101_38017_D01_S016,38017_D01_S016,Granadilla de Abona,4.1,10.3,19.7,3.5,62.4
2023,20240101_38017_D01_S017,38017_D01_S017,Granadilla de Abona,3.1,11.7,11.0,2.8,71.5
2023,20240101_38017_D01_S018,38017_D01_S018,Granadilla de Abona,2.5,24.6,8.4,1.3,63.2
2023,20240101_38017_D01_S019,38017_D01_S019,Granadilla de Abona,4.4,11.6,11.1,3.5,69.5
2023,20240101_38017_D01_S020,38017_D01_S020,Granadilla de Abona,3.3,10.9,9.6,3.1,73.1
2023,20240101_38017_D01_S021,38017_D01_S021,Granadilla de Abona,3.8,13.3,12.3,2.9,67.7
2023,20240101_38017_D01_S022,38017_D01_S022,Granadilla de Abona,4.1,8.2,8.5,3.0,76.3
2023,20240101_38017_D01_S023,38017_D01_S023,Granadilla de Abona,4.1,8.1,9.9,4.4,73.5
2023,20240101_38017_D01_S024,38017_D01_S024,Granadilla de Abona,4.9,7.1,7.9,3.4,76.8
2023,20240101_38017_D01_S025,38017_D01_S025,Granadilla de Abona,5.0,5.8,9.6,3.9,75.7
2023,20240101_38017_D01_S026,38017_D01_S026,Granadilla de Abona,3.1,10.8,12.1,3.6,70.6
2023,20240101_38017_D01_S027,38017_D01_S027,Granadilla de Abona,2.2,24.2,7.0,1.3,65.3
2023,20240101_38018_D01_S001,38018_D01_S001,La Guancha,4.3,9.7,25.3,2.2,58.4
2023,20240101_38018_D01_S002,38018_D01_S002,La Guancha,4.7,8.7,23.4,2.9,60.4
2023,20240101_38018_D01_S003,38018_D01_S003,La Guancha,5.5,10.8,21.8,2.8,59.2
2023,20240101_38019_D01_S001,38019_D01_S001,Guía de Isora,4.1,10.0,20.9,2.9,62.2
2023,20240101_38019_D01_S002,38019_D01_S002,Guía de Isora,4.8,11.2,16.2,3.5,64.2
2023,20240101_38019_D01_S003,38019_D01_S003,Guía de Isora,3.4,13.6,17.8,2.3,62.9
2023,20240101_38019_D01_S004,38019_D01_S004,Guía de Isora,3.0,11.7,11.8,2.6,70.9
2023,20240101_38019_D01_S005,38019_D01_S005,Guía de Isora,3.3,16.1,14.9,2.8,62.9
2023,20240101_38019_D01_S007,38019_D01_S007,Guía de Isora,4.1,9.6,16.9,3.2,66.2
2023,20240101_38019_D01_S008,38019_D01_S008,Guía de Isora,2.9,17.8,16.3,2.1,60.8
2023,20240101_38019_D01_S009,38019_D01_S009,Guía de Isora,3.7,12.3,15.4,2.7,65.9
2023,20240101_38019_D01_S010,38019_D01_S010,Guía de Isora,3.4,13.5,16.3,2.5,64.3
2023,20240101_38019_D01_S011,38019_D01_S011,Guía de Isora,4.0,10.3,17.0,3.0,65.8
2023,20240101_38020_D01_S001,38020_D01_S001,Güímar,2.9,12.1,13.2,2.3,69.5
2023,20240101_38020_D01_S002,38020_D01_S002,Güímar,3.0,10.9,18.7,2.5,64.8
2023,20240101_38020_D01_S003,38020_D01_S003,Güímar,4.0,10.1,20.3,2.3,63.3
2023,20240101_38020_D01_S004,38020_D01_S004,Güímar,3.5,12.9,20.2,2.4,61.0
2023,20240101_38020_D01_S005,38020_D01_S005,Güímar,4.9,3.6,26.4,3.0,62.1
2023,20240101_38020_D01_S006,38020_D01_S006,Güímar,4.9,7.7,24.5,3.6,59.3
2023,20240101_38020_D01_S007,38020_D01_S007,Güímar,3.9,10.3,20.7,2.7,62.5
2023,20240101_38020_D01_S008,38020_D01_S008,Güímar,4.6,8.0,28.1,3.6,55.7
2023,20240101_38020_D01_S009,38020_D01_S009,Güímar,6.3,1.7,27.1,4.7,60.2
2023,20240101_38020_D01_S010,38020_D01_S010,Güímar,2.9,10.0,18.2,1.8,67.0
2023,20240101_38020_D01_S011,38020_D01_S011,Güímar,4.6,7.3,19.8,2.9,65.4
2023,20240101_38020_D01_S012,38020_D01_S012,Güímar,3.7,9.3,12.2,1.9,73.0
2023,20240101_38020_D02_S001,38020_D02_S001,Güímar,3.6,7.5,18.9,2.7,67.3
2023,20240101_38020_D02_S002,38020_D02_S002,Güímar,5.3,10.2,22.4,3.3,58.9
2023,20240101_38020_D03_S001,38020_D03_S001,Güímar,5.2,9.2,22.0,3.1,60.6
2023,20240101_38020_D03_S002,38020_D03_S002,Güímar,3.6,8.7,23.6,3.4,60.7
2023,20240101_38021_D01_S001,38021_D01_S001,Hermigua,3.8,12.2,23.0,3.1,57.9
2023,20240101_38021_D02_S001,38021_D02_S001,Hermigua,3.0,14.6,26.8,2.5,53.1
2023,20240101_38022_D01_S001,38022_D01_S001,Icod de los Vinos,4.9,16.4,28.6,2.3,47.7
2023,20240101_38022_D01_S002,38022_D01_S002,Icod de los Vinos,3.6,18.8,23.5,2.6,51.4
2023,20240101_38022_D01_S003,38022_D01_S003,Icod de los Vinos,4.1,20.3,23.8,1.7,50.0
2023,20240101_38022_D01_S004,38022_D01_S004,Icod de los Vinos,6.1,12.6,22.1,2.4,56.8
2023,20240101_38022_D01_S005,38022_D01_S005,Icod de los Vinos,3.3,12.4,22.3,3.0,59.0
2023,20240101_38022_D01_S006,38022_D01_S006,Icod de los Vinos,5.2,12.9,21.9,2.7,57.2
2023,20240101_38022_D02_S001,38022_D02_S001,Icod de los Vinos,4.3,5.9,22.8,4.6,62.4
2023,20240101_38022_D02_S002,38022_D02_S002,Icod de los Vinos,5.0,7.6,27.3,3.2,57.0
2023,20240101_38022_D03_S001,38022_D03_S001,Icod de los Vinos,5.1,9.4,22.4,4.4,58.7
2023,20240101_38022_D03_S002,38022_D03_S002,Icod de los Vinos,4.7,11.8,25.7,3.3,54.5
2023,20240101_38022_D03_S003,38022_D03_S003,Icod de los Vinos,6.8,8.2,26.9,2.9,55.2
2023,20240101_38022_D03_S004,38022_D03_S004,Icod de los Vinos,6.0,10.1,24.6,3.4,55.9
2023,20240101_38022_D04_S001,38022_D04_S001,Icod de los Vinos,4.6,11.7,20.1,3.6,59.9
2023,20240101_38022_D04_S002,38022_D04_S002,Icod de los Vinos,4.5,11.4,19.4,3.6,61.1
2023,20240101_38022_D04_S003,38022_D04_S003,Icod de los Vinos,6.1,10.3,17.6,3.8,62.3
2023,20240101_38022_D04_S004,38022_D04_S004,Icod de los Vinos,4.2,11.4,21.6,3.4,59.4
2023,20240101_38022_D05_S001,38022_D05_S001,Icod de los Vinos,5.1,13.4,25.2,3.3,53.0
2023,20240101_38022_D05_S002,38022_D05_S002,Icod de los Vinos,5.3,11.0,18.0,3.3,62.5
2023,20240101_38023_D01_S001,38023_D01_S001,San Cristóbal de La Laguna,3.3,24.8,17.3,1.3,53.4
2023,20240101_38023_D01_S002,38023_D01_S002,San Cristóbal de La Laguna,3.5,10.7,24.2,2.4,59.3
2023,20240101_38023_D01_S003,38023_D01_S003,San Cristóbal de La Laguna,3.6,9.6,17.8,1.8,67.2
2023,20240101_38023_D01_S004,38023_D01_S004,San Cristóbal de La Laguna,6.8,5.3,31.6,2.8,53.6
2023,20240101_38023_D01_S005,38023_D01_S005,San Cristóbal de La Laguna,3.2,21.3,18.0,1.3,56.2
2023,20240101_38023_D01_S006,38023_D01_S006,San Cristóbal de La Laguna,4.6,11.0,19.2,1.9,63.3
2023,20240101_38023_D01_S007,38023_D01_S007,San Cristóbal de La Laguna,3.7,10.6,14.9,2.1,68.7
2023,20240101_38023_D01_S008,38023_D01_S008,San Cristóbal de La Laguna,4.6,13.5,21.9,1.8,58.3
2023,20240101_38023_D01_S009,38023_D01_S009,San Cristóbal de La Laguna,2.8,14.2,19.4,1.7,61.9
2023,20240101_38023_D01_S010,38023_D01_S010,San Cristóbal de La Laguna,3.5,8.4,22.3,1.5,64.4
2023,20240101_38023_D01_S011,38023_D01_S011,San Cristóbal de La Laguna,3.9,10.8,24.6,2.2,58.5
2023,20240101_38023_D01_S012,38023_D01_S012,San Cristóbal de La Laguna,4.5,4.9,23.6,2.7,64.3
2023,20240101_38023_D01_S013,38023_D01_S013,San Cristóbal de La Laguna,4.2,14.1,22.2,0.9,58.6
2023,20240101_38023_D01_S014,38023_D01_S014,San Cristóbal de La Laguna,2.8,17.9,15.2,1.2,63.0
2023,20240101_38023_D01_S015,38023_D01_S015,San Cristóbal de La Laguna,2.0,28.8,20.2,0.7,48.4
2023,20240101_38023_D01_S016,38023_D01_S016,San Cristóbal de La Laguna,2.9,19.0,20.7,1.2,56.3
2023,20240101_38023_D01_S017,38023_D01_S017,San Cristóbal de La Laguna,2.5,14.1,18.9,1.5,63.1
2023,20240101_38023_D01_S018,38023_D01_S018,San Cristóbal de La Laguna,5.3,6.5,29.4,2.6,56.2
2023,20240101_38023_D01_S019,38023_D01_S019,San Cristóbal de La Laguna,3.2,18.6,18.9,1.0,58.4
2023,20240101_38023_D01_S020,38023_D01_S020,San Cristóbal de La Laguna,3.4,14.8,24.6,1.5,55.8
2023,20240101_38023_D01_S021,38023_D01_S021,San Cristóbal de La Laguna,3.0,12.7,20.7,1.3,62.3
2023,20240101_38023_D01_S022,38023_D01_S022,San Cristóbal de La Laguna,4.4,7.6,25.0,2.3,60.7
2023,20240101_38023_D01_S023,38023_D01_S023,San Cristóbal de La Laguna,3.4,10.7,17.6,2.0,66.4
2023,20240101_38023_D01_S024,38023_D01_S024,San Cristóbal de La Laguna,6.1,4.6,33.8,3.2,52.3
2023,20240101_38023_D01_S025,38023_D01_S025,San Cristóbal de La Laguna,3.6,10.2,17.8,2.0,66.4
2023,20240101_38023_D01_S026,38023_D01_S026,San Cristóbal de La Laguna,3.3,17.1,24.0,1.1,54.5
2023,20240101_38023_D01_S027,38023_D01_S027,San Cristóbal de La Laguna,5.1,5.5,15.5,2.9,71.1
2023,20240101_38023_D01_S028,38023_D01_S028,San Cristóbal de La Laguna,2.6,9.5,16.3,1.6,70.1
2023,20240101_38023_D01_S029,38023_D01_S029,San Cristóbal de La Laguna,2.4,14.8,25.2,0.8,56.8
2023,20240101_38023_D01_S030,38023_D01_S030,San Cristóbal de La Laguna,1.6,23.9,18.3,0.7,55.5
2023,20240101_38023_D01_S031,38023_D01_S031,San Cristóbal de La Laguna,3.4,18.3,22.2,0.7,55.4
2023,20240101_38023_D01_S032,38023_D01_S032,San Cristóbal de La Laguna,6.9,5.3,16.1,3.5,68.2
2023,20240101_38023_D01_S033,38023_D01_S033,San Cristóbal de La Laguna,4.7,12.1,22.0,2.0,59.2
2023,20240101_38023_D02_S001,38023_D02_S001,San Cristóbal de La Laguna,4.7,5.2,21.1,4.2,64.8
2023,20240101_38023_D02_S002,38023_D02_S002,San Cristóbal de La Laguna,5.5,8.2,21.7,3.5,61.2
2023,20240101_38023_D02_S003,38023_D02_S003,San Cristóbal de La Laguna,3.9,7.6,14.5,2.6,71.4
2023,20240101_38023_D02_S004,38023_D02_S004,San Cristóbal de La Laguna,4.6,7.4,20.1,2.5,65.4
2023,20240101_38023_D02_S005,38023_D02_S005,San Cristóbal de La Laguna,4.1,7.1,22.1,2.3,64.5
2023,20240101_38023_D02_S006,38023_D02_S006,San Cristóbal de La Laguna,6.1,7.7,21.1,3.0,62.1
2023,20240101_38023_D02_S007,38023_D02_S007,San Cristóbal de La Laguna,4.1,7.7,19.1,3.3,65.8
2023,20240101_38023_D02_S008,38023_D02_S008,San Cristóbal de La Laguna,6.4,5.7,19.8,4.8,63.2
2023,20240101_38023_D02_S009,38023_D02_S009,San Cristóbal de La Laguna,6.1,4.1,22.3,3.6,63.9
2023,20240101_38023_D02_S010,38023_D02_S010,San Cristóbal de La Laguna,6.1,6.7,20.0,3.3,63.9
2023,20240101_38023_D02_S011,38023_D02_S011,San Cristóbal de La Laguna,3.7,10.8,23.2,1.6,60.7
2023,20240101_38023_D02_S012,38023_D02_S012,San Cristóbal de La Laguna,4.9,10.7,14.1,1.5,68.9
2023,20240101_38023_D02_S013,38023_D02_S013,San Cristóbal de La Laguna,4.9,10.0,16.0,2.7,66.4
2023,20240101_38023_D02_S014,38023_D02_S014,San Cristóbal de La Laguna,5.0,10.7,21.5,2.4,60.4
2023,20240101_38023_D02_S015,38023_D02_S015,San Cristóbal de La Laguna,4.4,6.9,17.0,3.1,68.6
2023,20240101_38023_D02_S016,38023_D02_S016,San Cristóbal de La Laguna,3.5,11.5,15.9,1.9,67.2
2023,20240101_38023_D02_S017,38023_D02_S017,San Cristóbal de La Laguna,4.5,8.6,18.2,2.9,65.9
2023,20240101_38023_D02_S018,38023_D02_S018,San Cristóbal de La Laguna,7.0,6.7,20.0,2.8,63.5
2023,20240101_38023_D02_S019,38023_D02_S019,San Cristóbal de La Laguna,4.6,8.9,18.6,2.8,65.1
2023,20240101_38023_D02_S020,38023_D02_S020,San Cristóbal de La Laguna,4.9,5.1,19.8,3.1,67.1
2023,20240101_38023_D02_S021,38023_D02_S021,San Cristóbal de La Laguna,3.0,8.1,14.0,1.6,73.3
2023,20240101_38023_D02_S022,38023_D02_S022,San Cristóbal de La Laguna,5.2,6.5,21.7,2.5,64.1
2023,20240101_38023_D02_S023,38023_D02_S023,San Cristóbal de La Laguna,3.7,10.5,17.9,2.1,65.9
2023,20240101_38023_D02_S024,38023_D02_S024,San Cristóbal de La Laguna,3.9,9.0,17.9,2.8,66.5
2023,20240101_38023_D03_S001,38023_D03_S001,San Cristóbal de La Laguna,5.2,8.0,21.6,3.7,61.6
2023,20240101_38023_D03_S002,38023_D03_S002,San Cristóbal de La Laguna,2.6,8.5,20.3,1.5,67.1
2023,20240101_38023_D03_S003,38023_D03_S003,San Cristóbal de La Laguna,2.6,12.0,22.9,1.0,61.5
2023,20240101_38023_D03_S004,38023_D03_S004,San Cristóbal de La Laguna,7.2,4.6,22.1,4.6,61.6
2023,20240101_38023_D03_S005,38023_D03_S005,San Cristóbal de La Laguna,6.2,7.6,19.5,3.4,63.2
2023,20240101_38023_D03_S006,38023_D03_S006,San Cristóbal de La Laguna,3.0,14.0,22.0,1.2,59.8
2023,20240101_38023_D03_S007,38023_D03_S007,San Cristóbal de La Laguna,4.2,6.3,24.2,2.9,62.5
2023,20240101_38023_D03_S008,38023_D03_S008,San Cristóbal de La Laguna,4.9,8.3,18.9,4.1,63.7
2023,20240101_38023_D03_S009,38023_D03_S009,San Cristóbal de La Laguna,7.2,4.4,25.2,2.9,60.3
2023,20240101_38023_D03_S010,38023_D03_S010,San Cristóbal de La Laguna,7.4,4.1,26.4,3.3,58.9
2023,20240101_38023_D03_S011,38023_D03_S011,San Cristóbal de La Laguna,6.2,4.4,23.6,4.4,61.5
2023,20240101_38023_D03_S012,38023_D03_S012,San Cristóbal de La Laguna,6.2,7.1,19.2,4.1,63.5
2023,20240101_38023_D03_S013,38023_D03_S013,San Cristóbal de La Laguna,6.1,9.9,19.4,3.6,61.0
2023,20240101_38023_D03_S014,38023_D03_S014,San Cristóbal de La Laguna,6.0,4.7,27.4,4.8,57.2
2023,20240101_38023_D03_S015,38023_D03_S015,San Cristóbal de La Laguna,6.8,7.0,17.8,3.9,64.5
2023,20240101_38023_D03_S016,38023_D03_S016,San Cristóbal de La Laguna,6.0,7.0,21.8,3.5,61.7
2023,20240101_38023_D03_S017,38023_D03_S017,San Cristóbal de La Laguna,6.3,6.8,19.2,3.9,63.8
2023,20240101_38023_D03_S018,38023_D03_S018,San Cristóbal de La Laguna,7.4,4.6,28.4,3.9,55.7
2023,20240101_38023_D03_S019,38023_D03_S019,San Cristóbal de La Laguna,3.7,9.2,9.8,2.5,74.9
2023,20240101_38023_D03_S020,38023_D03_S020,San Cristóbal de La Laguna,4.6,9.9,15.9,2.9,66.8
2023,20240101_38023_D03_S021,38023_D03_S021,San Cristóbal de La Laguna,5.1,9.5,17.4,2.9,65.1
2023,20240101_38023_D03_S022,38023_D03_S022,San Cristóbal de La Laguna,2.1,20.9,23.2,0.8,52.9
2023,20240101_38023_D03_S023,38023_D03_S023,San Cristóbal de La Laguna,8.2,3.6,23.3,3.6,61.4
2023,20240101_38023_D03_S024,38023_D03_S024,San Cristóbal de La Laguna,5.4,5.6,14.3,2.6,72.1
2023,20240101_38023_D03_S025,38023_D03_S025,San Cristóbal de La Laguna,6.1,5.1,11.3,2.7,74.8
2023,20240101_38023_D03_S026,38023_D03_S026,San Cristóbal de La Laguna,4.3,9.2,15.7,1.8,69.0
2023,20240101_38023_D03_S027,38023_D03_S027,San Cristóbal de La Laguna,4.3,9.9,11.1,1.8,73.0
2023,20240101_38023_D03_S028,38023_D03_S028,San Cristóbal de La Laguna,4.8,11.0,16.7,2.7,64.8
2023,20240101_38023_D03_S029,38023_D03_S029,San Cristóbal de La Laguna,5.8,6.8,18.3,3.2,66.0
2023,20240101_38023_D04_S001,38023_D04_S001,San Cristóbal de La Laguna,3.3,12.1,13.4,1.6,69.6
2023,20240101_38023_D04_S002,38023_D04_S002,San Cristóbal de La Laguna,4.9,8.4,15.5,2.4,68.8
2023,20240101_38023_D04_S003,38023_D04_S003,San Cristóbal de La Laguna,3.5,9.0,17.1,1.8,68.6
2023,20240101_38023_D04_S004,38023_D04_S004,San Cristóbal de La Laguna,3.2,14.0,25.9,2.2,54.8
2023,20240101_38023_D04_S005,38023_D04_S005,San Cristóbal de La Laguna,2.7,21.0,21.6,1.4,53.3
2023,20240101_38023_D04_S006,38023_D04_S006,San Cristóbal de La Laguna,4.6,12.1,21.6,2.4,59.3
2023,20240101_38023_D04_S007,38023_D04_S007,San Cristóbal de La Laguna,4.1,12.6,18.9,1.5,63.0
2023,20240101_38023_D04_S008,38023_D04_S008,San Cristóbal de La Laguna,4.4,9.8,19.9,1.8,64.1
2023,20240101_38023_D05_S001,38023_D05_S001,San Cristóbal de La Laguna,5.7,7.4,23.9,3.3,59.8
2023,20240101_38023_D05_S002,38023_D05_S002,San Cristóbal de La Laguna,4.9,9.1,21.0,2.9,62.0
2023,20240101_38023_D05_S003,38023_D05_S003,San Cristóbal de La Laguna,3.8,10.7,22.0,2.5,61.0
2023,20240101_38023_D05_S004,38023_D05_S004,San Cristóbal de La Laguna,4.6,11.9,20.2,3.1,60.3
2023,20240101_38023_D05_S005,38023_D05_S005,San Cristóbal de La Laguna,4.3,9.8,20.7,2.7,62.5
2023,20240101_38023_D05_S006,38023_D05_S006,San Cristóbal de La Laguna,3.6,14.5,20.3,2.3,59.4
2023,20240101_38023_D05_S007,38023_D05_S007,San Cristóbal de La Laguna,4.1,13.3,18.8,2.0,61.9
2023,20240101_38023_D05_S008,38023_D05_S008,San Cristóbal de La Laguna,5.3,6.9,22.2,3.8,61.9
2023,20240101_38023_D05_S009,38023_D05_S009,San Cristóbal de La Laguna,4.1,13.8,15.3,2.1,64.7
2023,20240101_38023_D05_S010,38023_D05_S010,San Cristóbal de La Laguna,5.0,8.3,21.3,2.6,62.8
2023,20240101_38023_D05_S011,38023_D05_S011,San Cristóbal de La Laguna,2.8,11.3,23.6,3.1,59.2
2023,20240101_38023_D05_S012,38023_D05_S012,San Cristóbal de La Laguna,4.0,9.3,22.7,2.9,61.1
2023,20240101_38023_D05_S013,38023_D05_S013,San Cristóbal de La Laguna,4.4,9.1,28.1,2.5,56.0
2023,20240101_38023_D05_S014,38023_D05_S014,San Cristóbal de La Laguna,4.6,6.9,17.6,2.8,68.3
2023,20240101_38023_D05_S015,38023_D05_S015,San Cristóbal de La Laguna,2.6,16.5,17.6,2.4,60.9
2023,20240101_38023_D06_S001,38023_D06_S001,San Cristóbal de La Laguna,3.2,7.1,22.6,2.1,65.0
2023,20240101_38023_D06_S002,38023_D06_S002,San Cristóbal de La Laguna,2.3,17.9,20.3,1.3,58.3
2023,20240101_38023_D06_S003,38023_D06_S003,San Cristóbal de La Laguna,4.2,10.9,19.6,1.9,63.5
2023,20240101_38023_D06_S004,38023_D06_S004,San Cristóbal de La Laguna,4.8,11.6,19.7,2.2,61.8
2023,20240101_38024_D01_S001,38024_D01_S001,Los Llanos de Aridane,3.7,21.8,15.5,3.6,55.3
2023,20240101_38024_D01_S002,38024_D01_S002,Los Llanos de Aridane,3.7,16.2,13.9,4.2,62.1
2023,20240101_38024_D01_S003,38024_D01_S003,Los Llanos de Aridane,4.7,19.0,18.5,4.3,53.6
2023,20240101_38024_D01_S004,38024_D01_S004,Los Llanos de Aridane,5.1,16.1,15.0,3.6,60.3
2023,20240101_38024_D01_S005,38024_D01_S005,Los Llanos de Aridane,3.9,24.1,17.7,2.9,51.4
2023,20240101_38024_D01_S006,38024_D01_S006,Los Llanos de Aridane,5.0,18.8,20.1,3.2,52.9
2023,20240101_38024_D01_S007,38024_D01_S007,Los Llanos de Aridane,6.2,11.7,18.3,4.1,59.8
2023,20240101_38024_D01_S008,38024_D01_S008,Los Llanos de Aridane,5.5,16.0,17.9,3.4,57.2
2023,20240101_38024_D02_S001,38024_D02_S001,Los Llanos de Aridane,3.9,16.1,16.3,3.2,60.6
2023,20240101_38024_D02_S002,38024_D02_S002,Los Llanos de Aridane,5.3,15.4,17.0,4.7,57.6
2023,20240101_38024_D03_S001,38024_D03_S001,Los Llanos de Aridane,6.3,16.9,21.8,4.0,51.0
2023,20240101_38024_D03_S002,38024_D03_S002,Los Llanos de Aridane,8.2,15.4,17.9,6.3,52.2
2023,20240101_38024_D03_S003,38024_D03_S003,Los Llanos de Aridane,5.1,20.0,21.6,4.6,48.7
2023,20240101_38025_D01_S001,38025_D01_S001,La Matanza de Acentejo,5.1,7.7,18.8,2.9,65.6
2023,20240101_38025_D01_S002,38025_D01_S002,La Matanza de Acentejo,4.0,10.8,17.1,2.9,65.2
2023,20240101_38025_D01_S003,38025_D01_S003,La Matanza de Acentejo,4.1,11.5,14.9,3.3,66.3
2023,20240101_38025_D01_S004,38025_D01_S004,La Matanza de Acentejo,4.3,13.7,15.8,2.9,63.4
2023,20240101_38025_D01_S005,38025_D01_S005,La Matanza de Acentejo,4.6,13.7,22.4,2.6,56.6
2023,20240101_38026_D01_S001,38026_D01_S001,La Orotava,3.7,22.4,22.1,1.4,50.5
2023,20240101_38026_D01_S002,38026_D01_S002,La Orotava,3.5,11.6,24.2,1.7,59.1
2023,20240101_38026_D01_S004,38026_D01_S004,La Orotava,4.7,14.0,27.8,1.8,51.7
2023,20240101_38026_D02_S001,38026_D02_S001,La Orotava,5.6,17.7,22.2,2.5,52.1
2023,20240101_38026_D02_S002,38026_D02_S002,La Orotava,5.4,7.3,20.7,2.9,63.7
2023,20240101_38026_D02_S003,38026_D02_S003,La Orotava,4.0,9.7,10.6,2.4,73.3
2023,20240101_38026_D02_S004,38026_D02_S004,La Orotava,4.2,11.9,23.7,2.3,57.8
2023,20240101_38026_D03_S001,38026_D03_S001,La Orotava,6.1,8.8,20.6,2.9,61.6
2023,20240101_38026_D03_S002,38026_D03_S002,La Orotava,3.4,16.5,21.9,2.3,56.0
2023,20240101_38026_D03_S003,38026_D03_S003,La Orotava,2.3,24.5,21.1,1.4,50.7
2023,20240101_38026_D03_S004,38026_D03_S004,La Orotava,4.6,10.1,10.2,2.3,72.8
2023,20240101_38026_D03_S005,38026_D03_S005,La Orotava,5.2,8.8,24.2,3.1,58.6
2023,20240101_38026_D03_S006,38026_D03_S006,La Orotava,3.5,10.2,25.7,2.3,58.3
2023,20240101_38026_D03_S007,38026_D03_S007,La Orotava,4.9,7.4,15.3,2.6,69.8
2023,20240101_38026_D04_S001,38026_D04_S001,La Orotava,2.9,24.6,15.1,1.7,55.7
2023,20240101_38026_D04_S002,38026_D04_S002,La Orotava,3.2,11.3,13.7,2.3,69.5
2023,20240101_38026_D04_S003,38026_D04_S003,La Orotava,2.8,22.2,21.0,1.9,52.1
2023,20240101_38026_D04_S004,38026_D04_S004,La Orotava,6.3,8.3,23.0,3.3,59.1
2023,20240101_38026_D04_S005,38026_D04_S005,La Orotava,3.2,15.8,17.1,2.0,62.0
2023,20240101_38026_D05_S001,38026_D05_S001,La Orotava,4.9,9.9,16.2,3.1,65.9
2023,20240101_38026_D05_S002,38026_D05_S002,La Orotava,5.1,10.7,19.5,2.7,62.0
2023,20240101_38026_D05_S003,38026_D05_S003,La Orotava,4.9,10.7,21.1,2.8,60.6
2023,20240101_38026_D05_S004,38026_D05_S004,La Orotava,7.9,3.0,31.8,4.5,52.8
2023,20240101_38026_D05_S005,38026_D05_S005,La Orotava,4.7,9.4,13.2,2.7,70.1
2023,20240101_38026_D06_S001,38026_D06_S001,La Orotava,6.1,5.7,25.6,3.5,59.1
2023,20240101_38026_D06_S002,38026_D06_S002,La Orotava,6.0,7.5,25.2,3.4,57.9
2023,20240101_38026_D06_S003,38026_D06_S003,La Orotava,6.7,9.9,19.8,3.2,60.4
2023,20240101_38026_D06_S004,38026_D06_S004,La Orotava,5.9,10.4,17.9,3.4,62.4
2023,20240101_38027_D01_S001,38027_D01_S001,El Paso,4.3,18.0,17.7,3.7,56.4
2023,20240101_38027_D02_S001,38027_D02_S001,El Paso,4.5,16.4,18.4,4.1,56.7
2023,20240101_38027_D03_S001,38027_D03_S001,El Paso,3.5,27.2,19.4,2.7,47.2
2023,20240101_38027_D03_S002,38027_D03_S002,El Paso,3.4,24.3,20.8,2.8,48.8
2023,20240101_38027_D04_S001,38027_D04_S001,El Paso,4.3,18.1,19.2,3.9,54.6
2023,20240101_38028_D01_S001,38028_D01_S001,Puerto de La Cruz,6.1,18.2,29.5,2.0,44.2
2023,20240101_38028_D01_S002,38028_D01_S002,Puerto de La Cruz,4.9,18.9,29.3,2.3,44.6
2023,20240101_38028_D01_S003,38028_D01_S003,Puerto de La Cruz,2.2,29.9,27.6,1.2,39.1
2023,20240101_38028_D01_S004,38028_D01_S004,Puerto de La Cruz,2.7,25.3,17.5,1.2,53.4
2023,20240101_38028_D02_S001,38028_D02_S001,Puerto de La Cruz,3.2,23.3,30.8,1.8,40.9
2023,20240101_38028_D02_S002,38028_D02_S002,Puerto de La Cruz,5.0,20.0,27.2,1.6,46.2
2023,20240101_38028_D02_S003,38028_D02_S003,Puerto de La Cruz,3.1,26.4,20.1,1.7,48.7
2023,20240101_38028_D02_S004,38028_D02_S004,Puerto de La Cruz,3.4,18.1,21.4,1.9,55.2
2023,20240101_38028_D02_S005,38028_D02_S005,Puerto de La Cruz,3.8,19.1,17.4,2.3,57.4
2023,20240101_38028_D03_S001,38028_D03_S001,Puerto de La Cruz,5.2,17.3,26.7,2.4,48.5
2023,20240101_38028_D03_S002,38028_D03_S002,Puerto de La Cruz,4.0,13.0,34.2,2.2,46.6
2023,20240101_38028_D03_S003,38028_D03_S003,Puerto de La Cruz,6.0,5.4,28.2,2.7,57.7
2023,20240101_38028_D03_S004,38028_D03_S004,Puerto de La Cruz,4.5,14.0,29.9,2.4,49.3
2023,20240101_38028_D03_S005,38028_D03_S005,Puerto de La Cruz,4.5,6.4,33.8,2.4,53.0
2023,20240101_38028_D03_S006,38028_D03_S006,Puerto de La Cruz,6.0,10.4,35.8,2.4,45.3
2023,20240101_38028_D04_S001,38028_D04_S001,Puerto de La Cruz,6.4,9.5,28.6,3.5,52.1
2023,20240101_38028_D04_S002,38028_D04_S002,Puerto de La Cruz,8.0,7.0,21.7,3.8,59.5
2023,20240101_38028_D04_S003,38028_D04_S003,Puerto de La Cruz,5.1,10.6,21.4,2.8,60.0
2023,20240101_38028_D04_S004,38028_D04_S004,Puerto de La Cruz,4.1,20.3,22.5,1.7,51.4
2023,20240101_38028_D04_S005,38028_D04_S005,Puerto de La Cruz,8.7,4.7,31.0,3.7,51.9
2023,20240101_38029_D01_S001,38029_D01_S001,Puntagorda,4.2,21.8,19.6,4.3,50.2
2023,20240101_38029_D01_S002,38029_D01_S002,Puntagorda,3.5,17.9,20.9,2.6,55.0
2023,20240101_38030_D01_S001,38030_D01_S001,Puntallana,4.2,14.2,19.1,2.5,59.9
2023,20240101_38030_D01_S002,38030_D01_S002,Puntallana,2.5,14.7,22.9,1.8,58.0
2023,20240101_38031_D01_S001,38031_D01_S001,Los Realejos,4.3,18.5,20.9,3.0,53.3
2023,20240101_38031_D01_S002,38031_D01_S002,Los Realejos,4.4,15.3,17.1,2.5,60.7
2023,20240101_38031_D01_S003,38031_D01_S003,Los Realejos,4.9,10.0,18.2,2.8,64.1
2023,20240101_38031_D01_S004,38031_D01_S004,Los Realejos,4.1,8.9,20.6,2.9,63.5
2023,20240101_38031_D01_S005,38031_D01_S005,Los Realejos,4.7,7.7,19.9,3.3,64.4
2023,20240101_38031_D01_S006,38031_D01_S006,Los Realejos,3.7,16.8,16.3,2.2,61.0
2023,20240101_38031_D01_S007,38031_D01_S007,Los Realejos,5.5,6.2,21.4,3.5,63.5
2023,20240101_38031_D01_S008,38031_D01_S008,Los Realejos,3.9,10.9,13.7,2.4,69.1
2023,20240101_38031_D02_S001,38031_D02_S001,Los Realejos,4.7,12.2,19.7,2.6,60.9
2023,20240101_38031_D02_S002,38031_D02_S002,Los Realejos,4.5,8.0,18.9,2.8,65.8
2023,20240101_38031_D02_S003,38031_D02_S003,Los Realejos,5.5,6.6,24.4,3.4,60.1
2023,20240101_38031_D03_S001,38031_D03_S001,Los Realejos,5.4,12.6,20.1,3.2,58.7
2023,20240101_38031_D03_S002,38031_D03_S002,Los Realejos,3.0,15.8,21.4,2.6,57.2
2023,20240101_38031_D03_S003,38031_D03_S003,Los Realejos,6.1,6.2,22.5,4.6,60.6
2023,20240101_38031_D03_S004,38031_D03_S004,Los Realejos,3.9,10.9,16.4,2.2,66.6
2023,20240101_38031_D03_S005,38031_D03_S005,Los Realejos,4.9,8.4,24.8,3.0,58.8
2023,20240101_38031_D04_S001,38031_D04_S001,Los Realejos,4.4,12.6,20.1,3.6,59.3
2023,20240101_38031_D04_S002,38031_D04_S002,Los Realejos,2.6,18.4,15.0,2.2,61.9
2023,20240101_38031_D04_S003,38031_D04_S003,Los Realejos,2.7,19.7,22.4,1.6,53.6
2023,20240101_38031_D04_S004,38031_D04_S004,Los Realejos,4.2,16.1,22.4,2.9,54.4
2023,20240101_38031_D05_S001,38031_D05_S001,Los Realejos,5.2,4.5,26.8,4.3,59.2
2023,20240101_38031_D05_S002,38031_D05_S002,Los Realejos,6.4,5.0,26.8,4.3,57.5
2023,20240101_38031_D05_S003,38031_D05_S003,Los Realejos,4.8,7.4,21.8,5.2,60.8
2023,20240101_38031_D06_S001,38031_D06_S001,Los Realejos,7.6,7.8,21.5,4.6,58.6
2023,20240101_38031_D06_S002,38031_D06_S002,Los Realejos,6.8,9.3,22.2,3.5,58.3
2023,20240101_38032_D01_S001,38032_D01_S001,El Rosario,4.0,13.1,18.4,1.7,62.9
2023,20240101_38032_D01_S002,38032_D01_S002,El Rosario,4.1,9.2,22.0,2.5,62.2
2023,20240101_38032_D01_S003,38032_D01_S003,El Rosario,3.2,11.4,20.5,2.1,62.9
2023,20240101_38032_D01_S004,38032_D01_S004,El Rosario,2.5,16.5,11.2,1.3,68.5
2023,20240101_38032_D01_S005,38032_D01_S005,El Rosario,4.7,9.0,23.0,3.4,59.8
2023,20240101_38032_D01_S006,38032_D01_S006,El Rosario,2.5,19.0,11.8,1.1,65.6
2023,20240101_38032_D01_S007,38032_D01_S007,El Rosario,3.9,10.7,21.7,1.9,61.8
2023,20240101_38032_D01_S008,38032_D01_S008,El Rosario,2.8,12.1,19.0,0.8,65.2
2023,20240101_38032_D01_S009,38032_D01_S009,El Rosario,4.3,9.9,22.4,2.6,60.8
2023,20240101_38032_D01_S010,38032_D01_S010,El Rosario,3.7,11.4,22.4,2.5,60.1
2023,20240101_38032_D01_S011,38032_D01_S011,El Rosario,2.7,19.3,9.4,1.1,67.5
2023,20240101_38032_D01_S012,38032_D01_S012,El Rosario,2.1,23.9,11.7,0.7,61.7
2023,20240101_38032_D01_S013,38032_D01_S013,El Rosario,2.3,16.8,11.1,1.1,68.7
2023,20240101_38033_D01_S001,38033_D01_S001,San Andrés y Sauces,4.5,15.8,23.2,2.4,54.2
2023,20240101_38033_D01_S002,38033_D01_S002,San Andrés y Sauces,4.0,20.4,17.2,2.3,56.2
2023,20240101_38033_D01_S003,38033_D01_S003,San Andrés y Sauces,3.8,23.9,21.7,2.1,48.5
2023,20240101_38033_D02_S001,38033_D02_S001,San Andrés y Sauces,4.0,13.1,27.7,1.6,53.7
2023,20240101_38034_D01_S001,38034_D01_S001,San Juan de la Rambla,4.4,13.7,24.6,1.9,55.4
2023,20240101_38034_D01_S002,38034_D01_S002,San Juan de la Rambla,5.1,6.6,16.1,3.4,68.8
2023,20240101_38034_D01_S003,38034_D01_S003,San Juan de la Rambla,3.9,6.6,22.5,3.8,63.2
2023,20240101_38034_D01_S004,38034_D01_S004,San Juan de la Rambla,5.0,7.1,17.9,3.5,66.6
2023,20240101_38035_D01_S001,38035_D01_S001,San Miguel de Abona,3.2,19.8,16.1,2.3,58.6
2023,20240101_38035_D01_S002,38035_D01_S002,San Miguel de Abona,3.4,13.9,18.2,2.7,61.9
2023,20240101_38035_D01_S003,38035_D01_S003,San Miguel de Abona,3.2,16.9,15.6,2.3,62.0
2023,20240101_38035_D01_S004,38035_D01_S004,San Miguel de Abona,2.8,18.5,13.8,2.1,62.8
2023,20240101_38035_D01_S005,38035_D01_S005,San Miguel de Abona,4.1,15.4,15.4,2.8,62.3
2023,20240101_38035_D01_S006,38035_D01_S006,San Miguel de Abona,4.3,6.9,10.7,3.0,75.1
2023,20240101_38035_D01_S007,38035_D01_S007,San Miguel de Abona,3.2,13.2,6.4,2.0,75.1
2023,20240101_38035_D01_S008,38035_D01_S008,San Miguel de Abona,3.2,19.5,6.8,2.1,68.4
2023,20240101_38035_D01_S009,38035_D01_S009,San Miguel de Abona,3.8,8.6,10.4,3.6,73.5
2023,20240101_38036_D01_S001,38036_D01_S001,San Sebastián de La Gomera,2.8,14.8,19.3,1.5,61.6
2023,20240101_38036_D01_S002,38036_D01_S002,San Sebastián de La Gomera,4.2,9.9,20.9,2.0,63.0
2023,20240101_38036_D01_S003,38036_D01_S003,San Sebastián de La Gomera,4.4,12.0,19.8,1.8,62.0
2023,20240101_38036_D01_S005,38036_D01_S005,San Sebastián de La Gomera,3.2,9.8,16.4,1.9,68.7
2023,20240101_38036_D01_S006,38036_D01_S006,San Sebastián de La Gomera,3.9,11.0,20.1,1.9,63.0
2023,20240101_38036_D01_S007,38036_D01_S007,San Sebastián de La Gomera,5.0,8.2,16.4,2.7,67.7
2023,20240101_38036_D01_S008,38036_D01_S008,San Sebastián de La Gomera,2.4,10.9,9.8,1.7,75.2
2023,20240101_38037_D01_S001,38037_D01_S001,Santa Cruz de La Palma,2.9,19.5,21.4,1.6,54.6
2023,20240101_38037_D01_S002,38037_D01_S002,Santa Cruz de La Palma,4.5,7.9,23.0,3.1,61.6
2023,20240101_38037_D01_S003,38037_D01_S003,Santa Cruz de La Palma,2.8,10.6,22.0,1.7,62.9
2023,20240101_38037_D02_S001,38037_D02_S001,Santa Cruz de La Palma,2.6,21.1,23.1,1.3,52.0
2023,20240101_38037_D02_S002,38037_D02_S002,Santa Cruz de La Palma,4.0,12.6,27.8,1.7,54.0
2023,20240101_38037_D02_S003,38037_D02_S003,Santa Cruz de La Palma,3.6,11.5,21.3,2.1,61.5
2023,20240101_38037_D02_S005,38037_D02_S005,Santa Cruz de La Palma,3.3,5.1,31.6,4.4,55.5
2023,20240101_38037_D03_S001,38037_D03_S001,Santa Cruz de La Palma,3.0,12.9,18.5,1.7,63.9
2023,20240101_38037_D03_S002,38037_D03_S002,Santa Cruz de La Palma,4.2,10.9,27.2,2.6,55.2
2023,20240101_38037_D03_S003,38037_D03_S003,Santa Cruz de La Palma,5.3,4.4,32.2,3.9,54.3
2023,20240101_38037_D03_S004,38037_D03_S004,Santa Cruz de La Palma,3.5,9.2,27.4,2.0,58.0
2023,20240101_38037_D03_S005,38037_D03_S005,Santa Cruz de La Palma,4.3,8.1,23.5,3.7,60.4
2023,20240101_38038_D01_S001,38038_D01_S001,Santa Cruz de Tenerife,2.1,31.2,16.5,0.7,49.6
2023,20240101_38038_D01_S002,38038_D01_S002,Santa Cruz de Tenerife,4.3,14.5,19.2,2.0,59.9
2023,20240101_38038_D01_S003,38038_D01_S003,Santa Cruz de Tenerife,3.3,16.1,21.3,1.0,58.4
2023,20240101_38038_D01_S004,38038_D01_S004,Santa Cruz de Tenerife,3.8,23.9,18.9,1.2,52.2
2023,20240101_38038_D01_S006,38038_D01_S006,Santa Cruz de Tenerife,3.1,16.2,21.8,1.2,57.7
2023,20240101_38038_D01_S007,38038_D01_S007,Santa Cruz de Tenerife,3.7,18.2,19.8,1.4,56.9
2023,20240101_38038_D01_S008,38038_D01_S008,Santa Cruz de Tenerife,2.4,30.0,16.2,0.6,50.9
2023,20240101_38038_D01_S009,38038_D01_S009,Santa Cruz de Tenerife,2.0,22.6,27.1,0.5,47.7
2023,20240101_38038_D01_S010,38038_D01_S010,Santa Cruz de Tenerife,2.7,22.6,19.3,0.7,54.8
2023,20240101_38038_D01_S011,38038_D01_S011,Santa Cruz de Tenerife,2.9,26.7,21.4,1.0,48.1
2023,20240101_38038_D01_S012,38038_D01_S012,Santa Cruz de Tenerife,1.4,27.5,13.7,0.5,56.9
2023,20240101_38038_D02_S001,38038_D02_S001,Santa Cruz de Tenerife,4.0,24.2,19.6,1.3,50.9
2023,20240101_38038_D02_S002,38038_D02_S002,Santa Cruz de Tenerife,2.5,28.3,13.9,1.0,54.4
2023,20240101_38038_D02_S003,38038_D02_S003,Santa Cruz de Tenerife,2.8,21.4,17.5,0.8,57.5
2023,20240101_38038_D02_S004,38038_D02_S004,Santa Cruz de Tenerife,2.6,27.2,18.8,0.7,50.8
2023,20240101_38038_D02_S005,38038_D02_S005,Santa Cruz de Tenerife,3.3,21.9,19.1,1.0,54.8
2023,20240101_38038_D02_S006,38038_D02_S006,Santa Cruz de Tenerife,2.9,21.8,17.6,0.9,56.7
2023,20240101_38038_D02_S007,38038_D02_S007,Santa Cruz de Tenerife,2.2,17.0,21.2,1.1,58.5
2023,20240101_38038_D02_S008,38038_D02_S008,Santa Cruz de Tenerife,2.7,31.2,13.1,0.8,52.2
2023,20240101_38038_D02_S009,38038_D02_S009,Santa Cruz de Tenerife,3.5,15.9,20.3,1.2,59.3
2023,20240101_38038_D03_S001,38038_D03_S001,Santa Cruz de Tenerife,2.3,18.9,9.2,0.6,69.0
2023,20240101_38038_D03_S002,38038_D03_S002,Santa Cruz de Tenerife,3.3,13.8,22.4,1.4,59.2
2023,20240101_38038_D03_S003,38038_D03_S003,Santa Cruz de Tenerife,3.3,17.2,18.8,1.5,59.2
2023,20240101_38038_D03_S004,38038_D03_S004,Santa Cruz de Tenerife,6.6,6.4,26.6,1.7,58.7
2023,20240101_38038_D03_S005,38038_D03_S005,Santa Cruz de Tenerife,3.5,12.8,22.3,1.7,59.7
2023,20240101_38038_D03_S006,38038_D03_S006,Santa Cruz de Tenerife,2.1,16.0,22.8,0.9,58.1
2023,20240101_38038_D03_S007,38038_D03_S007,Santa Cruz de Tenerife,4.1,8.9,27.2,1.6,58.3
2023,20240101_38038_D03_S008,38038_D03_S008,Santa Cruz de Tenerife,3.8,13.3,24.6,1.5,56.9
2023,20240101_38038_D03_S009,38038_D03_S009,Santa Cruz de Tenerife,4.6,11.8,15.7,1.5,66.4
2023,20240101_38038_D03_S010,38038_D03_S010,Santa Cruz de Tenerife,5.4,10.2,21.2,1.9,61.3
2023,20240101_38038_D03_S011,38038_D03_S011,Santa Cruz de Tenerife,3.1,19.4,17.6,0.8,59.1
2023,20240101_38038_D03_S013,38038_D03_S013,Santa Cruz de Tenerife,3.0,11.8,22.9,1.5,60.9
2023,20240101_38038_D03_S014,38038_D03_S014,Santa Cruz de Tenerife,3.4,13.7,31.5,1.1,50.3
2023,20240101_38038_D03_S015,38038_D03_S015,Santa Cruz de Tenerife,3.7,13.3,26.0,1.3,55.7
2023,20240101_38038_D03_S016,38038_D03_S016,Santa Cruz de Tenerife,4.6,10.5,22.6,2.3,59.9
2023,20240101_38038_D03_S017,38038_D03_S017,Santa Cruz de Tenerife,2.9,14.8,18.8,1.9,61.6
2023,20240101_38038_D03_S018,38038_D03_S018,Santa Cruz de Tenerife,6.1,12.9,22.4,2.4,56.3
2023,20240101_38038_D03_S019,38038_D03_S019,Santa Cruz de Tenerife,2.5,13.4,31.6,1.2,51.3
2023,20240101_38038_D03_S020,38038_D03_S020,Santa Cruz de Tenerife,2.4,19.1,10.1,1.1,67.3
2023,20240101_38038_D03_S021,38038_D03_S021,Santa Cruz de Tenerife,2.0,18.9,9.3,0.8,69.1
2023,20240101_38038_D04_S001,38038_D04_S001,Santa Cruz de Tenerife,8.3,10.1,23.1,3.5,55.0
2023,20240101_38038_D04_S002,38038_D04_S002,Santa Cruz de Tenerife,6.4,5.8,25.0,3.6,59.2
2023,20240101_38038_D04_S003,38038_D04_S003,Santa Cruz de Tenerife,7.7,8.0,20.4,3.5,60.4
2023,20240101_38038_D04_S004,38038_D04_S004,Santa Cruz de Tenerife,6.3,10.4,21.2,3.2,59.0
2023,20240101_38038_D04_S005,38038_D04_S005,Santa Cruz de Tenerife,6.9,10.7,24.6,3.8,54.1
2023,20240101_38038_D04_S006,38038_D04_S006,Santa Cruz de Tenerife,8.4,5.2,26.9,4.2,55.4
2023,20240101_38038_D04_S007,38038_D04_S007,Santa Cruz de Tenerife,6.4,2.3,31.6,3.9,55.8
2023,20240101_38038_D04_S009,38038_D04_S009,Santa Cruz de Tenerife,8.1,3.1,31.1,3.8,53.9
2023,20240101_38038_D04_S011,38038_D04_S011,Santa Cruz de Tenerife,8.3,6.9,26.8,3.6,54.4
2023,20240101_38038_D04_S012,38038_D04_S012,Santa Cruz de Tenerife,7.8,3.8,33.8,3.0,51.6
2023,20240101_38038_D04_S014,38038_D04_S014,Santa Cruz de Tenerife,5.4,3.8,31.2,3.7,56.0
2023,20240101_38038_D04_S015,38038_D04_S015,Santa Cruz de Tenerife,10.6,3.9,26.6,6.0,52.9
2023,20240101_38038_D05_S001,38038_D05_S001,Santa Cruz de Tenerife,2.6,38.8,15.0,0.5,43.2
2023,20240101_38038_D05_S002,38038_D05_S002,Santa Cruz de Tenerife,3.2,26.5,17.5,1.0,51.8
2023,20240101_38038_D05_S003,38038_D05_S003,Santa Cruz de Tenerife,3.0,18.4,20.4,1.1,57.1
2023,20240101_38038_D05_S004,38038_D05_S004,Santa Cruz de Tenerife,2.6,21.3,19.6,1.4,55.1
2023,20240101_38038_D05_S005,38038_D05_S005,Santa Cruz de Tenerife,2.5,17.0,21.0,1.1,58.5
2023,20240101_38038_D05_S006,38038_D05_S006,Santa Cruz de Tenerife,3.2,16.6,21.7,1.5,57.1
2023,20240101_38038_D05_S007,38038_D05_S007,Santa Cruz de Tenerife,3.9,19.2,22.0,1.6,53.3
2023,20240101_38038_D05_S008,38038_D05_S008,Santa Cruz de Tenerife,3.2,21.4,20.0,1.3,54.2
2023,20240101_38038_D05_S009,38038_D05_S009,Santa Cruz de Tenerife,1.1,39.9,11.6,0.3,47.1
2023,20240101_38038_D05_S010,38038_D05_S010,Santa Cruz de Tenerife,1.4,38.3,15.6,0.5,44.3
2023,20240101_38038_D05_S011,38038_D05_S011,Santa Cruz de Tenerife,3.8,16.2,26.4,1.7,52.0
2023,20240101_38038_D05_S012,38038_D05_S012,Santa Cruz de Tenerife,2.4,22.0,17.4,0.8,57.5
2023,20240101_38038_D05_S013,38038_D05_S013,Santa Cruz de Tenerife,4.2,15.2,22.8,1.6,56.2
2023,20240101_38038_D05_S014,38038_D05_S014,Santa Cruz de Tenerife,3.4,12.5,21.3,2.4,60.4
2023,20240101_38038_D05_S015,38038_D05_S015,Santa Cruz de Tenerife,2.5,17.0,24.6,1.1,54.7
2023,20240101_38038_D06_S001,38038_D06_S001,Santa Cruz de Tenerife,2.8,17.5,17.2,1.9,60.6
2023,20240101_38038_D06_S002,38038_D06_S002,Santa Cruz de Tenerife,2.4,19.1,22.6,0.8,55.2
2023,20240101_38038_D06_S003,38038_D06_S003,Santa Cruz de Tenerife,6.3,9.0,25.0,3.1,56.6
2023,20240101_38038_D06_S004,38038_D06_S004,Santa Cruz de Tenerife,7.9,6.4,29.1,2.5,54.1
2023,20240101_38038_D06_S005,38038_D06_S005,Santa Cruz de Tenerife,3.9,8.0,27.7,1.8,58.6
2023,20240101_38038_D06_S006,38038_D06_S006,Santa Cruz de Tenerife,2.6,24.6,20.0,0.8,52.0
2023,20240101_38038_D06_S007,38038_D06_S007,Santa Cruz de Tenerife,3.2,13.8,19.1,1.6,62.4
2023,20240101_38038_D06_S008,38038_D06_S008,Santa Cruz de Tenerife,2.9,28.8,17.4,0.9,50.0
2023,20240101_38038_D06_S010,38038_D06_S010,Santa Cruz de Tenerife,5.5,10.1,18.2,2.1,64.2
2023,20240101_38038_D06_S011,38038_D06_S011,Santa Cruz de Tenerife,4.6,12.6,20.6,2.9,59.3
2023,20240101_38038_D06_S012,38038_D06_S012,Santa Cruz de Tenerife,3.5,10.4,28.2,1.7,56.2
2023,20240101_38038_D06_S013,38038_D06_S013,Santa Cruz de Tenerife,3.6,20.0,23.5,1.5,51.4
2023,20240101_38038_D06_S014,38038_D06_S014,Santa Cruz de Tenerife,3.7,10.8,27.3,1.8,56.5
2023,20240101_38038_D06_S016,38038_D06_S016,Santa Cruz de Tenerife,8.7,4.8,31.6,4.5,50.4
2023,20240101_38038_D06_S017,38038_D06_S017,Santa Cruz de Tenerife,6.2,10.5,31.4,2.1,49.8
2023,20240101_38038_D06_S018,38038_D06_S018,Santa Cruz de Tenerife,4.5,7.2,33.8,1.3,53.3
2023,20240101_38038_D06_S019,38038_D06_S019,Santa Cruz de Tenerife,3.3,11.5,22.0,1.6,61.6
2023,20240101_38038_D06_S020,38038_D06_S020,Santa Cruz de Tenerife,4.9,9.6,21.1,3.3,61.1
2023,20240101_38038_D06_S021,38038_D06_S021,Santa Cruz de Tenerife,5.3,10.0,29.3,1.9,53.5
2023,20240101_38038_D06_S022,38038_D06_S022,Santa Cruz de Tenerife,2.9,9.8,29.0,1.2,57.0
2023,20240101_38038_D06_S023,38038_D06_S023,Santa Cruz de Tenerife,6.7,4.3,32.1,3.1,53.8
2023,20240101_38038_D06_S025,38038_D06_S025,Santa Cruz de Tenerife,3.8,15.9,24.5,0.8,55.1
2023,20240101_38038_D06_S026,38038_D06_S026,Santa Cruz de Tenerife,9.1,3.5,31.7,4.3,51.3
2023,20240101_38038_D06_S028,38038_D06_S028,Santa Cruz de Tenerife,4.3,8.0,28.4,1.7,57.7
2023,20240101_38038_D06_S029,38038_D06_S029,Santa Cruz de Tenerife,2.4,18.7,30.0,1.3,47.6
2023,20240101_38038_D07_S001,38038_D07_S001,Santa Cruz de Tenerife,3.6,10.3,12.3,1.8,72.0
2023,20240101_38038_D07_S002,38038_D07_S002,Santa Cruz de Tenerife,5.6,8.3,25.9,2.6,57.5
2023,20240101_38038_D07_S003,38038_D07_S003,Santa Cruz de Tenerife,5.2,7.5,30.1,2.7,54.5
2023,20240101_38038_D07_S004,38038_D07_S004,Santa Cruz de Tenerife,8.8,2.7,32.6,3.7,52.2
2023,20240101_38038_D07_S005,38038_D07_S005,Santa Cruz de Tenerife,4.7,7.3,26.2,2.2,59.6
2023,20240101_38038_D07_S006,38038_D07_S006,Santa Cruz de Tenerife,9.3,4.3,28.3,3.5,54.6
2023,20240101_38038_D07_S007,38038_D07_S007,Santa Cruz de Tenerife,6.3,5.4,27.0,3.1,58.3
2023,20240101_38038_D07_S009,38038_D07_S009,Santa Cruz de Tenerife,3.7,5.6,26.7,2.8,61.2
2023,20240101_38038_D08_S001,38038_D08_S001,Santa Cruz de Tenerife,5.5,6.0,32.4,3.2,53.0
2023,20240101_38038_D09_S001,38038_D09_S001,Santa Cruz de Tenerife,7.0,5.2,26.6,2.5,58.8
2023,20240101_38038_D09_S002,38038_D09_S002,Santa Cruz de Tenerife,9.4,4.5,22.3,3.6,60.2
2023,20240101_38038_D09_S003,38038_D09_S003,Santa Cruz de Tenerife,6.4,3.9,33.6,2.8,53.3
2023,20240101_38038_D09_S006,38038_D09_S006,Santa Cruz de Tenerife,6.2,4.0,27.1,3.3,59.5
2023,20240101_38038_D09_S007,38038_D09_S007,Santa Cruz de Tenerife,6.9,7.1,21.2,3.2,61.5
2023,20240101_38038_D09_S009,38038_D09_S009,Santa Cruz de Tenerife,9.5,5.5,25.5,4.2,55.3
2023,20240101_38038_D09_S010,38038_D09_S010,Santa Cruz de Tenerife,9.8,2.9,28.2,3.6,55.6
2023,20240101_38038_D09_S011,38038_D09_S011,Santa Cruz de Tenerife,8.7,2.2,27.5,4.1,57.5
2023,20240101_38038_D09_S012,38038_D09_S012,Santa Cruz de Tenerife,6.4,5.2,23.5,3.0,61.9
2023,20240101_38038_D09_S014,38038_D09_S014,Santa Cruz de Tenerife,10.4,4.9,25.6,3.5,55.5
2023,20240101_38038_D09_S015,38038_D09_S015,Santa Cruz de Tenerife,8.0,4.4,32.8,3.4,51.4
2023,20240101_38038_D09_S016,38038_D09_S016,Santa Cruz de Tenerife,8.5,4.7,33.5,3.2,50.1
2023,20240101_38038_D09_S018,38038_D09_S018,Santa Cruz de Tenerife,5.0,3.4,40.0,2.7,49.0
2023,20240101_38038_D09_S019,38038_D09_S019,Santa Cruz de Tenerife,6.7,6.5,21.3,2.8,62.7
2023,20240101_38038_D09_S021,38038_D09_S021,Santa Cruz de Tenerife,5.6,4.1,33.4,3.1,53.8
2023,20240101_38038_D09_S022,38038_D09_S022,Santa Cruz de Tenerife,9.2,4.5,25.5,4.1,56.7
2023,20240101_38038_D10_S001,38038_D10_S001,Santa Cruz de Tenerife,7.5,3.4,37.2,2.0,50.0
2023,20240101_38038_D10_S002,38038_D10_S002,Santa Cruz de Tenerife,7.2,6.4,31.7,2.4,52.2
2023,20240101_38038_D10_S003,38038_D10_S003,Santa Cruz de Tenerife,6.9,4.4,32.2,3.4,53.1
2023,20240101_38038_D10_S004,38038_D10_S004,Santa Cruz de Tenerife,7.2,3.1,34.2,2.9,52.6
2023,20240101_38038_D10_S005,38038_D10_S005,Santa Cruz de Tenerife,8.4,4.3,30.5,2.9,53.8
2023,20240101_38038_D10_S006,38038_D10_S006,Santa Cruz de Tenerife,3.7,13.4,28.3,1.6,52.9
2023,20240101_38038_D10_S007,38038_D10_S007,Santa Cruz de Tenerife,5.8,4.6,27.9,2.3,59.4
2023,20240101_38038_D10_S008,38038_D10_S008,Santa Cruz de Tenerife,5.8,9.5,26.7,1.7,56.2
2023,20240101_38038_D10_S009,38038_D10_S009,Santa Cruz de Tenerife,7.2,6.2,33.8,2.6,50.3
2023,20240101_38038_D10_S010,38038_D10_S010,Santa Cruz de Tenerife,7.7,5.0,30.8,2.9,53.6
2023,20240101_38038_D10_S011,38038_D10_S011,Santa Cruz de Tenerife,5.2,5.4,24.6,1.9,62.9
2023,20240101_38038_D10_S012,38038_D10_S012,Santa Cruz de Tenerife,7.5,4.3,29.6,3.0,55.5
2023,20240101_38038_D10_S013,38038_D10_S013,Santa Cruz de Tenerife,3.9,6.9,38.4,1.4,49.5
2023,20240101_38038_D10_S014,38038_D10_S014,Santa Cruz de Tenerife,4.6,4.1,31.0,2.8,57.5
2023,20240101_38038_D10_S015,38038_D10_S015,Santa Cruz de Tenerife,5.9,11.3,28.5,2.0,52.3
2023,20240101_38038_D10_S016,38038_D10_S016,Santa Cruz de Tenerife,4.9,7.6,24.3,2.4,60.9
2023,20240101_38038_D11_S001,38038_D11_S001,Santa Cruz de Tenerife,6.4,5.4,22.2,3.7,62.4
2023,20240101_38038_D11_S002,38038_D11_S002,Santa Cruz de Tenerife,4.3,7.7,13.2,3.0,71.8
2023,20240101_38038_D11_S003,38038_D11_S003,Santa Cruz de Tenerife,4.2,7.0,11.6,2.1,75.2
2023,20240101_38038_D11_S004,38038_D11_S004,Santa Cruz de Tenerife,6.4,6.2,16.1,3.0,68.4
2023,20240101_38038_D11_S005,38038_D11_S005,Santa Cruz de Tenerife,4.9,6.5,17.5,3.0,68.2
2023,20240101_38038_D11_S006,38038_D11_S006,Santa Cruz de Tenerife,5.2,5.5,22.2,3.5,63.5
2023,20240101_38038_D11_S007,38038_D11_S007,Santa Cruz de Tenerife,5.8,4.8,14.8,3.4,71.2
2023,20240101_38038_D11_S008,38038_D11_S008,Santa Cruz de Tenerife,5.8,6.1,13.7,3.2,71.1
2023,20240101_38038_D11_S009,38038_D11_S009,Santa Cruz de Tenerife,10.5,2.0,18.0,4.2,65.3
2023,20240101_38038_D11_S010,38038_D11_S010,Santa Cruz de Tenerife,6.7,8.9,17.7,2.8,63.9
2023,20240101_38038_D11_S011,38038_D11_S011,Santa Cruz de Tenerife,14.5,0.7,23.4,5.0,56.4
2023,20240101_38038_D11_S012,38038_D11_S012,Santa Cruz de Tenerife,15.5,2.2,18.0,4.7,59.5
2023,20240101_38038_D11_S013,38038_D11_S013,Santa Cruz de Tenerife,5.8,12.3,11.6,2.7,67.7
2023,20240101_38038_D11_S014,38038_D11_S014,Santa Cruz de Tenerife,2.8,11.8,11.7,1.5,72.3
2023,20240101_38038_D11_S015,38038_D11_S015,Santa Cruz de Tenerife,4.8,7.3,14.6,3.0,70.4
2023,20240101_38038_D11_S016,38038_D11_S016,Santa Cruz de Tenerife,5.5,4.9,23.4,3.1,63.0
2023,20240101_38038_D11_S017,38038_D11_S017,Santa Cruz de Tenerife,7.4,2.0,26.7,3.8,60.1
2023,20240101_38038_D11_S018,38038_D11_S018,Santa Cruz de Tenerife,3.8,6.5,11.2,2.0,76.5
2023,20240101_38038_D11_S019,38038_D11_S019,Santa Cruz de Tenerife,6.5,7.2,16.1,3.8,66.5
2023,20240101_38038_D11_S020,38038_D11_S020,Santa Cruz de Tenerife,5.0,8.1,10.9,2.7,73.3
2023,20240101_38038_D11_S021,38038_D11_S021,Santa Cruz de Tenerife,2.2,15.0,6.1,1.2,75.6
2023,20240101_38038_D12_S001,38038_D12_S001,Santa Cruz de Tenerife,3.6,6.2,18.5,2.5,69.2
2023,20240101_38038_D12_S002,38038_D12_S002,Santa Cruz de Tenerife,5.2,10.0,20.0,3.0,61.9
2023,20240101_38038_D12_S003,38038_D12_S003,Santa Cruz de Tenerife,6.9,5.4,25.7,3.6,58.4
2023,20240101_38038_D12_S004,38038_D12_S004,Santa Cruz de Tenerife,6.2,9.1,25.8,2.9,56.1
2023,20240101_38038_D12_S005,38038_D12_S005,Santa Cruz de Tenerife,4.3,7.8,14.1,2.6,71.2
2023,20240101_38038_D12_S006,38038_D12_S006,Santa Cruz de Tenerife,6.3,4.5,14.4,3.7,71.1
2023,20240101_38038_D12_S007,38038_D12_S007,Santa Cruz de Tenerife,5.3,7.7,13.7,3.1,70.2
2023,20240101_38038_D12_S008,38038_D12_S008,Santa Cruz de Tenerife,5.0,7.6,11.7,2.3,73.4
2023,20240101_38038_D12_S009,38038_D12_S009,Santa Cruz de Tenerife,3.8,5.9,8.2,2.1,80.0
2023,20240101_38038_D12_S010,38038_D12_S010,Santa Cruz de Tenerife,5.2,6.6,6.2,2.3,79.7
2023,20240101_38038_D12_S011,38038_D12_S011,Santa Cruz de Tenerife,6.9,6.4,10.9,2.6,73.2
2023,20240101_38039_D01_S001,38039_D01_S001,Santa Úrsula,5.5,12.9,18.7,3.0,60.0
2023,20240101_38039_D01_S002,38039_D01_S002,Santa Úrsula,6.1,13.8,21.3,4.1,54.7
2023,20240101_38039_D01_S003,38039_D01_S003,Santa Úrsula,6.5,7.1,20.5,3.6,62.3
2023,20240101_38039_D01_S004,38039_D01_S004,Santa Úrsula,3.5,18.5,15.1,1.7,61.2
2023,20240101_38039_D01_S005,38039_D01_S005,Santa Úrsula,6.0,13.6,18.6,2.9,58.9
2023,20240101_38039_D01_S006,38039_D01_S006,Santa Úrsula,5.1,16.9,15.4,2.8,59.8
2023,20240101_38039_D01_S007,38039_D01_S007,Santa Úrsula,4.1,12.7,12.8,2.7,67.7
2023,20240101_38039_D01_S008,38039_D01_S008,Santa Úrsula,4.6,13.3,19.0,2.9,60.2
2023,20240101_38039_D01_S009,38039_D01_S009,Santa Úrsula,2.7,23.7,10.7,1.3,61.7
2023,20240101_38040_D01_S001,38040_D01_S001,Santiago del Teide,4.0,12.3,19.1,2.5,62.1
2023,20240101_38040_D01_S002,38040_D01_S002,Santiago del Teide,3.2,23.2,13.8,2.0,57.9
2023,20240101_38040_D01_S003,38040_D01_S003,Santiago del Teide,4.0,13.3,14.1,2.8,65.9
2023,20240101_38040_D01_S004,38040_D01_S004,Santiago del Teide,2.8,19.7,16.8,2.2,58.6
2023,20240101_38041_D01_S001,38041_D01_S001,El Sauzal,2.9,21.2,16.3,1.4,58.1
2023,20240101_38041_D01_S002,38041_D01_S002,El Sauzal,5.4,7.1,21.3,2.7,63.5
2023,20240101_38041_D01_S003,38041_D01_S003,El Sauzal,4.7,7.2,23.4,2.8,61.9
2023,20240101_38041_D01_S004,38041_D01_S004,El Sauzal,3.7,18.9,20.1,1.1,56.3
2023,20240101_38041_D01_S005,38041_D01_S005,El Sauzal,4.1,10.6,15.1,2.2,68.1
2023,20240101_38041_D01_S006,38041_D01_S006,El Sauzal,5.3,5.2,17.8,3.3,68.4
2023,20240101_38042_D01_S001,38042_D01_S001,Los Silos,3.6,13.4,24.6,2.8,55.7
2023,20240101_38042_D01_S002,38042_D01_S002,Los Silos,4.6,11.3,29.1,2.9,52.1
2023,20240101_38042_D01_S003,38042_D01_S003,Los Silos,4.6,10.1,29.0,3.4,52.9
2023,20240101_38042_D01_S004,38042_D01_S004,Los Silos,4.3,7.7,24.2,3.1,60.7
2023,20240101_38043_D01_S001,38043_D01_S001,Tacoronte,3.4,15.3,15.9,2.1,63.3
2023,20240101_38043_D01_S002,38043_D01_S002,Tacoronte,3.4,19.2,21.1,1.5,54.8
2023,20240101_38043_D01_S003,38043_D01_S003,Tacoronte,4.1,13.7,17.9,1.9,62.5
2023,20240101_38043_D01_S004,38043_D01_S004,Tacoronte,6.7,6.3,25.5,2.5,59.0
2023,20240101_38043_D01_S005,38043_D01_S005,Tacoronte,3.8,16.8,19.1,1.7,58.5
2023,20240101_38043_D01_S006,38043_D01_S006,Tacoronte,3.1,7.7,23.1,1.8,64.4
2023,20240101_38043_D01_S007,38043_D01_S007,Tacoronte,4.6,7.7,19.5,2.9,65.3
2023,20240101_38043_D01_S008,38043_D01_S008,Tacoronte,4.2,13.7,20.8,1.7,59.5
2023,20240101_38043_D01_S009,38043_D01_S009,Tacoronte,4.7,13.6,16.8,2.7,62.2
2023,20240101_38043_D01_S010,38043_D01_S010,Tacoronte,2.8,14.9,14.0,1.9,66.5
2023,20240101_38043_D01_S011,38043_D01_S011,Tacoronte,3.4,10.8,18.4,2.1,65.4
2023,20240101_38043_D01_S012,38043_D01_S012,Tacoronte,6.1,6.6,23.9,2.9,60.6
2023,20240101_38043_D01_S013,38043_D01_S013,Tacoronte,4.8,12.7,20.5,2.7,59.3
2023,20240101_38043_D01_S014,38043_D01_S014,Tacoronte,3.5,19.6,16.0,1.2,59.6
2023,20240101_38043_D01_S015,38043_D01_S015,Tacoronte,3.2,12.1,16.1,2.2,66.5
2023,20240101_38044_D01_S001,38044_D01_S001,El Tanque,4.2,14.2,20.9,3.8,56.9
2023,20240101_38044_D01_S002,38044_D01_S002,El Tanque,6.6,7.3,21.8,4.6,59.8
2023,20240101_38045_D01_S001,38045_D01_S001,Tazacorte,4.7,14.5,22.9,4.2,53.7
2023,20240101_38045_D01_S002,38045_D01_S002,Tazacorte,5.0,16.6,18.2,4.8,55.5
2023,20240101_38045_D01_S003,38045_D01_S003,Tazacorte,6.1,21.0,22.8,5.2,44.9
2023,20240101_38045_D01_S004,38045_D01_S004,Tazacorte,5.8,10.8,24.5,7.8,51.2
2023,20240101_38046_D01_S001,38046_D01_S001,Tegueste,3.3,13.5,16.8,1.5,65.0
2023,20240101_38046_D01_S002,38046_D01_S002,Tegueste,3.3,11.0,22.3,2.2,61.3
2023,20240101_38046_D01_S003,38046_D01_S003,Tegueste,3.7,10.2,19.2,2.0,64.9
2023,20240101_38046_D01_S004,38046_D01_S004,Tegueste,3.3,12.6,18.4,1.9,63.9
2023,20240101_38046_D01_S005,38046_D01_S005,Tegueste,3.6,18.1,19.8,1.6,57.0
2023,20240101_38046_D01_S006,38046_D01_S006,Tegueste,3.0,15.2,24.3,1.5,56.1
2023,20240101_38046_D01_S007,38046_D01_S007,Tegueste,2.5,9.1,12.9,1.9,73.7
2023,20240101_38047_D01_S001,38047_D01_S001,Tijarafe,4.3,21.4,20.5,3.1,50.7
2023,20240101_38047_D01_S002,38047_D01_S002,Tijarafe,3.6,27.5,25.5,2.4,41.0
2023,20240101_38048_D01_S001,38048_D01_S001,Valverde,3.7,12.4,20.1,2.2,61.8
2023,20240101_38048_D01_S002,38048_D01_S002,Valverde,4.6,13.4,20.0,2.5,59.6
2023,20240101_38048_D01_S004,38048_D01_S004,Valverde,3.0,15.1,20.5,1.6,59.7
2023,20240101_38049_D01_S001,38049_D01_S001,Valle Gran Rey,3.6,23.2,18.4,2.3,52.5
2023,20240101_38049_D01_S002,38049_D01_S002,Valle Gran Rey,3.8,18.4,23.2,2.6,52.1
2023,20240101_38050_D01_S001,38050_D01_S001,Vallehermoso,3.8,13.7,26.5,3.1,52.9
2023,20240101_38050_D03_S001,38050_D03_S001,Vallehermoso,4.2,11.3,31.5,2.6,50.4
2023,20240101_38051_D01_S001,38051_D01_S001,La Victoria de Acentejo,5.2,9.7,22.8,3.3,58.9
2023,20240101_38051_D01_S002,38051_D01_S002,La Victoria de Acentejo,5.4,11.7,18.5,2.8,61.7
2023,20240101_38051_D01_S003,38051_D01_S003,La Victoria de Acentejo,5.7,9.5,23.7,4.5,56.6
2023,20240101_38051_D01_S004,38051_D01_S004,La Victoria de Acentejo,5.9,9.5,23.7,3.9,57.1
2023,20240101_38051_D01_S005,38051_D01_S005,La Victoria de Acentejo,5.0,9.5,18.4,3.0,64.1
2023,20240101_38051_D01_S006,38051_D01_S006,La Victoria de Acentejo,4.4,10.2,17.3,3.2,65.0
2023,20240101_38051_D01_S007,38051_D01_S007,La Victoria de Acentejo,4.4,13.6,22.2,2.4,57.5
2023,20240101_38052_D01_S001,38052_D01_S001,Vilaflor de Chasna,3.4,14.3,21.8,2.8,57.7
2023,20240101_38053_D01_S001,38053_D01_S001,Villa de Mazo,4.0,18.2,16.8,2.2,58.9
2023,20240101_38053_D01_S002,38053_D01_S002,Villa de Mazo,2.9,9.7,21.6,2.2,63.6
2023,20240101_38053_D01_S003,38053_D01_S003,Villa de Mazo,2.8,12.3,17.4,2.8,64.8
2023,20240101_38053_D01_S004,38053_D01_S004,Villa de Mazo,3.8,9.8,19.5,2.5,64.4
2023,20240101_38053_D01_S005,38053_D01_S005,Villa de Mazo,4.9,9.3,24.1,3.2,58.5
2023,20240101_38901_D01_S001,38901_D01_S001,El Pinar de El Hierro,4.0,13.8,20.7,2.7,58.9
