year,geo_renta,section_key,municipio,distrito,seccion,renta_bruta_media_hogar,renta_bruta_media_persona,renta_neta_uc_media,renta_neta_uc_mediana,renta_ratio_media_mediana,map_year_renta,geo_distribucion_ingresos,pct_otras_prestaciones,pct_otros_ingresos,pct_pensiones,pct_prestaciones_desempleo,pct_sueldos_salarios,geo_ocupacion,casos_alta_cualificacion,casos_ocupacion_no_consta,casos_ocupaciones_elementales,casos_cualificados_bajo,ocupacion_total,ocupacion_total_conocida,pct_alta_cualificacion,pct_ocupaciones_elementales,geo_actividad,casos_agricultura,casos_construccion,casos_industria,casos_actividad_no_consta,casos_servicios,actividad_total_conocida,pct_servicios,pct_industria_construccion,perfil_renta
2021,20220101_38001_D01_S001,38001_D01_S001,Adeje,1,1,31387.0,11528.0,15459.0,13650.0,1.1325274725274725,2022,20220101_38001_D01_S001,3.5,15.8,14.9,11.6,54.2,20210101_38001_D01_S001,152.0,27.0,104.0,372.0,655.0,628.0,24.203821656050955,16.56050955414013,20210101_38001_D01_S001,2.0,40.0,21.0,0.0,591.0,654.0,90.36697247706422,9.327217125382264,baja
2021,20220101_38001_D01_S002,38001_D01_S002,Adeje,1,2,28541.0,9484.0,13096.0,12250.0,1.069061224489796,2022,20220101_38001_D01_S002,4.6,7.0,13.5,16.6,58.4,20210101_38001_D01_S002,161.0,40.0,197.0,618.0,1016.0,976.0,16.49590163934426,20.184426229508198,20210101_38001_D01_S002,13.0,39.0,22.0,0.0,942.0,1016.0,92.71653543307086,6.003937007874016,baja
2021,20220101_38001_D01_S003,38001_D01_S003,Adeje,1,3,33268.0,11410.0,15370.0,12250.0,1.2546938775510204,2022,20220101_38001_D01_S003,3.0,21.2,11.4,13.4,51.0,20210101_38001_D01_S003,194.0,37.0,135.0,699.0,1065.0,1028.0,18.8715953307393,13.132295719844358,20210101_38001_D01_S003,14.0,39.0,18.0,1.0,993.0,1064.0,93.32706766917293,5.357142857142857,baja
2021,20220101_38001_D01_S004,38001_D01_S004,Adeje,1,4,27259.0,9778.0,13441.0,12250.0,1.0972244897959185,2022,20220101_38001_D01_S004,4.8,10.1,17.3,13.7,54.2,20210101_38001_D01_S004,105.0,29.0,192.0,452.0,778.0,749.0,14.018691588785046,25.63417890520694,20210101_38001_D01_S004,31.0,37.0,28.0,0.0,682.0,778.0,87.66066838046272,8.354755784061696,baja
2021,20220101_38001_D01_S005,38001_D01_S005,Adeje,1,5,34744.0,11420.0,15824.0,15050.0,1.0514285714285714,2022,20220101_38001_D01_S005,3.3,14.6,18.1,10.8,53.2,20210101_38001_D01_S005,203.0,32.0,198.0,571.0,1004.0,972.0,20.88477366255144,20.37037037037037,20210101_38001_D01_S005,47.0,58.0,39.0,0.0,860.0,1004.0,85.65737051792829,9.661354581673306,baja
2021,20220101_38001_D01_S006,38001_D01_S006,Adeje,1,6,30198.0,9796.0,13823.0,12950.0,1.0674131274131273,2022,20220101_38001_D01_S006,4.1,8.9,15.9,14.1,57.0,20210101_38001_D01_S006,196.0,30.0,236.0,637.0,1099.0,1069.0,18.33489242282507,22.07670720299345,20210101_38001_D01_S006,26.0,50.0,37.0,0.0,986.0,1099.0,89.7179253867152,7.916287534121929,baja
2021,20220101_38001_D01_S007,38001_D01_S007,Adeje,1,7,20584.0,8771.0,11700.0,9450.0,1.2380952380952381,2022,20220101_38001_D01_S007,2.5,19.8,15.5,16.1,46.1,20210101_38001_D01_S007,269.0,58.0,125.0,920.0,1372.0,1314.0,20.47184170471842,9.512937595129376,20210101_38001_D01_S007,11.0,30.0,25.0,0.0,1306.0,1372.0,95.18950437317784,4.0087463556851315,baja
2021,20220101_38001_D01_S008,38001_D01_S008,Adeje,1,8,25436.0,10410.0,14054.0,11550.0,1.2167965367965368,2022,20220101_38001_D01_S008,2.4,21.2,14.6,12.6,49.3,20210101_38001_D01_S008,280.0,58.0,108.0,530.0,976.0,918.0,30.501089324618736,11.764705882352942,20210101_38001_D01_S008,7.0,56.0,20.0,1.0,892.0,975.0,91.48717948717949,7.794871794871795,baja
2021,20220101_38001_D01_S009,38001_D01_S009,Adeje,1,9,44746.0,15185.0,19506.0,15050.0,1.2960797342192691,2022,20220101_38001_D01_S009,2.4,29.6,7.1,8.8,52.1,20210101_38001_D01_S009,378.0,45.0,91.0,672.0,1186.0,1141.0,33.12883435582822,7.975460122699387,20210101_38001_D01_S009,9.0,48.0,36.0,0.0,1093.0,1186.0,92.15851602023609,7.082630691399663,media-baja
2021,20220101_38001_D01_S010,38001_D01_S010,Adeje,1,10,48813.0,14282.0,19295.0,17150.0,1.125072886297376,2022,20220101_38001_D01_S010,3.3,18.1,13.2,8.2,57.2,20210101_38001_D01_S010,154.0,35.0,77.0,327.0,593.0,558.0,27.59856630824373,13.799283154121865,20210101_38001_D01_S010,10.0,23.0,28.0,0.0,532.0,593.0,89.7133220910624,8.600337268128161,media-baja
2021,20220101_38001_D01_S011,38001_D01_S011,Adeje,1,11,20844.0,8892.0,11872.0,9450.0,1.2562962962962962,2022,20220101_38001_D01_S011,1.9,21.1,11.0,16.1,49.9,20210101_38001_D01_S011,305.0,64.0,165.0,861.0,1395.0,1331.0,22.915101427498122,12.396694214876034,20210101_38001_D01_S011,46.0,60.0,19.0,0.0,1270.0,1395.0,91.0394265232975,5.663082437275985,baja
2021,20220101_38001_D01_S012,38001_D01_S012,Adeje,1,12,34886.0,11747.0,15607.0,12950.0,1.2051737451737452,2022,20220101_38001_D01_S012,3.4,24.6,11.6,12.1,48.5,20210101_38001_D01_S012,174.0,39.0,136.0,489.0,838.0,799.0,21.777221526908637,17.02127659574468,20210101_38001_D01_S012,11.0,45.0,32.0,0.0,750.0,838.0,89.49880668257757,9.18854415274463,baja
2021,20220101_38001_D01_S013,38001_D01_S013,Adeje,1,13,33821.0,12177.0,16909.0,12950.0,1.3057142857142856,2022,20220101_38001_D01_S013,2.7,26.3,8.7,12.2,50.1,20210101_38001_D01_S013,399.0,54.0,117.0,826.0,1396.0,1342.0,29.731743666169894,8.71833084947839,20210101_38001_D01_S013,7.0,58.0,24.0,0.0,1307.0,1396.0,93.62464183381088,5.873925501432665,media-baja
2021,20220101_38001_D01_S014,38001_D01_S014,Adeje,1,14,29224.0,10723.0,14375.0,12250.0,1.1734693877551021,2022,20220101_38001_D01_S014,3.8,12.9,14.8,13.9,54.6,20210101_38001_D01_S014,109.0,20.0,92.0,333.0,554.0,534.0,20.411985018726593,17.228464419475657,20210101_38001_D01_S014,10.0,17.0,10.0,0.0,517.0,554.0,93.32129963898917,4.873646209386282,baja
2021,20220101_38001_D01_S015,38001_D01_S015,Adeje,1,15,28141.0,9505.0,13102.0,12250.0,1.0695510204081633,2022,20220101_38001_D01_S015,3.8,11.2,10.8,15.5,58.6,20210101_38001_D01_S015,155.0,34.0,159.0,510.0,858.0,824.0,18.810679611650485,19.296116504854368,20210101_38001_D01_S015,12.0,39.0,20.0,0.0,787.0,858.0,91.72494172494173,6.876456876456876,baja
2021,20220101_38001_D01_S016,38001_D01_S016,Adeje,1,16,32779.0,11052.0,14777.0,13300.0,1.1110526315789473,2022,20220101_38001_D01_S016,3.9,15.4,9.3,11.3,60.2,20210101_38001_D01_S016,130.0,27.0,93.0,325.0,575.0,548.0,23.722627737226276,16.970802919708028,20210101_38001_D01_S016,8.0,27.0,16.0,0.0,524.0,575.0,91.1304347826087,7.478260869565218,baja
2021,20220101_38001_D01_S017,38001_D01_S017,Adeje,1,17,23792.0,10113.0,13101.0,10850.0,1.2074654377880185,2022,20220101_38001_D01_S017,3.2,16.9,11.3,13.1,55.5,20210101_38001_D01_S017,248.0,34.0,122.0,597.0,1001.0,967.0,25.646328852119957,12.616339193381593,20210101_38001_D01_S017,14.0,40.0,18.0,1.0,928.0,1000.0,92.8,5.8,baja
2021,20220101_38001_D01_S018,38001_D01_S018,Adeje,1,18,31913.0,12041.0,16147.0,12950.0,1.246872586872587,2022,20220101_38001_D01_S018,1.9,30.7,10.5,12.2,44.7,20210101_38001_D01_S018,503.0,71.0,73.0,950.0,1597.0,1526.0,32.96199213630406,4.783748361730013,20210101_38001_D01_S018,3.0,82.0,24.0,0.0,1488.0,1597.0,93.17470256731372,6.637445209768315,media-baja
2021,20220101_38002_D01_S001,38002_D01_S001,Agulo,1,1,29977.0,13317.0,17116.0,15750.0,1.0867301587301588,2022,20220101_38002_D01_S001,4.2,14.3,29.5,5.1,47.0,20210101_38002_D01_S001,99.0,18.0,48.0,176.0,341.0,323.0,30.65015479876161,14.860681114551083,20210101_38002_D01_S001,18.0,30.0,6.0,0.0,287.0,341.0,84.1642228739003,10.557184750733137,media-baja
2021,20220101_38003_D01_S001,38003_D01_S001,Alajeró,1,1,30406.0,13166.0,17194.0,15750.0,1.0916825396825396,2022,20220101_38003_D01_S001,4.7,9.9,21.8,6.8,56.8,20210101_38003_D01_S001,164.0,25.0,135.0,465.0,789.0,764.0,21.465968586387433,17.670157068062828,20210101_38003_D01_S001,21.0,69.0,19.0,0.0,680.0,789.0,86.1850443599493,11.153358681875792,media-baja
2021,20220101_38004_D01_S001,38004_D01_S001,Arafo,1,1,36419.0,13502.0,17691.0,15750.0,1.1232380952380951,2022,20220101_38004_D01_S001,3.6,7.8,19.7,3.8,65.2,20210101_38004_D01_S001,250.0,21.0,109.0,464.0,844.0,823.0,30.37667071688943,13.24422843256379,20210101_38004_D01_S001,20.0,50.0,76.0,0.0,698.0,844.0,82.70142180094787,14.928909952606634,media-baja
2021,20220101_38004_D01_S002,38004_D01_S002,Arafo,1,2,35062.0,12342.0,16801.0,14350.0,1.170801393728223,2022,20220101_38004_D01_S002,4.3,10.2,24.0,4.7,56.8,20210101_38004_D01_S002,156.0,20.0,111.0,344.0,631.0,611.0,25.53191489361702,18.16693944353519,20210101_38004_D01_S002,16.0,44.0,67.0,0.0,504.0,631.0,79.87321711568939,17.591125198098258,media-baja
2021,20220101_38004_D01_S003,38004_D01_S003,Arafo,1,3,39797.0,14827.0,19036.0,17150.0,1.1099708454810495,2022,20220101_38004_D01_S003,4.1,12.8,17.5,3.1,62.6,20210101_38004_D01_S003,247.0,28.0,96.0,370.0,741.0,713.0,34.642356241234225,13.464235624123422,20210101_38004_D01_S003,22.0,53.0,49.0,0.0,617.0,741.0,83.26585695006747,13.765182186234817,media-baja
2021,20220101_38005_D01_S001,38005_D01_S001,Arico,1,1,26088.0,9887.0,13187.0,12250.0,1.0764897959183672,2022,20220101_38005_D01_S001,4.1,8.7,23.9,8.5,54.8,20210101_38005_D01_S001,49.0,8.0,99.0,126.0,282.0,274.0,17.883211678832115,36.13138686131387,20210101_38005_D01_S001,56.0,20.0,30.0,0.0,176.0,282.0,62.4113475177305,17.73049645390071,baja
2021,20220101_38005_D01_S002,38005_D01_S002,Arico,1,2,28734.0,10627.0,14554.0,12950.0,1.123861003861004,2022,20220101_38005_D01_S002,3.5,6.9,22.2,9.1,58.3,20210101_38005_D01_S002,39.0,7.0,92.0,131.0,269.0,262.0,14.885496183206106,35.11450381679389,20210101_38005_D01_S002,37.0,11.0,37.0,0.0,184.0,269.0,68.40148698884758,17.843866171003718,baja
2021,20220101_38005_D01_S003,38005_D01_S003,Arico,1,3,29046.0,11315.0,14780.0,13650.0,1.0827838827838827,2022,20220101_38005_D01_S003,3.5,10.4,25.4,6.3,54.5,20210101_38005_D01_S003,84.0,19.0,91.0,239.0,433.0,414.0,20.28985507246377,21.980676328502415,20210101_38005_D01_S003,46.0,31.0,42.0,0.0,314.0,433.0,72.51732101616628,16.859122401847575,baja
2021,20220101_38005_D01_S004,38005_D01_S004,Arico,1,4,29258.0,13275.0,16780.0,15050.0,1.1149501661129568,2022,20220101_38005_D01_S004,3.7,11.4,20.0,4.8,60.1,20210101_38005_D01_S004,311.0,31.0,149.0,564.0,1055.0,1024.0,30.37109375,14.55078125,20210101_38005_D01_S004,40.0,69.0,94.0,0.0,852.0,1055.0,80.75829383886256,15.450236966824644,media-baja
2021,20220101_38005_D01_S005,38005_D01_S005,Arico,1,5,25533.0,10960.0,14176.0,12950.0,1.0946718146718146,2022,20220101_38005_D01_S005,3.9,9.2,17.1,7.8,62.0,20210101_38005_D01_S005,146.0,23.0,170.0,474.0,813.0,790.0,18.481012658227847,21.518987341772153,20210101_38005_D01_S005,72.0,80.0,87.0,0.0,574.0,813.0,70.60270602706026,20.541205412054122,baja
2021,20220101_38005_D01_S006,38005_D01_S006,Arico,1,6,30000.0,11199.0,15136.0,14350.0,1.054773519163763,2022,20220101_38005_D01_S006,4.7,6.6,21.3,8.0,59.4,20210101_38005_D01_S006,37.0,15.0,61.0,150.0,263.0,248.0,14.919354838709678,24.596774193548388,20210101_38005_D01_S006,33.0,14.0,40.0,0.0,176.0,263.0,66.92015209125475,20.53231939163498,baja
2021,20220101_38006_D01_S001,38006_D01_S001,Arona,1,1,34966.0,12434.0,16691.0,15050.0,1.1090365448504984,2022,20220101_38006_D01_S001,3.4,16.6,19.1,8.1,52.9,20210101_38006_D01_S001,97.0,17.0,99.0,266.0,479.0,462.0,20.995670995670995,21.428571428571427,20210101_38006_D01_S001,10.0,36.0,36.0,0.0,397.0,479.0,82.88100208768267,15.031315240083508,media-baja
2021,20220101_38006_D01_S002,38006_D01_S002,Arona,1,2,36386.0,12687.0,16559.0,12950.0,1.2786872586872586,2022,20220101_38006_D01_S002,3.7,29.5,16.7,9.7,40.5,20210101_38006_D01_S002,106.0,21.0,128.0,408.0,663.0,642.0,16.510903426791277,19.937694704049843,20210101_38006_D01_S002,13.0,40.0,27.0,0.0,583.0,663.0,87.93363499245852,10.105580693815988,media-baja
2021,20220101_38006_D01_S003,38006_D01_S003,Arona,1,3,31388.0,10960.0,15040.0,13650.0,1.101831501831502,2022,20220101_38006_D01_S003,4.1,14.5,15.6,12.8,53.0,20210101_38006_D01_S003,200.0,34.0,206.0,691.0,1131.0,1097.0,18.231540565177756,18.77848678213309,20210101_38006_D01_S003,14.0,84.0,50.0,0.0,983.0,1131.0,86.91423519009726,11.84792219274978,baja
2021,20220101_38006_D01_S004,38006_D01_S004,Arona,1,4,28767.0,9899.0,13781.0,12950.0,1.0641698841698841,2022,20220101_38006_D01_S004,5.4,9.4,19.8,13.2,52.2,20210101_38006_D01_S004,126.0,34.0,230.0,569.0,959.0,925.0,13.621621621621621,24.864864864864863,20210101_38006_D01_S004,19.0,69.0,37.0,0.0,834.0,959.0,86.96558915537018,11.05318039624609,baja
2021,20220101_38006_D01_S005,38006_D01_S005,Arona,1,5,25903.0,9834.0,13017.0,11550.0,1.127012987012987,2022,20220101_38006_D01_S005,3.5,17.2,16.7,13.7,48.9,20210101_38006_D01_S005,113.0,22.0,143.0,506.0,784.0,762.0,14.829396325459317,18.766404199475065,20210101_38006_D01_S005,15.0,34.0,18.0,0.0,717.0,784.0,91.45408163265306,6.63265306122449,baja
2021,20220101_38006_D01_S006,38006_D01_S006,Arona,1,6,26363.0,11740.0,14142.0,11550.0,1.2244155844155844,2022,20220101_38006_D01_S006,3.3,23.3,19.3,10.0,44.1,20210101_38006_D01_S006,129.0,32.0,66.0,382.0,609.0,577.0,22.357019064124785,11.43847487001733,20210101_38006_D01_S006,7.0,20.0,14.0,0.0,568.0,609.0,93.26765188834155,5.582922824302135,baja
2021,20220101_38006_D01_S007,38006_D01_S007,Arona,1,7,21646.0,7594.0,10333.0,8750.0,1.1809142857142858,2022,20220101_38006_D01_S007,5.9,9.2,13.2,17.1,54.7,20210101_38006_D01_S007,64.0,16.0,265.0,330.0,675.0,659.0,9.711684370257966,40.21244309559939,20210101_38006_D01_S007,73.0,48.0,12.0,0.0,542.0,675.0,80.29629629629629,8.88888888888889,baja
2021,20220101_38006_D01_S008,38006_D01_S008,Arona,1,8,26142.0,10219.0,13401.0,11550.0,1.1602597402597403,2022,20220101_38006_D01_S008,4.1,17.1,14.3,12.7,51.8,20210101_38006_D01_S008,118.0,22.0,159.0,427.0,726.0,704.0,16.761363636363637,22.585227272727273,20210101_38006_D01_S008,46.0,37.0,13.0,0.0,630.0,726.0,86.77685950413223,6.887052341597796,baja
2021,20220101_38006_D01_S009,38006_D01_S009,Arona,1,9,27720.0,9979.0,13748.0,12950.0,1.0616216216216217,2022,20220101_38006_D01_S009,4.7,10.8,15.5,14.4,54.5,20210101_38006_D01_S009,169.0,22.0,192.0,650.0,1033.0,1011.0,16.716122650840752,18.991097922848663,20210101_38006_D01_S009,12.0,62.0,37.0,0.0,922.0,1033.0,89.25459825750242,9.583736689254598,baja
2021,20220101_38006_D01_S010,38006_D01_S010,Arona,1,10,30277.0,10844.0,14846.0,14350.0,1.0345644599303137,2022,20220101_38006_D01_S010,4.0,8.7,15.8,11.7,59.9,20210101_38006_D01_S010,169.0,38.0,174.0,511.0,892.0,854.0,19.789227166276348,20.374707259953162,20210101_38006_D01_S010,10.0,59.0,55.0,0.0,768.0,892.0,86.09865470852019,12.780269058295964,baja
2021,20220101_38006_D01_S011,38006_D01_S011,Arona,1,11,27479.0,10638.0,13942.0,10850.0,1.2849769585253457,2022,20220101_38006_D01_S011,2.3,24.5,12.7,15.3,45.3,20210101_38006_D01_S011,274.0,33.0,172.0,908.0,1387.0,1354.0,20.236336779911372,12.703101920236337,20210101_38006_D01_S011,13.0,39.0,28.0,1.0,1306.0,1386.0,94.22799422799423,4.834054834054834,baja
2021,20220101_38006_D01_S012,38006_D01_S012,Arona,1,12,26325.0,8670.0,12407.0,11550.0,1.0741991341991342,2022,20220101_38006_D01_S012,5.9,7.5,21.0,15.4,50.2,20210101_38006_D01_S012,40.0,15.0,108.0,270.0,433.0,418.0,9.569377990430622,25.83732057416268,20210101_38006_D01_S012,7.0,23.0,24.0,0.0,379.0,433.0,87.52886836027713,10.854503464203233,baja
2021,20220101_38006_D01_S013,38006_D01_S013,Arona,1,13,22568.0,7460.0,10668.0,10150.0,1.0510344827586207,2022,20220101_38006_D01_S013,8.2,5.9,14.3,17.3,54.4,20210101_38006_D01_S013,83.0,34.0,321.0,542.0,980.0,946.0,8.773784355179703,33.9323467230444,20210101_38006_D01_S013,90.0,66.0,36.0,0.0,788.0,980.0,80.40816326530613,10.408163265306122,baja
2021,20220101_38006_D01_S014,38006_D01_S014,Arona,1,14,26902.0,10820.0,13825.0,11550.0,1.196969696969697,2022,20220101_38006_D01_S014,4.0,16.0,16.6,14.7,48.7,20210101_38006_D01_S014,173.0,25.0,132.0,665.0,995.0,970.0,17.835051546391753,13.608247422680412,20210101_38006_D01_S014,15.0,25.0,19.0,0.0,936.0,995.0,94.07035175879398,4.422110552763819,baja
2021,20220101_38006_D01_S015,38006_D01_S015,Arona,1,15,30983.0,12081.0,16034.0,12950.0,1.238146718146718,2022,20220101_38006_D01_S015,3.4,21.2,19.7,11.4,44.3,20210101_38006_D01_S015,229.0,20.0,95.0,596.0,940.0,920.0,24.891304347826086,10.326086956521738,20210101_38006_D01_S015,6.0,22.0,14.0,1.0,897.0,939.0,95.52715654952077,3.8338658146964857,media-baja
2021,20220101_38006_D01_S016,38006_D01_S016,Arona,1,16,19673.0,9497.0,12033.0,10150.0,1.1855172413793102,2022,20220101_38006_D01_S016,5.2,10.4,23.3,12.2,48.9,20210101_38006_D01_S016,316.0,36.0,179.0,847.0,1378.0,1342.0,23.546944858420268,13.338301043219076,20210101_38006_D01_S016,15.0,91.0,45.0,0.0,1227.0,1378.0,89.04208998548621,9.869375907111756,baja
2021,20220101_38006_D01_S017,38006_D01_S017,Arona,1,17,27037.0,10914.0,13975.0,11550.0,1.20995670995671,2022,20220101_38006_D01_S017,3.5,23.9,18.9,13.1,40.6,20210101_38006_D01_S017,53.0,8.0,56.0,195.0,312.0,304.0,17.43421052631579,18.42105263157895,20210101_38006_D01_S017,10.0,9.0,4.0,0.0,289.0,312.0,92.62820512820512,4.166666666666667,baja
2021,20220101_38006_D01_S018,38006_D01_S018,Arona,1,18,23489.0,8051.0,11240.0,9450.0,1.1894179894179895,2022,20220101_38006_D01_S018,5.6,10.5,11.3,17.8,54.9,20210101_38006_D01_S018,305.0,66.0,220.0,980.0,1571.0,1505.0,20.26578073089701,14.617940199335548,20210101_38006_D01_S018,37.0,82.0,48.0,0.0,1404.0,1571.0,89.36982813494589,8.274984086569065,baja
2021,20220101_38006_D01_S019,38006_D01_S019,Arona,1,19,26814.0,11882.0,14772.0,11550.0,1.2789610389610389,2022,20220101_38006_D01_S019,3.4,25.6,18.3,10.2,42.6,20210101_38006_D01_S019,114.0,27.0,75.0,353.0,569.0,542.0,21.03321033210332,13.837638376383763,20210101_38006_D01_S019,4.0,17.0,15.0,0.0,533.0,569.0,93.67311072056239,5.62390158172232,baja
2021,20220101_38006_D01_S020,38006_D01_S020,Arona,1,20,26004.0,11639.0,15272.0,12250.0,1.2466938775510203,2022,20220101_38006_D01_S020,2.7,19.8,23.0,11.6,43.0,20210101_38006_D01_S020,254.0,57.0,109.0,715.0,1135.0,1078.0,23.562152133580707,10.111317254174397,20210101_38006_D01_S020,4.0,43.0,16.0,0.0,1072.0,1135.0,94.44933920704845,5.1982378854625555,baja
2021,20220101_38006_D01_S021,38006_D01_S021,Arona,1,21,24681.0,8792.0,12329.0,11550.0,1.0674458874458874,2022,20220101_38006_D01_S021,4.8,7.8,12.8,15.7,58.9,20210101_38006_D01_S021,89.0,25.0,244.0,492.0,850.0,825.0,10.787878787878787,29.575757575757574,20210101_38006_D01_S021,67.0,55.0,43.0,0.0,685.0,850.0,80.58823529411765,11.529411764705882,baja
2021,20220101_38006_D01_S022,38006_D01_S022,Arona,1,22,30127.0,10571.0,14505.0,12950.0,1.12007722007722,2022,20220101_38006_D01_S022,4.1,15.3,11.6,12.5,56.5,20210101_38006_D01_S022,192.0,39.0,157.0,588.0,976.0,937.0,20.490928495197437,16.755602988260407,20210101_38006_D01_S022,24.0,57.0,38.0,0.0,857.0,976.0,87.80737704918033,9.73360655737705,baja
2021,20220101_38006_D01_S023,38006_D01_S023,Arona,1,23,23980.0,9299.0,12280.0,10850.0,1.1317972350230414,2022,20220101_38006_D01_S023,4.8,8.4,14.3,14.3,58.2,20210101_38006_D01_S023,106.0,27.0,224.0,476.0,833.0,806.0,13.15136476426799,27.791563275434243,20210101_38006_D01_S023,48.0,57.0,26.0,1.0,701.0,832.0,84.2548076923077,9.975961538461538,baja
2021,20220101_38006_D01_S024,38006_D01_S024,Arona,1,24,29058.0,10209.0,14071.0,12950.0,1.0865637065637066,2022,20220101_38006_D01_S024,3.8,9.6,15.6,13.3,57.8,20210101_38006_D01_S024,134.0,26.0,162.0,495.0,817.0,791.0,16.940581542351453,20.480404551201012,20210101_38006_D01_S024,12.0,64.0,25.0,1.0,715.0,816.0,87.62254901960785,10.906862745098039,baja
2021,20220101_38006_D01_S025,38006_D01_S025,Arona,1,25,31162.0,10742.0,14721.0,13650.0,1.0784615384615384,2022,20220101_38006_D01_S025,4.9,9.4,20.5,9.6,55.6,20210101_38006_D01_S025,123.0,20.0,108.0,334.0,585.0,565.0,21.76991150442478,19.115044247787612,20210101_38006_D01_S025,6.0,35.0,23.0,0.0,521.0,585.0,89.05982905982906,9.914529914529915,baja
2021,20220101_38006_D01_S026,38006_D01_S026,Arona,1,26,28944.0,11125.0,14702.0,12950.0,1.1352895752895753,2022,20220101_38006_D01_S026,2.9,21.2,13.2,13.0,49.7,20210101_38006_D01_S026,309.0,55.0,142.0,782.0,1288.0,1233.0,25.060827250608273,11.516626115166261,20210101_38006_D01_S026,11.0,65.0,35.0,0.0,1177.0,1288.0,91.38198757763975,7.763975155279503,baja
2021,20220101_38006_D01_S027,38006_D01_S027,Arona,1,27,27206.0,9862.0,13448.0,12950.0,1.0384555984555985,2022,20220101_38006_D01_S027,4.5,10.7,11.6,15.1,58.1,20210101_38006_D01_S027,138.0,34.0,176.0,638.0,986.0,952.0,14.495798319327731,18.48739495798319,20210101_38006_D01_S027,19.0,67.0,42.0,0.0,858.0,986.0,87.0182555780933,11.05476673427992,baja
2021,20220101_38006_D01_S028,38006_D01_S028,Arona,1,28,32548.0,10771.0,14768.0,13650.0,1.081904761904762,2022,20220101_38006_D01_S028,3.7,11.9,11.5,15.5,57.4,20210101_38006_D01_S028,90.0,34.0,213.0,443.0,780.0,746.0,12.064343163538874,28.552278820375335,20210101_38006_D01_S028,47.0,46.0,36.0,0.0,651.0,780.0,83.46153846153847,10.512820512820513,baja
2021,20220101_38006_D01_S029,38006_D01_S029,Arona,1,29,21224.0,7295.0,10335.0,9450.0,1.0936507936507935,2022,20220101_38006_D01_S029,7.1,7.5,14.9,18.5,51.9,20210101_38006_D01_S029,44.0,13.0,152.0,271.0,480.0,467.0,9.421841541755889,32.54817987152034,20210101_38006_D01_S029,57.0,30.0,13.0,1.0,379.0,479.0,79.12317327766179,8.977035490605427,baja
2021,20220101_38006_D01_S030,38006_D01_S030,Arona,1,30,24645.0,8781.0,12375.0,11550.0,1.0714285714285714,2022,20220101_38006_D01_S030,5.4,7.6,11.6,16.6,58.8,20210101_38006_D01_S030,112.0,33.0,208.0,563.0,916.0,883.0,12.684031710079275,23.556058890147224,20210101_38006_D01_S030,18.0,53.0,21.0,0.0,824.0,916.0,89.95633187772926,8.078602620087336,baja
2021,20220101_38006_D01_S031,38006_D01_S031,Arona,1,31,22191.0,7284.0,10344.0,9450.0,1.0946031746031746,2022,20220101_38006_D01_S031,5.8,6.9,12.0,17.8,57.4,20210101_38006_D01_S031,57.0,28.0,267.0,377.0,729.0,701.0,8.131241084165477,38.088445078459344,20210101_38006_D01_S031,77.0,60.0,22.0,0.0,570.0,729.0,78.18930041152264,11.248285322359397,baja
2021,20220101_38006_D01_S032,38006_D01_S032,Arona,1,32,21342.0,8957.0,12261.0,10850.0,1.1300460829493089,2022,20220101_38006_D01_S032,4.4,11.3,19.5,13.4,51.4,20210101_38006_D01_S032,175.0,31.0,107.0,452.0,765.0,734.0,23.841961852861036,14.577656675749319,20210101_38006_D01_S032,9.0,52.0,25.0,0.0,679.0,765.0,88.75816993464052,10.065359477124183,baja
2021,20220101_38006_D01_S033,38006_D01_S033,Arona,1,33,29435.0,13332.0,16873.0,12950.0,1.302934362934363,2022,20220101_38006_D01_S033,1.4,20.6,13.5,9.0,55.6,20210101_38006_D01_S033,255.0,34.0,58.0,506.0,853.0,819.0,31.135531135531135,7.0818070818070815,20210101_38006_D01_S033,5.0,55.0,19.0,0.0,774.0,853.0,90.73856975381008,8.675263774912075,media-baja
2021,20220101_38006_D01_S034,38006_D01_S034,Arona,1,34,27040.0,10058.0,13993.0,12250.0,1.1422857142857143,2022,20220101_38006_D01_S034,4.4,21.1,13.5,10.8,50.1,20210101_38006_D01_S034,88.0,22.0,91.0,274.0,475.0,453.0,19.426048565121413,20.08830022075055,20210101_38006_D01_S034,42.0,34.0,19.0,1.0,379.0,474.0,79.957805907173,11.181434599156118,baja
2021,20220101_38007_D01_S001,38007_D01_S001,Barlovento,1,1,29407.0,11149.0,15054.0,13650.0,1.1028571428571428,2022,20220101_38007_D01_S001,3.7,18.7,23.3,4.6,49.8,20210101_38007_D01_S001,109.0,28.0,89.0,291.0,517.0,489.0,22.29038854805726,18.20040899795501,20210101_38007_D01_S001,59.0,42.0,21.0,4.0,391.0,513.0,76.21832358674465,12.280701754385966,baja
2021,20220101_38007_D01_S002,38007_D01_S002,Barlovento,1,2,29737.0,11263.0,15139.0,12950.0,1.169034749034749,2022,20220101_38007_D01_S002,3.8,22.6,25.9,3.3,44.5,20210101_38007_D01_S002,40.0,10.0,43.0,122.0,215.0,205.0,19.51219512195122,20.975609756097562,20210101_38007_D01_S002,27.0,29.0,21.0,1.0,137.0,214.0,64.01869158878505,23.364485981308412,baja
2021,20220101_38008_D01_S001,38008_D01_S001,Breña Alta,1,1,35337.0,12957.0,16830.0,14350.0,1.172822299651568,2022,20220101_38008_D01_S001,3.8,15.0,17.0,4.1,60.2,20210101_38008_D01_S001,133.0,14.0,77.0,285.0,509.0,495.0,26.86868686868687,15.555555555555555,20210101_38008_D01_S001,17.0,33.0,19.0,0.0,440.0,509.0,86.44400785854617,10.216110019646365,media-baja
2021,20220101_38008_D01_S002,38008_D01_S002,Breña Alta,1,2,38309.0,14575.0,18653.0,15750.0,1.1843174603174602,2022,20220101_38008_D01_S002,3.0,13.7,19.8,3.9,59.5,20210101_38008_D01_S002,270.0,26.0,96.0,445.0,837.0,811.0,33.292231812577064,11.837237977805179,20210101_38008_D01_S002,23.0,85.0,40.0,3.0,686.0,834.0,82.25419664268586,14.988009592326138,media-baja
2021,20220101_38008_D01_S003,38008_D01_S003,Breña Alta,1,3,42878.0,15744.0,19692.0,17150.0,1.1482215743440234,2022,20220101_38008_D01_S003,2.7,11.8,16.5,3.0,66.0,20210101_38008_D01_S003,325.0,30.0,108.0,483.0,946.0,916.0,35.480349344978166,11.790393013100436,20210101_38008_D01_S003,24.0,68.0,41.0,3.0,810.0,943.0,85.89607635206787,11.558854718981973,media-baja
2021,20220101_38008_D01_S004,38008_D01_S004,Breña Alta,1,4,33437.0,12318.0,16214.0,14350.0,1.1298954703832753,2022,20220101_38008_D01_S004,4.2,7.8,15.8,4.7,67.5,20210101_38008_D01_S004,154.0,27.0,123.0,382.0,686.0,659.0,23.368740515933233,18.66464339908953,20210101_38008_D01_S004,21.0,57.0,34.0,0.0,574.0,686.0,83.6734693877551,13.26530612244898,media-baja
2021,20220101_38009_D01_S001,38009_D01_S001,Breña Baja,1,1,40700.0,15029.0,19169.0,17150.0,1.117725947521866,2022,20220101_38009_D01_S001,3.0,9.6,15.6,3.7,68.2,20210101_38009_D01_S001,308.0,23.0,104.0,455.0,890.0,867.0,35.52479815455594,11.995386389850058,20210101_38009_D01_S001,28.0,54.0,29.0,0.0,779.0,890.0,87.52808988764045,9.325842696629213,media-baja
2021,20220101_38009_D01_S002,38009_D01_S002,Breña Baja,1,2,38688.0,13780.0,18151.0,16450.0,1.103404255319149,2022,20220101_38009_D01_S002,3.3,9.0,16.2,3.5,67.9,20210101_38009_D01_S002,247.0,39.0,110.0,423.0,819.0,780.0,31.666666666666668,14.102564102564102,20210101_38009_D01_S002,31.0,61.0,38.0,0.0,689.0,819.0,84.12698412698413,12.087912087912088,media-baja
2021,20220101_38009_D01_S003,38009_D01_S003,Breña Baja,1,3,47914.0,20057.0,24240.0,22750.0,1.0654945054945055,2022,20220101_38009_D01_S003,3.6,13.6,16.0,3.1,63.7,20210101_38009_D01_S003,152.0,8.0,21.0,192.0,373.0,365.0,41.64383561643836,5.7534246575342465,20210101_38009_D01_S003,4.0,20.0,9.0,0.0,340.0,373.0,91.15281501340482,7.774798927613941,alta
2021,20220101_38009_D01_S004,38009_D01_S004,Breña Baja,1,4,41990.0,15833.0,20151.0,17150.0,1.1749854227405248,2022,20220101_38009_D01_S004,2.8,16.6,15.5,3.7,61.5,20210101_38009_D01_S004,119.0,14.0,37.0,209.0,379.0,365.0,32.602739726027394,10.136986301369863,20210101_38009_D01_S004,17.0,24.0,23.0,0.0,315.0,379.0,83.11345646437995,12.401055408970976,media-baja
2021,20220101_38010_D01_S001,38010_D01_S001,Buenavista del Norte,1,1,32951.0,12395.0,16524.0,14350.0,1.1514982578397213,2022,20220101_38010_D01_S001,4.0,19.8,24.7,4.8,46.7,20210101_38010_D01_S001,103.0,14.0,107.0,225.0,449.0,435.0,23.67816091954023,24.597701149425287,20210101_38010_D01_S001,94.0,18.0,16.0,1.0,320.0,448.0,71.42857142857143,7.589285714285714,media-baja
2021,20220101_38010_D01_S002,38010_D01_S002,Buenavista del Norte,1,2,23505.0,8907.0,12487.0,11550.0,1.0811255411255412,2022,20220101_38010_D01_S002,7.5,11.9,34.1,9.4,37.0,20210101_38010_D01_S002,36.0,6.0,58.0,139.0,239.0,233.0,15.450643776824034,24.892703862660944,20210101_38010_D01_S002,30.0,22.0,4.0,0.0,183.0,239.0,76.56903765690376,10.878661087866108,baja
2021,20220101_38010_D01_S003,38010_D01_S003,Buenavista del Norte,1,3,28946.0,10576.0,14866.0,13650.0,1.0890842490842492,2022,20220101_38010_D01_S003,4.1,12.5,26.4,6.7,50.3,20210101_38010_D01_S003,96.0,10.0,128.0,233.0,467.0,457.0,21.00656455142232,28.00875273522976,20210101_38010_D01_S003,100.0,15.0,10.0,0.0,342.0,467.0,73.23340471092077,5.353319057815845,baja
2021,20220101_38010_D01_S004,38010_D01_S004,Buenavista del Norte,1,4,28846.0,10117.0,14185.0,12950.0,1.0953667953667954,2022,20220101_38010_D01_S004,6.1,6.9,22.3,7.6,57.1,20210101_38010_D01_S004,97.0,14.0,137.0,245.0,493.0,479.0,20.25052192066806,28.60125260960334,20210101_38010_D01_S004,96.0,23.0,19.0,0.0,355.0,493.0,72.00811359026369,8.519269776876268,baja
2021,20220101_38011_D01_S001,38011_D01_S001,Candelaria,1,1,38638.0,13977.0,18311.0,16450.0,1.113130699088146,2022,20220101_38011_D01_S001,3.9,9.6,20.2,4.2,62.0,20210101_38011_D01_S001,249.0,43.0,79.0,440.0,811.0,768.0,32.421875,10.286458333333334,20210101_38011_D01_S001,18.0,41.0,45.0,1.0,706.0,810.0,87.1604938271605,10.617283950617283,media-baja
2021,20220101_38011_D01_S002,38011_D01_S002,Candelaria,1,2,43426.0,14898.0,19719.0,17850.0,1.1047058823529412,2022,20220101_38011_D01_S002,3.5,10.8,16.1,2.7,66.8,20210101_38011_D01_S002,206.0,22.0,61.0,280.0,569.0,547.0,37.6599634369287,11.151736745886655,20210101_38011_D01_S002,3.0,27.0,44.0,0.0,495.0,569.0,86.99472759226714,12.478031634446397,media-baja
2021,20220101_38011_D01_S003,38011_D01_S003,Candelaria,1,3,39758.0,15613.0,19543.0,17150.0,1.139533527696793,2022,20220101_38011_D01_S003,3.7,11.2,19.3,4.2,61.5,20210101_38011_D01_S003,349.0,29.0,106.0,623.0,1107.0,1078.0,32.3747680890538,9.833024118738404,20210101_38011_D01_S003,19.0,67.0,55.0,1.0,965.0,1106.0,87.25135623869801,11.030741410488245,media-baja
2021,20220101_38011_D01_S004,38011_D01_S004,Candelaria,1,4,32140.0,13182.0,16621.0,15050.0,1.1043853820598006,2022,20220101_38011_D01_S004,5.0,8.8,20.8,4.3,61.2,20210101_38011_D01_S004,179.0,22.0,54.0,327.0,582.0,560.0,31.964285714285715,9.642857142857142,20210101_38011_D01_S004,6.0,21.0,35.0,0.0,520.0,582.0,89.34707903780068,9.621993127147766,media-baja
2021,20220101_38011_D01_S005,38011_D01_S005,Candelaria,1,5,40070.0,16484.0,20047.0,18550.0,1.080700808625337,2022,20220101_38011_D01_S005,3.6,10.1,27.8,3.2,55.4,20210101_38011_D01_S005,170.0,10.0,35.0,221.0,436.0,426.0,39.906103286384976,8.215962441314554,20210101_38011_D01_S005,4.0,23.0,22.0,0.0,387.0,436.0,88.76146788990826,10.321100917431192,media-alta
2021,20220101_38011_D01_S006,38011_D01_S006,Candelaria,1,6,35160.0,16480.0,19736.0,17850.0,1.105658263305322,2022,20220101_38011_D01_S006,3.6,10.2,13.7,3.5,68.9,20210101_38011_D01_S006,332.0,28.0,72.0,469.0,901.0,873.0,38.02978235967927,8.24742268041237,20210101_38011_D01_S006,2.0,39.0,47.0,0.0,813.0,901.0,90.2330743618202,9.544950055493896,media-alta
2021,20220101_38011_D01_S007,38011_D01_S007,Candelaria,1,7,36867.0,16956.0,19937.0,17150.0,1.1625072886297376,2022,20220101_38011_D01_S007,3.0,8.7,14.5,3.8,70.1,20210101_38011_D01_S007,391.0,36.0,57.0,534.0,1018.0,982.0,39.81670061099796,5.8044806517311605,20210101_38011_D01_S007,8.0,39.0,51.0,1.0,919.0,1017.0,90.3638151425762,8.849557522123893,media-alta
2021,20220101_38011_D01_S008,38011_D01_S008,Candelaria,1,8,34582.0,14193.0,17772.0,16450.0,1.0803647416413373,2022,20220101_38011_D01_S008,4.1,9.8,17.0,4.5,64.6,20210101_38011_D01_S008,146.0,19.0,53.0,255.0,473.0,454.0,32.158590308370044,11.674008810572687,20210101_38011_D01_S008,3.0,17.0,35.0,0.0,418.0,473.0,88.37209302325581,10.993657505285412,media-baja
2021,20220101_38011_D01_S009,38011_D01_S009,Candelaria,1,9,41997.0,16979.0,21002.0,18550.0,1.1321832884097036,2022,20220101_38011_D01_S009,3.6,12.5,18.1,2.4,63.4,20210101_38011_D01_S009,197.0,9.0,29.0,218.0,453.0,444.0,44.369369369369366,6.531531531531532,20210101_38011_D01_S009,2.0,22.0,29.0,0.0,400.0,453.0,88.30022075055187,11.258278145695364,media-alta
2021,20220101_38011_D01_S010,38011_D01_S010,Candelaria,1,10,32031.0,14473.0,17723.0,15750.0,1.1252698412698412,2022,20220101_38011_D01_S010,5.3,10.6,23.7,3.1,57.4,20210101_38011_D01_S010,140.0,10.0,47.0,296.0,493.0,483.0,28.985507246376812,9.730848861283643,20210101_38011_D01_S010,2.0,27.0,24.0,0.0,440.0,493.0,89.24949290060852,10.344827586206897,media-baja
2021,20220101_38011_D01_S011,38011_D01_S011,Candelaria,1,11,38822.0,15585.0,19658.0,17850.0,1.1012885154061625,2022,20220101_38011_D01_S011,5.3,12.3,14.1,3.5,64.8,20210101_38011_D01_S011,289.0,24.0,40.0,393.0,746.0,722.0,40.02770083102493,5.54016620498615,20210101_38011_D01_S011,3.0,30.0,43.0,0.0,670.0,746.0,89.81233243967829,9.785522788203753,media-baja
2021,20220101_38011_D01_S012,38011_D01_S012,Candelaria,1,12,38776.0,18340.0,21366.0,19250.0,1.109922077922078,2022,20220101_38011_D01_S012,3.2,12.1,18.5,2.7,63.5,20210101_38011_D01_S012,220.0,33.0,49.0,343.0,645.0,612.0,35.947712418300654,8.006535947712418,20210101_38011_D01_S012,7.0,26.0,37.0,0.0,575.0,645.0,89.14728682170542,9.767441860465116,media-alta
2021,20220101_38011_D02_S001,38011_D02_S001,Candelaria,2,1,43981.0,14790.0,19586.0,17150.0,1.1420408163265305,2022,20220101_38011_D02_S001,2.8,13.0,18.1,3.6,62.6,20210101_38011_D02_S001,262.0,20.0,75.0,368.0,725.0,705.0,37.163120567375884,10.638297872340425,20210101_38011_D02_S001,17.0,38.0,53.0,0.0,617.0,725.0,85.10344827586206,12.551724137931034,media-baja
2021,20220101_38011_D02_S002,38011_D02_S002,Candelaria,2,2,49924.0,16808.0,21654.0,17850.0,1.213109243697479,2022,20220101_38011_D02_S002,3.7,14.8,18.9,2.7,59.8,20210101_38011_D02_S002,227.0,19.0,55.0,360.0,661.0,642.0,35.3582554517134,8.566978193146417,20210101_38011_D02_S002,9.0,34.0,49.0,0.0,569.0,661.0,86.08169440242058,12.556732223903177,media-alta
2021,20220101_38011_D02_S003,38011_D02_S003,Candelaria,2,3,37218.0,13298.0,17536.0,15750.0,1.1133968253968254,2022,20220101_38011_D02_S003,4.0,11.4,16.8,4.2,63.7,20210101_38011_D02_S003,275.0,24.0,106.0,432.0,837.0,813.0,33.82533825338253,13.038130381303812,20210101_38011_D02_S003,15.0,59.0,64.0,0.0,699.0,837.0,83.51254480286738,14.695340501792115,media-baja
2021,20220101_38011_D02_S004,38011_D02_S004,Candelaria,2,4,37310.0,13889.0,18050.0,15750.0,1.146031746031746,2022,20220101_38011_D02_S004,4.4,8.0,21.2,3.5,62.9,20210101_38011_D02_S004,146.0,26.0,78.0,363.0,613.0,587.0,24.87223168654174,13.287904599659285,20210101_38011_D02_S004,4.0,50.0,48.0,0.0,511.0,613.0,83.3605220228385,15.986949429037521,media-baja
2021,20220101_38011_D02_S005,38011_D02_S005,Candelaria,2,5,66816.0,22216.0,27770.0,25550.0,1.0868884540117416,2022,20220101_38011_D02_S005,2.4,16.1,10.9,2.2,68.5,20210101_38011_D02_S005,395.0,33.0,28.0,305.0,761.0,728.0,54.25824175824176,3.8461538461538463,20210101_38011_D02_S005,2.0,39.0,35.0,0.0,685.0,761.0,90.01314060446781,9.724047306176084,alta
2021,20220101_38012_D01_S001,38012_D01_S001,Fasnia,1,1,34743.0,14250.0,18207.0,16450.0,1.1068085106382979,2022,20220101_38012_D01_S001,4.1,9.3,24.3,4.6,57.8,20210101_38012_D01_S001,173.0,10.0,90.0,311.0,584.0,574.0,30.139372822299652,15.679442508710801,20210101_38012_D01_S001,19.0,50.0,30.0,0.0,485.0,584.0,83.04794520547945,13.698630136986301,media-baja
2021,20220101_38012_D01_S002,38012_D01_S002,Fasnia,1,2,29732.0,13106.0,16663.0,15050.0,1.1071760797342192,2022,20220101_38012_D01_S002,4.9,10.2,23.9,5.1,56.0,20210101_38012_D01_S002,110.0,14.0,71.0,270.0,465.0,451.0,24.390243902439025,15.742793791574279,20210101_38012_D01_S002,26.0,35.0,46.0,0.0,358.0,465.0,76.98924731182795,17.419354838709676,media-baja
2021,20220101_38013_D01_S001,38013_D01_S001,Frontera,1,1,34775.0,12336.0,16518.0,15050.0,1.0975415282392027,2022,20220101_38013_D01_S001,4.3,16.6,17.4,3.6,58.1,20210101_38013_D01_S001,221.0,40.0,96.0,447.0,804.0,764.0,28.926701570680628,12.565445026178011,20210101_38013_D01_S001,74.0,68.0,28.0,2.0,632.0,802.0,78.80299251870325,11.970074812967582,media-baja
2021,20220101_38013_D01_S002,38013_D01_S002,Frontera,1,2,32854.0,11660.0,15924.0,14350.0,1.1096864111498257,2022,20220101_38013_D01_S002,3.9,12.1,18.5,4.2,61.2,20210101_38013_D01_S002,183.0,19.0,99.0,411.0,712.0,693.0,26.406926406926406,14.285714285714286,20210101_38013_D01_S002,39.0,56.0,52.0,1.0,564.0,711.0,79.32489451476793,15.189873417721518,baja
2021,20220101_38014_D01_S001,38014_D01_S001,Fuencaliente de La Palma,1,1,28100.0,12105.0,15491.0,13650.0,1.1348717948717948,2022,20220101_38014_D01_S001,4.3,13.6,24.2,5.5,52.5,20210101_38014_D01_S001,99.0,12.0,65.0,201.0,377.0,365.0,27.123287671232877,17.80821917808219,20210101_38014_D01_S001,38.0,23.0,29.0,1.0,286.0,376.0,76.06382978723404,13.829787234042554,media-baja
2021,20220101_38014_D01_S002,38014_D01_S002,Fuencaliente de La Palma,1,2,24127.0,11434.0,14615.0,13650.0,1.0706959706959707,2022,20220101_38014_D01_S002,3.9,15.0,20.1,5.6,55.4,20210101_38014_D01_S002,50.0,13.0,62.0,186.0,311.0,298.0,16.778523489932887,20.80536912751678,20210101_38014_D01_S002,40.0,21.0,21.0,1.0,228.0,310.0,73.54838709677419,13.548387096774194,baja
2021,20220101_38015_D01_S001,38015_D01_S001,Garachico,1,1,35074.0,12297.0,16607.0,14350.0,1.1572822299651568,2022,20220101_38015_D01_S001,4.1,11.4,27.7,5.2,51.6,20210101_38015_D01_S001,149.0,19.0,78.0,266.0,512.0,493.0,30.223123732251523,15.821501014198782,20210101_38015_D01_S001,45.0,35.0,25.0,1.0,406.0,511.0,79.45205479452055,11.741682974559687,media-baja
2021,20220101_38015_D01_S002,38015_D01_S002,Garachico,1,2,38955.0,14956.0,18851.0,14350.0,1.313658536585366,2022,20220101_38015_D01_S002,3.6,13.2,32.0,4.0,47.2,20210101_38015_D01_S002,67.0,8.0,24.0,98.0,197.0,189.0,35.44973544973545,12.698412698412698,20210101_38015_D01_S002,14.0,6.0,6.0,1.0,170.0,196.0,86.73469387755102,6.122448979591836,media-baja
2021,20220101_38015_D02_S001,38015_D02_S001,Garachico,2,1,30770.0,10627.0,14425.0,12950.0,1.113899613899614,2022,20220101_38015_D02_S001,5.3,15.7,21.2,6.1,51.7,20210101_38015_D02_S001,81.0,17.0,107.0,252.0,457.0,440.0,18.40909090909091,24.318181818181817,20210101_38015_D02_S001,76.0,24.0,15.0,2.0,340.0,455.0,74.72527472527473,8.571428571428571,baja
2021,20220101_38015_D02_S002,38015_D02_S002,Garachico,2,2,25036.0,9372.0,12973.0,12250.0,1.0590204081632653,2022,20220101_38015_D02_S002,6.3,5.4,25.5,9.9,53.0,20210101_38015_D02_S002,71.0,11.0,106.0,227.0,415.0,404.0,17.574257425742573,26.237623762376238,20210101_38015_D02_S002,31.0,59.0,14.0,0.0,311.0,415.0,74.93975903614458,17.59036144578313,baja
2021,20220101_38016_D01_S001,38016_D01_S001,Garafía,1,1,20676.0,8740.0,12198.0,10850.0,1.1242396313364056,2022,20220101_38016_D01_S001,4.3,12.4,30.2,4.6,48.5,20210101_38016_D01_S001,104.0,26.0,80.0,268.0,478.0,452.0,23.008849557522122,17.699115044247787,20210101_38016_D01_S001,52.0,49.0,18.0,0.0,359.0,478.0,75.10460251046025,14.01673640167364,baja
2021,20220101_38017_D01_S001,38017_D01_S001,Granadilla de Abona,1,1,36715.0,11878.0,16578.0,15750.0,1.0525714285714285,2022,20220101_38017_D01_S001,4.7,11.3,20.6,9.0,54.4,20210101_38017_D01_S001,69.0,15.0,122.0,263.0,469.0,454.0,15.198237885462555,26.87224669603524,20210101_38017_D01_S001,16.0,30.0,31.0,0.0,392.0,469.0,83.58208955223881,13.00639658848614,baja
2021,20220101_38017_D01_S002,38017_D01_S002,Granadilla de Abona,1,2,34971.0,11468.0,16038.0,15050.0,1.0656478405315615,2022,20220101_38017_D01_S002,3.5,12.1,20.2,8.8,55.4,20210101_38017_D01_S002,58.0,16.0,75.0,254.0,403.0,387.0,14.987080103359173,19.37984496124031,20210101_38017_D01_S002,15.0,23.0,14.0,0.0,351.0,403.0,87.09677419354838,9.181141439205955,baja
2021,20220101_38017_D01_S003,38017_D01_S003,Granadilla de Abona,1,3,27142.0,9242.0,12881.0,11550.0,1.1152380952380951,2022,20220101_38017_D01_S003,4.1,7.5,12.1,12.9,63.4,20210101_38017_D01_S003,207.0,38.0,284.0,715.0,1244.0,1206.0,17.16417910447761,23.548922056384743,20210101_38017_D01_S003,47.0,89.0,63.0,0.0,1045.0,1244.0,84.0032154340836,12.218649517684888,baja
2021,20220101_38017_D01_S004,38017_D01_S004,Granadilla de Abona,1,4,28682.0,10179.0,14129.0,12950.0,1.091042471042471,2022,20220101_38017_D01_S004,3.7,9.6,26.5,10.5,49.8,20210101_38017_D01_S004,75.0,23.0,110.0,301.0,509.0,486.0,15.432098765432098,22.633744855967077,20210101_38017_D01_S004,27.0,40.0,35.0,0.0,407.0,509.0,79.96070726915521,14.734774066797643,baja
2021,20220101_38017_D01_S005,38017_D01_S005,Granadilla de Abona,1,5,30065.0,11212.0,15012.0,13650.0,1.0997802197802198,2022,20220101_38017_D01_S005,5.2,8.4,22.3,10.1,53.9,20210101_38017_D01_S005,56.0,13.0,86.0,152.0,307.0,294.0,19.047619047619047,29.25170068027211,20210101_38017_D01_S005,21.0,15.0,32.0,1.0,238.0,306.0,77.77777777777777,15.359477124183007,baja
2021,20220101_38017_D01_S006,38017_D01_S006,Granadilla de Abona,1,6,30284.0,11553.0,15297.0,12950.0,1.1812355212355212,2022,20220101_38017_D01_S006,4.4,12.4,20.8,8.9,53.6,20210101_38017_D01_S006,99.0,25.0,101.0,263.0,488.0,463.0,21.382289416846653,21.814254859611232,20210101_38017_D01_S006,21.0,30.0,26.0,0.0,411.0,488.0,84.22131147540983,11.475409836065573,baja
2021,20220101_38017_D01_S007,38017_D01_S007,Granadilla de Abona,1,7,29397.0,12916.0,15562.0,12950.0,1.2016988416988417,2022,20220101_38017_D01_S007,4.0,15.6,14.2,7.3,58.8,20210101_38017_D01_S007,316.0,35.0,119.0,590.0,1060.0,1025.0,30.829268292682926,11.609756097560975,20210101_38017_D01_S007,19.0,52.0,45.0,0.0,944.0,1060.0,89.05660377358491,9.150943396226415,media-baja
2021,20220101_38017_D01_S008,38017_D01_S008,Granadilla de Abona,1,8,27982.0,9760.0,13308.0,12250.0,1.0863673469387756,2022,20220101_38017_D01_S008,4.6,7.9,13.5,12.5,61.5,20210101_38017_D01_S008,76.0,16.0,125.0,345.0,562.0,546.0,13.91941391941392,22.893772893772894,20210101_38017_D01_S008,29.0,54.0,19.0,0.0,460.0,562.0,81.85053380782918,12.98932384341637,baja
2021,20220101_38017_D01_S009,38017_D01_S009,Granadilla de Abona,1,9,34143.0,11341.0,15498.0,13650.0,1.1353846153846154,2022,20220101_38017_D01_S009,4.3,13.9,16.2,9.7,55.9,20210101_38017_D01_S009,183.0,38.0,193.0,600.0,1014.0,976.0,18.75,19.774590163934427,20210101_38017_D01_S009,31.0,62.0,57.0,0.0,864.0,1014.0,85.20710059171597,11.735700197238659,baja
2021,20220101_38017_D01_S010,38017_D01_S010,Granadilla de Abona,1,10,28124.0,11996.0,15151.0,12950.0,1.1699613899613899,2022,20220101_38017_D01_S010,3.0,12.4,8.8,10.6,65.3,20210101_38017_D01_S010,297.0,44.0,121.0,632.0,1094.0,1050.0,28.285714285714285,11.523809523809524,20210101_38017_D01_S010,16.0,61.0,45.0,0.0,972.0,1094.0,88.84826325411335,9.689213893967093,baja
2021,20220101_38017_D01_S011,38017_D01_S011,Granadilla de Abona,1,11,28594.0,9074.0,12929.0,11550.0,1.1193939393939394,2022,20220101_38017_D01_S011,5.1,9.6,10.1,13.4,61.9,20210101_38017_D01_S011,137.0,39.0,265.0,554.0,995.0,956.0,14.330543933054393,27.719665271966527,20210101_38017_D01_S011,25.0,88.0,39.0,0.0,843.0,995.0,84.72361809045226,12.763819095477388,baja
2021,20220101_38017_D01_S012,38017_D01_S012,Granadilla de Abona,1,12,35015.0,11363.0,15704.0,14350.0,1.094355400696864,2022,20220101_38017_D01_S012,3.4,9.6,25.0,9.0,53.0,20210101_38017_D01_S012,68.0,19.0,125.0,289.0,501.0,482.0,14.107883817427386,25.933609958506224,20210101_38017_D01_S012,13.0,45.0,23.0,0.0,420.0,501.0,83.83233532934132,13.572854291417165,baja
2021,20220101_38017_D01_S013,38017_D01_S013,Granadilla de Abona,1,13,26965.0,9019.0,12605.0,12250.0,1.0289795918367346,2022,20220101_38017_D01_S013,4.1,8.0,12.3,15.0,60.6,20210101_38017_D01_S013,93.0,28.0,198.0,434.0,753.0,725.0,12.827586206896552,27.310344827586206,20210101_38017_D01_S013,28.0,49.0,36.0,0.0,640.0,753.0,84.9933598937583,11.288180610889775,baja
2021,20220101_38017_D01_S014,38017_D01_S014,Granadilla de Abona,1,14,32331.0,14819.0,17717.0,15050.0,1.1772093023255814,2022,20220101_38017_D01_S014,2.1,16.7,14.4,6.6,60.2,20210101_38017_D01_S014,292.0,23.0,124.0,560.0,999.0,976.0,29.918032786885245,12.704918032786885,20210101_38017_D01_S014,15.0,61.0,37.0,0.0,886.0,999.0,88.68868868868869,9.80980980980981,media-baja
2021,20220101_38017_D01_S015,38017_D01_S015,Granadilla de Abona,1,15,25110.0,8318.0,11548.0,10850.0,1.064331797235023,2022,20220101_38017_D01_S015,5.2,7.6,13.8,15.3,58.2,20210101_38017_D01_S015,86.0,15.0,188.0,388.0,677.0,662.0,12.990936555891238,28.3987915407855,20210101_38017_D01_S015,36.0,68.0,24.0,2.0,547.0,675.0,81.03703703703704,13.62962962962963,baja
2021,20220101_38017_D01_S016,38017_D01_S016,Granadilla de Abona,1,16,36158.0,11974.0,15892.0,14350.0,1.1074564459930314,2022,20220101_38017_D01_S016,4.0,13.5,20.4,8.4,53.8,20210101_38017_D01_S016,53.0,17.0,111.0,237.0,418.0,401.0,13.216957605985037,27.68079800498753,20210101_38017_D01_S016,12.0,25.0,17.0,0.0,364.0,418.0,87.08133971291866,10.047846889952153,baja
2021,20220101_38017_D01_S017,38017_D01_S017,Granadilla de Abona,1,17,33134.0,10223.0,14467.0,13650.0,1.0598534798534798,2022,20220101_38017_D01_S017,3.6,10.1,11.6,12.7,62.0,20210101_38017_D01_S017,136.0,23.0,123.0,457.0,739.0,716.0,18.99441340782123,17.178770949720672,20210101_38017_D01_S017,15.0,58.0,27.0,0.0,639.0,739.0,86.46820027063599,11.502029769959405,baja
2021,20220101_38017_D01_S018,38017_D01_S018,Granadilla de Abona,1,18,46703.0,17392.0,22041.0,17850.0,1.2347899159663867,2022,20220101_38017_D01_S018,2.2,20.3,9.1,5.1,63.3,20210101_38017_D01_S018,608.0,62.0,110.0,754.0,1534.0,1472.0,41.30434782608695,7.4728260869565215,20210101_38017_D01_S018,31.0,95.0,45.0,1.0,1362.0,1533.0,88.8454011741683,9.132420091324201,media-alta
2021,20220101_38017_D01_S019,38017_D01_S019,Granadilla de Abona,1,19,27752.0,9566.0,13348.0,12250.0,1.0896326530612246,2022,20220101_38017_D01_S019,4.3,9.2,12.8,12.8,61.0,20210101_38017_D01_S019,105.0,27.0,130.0,367.0,629.0,602.0,17.441860465116278,21.59468438538206,20210101_38017_D01_S019,22.0,43.0,30.0,1.0,533.0,628.0,84.87261146496816,11.624203821656051,baja
2021,20220101_38017_D01_S020,38017_D01_S020,Granadilla de Abona,1,20,27522.0,9018.0,12599.0,10850.0,1.1611981566820277,2022,20220101_38017_D01_S020,3.8,10.3,10.8,14.0,61.2,20210101_38017_D01_S020,133.0,35.0,268.0,602.0,1038.0,1003.0,13.260219341974079,26.719840478564308,20210101_38017_D01_S020,45.0,61.0,60.0,0.0,872.0,1038.0,84.00770712909441,11.657032755298651,baja
2021,20220101_38017_D01_S021,38017_D01_S021,Granadilla de Abona,1,21,26330.0,11143.0,14337.0,11550.0,1.2412987012987013,2022,20220101_38017_D01_S021,4.0,13.6,11.8,10.2,60.4,20210101_38017_D01_S021,255.0,34.0,127.0,594.0,1010.0,976.0,26.12704918032787,13.012295081967213,20210101_38017_D01_S021,26.0,60.0,43.0,1.0,880.0,1009.0,87.21506442021804,10.20812685827552,baja
2021,20220101_38017_D01_S022,38017_D01_S022,Granadilla de Abona,1,22,34470.0,10339.0,14580.0,14350.0,1.01602787456446,2022,20220101_38017_D01_S022,4.4,8.5,8.5,11.5,67.1,20210101_38017_D01_S022,168.0,34.0,141.0,464.0,807.0,773.0,21.733505821474772,18.240620957309186,20210101_38017_D01_S022,16.0,44.0,35.0,0.0,712.0,807.0,88.22800495662949,9.789343246592317,baja
2021,20220101_38017_D01_S023,38017_D01_S023,Granadilla de Abona,1,23,26498.0,8749.0,12144.0,10850.0,1.11926267281106,2022,20220101_38017_D01_S023,4.2,8.6,11.7,14.1,61.4,20210101_38017_D01_S023,85.0,17.0,209.0,401.0,712.0,695.0,12.23021582733813,30.071942446043167,20210101_38017_D01_S023,41.0,43.0,26.0,0.0,602.0,712.0,84.5505617977528,9.691011235955056,baja
2021,20220101_38017_D01_S024,38017_D01_S024,Granadilla de Abona,1,24,26584.0,8592.0,12178.0,11550.0,1.0543722943722944,2022,20220101_38017_D01_S024,5.1,7.1,9.0,14.2,64.6,20210101_38017_D01_S024,127.0,28.0,196.0,510.0,861.0,833.0,15.24609843937575,23.529411764705884,20210101_38017_D01_S024,31.0,49.0,33.0,0.0,748.0,861.0,86.87572590011614,9.523809523809524,baja
2021,20220101_38017_D01_S025,38017_D01_S025,Granadilla de Abona,1,25,25582.0,8738.0,12126.0,10850.0,1.1176036866359447,2022,20220101_38017_D01_S025,5.1,6.6,10.3,14.7,63.4,20210101_38017_D01_S025,99.0,17.0,191.0,456.0,763.0,746.0,13.270777479892761,25.603217158176943,20210101_38017_D01_S025,40.0,68.0,33.0,0.0,622.0,763.0,81.52031454783749,13.237221494102227,baja
2021,20220101_38018_D01_S001,38018_D01_S001,La Guancha,1,1,32587.0,12055.0,16365.0,15050.0,1.087375415282392,2022,20220101_38018_D01_S001,4.8,7.8,26.8,5.1,55.5,20210101_38018_D01_S001,125.0,14.0,75.0,265.0,479.0,465.0,26.881720430107528,16.129032258064516,20210101_38018_D01_S001,16.0,50.0,22.0,0.0,391.0,479.0,81.62839248434238,15.031315240083508,media-baja
2021,20220101_38018_D01_S002,38018_D01_S002,La Guancha,1,2,30113.0,10664.0,14796.0,13650.0,1.083956043956044,2022,20220101_38018_D01_S002,5.2,9.2,22.7,6.4,56.4,20210101_38018_D01_S002,155.0,17.0,90.0,390.0,652.0,635.0,24.409448818897637,14.173228346456693,20210101_38018_D01_S002,45.0,67.0,22.0,0.0,518.0,652.0,79.4478527607362,13.650306748466258,baja
2021,20220101_38018_D01_S003,38018_D01_S003,La Guancha,1,3,31981.0,11236.0,15432.0,13650.0,1.1305494505494504,2022,20220101_38018_D01_S003,5.6,8.8,21.9,6.1,57.7,20210101_38018_D01_S003,223.0,13.0,125.0,493.0,854.0,841.0,26.51605231866825,14.863258026159334,20210101_38018_D01_S003,36.0,114.0,33.0,0.0,671.0,854.0,78.57142857142857,17.21311475409836,baja
2021,20220101_38019_D01_S001,38019_D01_S001,Guía de Isora,1,1,30024.0,11102.0,14925.0,13650.0,1.0934065934065933,2022,20220101_38019_D01_S001,4.2,12.1,21.9,9.8,52.0,20210101_38019_D01_S001,120.0,25.0,203.0,420.0,768.0,743.0,16.150740242261104,27.321668909825032,20210101_38019_D01_S001,46.0,46.0,35.0,0.0,641.0,768.0,83.46354166666667,10.546875,baja
2021,20220101_38019_D01_S002,38019_D01_S002,Guía de Isora,1,2,30835.0,10124.0,14384.0,12950.0,1.1107335907335907,2022,20220101_38019_D01_S002,5.2,13.5,18.7,12.6,50.0,20210101_38019_D01_S002,134.0,29.0,259.0,437.0,859.0,830.0,16.14457831325301,31.204819277108435,20210101_38019_D01_S002,97.0,61.0,27.0,0.0,674.0,859.0,78.46332945285215,10.244470314318976,baja
2021,20220101_38019_D01_S003,38019_D01_S003,Guía de Isora,1,3,30105.0,11008.0,15074.0,13650.0,1.1043223443223442,2022,20220101_38019_D01_S003,3.2,14.0,19.0,11.6,52.3,20210101_38019_D01_S003,115.0,31.0,159.0,390.0,695.0,664.0,17.319277108433734,23.94578313253012,20210101_38019_D01_S003,44.0,45.0,26.0,1.0,579.0,694.0,83.42939481268012,10.230547550432277,baja
2021,20220101_38019_D01_S004,38019_D01_S004,Guía de Isora,1,4,33000.0,11005.0,15480.0,14350.0,1.078745644599303,2022,20220101_38019_D01_S004,3.7,14.2,11.8,12.2,58.1,20210101_38019_D01_S004,133.0,38.0,242.0,503.0,916.0,878.0,15.148063781321184,27.5626423690205,20210101_38019_D01_S004,115.0,41.0,23.0,0.0,737.0,916.0,80.4585152838428,6.986899563318778,baja
2021,20220101_38019_D01_S005,38019_D01_S005,Guía de Isora,1,5,27898.0,10168.0,13855.0,12950.0,1.06988416988417,2022,20220101_38019_D01_S005,3.9,12.7,17.6,12.1,53.8,20210101_38019_D01_S005,155.0,34.0,278.0,542.0,1009.0,975.0,15.897435897435898,28.512820512820515,20210101_38019_D01_S005,98.0,51.0,16.0,0.0,844.0,1009.0,83.64717542120911,6.640237859266601,baja
2021,20220101_38019_D01_S007,38019_D01_S007,Guía de Isora,1,7,30099.0,10040.0,14024.0,12950.0,1.0829343629343628,2022,20220101_38019_D01_S007,3.9,10.4,19.0,10.5,56.2,20210101_38019_D01_S007,82.0,16.0,187.0,309.0,594.0,578.0,14.186851211072664,32.35294117647059,20210101_38019_D01_S007,86.0,50.0,16.0,0.0,442.0,594.0,74.41077441077441,11.11111111111111,baja
2021,20220101_38019_D01_S008,38019_D01_S008,Guía de Isora,1,8,29250.0,11419.0,15051.0,13650.0,1.1026373626373627,2022,20220101_38019_D01_S008,3.5,15.2,16.9,10.3,54.1,20210101_38019_D01_S008,124.0,33.0,190.0,390.0,737.0,704.0,17.613636363636363,26.988636363636363,20210101_38019_D01_S008,112.0,37.0,15.0,0.0,573.0,737.0,77.74762550881954,7.055630936227951,baja
2021,20220101_38019_D01_S009,38019_D01_S009,Guía de Isora,1,9,27103.0,10413.0,13915.0,12250.0,1.1359183673469389,2022,20220101_38019_D01_S009,4.4,12.9,16.2,12.4,54.1,20210101_38019_D01_S009,118.0,20.0,214.0,362.0,714.0,694.0,17.002881844380404,30.835734870317,20210101_38019_D01_S009,59.0,50.0,25.0,0.0,580.0,714.0,81.23249299719888,10.504201680672269,baja
2021,20220101_38019_D01_S010,38019_D01_S010,Guía de Isora,1,10,28095.0,10371.0,14166.0,12950.0,1.093899613899614,2022,20220101_38019_D01_S010,3.8,12.9,17.6,12.4,53.3,20210101_38019_D01_S010,182.0,39.0,287.0,572.0,1080.0,1041.0,17.483189241114314,27.569644572526418,20210101_38019_D01_S010,90.0,61.0,21.0,0.0,908.0,1080.0,84.07407407407408,7.592592592592593,baja
2021,20220101_38019_D01_S011,38019_D01_S011,Guía de Isora,1,11,31142.0,10451.0,14486.0,12950.0,1.1186100386100386,2022,20220101_38019_D01_S011,4.5,10.3,17.7,11.3,56.2,20210101_38019_D01_S011,112.0,35.0,171.0,368.0,686.0,651.0,17.204301075268816,26.267281105990783,20210101_38019_D01_S011,38.0,40.0,38.0,0.0,570.0,686.0,83.09037900874635,11.370262390670554,baja
2021,20220101_38020_D01_S001,38020_D01_S001,Güímar,1,1,38396.0,13811.0,18064.0,15750.0,1.146920634920635,2022,20220101_38020_D01_S001,3.9,10.7,14.4,3.9,67.1,20210101_38020_D01_S001,133.0,14.0,66.0,260.0,473.0,459.0,28.9760348583878,14.379084967320262,20210101_38020_D01_S001,20.0,28.0,30.0,0.0,395.0,473.0,83.50951374207189,12.26215644820296,media-baja
2021,20220101_38020_D01_S002,38020_D01_S002,Güímar,1,2,34856.0,11968.0,16362.0,15750.0,1.038857142857143,2022,20220101_38020_D01_S002,3.4,9.1,23.5,5.5,58.6,20210101_38020_D01_S002,219.0,24.0,79.0,330.0,652.0,628.0,34.87261146496815,12.579617834394904,20210101_38020_D01_S002,25.0,49.0,48.0,0.0,530.0,652.0,81.28834355828221,14.877300613496933,baja
2021,20220101_38020_D01_S003,38020_D01_S003,Güímar,1,3,38021.0,13665.0,17813.0,15750.0,1.130984126984127,2022,20220101_38020_D01_S003,4.1,9.1,20.2,4.0,62.6,20210101_38020_D01_S003,236.0,20.0,103.0,476.0,835.0,815.0,28.957055214723926,12.63803680981595,20210101_38020_D01_S003,31.0,49.0,56.0,0.0,699.0,835.0,83.7125748502994,12.574850299401197,media-baja
2021,20220101_38020_D01_S004,38020_D01_S004,Güímar,1,4,39889.0,12772.0,17356.0,15050.0,1.1532225913621263,2022,20220101_38020_D01_S004,3.6,11.7,21.1,4.2,59.4,20210101_38020_D01_S004,153.0,16.0,130.0,257.0,556.0,540.0,28.333333333333332,24.074074074074073,20210101_38020_D01_S004,100.0,33.0,30.0,0.0,393.0,556.0,70.68345323741008,11.33093525179856,media-baja
2021,20220101_38020_D01_S005,38020_D01_S005,Güímar,1,5,32433.0,11001.0,15181.0,12950.0,1.1722779922779922,2022,20220101_38020_D01_S005,5.5,3.1,26.3,5.3,59.8,20210101_38020_D01_S005,60.0,6.0,38.0,113.0,217.0,211.0,28.436018957345972,18.009478672985782,20210101_38020_D01_S005,7.0,11.0,20.0,0.0,179.0,217.0,82.48847926267281,14.285714285714286,baja
2021,20220101_38020_D01_S006,38020_D01_S006,Güímar,1,6,32709.0,10955.0,15058.0,13650.0,1.103150183150183,2022,20220101_38020_D01_S006,5.8,7.6,25.5,6.1,55.0,20210101_38020_D01_S006,60.0,10.0,75.0,202.0,347.0,337.0,17.80415430267062,22.255192878338278,20210101_38020_D01_S006,10.0,32.0,24.0,0.0,281.0,347.0,80.97982708933718,16.138328530259365,baja
2021,20220101_38020_D01_S007,38020_D01_S007,Güímar,1,7,32487.0,13968.0,17305.0,15050.0,1.1498338870431895,2022,20220101_38020_D01_S007,3.7,11.0,19.5,4.1,61.6,20210101_38020_D01_S007,303.0,30.0,109.0,533.0,975.0,945.0,32.06349206349206,11.534391534391535,20210101_38020_D01_S007,31.0,72.0,53.0,0.0,819.0,975.0,84.0,12.820512820512821,media-baja
2021,20220101_38020_D01_S008,38020_D01_S008,Güímar,1,8,32313.0,10727.0,14918.0,13650.0,1.0928937728937729,2022,20220101_38020_D01_S008,4.5,6.5,27.9,5.1,55.9,20210101_38020_D01_S008,80.0,11.0,49.0,197.0,337.0,326.0,24.539877300613497,15.030674846625766,20210101_38020_D01_S008,11.0,33.0,31.0,0.0,262.0,337.0,77.74480712166172,18.991097922848663,baja
2021,20220101_38020_D01_S009,38020_D01_S009,Güímar,1,9,24639.0,8536.0,12168.0,11550.0,1.0535064935064935,2022,20220101_38020_D01_S009,7.1,2.2,28.3,8.1,54.3,20210101_38020_D01_S009,54.0,8.0,89.0,212.0,363.0,355.0,15.211267605633802,25.070422535211268,20210101_38020_D01_S009,20.0,42.0,21.0,0.0,280.0,363.0,77.13498622589532,17.355371900826448,baja
2021,20220101_38020_D01_S010,38020_D01_S010,Güímar,1,10,46542.0,14594.0,19145.0,17150.0,1.116326530612245,2022,20220101_38020_D01_S010,3.6,10.7,20.5,3.3,61.9,20210101_38020_D01_S010,131.0,12.0,53.0,234.0,430.0,418.0,31.339712918660286,12.679425837320574,20210101_38020_D01_S010,16.0,31.0,34.0,0.0,349.0,430.0,81.16279069767442,15.116279069767442,media-baja
2021,20220101_38020_D01_S011,38020_D01_S011,Güímar,1,11,31980.0,12696.0,16232.0,15050.0,1.0785382059800666,2022,20220101_38020_D01_S011,6.0,7.0,20.5,5.8,60.7,20210101_38020_D01_S011,400.0,41.0,131.0,632.0,1204.0,1163.0,34.393809114359414,11.263972484952708,20210101_38020_D01_S011,16.0,65.0,82.0,0.0,1041.0,1204.0,86.46179401993355,12.209302325581396,media-baja
2021,20220101_38020_D02_S001,38020_D02_S001,Güímar,2,1,34909.0,11719.0,15997.0,14350.0,1.114773519163763,2022,20220101_38020_D02_S001,3.7,6.9,19.2,4.7,65.5,20210101_38020_D02_S001,108.0,13.0,76.0,277.0,474.0,461.0,23.427331887201735,16.485900216919738,20210101_38020_D02_S001,33.0,30.0,36.0,0.0,375.0,474.0,79.11392405063292,13.924050632911392,baja
2021,20220101_38020_D02_S002,38020_D02_S002,Güímar,2,2,31860.0,11795.0,15823.0,14350.0,1.1026480836236934,2022,20220101_38020_D02_S002,5.0,8.1,24.7,4.3,58.0,20210101_38020_D02_S002,83.0,12.0,65.0,157.0,317.0,305.0,27.21311475409836,21.311475409836067,20210101_38020_D02_S002,10.0,22.0,29.0,0.0,256.0,317.0,80.7570977917981,16.08832807570978,baja
2021,20220101_38020_D03_S001,38020_D03_S001,Güímar,3,1,29024.0,11368.0,15150.0,13650.0,1.10989010989011,2022,20220101_38020_D03_S001,5.1,7.7,22.1,5.8,59.4,20210101_38020_D03_S001,90.0,12.0,83.0,297.0,482.0,470.0,19.148936170212767,17.659574468085108,20210101_38020_D03_S001,20.0,43.0,27.0,0.0,392.0,482.0,81.32780082987551,14.522821576763485,baja
2021,20220101_38020_D03_S002,38020_D03_S002,Güímar,3,2,27220.0,11641.0,14792.0,12950.0,1.1422393822393822,2022,20220101_38020_D03_S002,3.8,8.6,25.1,5.8,56.7,20210101_38020_D03_S002,111.0,19.0,64.0,246.0,440.0,421.0,26.36579572446556,15.20190023752969,20210101_38020_D03_S002,26.0,32.0,31.0,0.0,351.0,440.0,79.77272727272727,14.318181818181818,baja
2021,20220101_38021_D01_S001,38021_D01_S001,Hermigua,1,1,29881.0,11938.0,16181.0,15050.0,1.0751495016611297,2022,20220101_38021_D01_S001,4.9,10.0,24.4,6.5,54.2,20210101_38021_D01_S001,62.0,8.0,48.0,158.0,276.0,268.0,23.134328358208954,17.91044776119403,20210101_38021_D01_S001,14.0,43.0,5.0,1.0,213.0,275.0,77.45454545454545,17.454545454545453,baja
2021,20220101_38021_D02_S001,38021_D02_S001,Hermigua,2,1,33092.0,13714.0,17882.0,15750.0,1.1353650793650794,2022,20220101_38021_D02_S001,3.2,14.7,27.8,4.7,49.7,20210101_38021_D02_S001,96.0,9.0,49.0,173.0,327.0,318.0,30.18867924528302,15.40880503144654,20210101_38021_D02_S001,19.0,37.0,8.0,0.0,263.0,327.0,80.42813455657492,13.761467889908257,media-baja
2021,20220101_38022_D01_S001,38022_D01_S001,Icod de los Vinos,1,1,35729.0,12873.0,16951.0,13650.0,1.2418315018315018,2022,20220101_38022_D01_S001,5.0,15.6,27.4,4.7,47.4,20210101_38022_D01_S001,141.0,15.0,69.0,256.0,481.0,466.0,30.257510729613735,14.806866952789699,20210101_38022_D01_S001,20.0,32.0,26.0,0.0,403.0,481.0,83.78378378378379,12.058212058212058,media-baja
2021,20220101_38022_D01_S002,38022_D01_S002,Icod de los Vinos,1,2,32101.0,12250.0,15689.0,12950.0,1.2115057915057914,2022,20220101_38022_D01_S002,4.2,17.7,24.9,5.5,47.7,20210101_38022_D01_S002,153.0,17.0,68.0,282.0,520.0,503.0,30.417495029821072,13.518886679920477,20210101_38022_D01_S002,12.0,31.0,26.0,0.0,451.0,520.0,86.73076923076923,10.961538461538462,media-baja
2021,20220101_38022_D01_S003,38022_D01_S003,Icod de los Vinos,1,3,32359.0,13169.0,16470.0,13650.0,1.2065934065934065,2022,20220101_38022_D01_S003,4.4,19.9,25.5,5.1,45.2,20210101_38022_D01_S003,101.0,5.0,42.0,201.0,349.0,344.0,29.36046511627907,12.209302325581396,20210101_38022_D01_S003,8.0,24.0,15.0,0.0,302.0,349.0,86.53295128939828,11.174785100286533,media-baja
2021,20220101_38022_D01_S004,38022_D01_S004,Icod de los Vinos,1,4,30441.0,12256.0,15873.0,12950.0,1.2257142857142858,2022,20220101_38022_D01_S004,6.3,12.3,25.8,5.2,50.4,20210101_38022_D01_S004,93.0,9.0,47.0,159.0,308.0,299.0,31.103678929765888,15.719063545150501,20210101_38022_D01_S004,12.0,16.0,10.0,0.0,270.0,308.0,87.66233766233766,8.441558441558442,media-baja
2021,20220101_38022_D01_S005,38022_D01_S005,Icod de los Vinos,1,5,30790.0,10912.0,14625.0,12250.0,1.1938775510204083,2022,20220101_38022_D01_S005,3.6,14.2,22.2,6.6,53.3,20210101_38022_D01_S005,73.0,13.0,41.0,165.0,292.0,279.0,26.164874551971327,14.695340501792115,20210101_38022_D01_S005,11.0,19.0,14.0,0.0,248.0,292.0,84.93150684931507,11.301369863013699,baja
2021,20220101_38022_D01_S006,38022_D01_S006,Icod de los Vinos,1,6,34554.0,13124.0,16824.0,14350.0,1.172404181184669,2022,20220101_38022_D01_S006,4.5,12.5,20.6,5.4,57.1,20210101_38022_D01_S006,182.0,16.0,54.0,262.0,514.0,498.0,36.54618473895582,10.843373493975903,20210101_38022_D01_S006,13.0,49.0,29.0,1.0,422.0,513.0,82.26120857699804,15.2046783625731,media-baja
2021,20220101_38022_D02_S001,38022_D02_S001,Icod de los Vinos,2,1,23497.0,8343.0,11785.0,10850.0,1.0861751152073733,2022,20220101_38022_D02_S001,4.6,4.7,22.8,12.1,55.8,20210101_38022_D02_S001,35.0,10.0,155.0,227.0,427.0,417.0,8.393285371702637,37.170263788968825,20210101_38022_D02_S001,59.0,80.0,14.0,0.0,274.0,427.0,64.16861826697892,22.014051522248245,baja
2021,20220101_38022_D02_S002,38022_D02_S002,Icod de los Vinos,2,2,26262.0,9047.0,12990.0,12250.0,1.0604081632653062,2022,20220101_38022_D02_S002,5.6,7.5,26.2,9.0,51.8,20210101_38022_D02_S002,70.0,12.0,108.0,254.0,444.0,432.0,16.203703703703702,25.0,20210101_38022_D02_S002,29.0,67.0,20.0,1.0,327.0,443.0,73.81489841986456,19.63882618510158,baja
2021,20220101_38022_D03_S001,38022_D03_S001,Icod de los Vinos,3,1,27987.0,10062.0,13874.0,12250.0,1.1325714285714286,2022,20220101_38022_D03_S001,5.5,8.2,23.1,8.9,54.4,20210101_38022_D03_S001,74.0,14.0,121.0,278.0,487.0,473.0,15.644820295983086,25.58139534883721,20210101_38022_D03_S001,27.0,75.0,32.0,0.0,353.0,487.0,72.48459958932239,21.971252566735114,baja
2021,20220101_38022_D03_S002,38022_D03_S002,Icod de los Vinos,3,2,28720.0,9943.0,14010.0,12950.0,1.0818532818532818,2022,20220101_38022_D03_S002,6.1,8.3,24.7,7.3,53.6,20210101_38022_D03_S002,60.0,9.0,81.0,231.0,381.0,372.0,16.129032258064516,21.774193548387096,20210101_38022_D03_S002,20.0,44.0,29.0,0.0,288.0,381.0,75.59055118110236,19.16010498687664,baja
2021,20220101_38022_D03_S003,38022_D03_S003,Icod de los Vinos,3,3,24551.0,9145.0,12819.0,12250.0,1.0464489795918368,2022,20220101_38022_D03_S003,6.4,7.8,27.2,8.5,50.1,20210101_38022_D03_S003,42.0,17.0,76.0,184.0,319.0,302.0,13.907284768211921,25.165562913907284,20210101_38022_D03_S003,27.0,42.0,25.0,1.0,224.0,318.0,70.44025157232704,21.069182389937108,baja
2021,20220101_38022_D03_S004,38022_D03_S004,Icod de los Vinos,3,4,26048.0,9290.0,12994.0,12250.0,1.060734693877551,2022,20220101_38022_D03_S004,5.6,8.1,27.3,9.0,50.0,20210101_38022_D03_S004,76.0,14.0,62.0,245.0,397.0,383.0,19.843342036553526,16.18798955613577,20210101_38022_D03_S004,24.0,55.0,31.0,0.0,287.0,397.0,72.29219143576826,21.662468513853906,baja
2021,20220101_38022_D04_S001,38022_D04_S001,Icod de los Vinos,4,1,28831.0,9506.0,13575.0,12250.0,1.1081632653061224,2022,20220101_38022_D04_S001,5.4,9.3,24.4,7.5,53.4,20210101_38022_D04_S001,52.0,7.0,57.0,184.0,300.0,293.0,17.747440273037544,19.453924914675767,20210101_38022_D04_S001,22.0,35.0,18.0,0.0,225.0,300.0,75.0,17.666666666666668,baja
2021,20220101_38022_D04_S002,38022_D04_S002,Icod de los Vinos,4,2,28797.0,10431.0,14209.0,12950.0,1.0972200772200773,2022,20220101_38022_D04_S002,4.9,10.3,20.3,8.4,56.2,20210101_38022_D04_S002,117.0,19.0,111.0,342.0,589.0,570.0,20.526315789473685,19.473684210526315,20210101_38022_D04_S002,38.0,46.0,37.0,0.0,468.0,589.0,79.45670628183362,14.091680814940577,baja
2021,20220101_38022_D04_S003,38022_D04_S003,Icod de los Vinos,4,3,27357.0,9705.0,13340.0,12250.0,1.0889795918367347,2022,20220101_38022_D04_S003,7.4,10.2,18.5,7.9,56.0,20210101_38022_D04_S003,103.0,23.0,105.0,368.0,599.0,576.0,17.881944444444443,18.229166666666668,20210101_38022_D04_S003,30.0,71.0,39.0,0.0,459.0,599.0,76.62771285475793,18.363939899833056,baja
2021,20220101_38022_D04_S004,38022_D04_S004,Icod de los Vinos,4,4,30120.0,10397.0,14575.0,13650.0,1.0677655677655677,2022,20220101_38022_D04_S004,4.3,9.5,22.9,8.3,55.2,20210101_38022_D04_S004,77.0,10.0,56.0,232.0,375.0,365.0,21.095890410958905,15.342465753424657,20210101_38022_D04_S004,19.0,35.0,15.0,0.0,306.0,375.0,81.6,13.333333333333334,baja
2021,20220101_38022_D05_S001,38022_D05_S001,Icod de los Vinos,5,1,21550.0,10029.0,12862.0,10850.0,1.1854377880184332,2022,20220101_38022_D05_S001,6.8,10.9,26.3,6.8,49.3,20210101_38022_D05_S001,53.0,6.0,43.0,142.0,244.0,238.0,22.26890756302521,18.067226890756302,20210101_38022_D05_S001,11.0,30.0,10.0,0.0,193.0,244.0,79.09836065573771,16.39344262295082,baja
2021,20220101_38022_D05_S002,38022_D05_S002,Icod de los Vinos,5,2,29590.0,10244.0,14004.0,12250.0,1.1431836734693877,2022,20220101_38022_D05_S002,5.5,8.7,20.7,7.3,57.8,20210101_38022_D05_S002,211.0,22.0,123.0,451.0,807.0,785.0,26.878980891719745,15.668789808917197,20210101_38022_D05_S002,39.0,79.0,33.0,1.0,655.0,806.0,81.26550868486352,13.895781637717121,baja
2021,20220101_38023_D01_S001,38023_D01_S001,San Cristóbal de La Laguna,1,1,57548.0,21745.0,26073.0,22750.0,1.146065934065934,2022,20220101_38023_D01_S001,3.3,24.4,18.8,1.7,51.8,20210101_38023_D01_S001,212.0,13.0,13.0,129.0,367.0,354.0,59.887005649717516,3.672316384180791,20210101_38023_D01_S001,3.0,14.0,21.0,1.0,328.0,366.0,89.61748633879782,9.562841530054644,alta
2021,20220101_38023_D01_S002,38023_D01_S002,San Cristóbal de La Laguna,1,2,31041.0,14563.0,17685.0,15750.0,1.1228571428571428,2022,20220101_38023_D01_S002,4.1,7.6,25.1,3.7,59.5,20210101_38023_D01_S002,202.0,9.0,52.0,230.0,493.0,484.0,41.735537190082646,10.743801652892563,20210101_38023_D01_S002,2.0,20.0,16.0,0.0,455.0,493.0,92.2920892494929,7.302231237322515,media-baja
2021,20220101_38023_D01_S003,38023_D01_S003,San Cristóbal de La Laguna,1,3,41026.0,16306.0,20308.0,17850.0,1.137703081232493,2022,20220101_38023_D01_S003,3.8,9.0,19.4,3.2,64.6,20210101_38023_D01_S003,341.0,20.0,46.0,299.0,706.0,686.0,49.708454810495624,6.705539358600583,20210101_38023_D01_S003,4.0,33.0,24.0,0.0,645.0,706.0,91.35977337110482,8.073654390934845,media-alta
2021,20220101_38023_D01_S004,38023_D01_S004,San Cristóbal de La Laguna,1,4,28010.0,10010.0,13777.0,12250.0,1.1246530612244898,2022,20220101_38023_D01_S004,6.3,4.6,33.7,6.0,49.4,20210101_38023_D01_S004,65.0,9.0,54.0,155.0,283.0,274.0,23.722627737226276,19.708029197080293,20210101_38023_D01_S004,5.0,20.0,14.0,0.0,244.0,283.0,86.21908127208481,12.014134275618375,baja
2021,20220101_38023_D01_S005,38023_D01_S005,San Cristóbal de La Laguna,1,5,48915.0,18077.0,22417.0,19950.0,1.1236591478696742,2022,20220101_38023_D01_S005,3.4,11.5,18.3,2.5,64.3,20210101_38023_D01_S005,275.0,18.0,29.0,228.0,550.0,532.0,51.69172932330827,5.451127819548872,20210101_38023_D01_S005,1.0,18.0,26.0,2.0,503.0,548.0,91.78832116788321,8.02919708029197,media-alta
2021,20220101_38023_D01_S006,38023_D01_S006,San Cristóbal de La Laguna,1,6,44997.0,16523.0,21007.0,19950.0,1.052982456140351,2022,20220101_38023_D01_S006,4.7,8.4,18.0,2.8,66.2,20210101_38023_D01_S006,253.0,31.0,56.0,322.0,662.0,631.0,40.09508716323296,8.874801901743265,20210101_38023_D01_S006,5.0,34.0,30.0,0.0,593.0,662.0,89.57703927492447,9.667673716012084,media-alta
2021,20220101_38023_D01_S007,38023_D01_S007,San Cristóbal de La Laguna,1,7,39577.0,16007.0,19608.0,17150.0,1.1433236151603499,2022,20220101_38023_D01_S007,3.4,10.9,15.3,3.0,67.3,20210101_38023_D01_S007,315.0,22.0,51.0,325.0,713.0,691.0,45.58610709117222,7.380607814761215,20210101_38023_D01_S007,2.0,40.0,26.0,2.0,643.0,711.0,90.43600562587905,9.282700421940929,media-alta
2021,20220101_38023_D01_S008,38023_D01_S008,San Cristóbal de La Laguna,1,8,39956.0,16163.0,19844.0,17150.0,1.1570845481049563,2022,20220101_38023_D01_S008,4.0,12.6,24.3,2.9,56.2,20210101_38023_D01_S008,203.0,20.0,35.0,187.0,445.0,425.0,47.76470588235294,8.235294117647058,20210101_38023_D01_S008,5.0,13.0,20.0,0.0,407.0,445.0,91.46067415730337,7.415730337078652,media-alta
2021,20220101_38023_D01_S009,38023_D01_S009,San Cristóbal de La Laguna,1,9,48187.0,15940.0,20455.0,17850.0,1.14593837535014,2022,20220101_38023_D01_S009,3.1,12.7,18.2,3.0,63.0,20210101_38023_D01_S009,194.0,20.0,34.0,215.0,463.0,443.0,43.792325056433405,7.6749435665914225,20210101_38023_D01_S009,4.0,22.0,33.0,0.0,404.0,463.0,87.25701943844493,11.879049676025918,media-baja
2021,20220101_38023_D01_S010,38023_D01_S010,San Cristóbal de La Laguna,1,10,51421.0,17178.0,21974.0,19950.0,1.101453634085213,2022,20220101_38023_D01_S010,3.5,7.8,18.7,2.5,67.6,20210101_38023_D01_S010,248.0,29.0,53.0,277.0,607.0,578.0,42.90657439446367,9.16955017301038,20210101_38023_D01_S010,8.0,32.0,29.0,0.0,538.0,607.0,88.63261943986821,10.049423393739703,media-alta
2021,20220101_38023_D01_S011,38023_D01_S011,San Cristóbal de La Laguna,1,11,37659.0,14516.0,18081.0,15750.0,1.148,2022,20220101_38023_D01_S011,4.1,10.1,23.2,4.1,58.5,20210101_38023_D01_S011,125.0,13.0,23.0,109.0,270.0,257.0,48.63813229571984,8.949416342412452,20210101_38023_D01_S011,7.0,17.0,7.0,0.0,239.0,270.0,88.51851851851852,8.88888888888889,media-baja
2021,20220101_38023_D01_S012,38023_D01_S012,San Cristóbal de La Laguna,1,12,26871.0,13068.0,16084.0,14350.0,1.1208362369337979,2022,20220101_38023_D01_S012,4.0,4.3,22.9,4.4,64.4,20210101_38023_D01_S012,138.0,18.0,57.0,250.0,463.0,445.0,31.01123595505618,12.808988764044944,20210101_38023_D01_S012,2.0,23.0,22.0,0.0,416.0,463.0,89.8488120950324,9.719222462203025,media-baja
2021,20220101_38023_D01_S013,38023_D01_S013,San Cristóbal de La Laguna,1,13,57056.0,20748.0,25223.0,22050.0,1.1439002267573697,2022,20220101_38023_D01_S013,3.0,13.7,23.0,1.6,58.8,20210101_38023_D01_S013,238.0,12.0,22.0,154.0,426.0,414.0,57.48792270531401,5.314009661835748,20210101_38023_D01_S013,1.0,16.0,14.0,0.0,395.0,426.0,92.72300469483568,7.042253521126761,alta
2021,20220101_38023_D01_S014,38023_D01_S014,San Cristóbal de La Laguna,1,14,64720.0,20678.0,25589.0,20650.0,1.2391767554479418,2022,20220101_38023_D01_S014,3.1,14.2,12.9,2.4,67.4,20210101_38023_D01_S014,235.0,25.0,26.0,138.0,424.0,399.0,58.89724310776943,6.516290726817043,20210101_38023_D01_S014,2.0,19.0,26.0,0.0,377.0,424.0,88.91509433962264,10.61320754716981,alta
2021,20220101_38023_D01_S015,38023_D01_S015,San Cristóbal de La Laguna,1,15,88313.0,27916.0,33694.0,30450.0,1.1065353037766832,2022,20220101_38023_D01_S015,2.3,25.1,20.0,1.1,51.6,20210101_38023_D01_S015,365.0,17.0,15.0,129.0,526.0,509.0,71.70923379174853,2.9469548133595285,20210101_38023_D01_S015,2.0,17.0,26.0,0.0,481.0,526.0,91.4448669201521,8.17490494296578,alta
2021,20220101_38023_D01_S016,38023_D01_S016,San Cristóbal de La Laguna,1,16,57566.0,22809.0,26868.0,23450.0,1.1457569296375267,2022,20220101_38023_D01_S016,2.6,18.7,20.2,1.7,56.8,20210101_38023_D01_S016,437.0,18.0,34.0,241.0,730.0,712.0,61.37640449438202,4.775280898876405,20210101_38023_D01_S016,5.0,14.0,20.0,0.0,691.0,730.0,94.65753424657534,4.657534246575342,alta
2021,20220101_38023_D01_S017,38023_D01_S017,San Cristóbal de La Laguna,1,17,46962.0,20162.0,23596.0,22050.0,1.0701133786848072,2022,20220101_38023_D01_S017,2.3,11.6,18.6,2.6,64.9,20210101_38023_D01_S017,347.0,27.0,30.0,236.0,640.0,613.0,56.606851549755305,4.893964110929853,20210101_38023_D01_S017,7.0,18.0,19.0,0.0,596.0,640.0,93.125,5.78125,alta
2021,20220101_38023_D01_S018,38023_D01_S018,San Cristóbal de La Laguna,1,18,30307.0,11541.0,15330.0,13650.0,1.123076923076923,2022,20220101_38023_D01_S018,4.9,7.0,29.2,4.7,54.2,20210101_38023_D01_S018,117.0,8.0,84.0,237.0,446.0,438.0,26.71232876712329,19.17808219178082,20210101_38023_D01_S018,2.0,29.0,23.0,0.0,392.0,446.0,87.89237668161435,11.659192825112108,baja
2021,20220101_38023_D01_S019,38023_D01_S019,San Cristóbal de La Laguna,1,19,46148.0,20442.0,23914.0,22050.0,1.0845351473922902,2022,20220101_38023_D01_S019,3.3,18.9,17.7,1.7,58.5,20210101_38023_D01_S019,234.0,13.0,10.0,115.0,372.0,359.0,65.18105849582173,2.785515320334262,20210101_38023_D01_S019,4.0,11.0,15.0,0.0,342.0,372.0,91.93548387096774,6.989247311827957,alta
2021,20220101_38023_D01_S020,38023_D01_S020,San Cristóbal de La Laguna,1,20,42689.0,19394.0,22599.0,19950.0,1.132781954887218,2022,20220101_38023_D01_S020,3.4,14.3,26.0,2.2,54.1,20210101_38023_D01_S020,203.0,5.0,24.0,149.0,381.0,376.0,53.98936170212766,6.382978723404255,20210101_38023_D01_S020,4.0,12.0,7.0,0.0,358.0,381.0,93.96325459317585,4.986876640419948,media-alta
2021,20220101_38023_D01_S021,38023_D01_S021,San Cristóbal de La Laguna,1,21,43256.0,18279.0,21894.0,19250.0,1.1373506493506493,2022,20220101_38023_D01_S021,3.4,10.5,21.8,2.3,62.0,20210101_38023_D01_S021,351.0,20.0,31.0,231.0,633.0,613.0,57.25938009787928,5.057096247960848,20210101_38023_D01_S021,5.0,16.0,18.0,0.0,594.0,633.0,93.8388625592417,5.371248025276461,media-alta
2021,20220101_38023_D01_S022,38023_D01_S022,San Cristóbal de La Laguna,1,22,36352.0,14613.0,18325.0,16450.0,1.1139817629179332,2022,20220101_38023_D01_S022,4.7,7.7,25.5,3.9,58.2,20210101_38023_D01_S022,221.0,8.0,43.0,229.0,501.0,493.0,44.827586206896555,8.72210953346856,20210101_38023_D01_S022,0.0,22.0,21.0,0.0,458.0,501.0,91.41716566866268,8.582834331337326,media-baja
2021,20220101_38023_D01_S023,38023_D01_S023,San Cristóbal de La Laguna,1,23,37763.0,18140.0,20732.0,19250.0,1.076987012987013,2022,20220101_38023_D01_S023,3.2,10.8,17.8,2.8,65.4,20210101_38023_D01_S023,489.0,27.0,58.0,370.0,944.0,917.0,53.32606324972737,6.324972737186478,20210101_38023_D01_S023,6.0,34.0,37.0,1.0,866.0,943.0,91.83457051961824,7.52916224814422,media-alta
2021,20220101_38023_D01_S024,38023_D01_S024,San Cristóbal de La Laguna,1,24,26737.0,9957.0,13449.0,12950.0,1.0385328185328184,2022,20220101_38023_D01_S024,6.6,4.7,35.7,4.9,48.2,20210101_38023_D01_S024,64.0,7.0,71.0,162.0,304.0,297.0,21.54882154882155,23.905723905723907,20210101_38023_D01_S024,3.0,21.0,15.0,0.0,265.0,304.0,87.17105263157895,11.842105263157896,baja
2021,20220101_38023_D01_S025,38023_D01_S025,San Cristóbal de La Laguna,1,25,41784.0,13851.0,18129.0,15750.0,1.151047619047619,2022,20220101_38023_D01_S025,4.1,10.8,19.3,3.7,62.1,20210101_38023_D01_S025,231.0,26.0,82.0,365.0,704.0,678.0,34.07079646017699,12.094395280235988,20210101_38023_D01_S025,8.0,56.0,40.0,0.0,600.0,704.0,85.22727272727273,13.636363636363637,media-baja
2021,20220101_38023_D01_S026,38023_D01_S026,San Cristóbal de La Laguna,1,26,52248.0,22670.0,25960.0,24150.0,1.0749482401656314,2022,20220101_38023_D01_S026,3.2,18.7,23.3,1.6,53.1,20210101_38023_D01_S026,310.0,13.0,28.0,170.0,521.0,508.0,61.023622047244096,5.511811023622047,20210101_38023_D01_S026,1.0,9.0,17.0,0.0,494.0,521.0,94.81765834932821,4.990403071017274,alta
2021,20220101_38023_D01_S027,38023_D01_S027,San Cristóbal de La Laguna,1,27,35250.0,13901.0,17447.0,15750.0,1.1077460317460317,2022,20220101_38023_D01_S027,3.2,5.1,14.9,4.8,72.0,20210101_38023_D01_S027,166.0,22.0,58.0,254.0,500.0,478.0,34.72803347280335,12.133891213389122,20210101_38023_D01_S027,5.0,25.0,32.0,0.0,438.0,500.0,87.6,11.4,media-baja
2021,20220101_38023_D01_S028,38023_D01_S028,San Cristóbal de La Laguna,1,28,47995.0,18985.0,22620.0,22050.0,1.0258503401360544,2022,20220101_38023_D01_S028,2.5,9.3,13.1,2.2,72.9,20210101_38023_D01_S028,470.0,28.0,39.0,322.0,859.0,831.0,56.5583634175692,4.693140794223827,20210101_38023_D01_S028,5.0,28.0,40.0,0.0,786.0,859.0,91.50174621653085,7.916181606519208,media-alta
2021,20220101_38023_D01_S029,38023_D01_S029,San Cristóbal de La Laguna,1,29,54723.0,21462.0,25865.0,24150.0,1.0710144927536231,2022,20220101_38023_D01_S029,2.5,14.7,23.8,1.7,57.4,20210101_38023_D01_S029,236.0,8.0,25.0,139.0,408.0,400.0,59.0,6.25,20210101_38023_D01_S029,3.0,17.0,11.0,0.0,377.0,408.0,92.40196078431373,6.862745098039215,alta
2021,20220101_38023_D01_S030,38023_D01_S030,San Cristóbal de La Laguna,1,30,85263.0,26162.0,31867.0,26950.0,1.1824489795918367,2022,20220101_38023_D01_S030,1.7,23.3,18.0,1.1,55.9,20210101_38023_D01_S030,480.0,20.0,26.0,234.0,760.0,740.0,64.86486486486487,3.5135135135135136,20210101_38023_D01_S030,11.0,33.0,24.0,1.0,691.0,759.0,91.04084321475626,7.509881422924901,alta
2021,20220101_38023_D01_S031,38023_D01_S031,San Cristóbal de La Laguna,1,31,70288.0,23739.0,29462.0,28350.0,1.0392239858906525,2022,20220101_38023_D01_S031,3.2,17.7,22.0,1.4,55.8,20210101_38023_D01_S031,477.0,19.0,23.0,157.0,676.0,657.0,72.6027397260274,3.5007610350076104,20210101_38023_D01_S031,4.0,21.0,12.0,1.0,638.0,675.0,94.51851851851852,4.888888888888889,alta
2021,20220101_38023_D01_S032,38023_D01_S032,San Cristóbal de La Laguna,1,32,28233.0,10979.0,14246.0,12950.0,1.10007722007722,2022,20220101_38023_D01_S032,6.5,4.4,15.4,6.1,67.5,20210101_38023_D01_S032,119.0,14.0,69.0,266.0,468.0,454.0,26.211453744493394,15.198237885462555,20210101_38023_D01_S032,4.0,31.0,28.0,0.0,405.0,468.0,86.53846153846153,12.606837606837606,baja
2021,20220101_38023_D01_S033,38023_D01_S033,San Cristóbal de La Laguna,1,33,49104.0,17757.0,22580.0,19250.0,1.172987012987013,2022,20220101_38023_D01_S033,3.7,11.6,19.6,2.5,62.7,20210101_38023_D01_S033,146.0,7.0,40.0,154.0,347.0,340.0,42.94117647058823,11.764705882352942,20210101_38023_D01_S033,2.0,17.0,20.0,0.0,308.0,347.0,88.76080691642652,10.662824207492795,media-alta
2021,20220101_38023_D02_S001,38023_D02_S001,San Cristóbal de La Laguna,2,1,26977.0,10703.0,13780.0,11550.0,1.1930735930735932,2022,20220101_38023_D02_S001,5.2,5.3,23.9,5.9,59.8,20210101_38023_D02_S001,117.0,14.0,67.0,225.0,423.0,409.0,28.60635696821516,16.381418092909534,20210101_38023_D02_S001,0.0,23.0,22.0,1.0,377.0,422.0,89.33649289099526,10.663507109004739,baja
2021,20220101_38023_D02_S002,38023_D02_S002,San Cristóbal de La Laguna,2,2,24943.0,9972.0,13217.0,11550.0,1.1443290043290044,2022,20220101_38023_D02_S002,5.8,7.0,22.2,5.9,59.0,20210101_38023_D02_S002,80.0,8.0,51.0,219.0,358.0,350.0,22.857142857142858,14.571428571428571,20210101_38023_D02_S002,9.0,17.0,11.0,0.0,321.0,358.0,89.66480446927375,7.82122905027933,baja
2021,20220101_38023_D02_S003,38023_D02_S003,San Cristóbal de La Laguna,2,3,37055.0,14822.0,18479.0,17150.0,1.0774927113702624,2022,20220101_38023_D02_S003,3.6,9.4,11.7,3.5,71.8,20210101_38023_D02_S003,129.0,10.0,31.0,220.0,390.0,380.0,33.94736842105263,8.157894736842104,20210101_38023_D02_S003,2.0,15.0,23.0,0.0,350.0,390.0,89.74358974358974,9.743589743589743,media-baja
2021,20220101_38023_D02_S004,38023_D02_S004,San Cristóbal de La Laguna,2,4,31166.0,12061.0,15341.0,13650.0,1.1238827838827838,2022,20220101_38023_D02_S004,4.6,7.0,18.4,4.4,65.6,20210101_38023_D02_S004,119.0,14.0,47.0,240.0,420.0,406.0,29.310344827586206,11.576354679802956,20210101_38023_D02_S004,3.0,24.0,19.0,0.0,374.0,420.0,89.04761904761905,10.238095238095237,media-baja
2021,20220101_38023_D02_S005,38023_D02_S005,San Cristóbal de La Laguna,2,5,34140.0,13366.0,17260.0,15750.0,1.0958730158730159,2022,20220101_38023_D02_S005,3.8,8.1,20.8,4.6,62.7,20210101_38023_D02_S005,180.0,17.0,70.0,301.0,568.0,551.0,32.66787658802178,12.704174228675136,20210101_38023_D02_S005,3.0,38.0,32.0,0.0,495.0,568.0,87.14788732394366,12.32394366197183,media-baja
2021,20220101_38023_D02_S006,38023_D02_S006,San Cristóbal de La Laguna,2,6,38325.0,14646.0,18550.0,16450.0,1.127659574468085,2022,20220101_38023_D02_S006,3.5,12.9,22.4,3.8,57.5,20210101_38023_D02_S006,83.0,10.0,80.0,280.0,453.0,443.0,18.73589164785553,18.058690744920995,20210101_38023_D02_S006,8.0,31.0,27.0,0.0,387.0,453.0,85.43046357615894,12.803532008830022,media-baja
2021,20220101_38023_D02_S007,38023_D02_S007,San Cristóbal de La Laguna,2,7,29926.0,11674.0,15167.0,13650.0,1.111135531135531,2022,20220101_38023_D02_S007,4.8,8.4,17.4,5.5,63.9,20210101_38023_D02_S007,186.0,26.0,98.0,369.0,679.0,653.0,28.483920367534456,15.007656967840735,20210101_38023_D02_S007,8.0,34.0,23.0,0.0,614.0,679.0,90.42709867452136,8.394698085419735,baja
2021,20220101_38023_D02_S008,38023_D02_S008,San Cristóbal de La Laguna,2,8,25563.0,9748.0,13226.0,12250.0,1.079673469387755,2022,20220101_38023_D02_S008,6.3,4.9,21.0,7.0,60.8,20210101_38023_D02_S008,83.0,10.0,65.0,250.0,408.0,398.0,20.85427135678392,16.331658291457288,20210101_38023_D02_S008,8.0,23.0,24.0,0.0,353.0,408.0,86.51960784313725,11.519607843137255,baja
2021,20220101_38023_D02_S009,38023_D02_S009,San Cristóbal de La Laguna,2,9,29968.0,11544.0,15389.0,13650.0,1.1273992673992674,2022,20220101_38023_D02_S009,5.5,4.1,22.4,6.0,62.0,20210101_38023_D02_S009,125.0,23.0,87.0,357.0,592.0,569.0,21.968365553602812,15.289982425307556,20210101_38023_D02_S009,2.0,33.0,31.0,0.0,526.0,592.0,88.85135135135135,10.81081081081081,baja
2021,20220101_38023_D02_S010,38023_D02_S010,San Cristóbal de La Laguna,2,10,26359.0,9740.0,13182.0,11550.0,1.1412987012987013,2022,20220101_38023_D02_S010,6.3,6.0,23.8,6.3,57.7,20210101_38023_D02_S010,181.0,30.0,131.0,516.0,858.0,828.0,21.85990338164251,15.821256038647343,20210101_38023_D02_S010,12.0,42.0,52.0,1.0,751.0,857.0,87.63127187864644,10.968494749124854,baja
2021,20220101_38023_D02_S011,38023_D02_S011,San Cristóbal de La Laguna,2,11,48797.0,17357.0,22107.0,19250.0,1.1484155844155843,2022,20220101_38023_D02_S011,3.4,11.4,20.1,2.8,62.4,20210101_38023_D02_S011,270.0,29.0,43.0,203.0,545.0,516.0,52.325581395348834,8.333333333333334,20210101_38023_D02_S011,1.0,12.0,23.0,0.0,509.0,545.0,93.39449541284404,6.422018348623853,media-alta
2021,20220101_38023_D02_S012,38023_D02_S012,San Cristóbal de La Laguna,2,12,38800.0,15322.0,18902.0,17150.0,1.1021574344023324,2022,20220101_38023_D02_S012,4.5,9.6,14.5,3.1,68.3,20210101_38023_D02_S012,319.0,12.0,48.0,331.0,710.0,698.0,45.702005730659025,6.876790830945558,20210101_38023_D02_S012,3.0,29.0,21.0,0.0,657.0,710.0,92.53521126760563,7.042253521126761,media-baja
2021,20220101_38023_D02_S013,38023_D02_S013,San Cristóbal de La Laguna,2,13,31724.0,11195.0,14985.0,13650.0,1.097802197802198,2022,20220101_38023_D02_S013,4.8,8.9,17.9,5.0,63.5,20210101_38023_D02_S013,188.0,19.0,101.0,421.0,729.0,710.0,26.47887323943662,14.225352112676056,20210101_38023_D02_S013,5.0,61.0,48.0,0.0,615.0,729.0,84.36213991769547,14.9519890260631,baja
2021,20220101_38023_D02_S014,38023_D02_S014,San Cristóbal de La Laguna,2,14,38207.0,13685.0,18032.0,16450.0,1.0961702127659574,2022,20220101_38023_D02_S014,4.7,10.2,21.6,4.0,59.6,20210101_38023_D02_S014,150.0,20.0,76.0,343.0,589.0,569.0,26.362038664323375,13.35676625659051,20210101_38023_D02_S014,7.0,40.0,30.0,0.0,512.0,589.0,86.92699490662139,11.884550084889643,media-baja
2021,20220101_38023_D02_S015,38023_D02_S015,San Cristóbal de La Laguna,2,15,28504.0,10852.0,14160.0,12950.0,1.0934362934362933,2022,20220101_38023_D02_S015,5.0,6.7,16.7,5.1,66.6,20210101_38023_D02_S015,114.0,24.0,93.0,312.0,543.0,519.0,21.965317919075144,17.91907514450867,20210101_38023_D02_S015,7.0,26.0,22.0,0.0,488.0,543.0,89.87108655616943,8.839779005524862,baja
2021,20220101_38023_D02_S016,38023_D02_S016,San Cristóbal de La Laguna,2,16,26934.0,9492.0,12837.0,11550.0,1.1114285714285714,2022,20220101_38023_D02_S016,5.4,6.6,23.3,6.7,58.0,20210101_38023_D02_S016,655.0,46.0,115.0,738.0,1554.0,1508.0,43.43501326259947,7.625994694960212,20210101_38023_D02_S016,9.0,69.0,76.0,0.0,1400.0,1554.0,90.09009009009009,9.330759330759332,baja
2021,20220101_38023_D02_S017,38023_D02_S017,San Cristóbal de La Laguna,2,17,30023.0,11660.0,15033.0,12950.0,1.1608494208494209,2022,20220101_38023_D02_S017,4.8,7.4,19.4,6.0,62.4,20210101_38023_D02_S017,199.0,28.0,110.0,429.0,766.0,738.0,26.964769647696478,14.905149051490515,20210101_38023_D02_S017,5.0,45.0,38.0,0.0,678.0,766.0,88.51174934725849,10.835509138381202,baja
2021,20220101_38023_D02_S018,38023_D02_S018,San Cristóbal de La Laguna,2,18,27748.0,10121.0,13526.0,11550.0,1.1710822510822512,2022,20220101_38023_D02_S018,7.0,5.9,19.4,5.0,62.7,20210101_38023_D02_S018,132.0,14.0,90.0,288.0,524.0,510.0,25.88235294117647,17.647058823529413,20210101_38023_D02_S018,3.0,26.0,25.0,0.0,470.0,524.0,89.69465648854961,9.732824427480915,baja
2021,20220101_38023_D02_S019,38023_D02_S019,San Cristóbal de La Laguna,2,19,30399.0,12457.0,15616.0,13650.0,1.1440293040293041,2022,20220101_38023_D02_S019,4.3,7.9,18.4,5.0,64.4,20210101_38023_D02_S019,165.0,13.0,63.0,256.0,497.0,484.0,34.09090909090909,13.016528925619834,20210101_38023_D02_S019,6.0,17.0,19.0,0.0,455.0,497.0,91.54929577464789,7.2434607645875255,media-baja
2021,20220101_38023_D02_S020,38023_D02_S020,San Cristóbal de La Laguna,2,20,30525.0,10791.0,14390.0,12950.0,1.111196911196911,2022,20220101_38023_D02_S020,4.6,6.3,21.7,6.0,61.4,20210101_38023_D02_S020,99.0,7.0,50.0,202.0,358.0,351.0,28.205128205128204,14.245014245014245,20210101_38023_D02_S020,3.0,28.0,18.0,0.0,309.0,358.0,86.31284916201118,12.849162011173185,baja
2021,20220101_38023_D02_S021,38023_D02_S021,San Cristóbal de La Laguna,2,21,51907.0,18664.0,23001.0,22050.0,1.0431292517006803,2022,20220101_38023_D02_S021,2.6,8.0,12.9,2.5,74.0,20210101_38023_D02_S021,439.0,28.0,32.0,364.0,863.0,835.0,52.5748502994012,3.8323353293413174,20210101_38023_D02_S021,5.0,31.0,36.0,0.0,791.0,863.0,91.65701042873697,7.76361529548088,media-alta
2021,20220101_38023_D02_S022,38023_D02_S022,San Cristóbal de La Laguna,2,22,32350.0,12945.0,16356.0,13650.0,1.1982417582417582,2022,20220101_38023_D02_S022,5.4,5.6,19.6,4.8,64.6,20210101_38023_D02_S022,180.0,23.0,69.0,261.0,533.0,510.0,35.294117647058826,13.529411764705882,20210101_38023_D02_S022,4.0,25.0,22.0,0.0,482.0,533.0,90.43151969981238,8.818011257035648,media-baja
2021,20220101_38023_D02_S023,38023_D02_S023,San Cristóbal de La Laguna,2,23,37283.0,14273.0,18075.0,15750.0,1.1476190476190475,2022,20220101_38023_D02_S023,3.6,9.8,18.9,3.6,64.2,20210101_38023_D02_S023,215.0,17.0,65.0,311.0,608.0,591.0,36.37901861252115,10.998307952622673,20210101_38023_D02_S023,1.0,30.0,35.0,0.0,542.0,608.0,89.14473684210526,10.69078947368421,media-baja
2021,20220101_38023_D02_S024,38023_D02_S024,San Cristóbal de La Laguna,2,24,32421.0,11792.0,15399.0,13650.0,1.1281318681318682,2022,20220101_38023_D02_S024,3.6,7.3,17.9,5.2,66.1,20210101_38023_D02_S024,92.0,10.0,43.0,207.0,352.0,342.0,26.900584795321638,12.573099415204679,20210101_38023_D02_S024,1.0,23.0,33.0,0.0,295.0,352.0,83.80681818181819,15.909090909090908,baja
2021,20220101_38023_D03_S001,38023_D03_S001,San Cristóbal de La Laguna,3,1,26566.0,10213.0,13340.0,11550.0,1.154978354978355,2022,20220101_38023_D03_S001,5.1,7.2,23.6,6.0,58.2,20210101_38023_D03_S001,67.0,8.0,57.0,181.0,313.0,305.0,21.9672131147541,18.688524590163933,20210101_38023_D03_S001,3.0,19.0,17.0,0.0,274.0,313.0,87.53993610223642,11.501597444089457,baja
2021,20220101_38023_D03_S002,38023_D03_S002,San Cristóbal de La Laguna,3,2,44475.0,16529.0,20647.0,18550.0,1.113045822102426,2022,20220101_38023_D03_S002,3.0,10.9,16.6,2.9,66.6,20210101_38023_D03_S002,433.0,45.0,135.0,631.0,1244.0,1199.0,36.11342785654712,11.259382819015846,20210101_38023_D03_S002,3.0,57.0,71.0,0.0,1113.0,1244.0,89.46945337620579,10.289389067524116,media-alta
2021,20220101_38023_D03_S003,38023_D03_S003,San Cristóbal de La Laguna,3,3,45021.0,16490.0,21067.0,19950.0,1.0559899749373434,2022,20220101_38023_D03_S003,3.1,8.6,14.1,3.3,70.9,20210101_38023_D03_S003,339.0,17.0,32.0,233.0,621.0,604.0,56.12582781456954,5.298013245033113,20210101_38023_D03_S003,2.0,19.0,28.0,0.0,572.0,621.0,92.10950080515298,7.568438003220612,media-alta
2021,20220101_38023_D03_S004,38023_D03_S004,San Cristóbal de La Laguna,3,4,27429.0,9713.0,13506.0,12250.0,1.102530612244898,2022,20220101_38023_D03_S004,6.2,4.4,23.6,6.5,59.2,20210101_38023_D03_S004,119.0,13.0,175.0,507.0,814.0,801.0,14.856429463171036,21.84769038701623,20210101_38023_D03_S004,6.0,72.0,57.0,0.0,679.0,814.0,83.41523341523342,15.847665847665848,baja
2021,20220101_38023_D03_S005,38023_D03_S005,San Cristóbal de La Laguna,3,5,27090.0,10165.0,13465.0,12250.0,1.0991836734693878,2022,20220101_38023_D03_S005,6.4,4.7,16.5,6.4,66.1,20210101_38023_D03_S005,119.0,19.0,116.0,364.0,618.0,599.0,19.86644407345576,19.36560934891486,20210101_38023_D03_S005,9.0,56.0,37.0,0.0,516.0,618.0,83.49514563106796,15.048543689320388,baja
2021,20220101_38023_D03_S006,38023_D03_S006,San Cristóbal de La Laguna,3,6,59182.0,21191.0,26182.0,24150.0,1.0841407867494823,2022,20220101_38023_D03_S006,2.5,12.4,18.8,2.2,64.2,20210101_38023_D03_S006,523.0,25.0,38.0,380.0,966.0,941.0,55.57917109458023,4.038257173219979,20210101_38023_D03_S006,4.0,36.0,47.0,0.0,879.0,966.0,90.99378881987577,8.592132505175984,alta
2021,20220101_38023_D03_S007,38023_D03_S007,San Cristóbal de La Laguna,3,7,26272.0,11808.0,14669.0,13650.0,1.0746520146520147,2022,20220101_38023_D03_S007,3.5,4.3,25.7,4.7,61.9,20210101_38023_D03_S007,65.0,6.0,51.0,171.0,293.0,287.0,22.64808362369338,17.770034843205575,20210101_38023_D03_S007,3.0,26.0,18.0,0.0,246.0,293.0,83.95904436860069,15.017064846416382,baja
2021,20220101_38023_D03_S008,38023_D03_S008,San Cristóbal de La Laguna,3,8,28130.0,10609.0,14058.0,12950.0,1.0855598455598456,2022,20220101_38023_D03_S008,4.9,9.3,19.1,5.8,60.9,20210101_38023_D03_S008,279.0,33.0,142.0,570.0,1024.0,991.0,28.15338042381433,14.32896064581231,20210101_38023_D03_S008,12.0,53.0,57.0,0.0,902.0,1024.0,88.0859375,10.7421875,baja
2021,20220101_38023_D03_S009,38023_D03_S009,San Cristóbal de La Laguna,3,9,26336.0,10055.0,13560.0,12250.0,1.106938775510204,2022,20220101_38023_D03_S009,6.5,3.5,28.9,4.5,56.6,20210101_38023_D03_S009,58.0,11.0,73.0,195.0,337.0,326.0,17.791411042944784,22.392638036809817,20210101_38023_D03_S009,5.0,18.0,17.0,0.0,297.0,337.0,88.13056379821958,10.385756676557863,baja
2021,20220101_38023_D03_S010,38023_D03_S010,San Cristóbal de La Laguna,3,10,24042.0,9673.0,12981.0,11550.0,1.123896103896104,2022,20220101_38023_D03_S010,6.3,5.9,29.0,6.4,52.5,20210101_38023_D03_S010,50.0,9.0,55.0,168.0,282.0,273.0,18.315018315018314,20.146520146520146,20210101_38023_D03_S010,3.0,20.0,13.0,0.0,246.0,282.0,87.23404255319149,11.702127659574469,baja
2021,20220101_38023_D03_S011,38023_D03_S011,San Cristóbal de La Laguna,3,11,23077.0,9814.0,12964.0,11550.0,1.1224242424242423,2022,20220101_38023_D03_S011,6.3,4.9,24.2,6.7,58.0,20210101_38023_D03_S011,97.0,5.0,111.0,351.0,564.0,559.0,17.352415026833633,19.856887298747765,20210101_38023_D03_S011,5.0,38.0,43.0,0.0,478.0,564.0,84.7517730496454,14.361702127659575,baja
2021,20220101_38023_D03_S012,38023_D03_S012,San Cristóbal de La Laguna,3,12,25438.0,9735.0,12918.0,11550.0,1.1184415584415583,2022,20220101_38023_D03_S012,5.6,7.7,19.7,7.1,59.9,20210101_38023_D03_S012,105.0,26.0,128.0,322.0,581.0,555.0,18.91891891891892,23.063063063063062,20210101_38023_D03_S012,21.0,49.0,33.0,0.0,478.0,581.0,82.27194492254733,14.113597246127366,baja
2021,20220101_38023_D03_S013,38023_D03_S013,San Cristóbal de La Laguna,3,13,25216.0,9262.0,12443.0,10850.0,1.1468202764976958,2022,20220101_38023_D03_S013,5.3,9.8,22.6,7.2,55.2,20210101_38023_D03_S013,107.0,24.0,144.0,409.0,684.0,660.0,16.21212121212121,21.818181818181817,20210101_38023_D03_S013,22.0,60.0,44.0,1.0,557.0,683.0,81.5519765739385,15.226939970717423,baja
2021,20220101_38023_D03_S014,38023_D03_S014,San Cristóbal de La Laguna,3,14,26169.0,8920.0,12630.0,11550.0,1.0935064935064935,2022,20220101_38023_D03_S014,7.3,4.6,30.2,7.1,50.7,20210101_38023_D03_S014,39.0,5.0,54.0,145.0,243.0,238.0,16.386554621848738,22.689075630252102,20210101_38023_D03_S014,5.0,24.0,18.0,0.0,196.0,243.0,80.65843621399176,17.28395061728395,baja
2021,20220101_38023_D03_S015,38023_D03_S015,San Cristóbal de La Laguna,3,15,23970.0,9108.0,12396.0,11550.0,1.0732467532467533,2022,20220101_38023_D03_S015,8.0,5.6,18.9,7.8,59.7,20210101_38023_D03_S015,89.0,13.0,101.0,275.0,478.0,465.0,19.13978494623656,21.72043010752688,20210101_38023_D03_S015,6.0,33.0,20.0,0.0,419.0,478.0,87.65690376569037,11.087866108786612,baja
2021,20220101_38023_D03_S016,38023_D03_S016,San Cristóbal de La Laguna,3,16,27705.0,10029.0,13815.0,12950.0,1.066795366795367,2022,20220101_38023_D03_S016,6.4,6.5,24.0,5.7,57.4,20210101_38023_D03_S016,115.0,16.0,106.0,418.0,655.0,639.0,17.996870109546165,16.588419405320813,20210101_38023_D03_S016,8.0,43.0,40.0,0.0,564.0,655.0,86.10687022900764,12.67175572519084,baja
2021,20220101_38023_D03_S017,38023_D03_S017,San Cristóbal de La Laguna,3,17,23940.0,9527.0,12827.0,11550.0,1.1105627705627705,2022,20220101_38023_D03_S017,6.2,6.1,19.7,7.2,60.9,20210101_38023_D03_S017,82.0,5.0,87.0,229.0,403.0,398.0,20.603015075376884,21.85929648241206,20210101_38023_D03_S017,7.0,28.0,33.0,0.0,335.0,403.0,83.12655086848635,15.136476426799007,baja
2021,20220101_38023_D03_S018,38023_D03_S018,San Cristóbal de La Laguna,3,18,27353.0,9535.0,13348.0,12950.0,1.0307335907335908,2022,20220101_38023_D03_S018,7.2,4.0,29.9,5.7,53.3,20210101_38023_D03_S018,39.0,9.0,50.0,157.0,255.0,246.0,15.853658536585366,20.32520325203252,20210101_38023_D03_S018,7.0,24.0,13.0,0.0,211.0,255.0,82.74509803921569,14.509803921568627,baja
2021,20220101_38023_D03_S019,38023_D03_S019,San Cristóbal de La Laguna,3,19,35785.0,13433.0,17290.0,16450.0,1.0510638297872341,2022,20220101_38023_D03_S019,3.2,7.7,12.5,3.5,73.2,20210101_38023_D03_S019,367.0,34.0,160.0,751.0,1312.0,1278.0,28.71674491392801,12.519561815336463,20210101_38023_D03_S019,9.0,77.0,61.0,1.0,1164.0,1311.0,88.78718535469108,10.526315789473685,media-baja
2021,20220101_38023_D03_S020,38023_D03_S020,San Cristóbal de La Laguna,3,20,32138.0,11523.0,15343.0,13650.0,1.1240293040293041,2022,20220101_38023_D03_S020,7.1,7.0,12.3,4.6,69.0,20210101_38023_D03_S020,119.0,11.0,49.0,217.0,396.0,385.0,30.90909090909091,12.727272727272727,20210101_38023_D03_S020,5.0,34.0,37.0,0.0,320.0,396.0,80.8080808080808,17.92929292929293,baja
2021,20220101_38023_D03_S021,38023_D03_S021,San Cristóbal de La Laguna,3,21,34655.0,11997.0,16006.0,14350.0,1.1154006968641115,2022,20220101_38023_D03_S021,5.3,10.8,18.0,4.8,61.1,20210101_38023_D03_S021,104.0,20.0,53.0,242.0,419.0,399.0,26.06516290726817,13.283208020050125,20210101_38023_D03_S021,5.0,23.0,44.0,0.0,347.0,419.0,82.81622911694511,15.990453460620525,baja
2021,20220101_38023_D03_S022,38023_D03_S022,San Cristóbal de La Laguna,3,22,82009.0,27302.0,32926.0,29050.0,1.1334251290877797,2022,20220101_38023_D03_S022,2.6,21.7,23.0,1.5,51.3,20210101_38023_D03_S022,248.0,16.0,8.0,110.0,382.0,366.0,67.75956284153006,2.185792349726776,20210101_38023_D03_S022,1.0,12.0,10.0,0.0,359.0,382.0,93.97905759162303,5.7591623036649215,alta
2021,20220101_38023_D03_S023,38023_D03_S023,San Cristóbal de La Laguna,3,23,24377.0,9300.0,12449.0,10850.0,1.147373271889401,2022,20220101_38023_D03_S023,7.0,4.3,22.4,6.2,60.1,20210101_38023_D03_S023,84.0,10.0,89.0,254.0,437.0,427.0,19.672131147540984,20.843091334894613,20210101_38023_D03_S023,5.0,36.0,20.0,0.0,376.0,437.0,86.04118993135012,12.814645308924485,baja
2021,20220101_38023_D03_S024,38023_D03_S024,San Cristóbal de La Laguna,3,24,28869.0,10464.0,14247.0,12950.0,1.10015444015444,2022,20220101_38023_D03_S024,6.1,8.4,19.9,6.5,59.1,20210101_38023_D03_S024,106.0,13.0,58.0,234.0,411.0,398.0,26.633165829145728,14.57286432160804,20210101_38023_D03_S024,4.0,19.0,34.0,0.0,354.0,411.0,86.13138686131387,12.895377128953772,baja
2021,20220101_38023_D03_S025,38023_D03_S025,San Cristóbal de La Laguna,3,25,46368.0,16081.0,20342.0,19250.0,1.0567272727272727,2022,20220101_38023_D03_S025,3.2,4.7,13.3,4.1,74.8,20210101_38023_D03_S025,254.0,34.0,107.0,455.0,850.0,816.0,31.127450980392158,13.112745098039216,20210101_38023_D03_S025,9.0,50.0,48.0,0.0,743.0,850.0,87.41176470588235,11.529411764705882,media-alta
2021,20220101_38023_D03_S026,38023_D03_S026,San Cristóbal de La Laguna,3,26,58267.0,19062.0,24369.0,21700.0,1.1229953917050692,2022,20220101_38023_D03_S026,3.5,10.4,19.5,2.3,64.4,20210101_38023_D03_S026,200.0,15.0,51.0,284.0,550.0,535.0,37.38317757009346,9.532710280373832,20210101_38023_D03_S026,2.0,27.0,34.0,0.0,487.0,550.0,88.54545454545455,11.090909090909092,media-alta
2021,20220101_38023_D04_S001,38023_D04_S001,San Cristóbal de La Laguna,4,1,36926.0,12489.0,16636.0,14350.0,1.1593031358885018,2022,20220101_38023_D04_S001,5.1,10.8,18.1,4.5,61.5,20210101_38023_D04_S001,361.0,19.0,47.0,328.0,755.0,736.0,49.04891304347826,6.385869565217392,20210101_38023_D04_S001,4.0,41.0,49.0,1.0,660.0,754.0,87.53315649867373,11.936339522546419,media-baja
2021,20220101_38023_D04_S002,38023_D04_S002,San Cristóbal de La Laguna,4,2,37850.0,13662.0,17764.0,16450.0,1.0798784194528874,2022,20220101_38023_D04_S002,4.5,7.7,18.0,4.1,65.7,20210101_38023_D04_S002,340.0,23.0,120.0,551.0,1034.0,1011.0,33.63006923837784,11.869436201780415,20210101_38023_D04_S002,11.0,56.0,64.0,0.0,903.0,1034.0,87.33075435203095,11.60541586073501,media-baja
2021,20220101_38023_D04_S003,38023_D04_S003,San Cristóbal de La Laguna,4,3,44814.0,14857.0,19640.0,17850.0,1.100280112044818,2022,20220101_38023_D04_S003,3.9,9.1,17.5,3.9,65.6,20210101_38023_D04_S003,268.0,20.0,82.0,395.0,765.0,745.0,35.97315436241611,11.006711409395972,20210101_38023_D04_S003,9.0,54.0,43.0,0.0,659.0,765.0,86.14379084967321,12.679738562091503,media-baja
2021,20220101_38023_D04_S004,38023_D04_S004,San Cristóbal de La Laguna,4,4,44711.0,16171.0,20950.0,19250.0,1.0883116883116883,2022,20220101_38023_D04_S004,2.9,10.0,26.3,4.2,56.7,20210101_38023_D04_S004,157.0,14.0,42.0,175.0,388.0,374.0,41.97860962566845,11.229946524064172,20210101_38023_D04_S004,6.0,34.0,25.0,0.0,323.0,388.0,83.24742268041237,15.206185567010309,media-alta
2021,20220101_38023_D04_S005,38023_D04_S005,San Cristóbal de La Laguna,4,5,59313.0,17960.0,23078.0,19250.0,1.1988571428571428,2022,20220101_38023_D04_S005,3.6,17.6,18.2,2.5,58.1,20210101_38023_D04_S005,214.0,20.0,31.0,162.0,427.0,407.0,52.57985257985258,7.616707616707616,20210101_38023_D04_S005,3.0,21.0,23.0,0.0,380.0,427.0,88.99297423887587,10.304449648711945,media-alta
2021,20220101_38023_D04_S006,38023_D04_S006,San Cristóbal de La Laguna,4,6,38752.0,13557.0,17794.0,15750.0,1.1297777777777778,2022,20220101_38023_D04_S006,4.3,8.8,24.3,4.0,58.7,20210101_38023_D04_S006,156.0,14.0,94.0,304.0,568.0,554.0,28.15884476534296,16.967509025270758,20210101_38023_D04_S006,6.0,51.0,44.0,0.0,467.0,568.0,82.21830985915493,16.725352112676056,media-baja
2021,20220101_38023_D04_S007,38023_D04_S007,San Cristóbal de La Laguna,4,7,48001.0,16175.0,20375.0,17150.0,1.1880466472303206,2022,20220101_38023_D04_S007,3.4,12.2,20.3,2.8,61.3,20210101_38023_D04_S007,307.0,28.0,47.0,309.0,691.0,663.0,46.30467571644042,7.088989441930618,20210101_38023_D04_S007,8.0,49.0,29.0,0.0,605.0,691.0,87.55426917510854,11.287988422575976,media-alta
2021,20220101_38023_D05_S001,38023_D05_S001,San Cristóbal de La Laguna,5,1,33503.0,11111.0,15205.0,14350.0,1.059581881533101,2022,20220101_38023_D05_S001,5.3,7.2,22.6,4.7,60.2,20210101_38023_D05_S001,83.0,14.0,102.0,236.0,435.0,421.0,19.71496437054632,24.228028503562946,20210101_38023_D05_S001,61.0,69.0,32.0,0.0,273.0,435.0,62.758620689655174,23.2183908045977,baja
2021,20220101_38023_D05_S002,38023_D05_S002,San Cristóbal de La Laguna,5,2,31887.0,11149.0,15380.0,14350.0,1.0717770034843206,2022,20220101_38023_D05_S002,5.1,8.3,21.1,4.4,61.0,20210101_38023_D05_S002,110.0,13.0,113.0,321.0,557.0,544.0,20.220588235294116,20.772058823529413,20210101_38023_D05_S002,87.0,59.0,36.0,0.0,375.0,557.0,67.32495511669659,17.0556552962298,baja
2021,20220101_38023_D05_S003,38023_D05_S003,San Cristóbal de La Laguna,5,3,37954.0,12360.0,16633.0,15050.0,1.1051827242524916,2022,20220101_38023_D05_S003,4.0,10.8,22.4,3.9,58.9,20210101_38023_D05_S003,102.0,10.0,68.0,261.0,441.0,431.0,23.665893271461716,15.777262180974478,20210101_38023_D05_S003,39.0,31.0,32.0,0.0,339.0,441.0,76.87074829931973,14.285714285714286,media-baja
2021,20220101_38023_D05_S004,38023_D05_S004,San Cristóbal de La Laguna,5,4,36746.0,11868.0,16492.0,14350.0,1.1492682926829267,2022,20220101_38023_D05_S004,4.3,9.9,18.0,4.1,63.6,20210101_38023_D05_S004,77.0,10.0,68.0,225.0,380.0,370.0,20.81081081081081,18.37837837837838,20210101_38023_D05_S004,37.0,26.0,33.0,0.0,284.0,380.0,74.73684210526316,15.526315789473685,baja
2021,20220101_38023_D05_S005,38023_D05_S005,San Cristóbal de La Laguna,5,5,34826.0,12913.0,16822.0,15050.0,1.1177408637873754,2022,20220101_38023_D05_S005,4.2,8.4,20.6,4.5,62.4,20210101_38023_D05_S005,263.0,26.0,119.0,413.0,821.0,795.0,33.081761006289305,14.968553459119496,20210101_38023_D05_S005,40.0,64.0,62.0,0.0,655.0,821.0,79.78075517661388,15.347137637028014,media-baja
2021,20220101_38023_D05_S006,38023_D05_S006,San Cristóbal de La Laguna,5,6,41769.0,14491.0,18661.0,16450.0,1.1344072948328268,2022,20220101_38023_D05_S006,3.7,11.4,19.9,3.4,61.5,20210101_38023_D05_S006,143.0,17.0,58.0,249.0,467.0,450.0,31.77777777777778,12.88888888888889,20210101_38023_D05_S006,27.0,43.0,34.0,0.0,363.0,467.0,77.73019271948608,16.488222698072803,media-baja
2021,20220101_38023_D05_S007,38023_D05_S007,San Cristóbal de La Laguna,5,7,32086.0,14482.0,17207.0,15050.0,1.1433222591362127,2022,20220101_38023_D05_S007,4.1,11.4,17.8,3.7,63.1,20210101_38023_D05_S007,245.0,26.0,72.0,333.0,676.0,650.0,37.69230769230769,11.076923076923077,20210101_38023_D05_S007,22.0,34.0,48.0,1.0,571.0,675.0,84.5925925925926,12.148148148148149,media-baja
2021,20220101_38023_D05_S008,38023_D05_S008,San Cristóbal de La Laguna,5,8,29507.0,10707.0,14512.0,12950.0,1.1206177606177605,2022,20220101_38023_D05_S008,6.0,7.3,24.8,5.1,56.8,20210101_38023_D05_S008,75.0,10.0,90.0,188.0,363.0,353.0,21.246458923512748,25.495750708215297,20210101_38023_D05_S008,52.0,35.0,32.0,0.0,244.0,363.0,67.21763085399449,18.457300275482094,baja
2021,20220101_38023_D05_S009,38023_D05_S009,San Cristóbal de La Laguna,5,9,33515.0,15719.0,18502.0,16450.0,1.124741641337386,2022,20220101_38023_D05_S009,3.5,16.1,16.0,3.4,61.0,20210101_38023_D05_S009,460.0,31.0,93.0,496.0,1080.0,1049.0,43.8512869399428,8.865586272640611,20210101_38023_D05_S009,23.0,50.0,59.0,1.0,947.0,1079.0,87.76645041705282,10.10194624652456,media-baja
2021,20220101_38023_D05_S010,38023_D05_S010,San Cristóbal de La Laguna,5,10,35156.0,12400.0,16485.0,15050.0,1.0953488372093023,2022,20220101_38023_D05_S010,4.8,8.2,21.5,3.8,61.7,20210101_38023_D05_S010,162.0,23.0,101.0,364.0,650.0,627.0,25.83732057416268,16.108452950558213,20210101_38023_D05_S010,42.0,51.0,54.0,0.0,503.0,650.0,77.38461538461539,16.153846153846153,media-baja
2021,20220101_38023_D05_S011,38023_D05_S011,San Cristóbal de La Laguna,5,11,33926.0,11847.0,16034.0,14350.0,1.1173519163763066,2022,20220101_38023_D05_S011,4.1,10.4,25.6,3.8,56.1,20210101_38023_D05_S011,105.0,11.0,58.0,186.0,360.0,349.0,30.08595988538682,16.6189111747851,20210101_38023_D05_S011,39.0,26.0,21.0,0.0,274.0,360.0,76.11111111111111,13.055555555555555,baja
2021,20220101_38023_D05_S012,38023_D05_S012,San Cristóbal de La Laguna,5,12,33389.0,11021.0,15227.0,13650.0,1.1155311355311355,2022,20220101_38023_D05_S012,4.2,7.0,25.1,4.8,58.9,20210101_38023_D05_S012,115.0,16.0,113.0,295.0,539.0,523.0,21.988527724665392,21.606118546845124,20210101_38023_D05_S012,59.0,67.0,35.0,0.0,378.0,539.0,70.12987012987013,18.923933209647494,baja
2021,20220101_38023_D05_S013,38023_D05_S013,San Cristóbal de La Laguna,5,13,29500.0,12085.0,15426.0,14350.0,1.0749825783972125,2022,20220101_38023_D05_S013,4.3,6.2,27.1,4.2,58.2,20210101_38023_D05_S013,75.0,9.0,62.0,173.0,319.0,310.0,24.193548387096776,20.0,20210101_38023_D05_S013,36.0,27.0,12.0,0.0,244.0,319.0,76.48902821316615,12.225705329153605,media-baja
2021,20220101_38023_D05_S014,38023_D05_S014,San Cristóbal de La Laguna,5,14,31671.0,12008.0,15833.0,14350.0,1.1033449477351915,2022,20220101_38023_D05_S014,4.5,7.1,18.1,4.8,65.5,20210101_38023_D05_S014,143.0,14.0,95.0,365.0,617.0,603.0,23.71475953565506,15.754560530679933,20210101_38023_D05_S014,38.0,49.0,43.0,1.0,486.0,616.0,78.8961038961039,14.935064935064934,media-baja
2021,20220101_38023_D06_S001,38023_D06_S001,San Cristóbal de La Laguna,6,1,44246.0,13683.0,18409.0,16450.0,1.1190881458966566,2022,20220101_38023_D06_S001,3.2,7.2,21.7,3.7,64.3,20210101_38023_D06_S001,180.0,18.0,92.0,298.0,588.0,570.0,31.57894736842105,16.140350877192983,20210101_38023_D06_S001,8.0,34.0,36.0,0.0,510.0,588.0,86.73469387755102,11.904761904761905,media-baja
2021,20220101_38023_D06_S002,38023_D06_S002,San Cristóbal de La Laguna,6,2,70035.0,21331.0,26838.0,24150.0,1.111304347826087,2022,20220101_38023_D06_S002,2.2,18.2,19.1,2.3,58.2,20210101_38023_D06_S002,376.0,18.0,32.0,237.0,663.0,645.0,58.29457364341085,4.961240310077519,20210101_38023_D06_S002,6.0,33.0,22.0,0.0,602.0,663.0,90.79939668174963,8.295625942684767,alta
2021,20220101_38023_D06_S003,38023_D06_S003,San Cristóbal de La Laguna,6,3,37872.0,13573.0,17728.0,15750.0,1.1255873015873017,2022,20220101_38023_D06_S003,4.2,9.5,20.2,3.3,62.7,20210101_38023_D06_S003,142.0,23.0,71.0,263.0,499.0,476.0,29.831932773109244,14.915966386554622,20210101_38023_D06_S003,4.0,46.0,29.0,0.0,420.0,499.0,84.16833667334669,15.030060120240481,media-baja
2021,20220101_38023_D06_S004,38023_D06_S004,San Cristóbal de La Laguna,6,4,34095.0,12316.0,16698.0,14350.0,1.163623693379791,2022,20220101_38023_D06_S004,5.5,7.4,21.3,4.5,61.4,20210101_38023_D06_S004,118.0,18.0,65.0,288.0,489.0,471.0,25.05307855626327,13.800424628450106,20210101_38023_D06_S004,6.0,38.0,41.0,0.0,404.0,489.0,82.61758691206543,16.155419222903884,media-baja
2021,20220101_38024_D01_S001,38024_D01_S001,Los Llanos de Aridane,1,1,39318.0,14124.0,18223.0,15050.0,1.2108305647840532,2022,20220101_38024_D01_S001,4.0,20.6,14.9,4.0,56.6,20210101_38024_D01_S001,333.0,39.0,110.0,490.0,972.0,933.0,35.69131832797428,11.789924973204716,20210101_38024_D01_S001,66.0,62.0,27.0,7.0,810.0,965.0,83.93782383419689,9.22279792746114,media-baja
2021,20220101_38024_D01_S002,38024_D01_S002,Los Llanos de Aridane,1,2,32914.0,12012.0,15785.0,13650.0,1.1564102564102565,2022,20220101_38024_D01_S002,4.6,14.6,12.4,4.9,63.5,20210101_38024_D01_S002,185.0,25.0,90.0,409.0,709.0,684.0,27.046783625730995,13.157894736842104,20210101_38024_D01_S002,48.0,54.0,36.0,0.0,571.0,709.0,80.53596614950635,12.693935119887165,media-baja
2021,20220101_38024_D01_S003,38024_D01_S003,Los Llanos de Aridane,1,3,30067.0,10764.0,14464.0,12950.0,1.116911196911197,2022,20220101_38024_D01_S003,4.5,16.3,21.5,5.9,51.8,20210101_38024_D01_S003,168.0,29.0,103.0,343.0,643.0,614.0,27.36156351791531,16.775244299674267,20210101_38024_D01_S003,69.0,54.0,33.0,2.0,485.0,641.0,75.66302652106084,13.57254290171607,baja
2021,20220101_38024_D01_S004,38024_D01_S004,Los Llanos de Aridane,1,4,32738.0,12524.0,15908.0,13650.0,1.1654212454212454,2022,20220101_38024_D01_S004,5.1,15.1,14.4,3.9,61.5,20210101_38024_D01_S004,115.0,18.0,73.0,196.0,402.0,384.0,29.947916666666668,19.010416666666668,20210101_38024_D01_S004,33.0,26.0,16.0,4.0,323.0,398.0,81.15577889447236,10.552763819095478,media-baja
2021,20220101_38024_D01_S005,38024_D01_S005,Los Llanos de Aridane,1,5,38583.0,13739.0,17758.0,15050.0,1.1799335548172758,2022,20220101_38024_D01_S005,5.1,21.1,17.9,3.9,52.0,20210101_38024_D01_S005,181.0,19.0,63.0,222.0,485.0,466.0,38.8412017167382,13.51931330472103,20210101_38024_D01_S005,47.0,23.0,17.0,0.0,398.0,485.0,82.0618556701031,8.24742268041237,media-baja
2021,20220101_38024_D01_S006,38024_D01_S006,Los Llanos de Aridane,1,6,35262.0,12751.0,16982.0,13650.0,1.244102564102564,2022,20220101_38024_D01_S006,5.0,17.1,19.8,5.0,53.3,20210101_38024_D01_S006,157.0,25.0,79.0,280.0,541.0,516.0,30.426356589147286,15.310077519379846,20210101_38024_D01_S006,52.0,43.0,22.0,3.0,421.0,538.0,78.25278810408922,12.0817843866171,media-baja
2021,20220101_38024_D01_S007,38024_D01_S007,Los Llanos de Aridane,1,7,27106.0,10319.0,13814.0,12950.0,1.0667181467181468,2022,20220101_38024_D01_S007,6.6,11.3,19.9,5.6,56.7,20210101_38024_D01_S007,122.0,22.0,94.0,350.0,588.0,566.0,21.554770318021202,16.607773851590107,20210101_38024_D01_S007,46.0,59.0,28.0,2.0,453.0,586.0,77.3037542662116,14.84641638225256,baja
2021,20220101_38024_D01_S008,38024_D01_S008,Los Llanos de Aridane,1,8,34531.0,12230.0,16103.0,13650.0,1.1797069597069596,2022,20220101_38024_D01_S008,5.5,12.1,18.8,5.4,58.1,20210101_38024_D01_S008,187.0,28.0,88.0,338.0,641.0,613.0,30.505709624796086,14.35562805872757,20210101_38024_D01_S008,39.0,58.0,27.0,3.0,514.0,638.0,80.56426332288402,13.322884012539184,media-baja
2021,20220101_38024_D02_S001,38024_D02_S001,Los Llanos de Aridane,2,1,32264.0,12288.0,16072.0,13650.0,1.1774358974358974,2022,20220101_38024_D02_S001,4.1,15.3,17.8,4.8,57.9,20210101_38024_D02_S001,167.0,12.0,86.0,263.0,528.0,516.0,32.36434108527132,16.666666666666668,20210101_38024_D02_S001,46.0,44.0,19.0,1.0,418.0,527.0,79.3168880455408,11.954459203036054,media-baja
2021,20220101_38024_D02_S002,38024_D02_S002,Los Llanos de Aridane,2,2,30963.0,11150.0,14972.0,12950.0,1.156138996138996,2022,20220101_38024_D02_S002,4.6,12.4,20.5,5.5,57.0,20210101_38024_D02_S002,129.0,15.0,102.0,316.0,562.0,547.0,23.583180987202926,18.647166361974406,20210101_38024_D02_S002,58.0,63.0,26.0,1.0,414.0,561.0,73.79679144385027,15.864527629233512,baja
2021,20220101_38024_D03_S001,38024_D03_S001,Los Llanos de Aridane,3,1,30976.0,10670.0,14676.0,13650.0,1.075164835164835,2022,20220101_38024_D03_S001,6.4,17.7,20.9,5.3,49.8,20210101_38024_D03_S001,196.0,43.0,115.0,434.0,788.0,745.0,26.308724832214764,15.436241610738255,20210101_38024_D03_S001,87.0,72.0,34.0,5.0,590.0,783.0,75.35121328224777,13.537675606641123,baja
2021,20220101_38024_D03_S002,38024_D03_S002,Los Llanos de Aridane,3,2,28561.0,11591.0,15625.0,13650.0,1.1446886446886446,2022,20220101_38024_D03_S002,8.7,15.7,18.3,7.2,50.2,20210101_38024_D03_S002,185.0,29.0,105.0,346.0,665.0,636.0,29.08805031446541,16.50943396226415,20210101_38024_D03_S002,80.0,41.0,24.0,3.0,517.0,662.0,78.09667673716012,9.818731117824774,baja
2021,20220101_38024_D03_S003,38024_D03_S003,Los Llanos de Aridane,3,3,33845.0,12411.0,17013.0,14350.0,1.1855749128919861,2022,20220101_38024_D03_S003,7.1,22.6,21.2,6.4,42.7,20210101_38024_D03_S003,100.0,22.0,54.0,246.0,422.0,400.0,25.0,13.5,20210101_38024_D03_S003,41.0,44.0,17.0,3.0,317.0,419.0,75.6563245823389,14.558472553699284,media-baja
2021,20220101_38025_D01_S001,38025_D01_S001,La Matanza de Acentejo,1,1,33971.0,10876.0,15209.0,14350.0,1.0598606271777002,2022,20220101_38025_D01_S001,4.5,5.0,19.8,5.4,65.4,20210101_38025_D01_S001,159.0,20.0,126.0,483.0,788.0,768.0,20.703125,16.40625,20210101_38025_D01_S001,16.0,130.0,45.0,0.0,597.0,788.0,75.76142131979695,22.20812182741117,baja
2021,20220101_38025_D01_S002,38025_D01_S002,La Matanza de Acentejo,1,2,33527.0,11102.0,15218.0,13650.0,1.1148717948717948,2022,20220101_38025_D01_S002,4.6,9.5,19.2,6.3,60.5,20210101_38025_D01_S002,127.0,17.0,91.0,364.0,599.0,582.0,21.8213058419244,15.63573883161512,20210101_38025_D01_S002,10.0,68.0,33.0,1.0,487.0,598.0,81.43812709030101,16.889632107023413,baja
2021,20220101_38025_D01_S003,38025_D01_S003,La Matanza de Acentejo,1,3,34090.0,12438.0,16587.0,15050.0,1.1021262458471761,2022,20220101_38025_D01_S003,4.1,10.8,14.1,5.5,65.5,20210101_38025_D01_S003,267.0,16.0,114.0,505.0,902.0,886.0,30.135440180586908,12.866817155756207,20210101_38025_D01_S003,10.0,79.0,47.0,0.0,766.0,902.0,84.92239467849224,13.968957871396896,media-baja
2021,20220101_38025_D01_S004,38025_D01_S004,La Matanza de Acentejo,1,4,36970.0,13792.0,17399.0,14350.0,1.2124738675958189,2022,20220101_38025_D01_S004,4.1,13.6,15.6,4.5,62.1,20210101_38025_D01_S004,273.0,21.0,100.0,469.0,863.0,842.0,32.42280285035629,11.876484560570072,20210101_38025_D01_S004,13.0,77.0,50.0,0.0,723.0,863.0,83.77752027809966,14.716106604866743,media-baja
2021,20220101_38025_D01_S005,38025_D01_S005,La Matanza de Acentejo,1,5,30026.0,11511.0,15094.0,12950.0,1.1655598455598455,2022,20220101_38025_D01_S005,5.4,10.8,22.3,6.7,54.8,20210101_38025_D01_S005,86.0,12.0,49.0,158.0,305.0,293.0,29.351535836177476,16.72354948805461,20210101_38025_D01_S005,7.0,41.0,10.0,1.0,246.0,304.0,80.92105263157895,16.776315789473685,baja
2021,20220101_38026_D01_S001,38026_D01_S001,La Orotava,1,1,44651.0,16772.0,20976.0,16450.0,1.2751367781155014,2022,20220101_38026_D01_S001,3.9,22.2,22.9,3.3,47.7,20210101_38026_D01_S001,246.0,21.0,45.0,234.0,546.0,525.0,46.857142857142854,8.571428571428571,20210101_38026_D01_S001,11.0,32.0,21.0,1.0,481.0,545.0,88.25688073394495,9.724770642201834,media-alta
2021,20220101_38026_D01_S002,38026_D01_S002,La Orotava,1,2,47126.0,15465.0,20116.0,17850.0,1.1269467787114846,2022,20220101_38026_D01_S002,3.4,11.9,20.7,4.4,59.6,20210101_38026_D01_S002,308.0,27.0,49.0,317.0,701.0,674.0,45.6973293768546,7.270029673590504,20210101_38026_D01_S002,11.0,38.0,19.0,0.0,633.0,701.0,90.29957203994294,8.131241084165477,media-baja
2021,20220101_38026_D01_S004,38026_D01_S004,La Orotava,1,4,37055.0,13431.0,17491.0,15050.0,1.1621926910299003,2022,20220101_38026_D01_S004,4.3,12.1,27.0,4.5,52.1,20210101_38026_D01_S004,255.0,15.0,55.0,317.0,642.0,627.0,40.66985645933014,8.771929824561404,20210101_38026_D01_S004,10.0,28.0,26.0,1.0,577.0,641.0,90.01560062402496,8.424336973478939,media-baja
2021,20220101_38026_D02_S001,38026_D02_S001,La Orotava,2,1,30705.0,11896.0,15155.0,13650.0,1.1102564102564103,2022,20220101_38026_D02_S001,5.3,15.9,24.4,5.4,49.0,20210101_38026_D02_S001,176.0,18.0,64.0,308.0,566.0,548.0,32.11678832116788,11.678832116788321,20210101_38026_D02_S001,12.0,40.0,27.0,0.0,487.0,566.0,86.04240282685512,11.837455830388693,baja
2021,20220101_38026_D02_S002,38026_D02_S002,La Orotava,2,2,29633.0,10238.0,14190.0,12950.0,1.0957528957528957,2022,20220101_38026_D02_S002,5.8,7.0,22.9,7.1,57.2,20210101_38026_D02_S002,98.0,12.0,60.0,277.0,447.0,435.0,22.528735632183906,13.793103448275861,20210101_38026_D02_S002,6.0,36.0,23.0,0.0,382.0,447.0,85.4586129753915,13.19910514541387,baja
2021,20220101_38026_D02_S003,38026_D02_S003,La Orotava,2,3,33972.0,11534.0,15737.0,14350.0,1.0966550522648084,2022,20220101_38026_D02_S003,4.0,10.3,10.5,7.0,68.3,20210101_38026_D02_S003,255.0,25.0,111.0,542.0,933.0,908.0,28.083700440528634,12.224669603524228,20210101_38026_D02_S003,8.0,82.0,46.0,0.0,797.0,933.0,85.42336548767418,13.719185423365488,baja
2021,20220101_38026_D02_S004,38026_D02_S004,La Orotava,2,4,30832.0,12017.0,15844.0,14350.0,1.1041114982578397,2022,20220101_38026_D02_S004,4.8,10.5,24.7,5.5,54.5,20210101_38026_D02_S004,131.0,11.0,36.0,213.0,391.0,380.0,34.473684210526315,9.473684210526315,20210101_38026_D02_S004,8.0,23.0,16.0,0.0,344.0,391.0,87.97953964194373,9.974424552429667,media-baja
2021,20220101_38026_D03_S001,38026_D03_S001,La Orotava,3,1,29934.0,9971.0,14027.0,13650.0,1.0276190476190477,2022,20220101_38026_D03_S001,6.1,6.1,21.7,8.5,57.6,20210101_38026_D03_S001,89.0,16.0,100.0,310.0,515.0,499.0,17.83567134268537,20.04008016032064,20210101_38026_D03_S001,21.0,67.0,29.0,1.0,397.0,514.0,77.23735408560312,18.67704280155642,baja
2021,20220101_38026_D03_S002,38026_D03_S002,La Orotava,3,2,32028.0,11348.0,15512.0,12950.0,1.1978378378378378,2022,20220101_38026_D03_S002,4.5,15.9,22.7,6.1,50.9,20210101_38026_D03_S002,112.0,13.0,56.0,240.0,421.0,408.0,27.45098039215686,13.72549019607843,20210101_38026_D03_S002,9.0,39.0,28.0,0.0,345.0,421.0,81.94774346793349,15.914489311163896,baja
2021,20220101_38026_D03_S003,38026_D03_S003,La Orotava,3,3,46032.0,16615.0,21050.0,17850.0,1.1792717086834734,2022,20220101_38026_D03_S003,2.5,22.7,21.5,3.9,49.5,20210101_38026_D03_S003,290.0,22.0,37.0,336.0,685.0,663.0,43.74057315233786,5.580693815987933,20210101_38026_D03_S003,8.0,37.0,26.0,0.0,614.0,685.0,89.63503649635037,9.197080291970803,media-alta
2021,20220101_38026_D03_S004,38026_D03_S004,La Orotava,3,4,32934.0,11828.0,15754.0,14350.0,1.0978397212543554,2022,20220101_38026_D03_S004,4.5,8.5,11.1,7.1,68.8,20210101_38026_D03_S004,264.0,12.0,94.0,452.0,822.0,810.0,32.592592592592595,11.604938271604938,20210101_38026_D03_S004,14.0,59.0,42.0,0.0,707.0,822.0,86.00973236009732,12.287104622871047,baja
2021,20220101_38026_D03_S005,38026_D03_S005,La Orotava,3,5,29271.0,10289.0,14244.0,13650.0,1.0435164835164834,2022,20220101_38026_D03_S005,5.1,7.7,25.3,6.8,55.1,20210101_38026_D03_S005,77.0,11.0,56.0,254.0,398.0,387.0,19.896640826873384,14.470284237726098,20210101_38026_D03_S005,13.0,39.0,31.0,0.0,315.0,398.0,79.14572864321607,17.587939698492463,baja
2021,20220101_38026_D03_S006,38026_D03_S006,La Orotava,3,6,36830.0,13040.0,17271.0,15050.0,1.1475747508305647,2022,20220101_38026_D03_S006,3.8,9.6,26.3,5.0,55.3,20210101_38026_D03_S006,238.0,14.0,70.0,409.0,731.0,717.0,33.19386331938633,9.762900976290098,20210101_38026_D03_S006,9.0,49.0,27.0,0.0,646.0,731.0,88.37209302325581,10.39671682626539,media-baja
2021,20220101_38026_D03_S007,38026_D03_S007,La Orotava,3,7,32050.0,11298.0,15338.0,14350.0,1.068850174216028,2022,20220101_38026_D03_S007,4.8,6.8,15.7,7.1,65.6,20210101_38026_D03_S007,129.0,5.0,71.0,299.0,504.0,499.0,25.851703406813627,14.228456913827655,20210101_38026_D03_S007,4.0,46.0,23.0,0.0,431.0,504.0,85.51587301587301,13.69047619047619,baja
2021,20220101_38026_D04_S001,38026_D04_S001,La Orotava,4,1,44158.0,16086.0,20158.0,15750.0,1.2798730158730158,2022,20220101_38026_D04_S001,2.9,24.8,14.3,5.2,52.8,20210101_38026_D04_S001,313.0,35.0,73.0,457.0,878.0,843.0,37.12930011862396,8.659549228944247,20210101_38026_D04_S001,13.0,45.0,34.0,0.0,786.0,878.0,89.52164009111617,8.997722095671982,media-alta
2021,20220101_38026_D04_S002,38026_D04_S002,La Orotava,4,2,37402.0,12496.0,16875.0,15050.0,1.1212624584717608,2022,20220101_38026_D04_S002,3.6,11.2,14.5,6.1,64.6,20210101_38026_D04_S002,151.0,11.0,70.0,323.0,555.0,544.0,27.75735294117647,12.867647058823529,20210101_38026_D04_S002,10.0,55.0,30.0,0.0,460.0,555.0,82.88288288288288,15.315315315315315,media-baja
2021,20220101_38026_D04_S003,38026_D04_S003,La Orotava,4,3,48167.0,16934.0,21226.0,15750.0,1.3476825396825396,2022,20220101_38026_D04_S003,2.7,21.9,19.3,3.8,52.3,20210101_38026_D04_S003,175.0,18.0,37.0,197.0,427.0,409.0,42.78728606356968,9.04645476772616,20210101_38026_D04_S003,12.0,29.0,22.0,0.0,364.0,427.0,85.24590163934427,11.943793911007026,media-alta
2021,20220101_38026_D04_S004,38026_D04_S004,La Orotava,4,4,29203.0,9832.0,13605.0,12250.0,1.1106122448979592,2022,20220101_38026_D04_S004,7.2,8.9,23.3,8.5,52.2,20210101_38026_D04_S004,60.0,4.0,28.0,167.0,259.0,255.0,23.529411764705884,10.980392156862745,20210101_38026_D04_S004,5.0,17.0,13.0,0.0,224.0,259.0,86.48648648648648,11.583011583011583,baja
2021,20220101_38026_D04_S005,38026_D04_S005,La Orotava,4,5,43667.0,15610.0,19652.0,16450.0,1.1946504559270517,2022,20220101_38026_D04_S005,3.2,17.1,17.5,4.8,57.4,20210101_38026_D04_S005,278.0,29.0,45.0,364.0,716.0,687.0,40.46579330422125,6.550218340611353,20210101_38026_D04_S005,12.0,35.0,29.0,0.0,640.0,716.0,89.3854748603352,8.938547486033519,media-baja
2021,20220101_38026_D05_S001,38026_D05_S001,La Orotava,5,1,30565.0,10540.0,14475.0,12950.0,1.1177606177606179,2022,20220101_38026_D05_S001,5.0,8.8,15.8,7.2,63.1,20210101_38026_D05_S001,145.0,22.0,126.0,441.0,734.0,712.0,20.365168539325843,17.696629213483146,20210101_38026_D05_S001,19.0,104.0,38.0,0.0,573.0,734.0,78.06539509536785,19.346049046321525,baja
2021,20220101_38026_D05_S002,38026_D05_S002,La Orotava,5,2,31020.0,10602.0,14537.0,13650.0,1.0649816849816849,2022,20220101_38026_D05_S002,5.1,10.5,20.6,6.6,57.2,20210101_38026_D05_S002,103.0,13.0,73.0,248.0,437.0,424.0,24.29245283018868,17.21698113207547,20210101_38026_D05_S002,13.0,55.0,24.0,1.0,344.0,436.0,78.89908256880734,18.119266055045873,baja
2021,20220101_38026_D05_S003,38026_D05_S003,La Orotava,5,3,29591.0,10385.0,14294.0,12950.0,1.1037837837837838,2022,20220101_38026_D05_S003,4.3,9.2,22.3,6.3,57.9,20210101_38026_D05_S003,147.0,18.0,120.0,412.0,697.0,679.0,21.649484536082475,17.673048600883654,20210101_38026_D05_S003,22.0,91.0,37.0,0.0,547.0,697.0,78.47919655667145,18.36441893830703,baja
2021,20220101_38026_D05_S004,38026_D05_S004,La Orotava,5,4,22409.0,8233.0,11505.0,10850.0,1.06036866359447,2022,20220101_38026_D05_S004,7.8,2.7,31.5,9.1,48.9,20210101_38026_D05_S004,46.0,4.0,78.0,213.0,341.0,337.0,13.649851632047477,23.14540059347181,20210101_38026_D05_S004,5.0,36.0,14.0,0.0,286.0,341.0,83.87096774193549,14.662756598240469,baja
2021,20220101_38026_D05_S005,38026_D05_S005,La Orotava,5,5,30050.0,10772.0,14925.0,13650.0,1.0934065934065933,2022,20220101_38026_D05_S005,5.1,8.1,13.2,7.3,66.3,20210101_38026_D05_S005,134.0,14.0,77.0,422.0,647.0,633.0,21.169036334913113,12.164296998420221,20210101_38026_D05_S005,9.0,73.0,43.0,0.0,522.0,647.0,80.68006182380216,17.928902627511594,baja
2021,20220101_38026_D06_S001,38026_D06_S001,La Orotava,6,1,26503.0,8909.0,12563.0,11550.0,1.0877056277056276,2022,20220101_38026_D06_S001,7.0,4.3,26.7,7.0,55.0,20210101_38026_D06_S001,22.0,7.0,77.0,181.0,287.0,280.0,7.857142857142857,27.5,20210101_38026_D06_S001,20.0,56.0,6.0,0.0,205.0,287.0,71.42857142857143,21.60278745644599,baja
2021,20220101_38026_D06_S002,38026_D06_S002,La Orotava,6,2,26617.0,9121.0,12783.0,12250.0,1.0435102040816326,2022,20220101_38026_D06_S002,5.4,6.2,24.7,7.3,56.5,20210101_38026_D06_S002,54.0,14.0,112.0,232.0,412.0,398.0,13.5678391959799,28.14070351758794,20210101_38026_D06_S002,15.0,75.0,18.0,0.0,304.0,412.0,73.7864077669903,22.57281553398058,baja
2021,20220101_38026_D06_S003,38026_D06_S003,La Orotava,6,3,26649.0,9308.0,12944.0,11550.0,1.1206926406926407,2022,20220101_38026_D06_S003,7.1,10.5,20.4,8.1,54.0,20210101_38026_D06_S003,76.0,17.0,104.0,372.0,569.0,552.0,13.768115942028986,18.840579710144926,20210101_38026_D06_S003,7.0,78.0,35.0,0.0,449.0,569.0,78.9103690685413,19.85940246045694,baja
2021,20220101_38026_D06_S004,38026_D06_S004,La Orotava,6,4,30136.0,8868.0,13064.0,12250.0,1.0664489795918368,2022,20220101_38026_D06_S004,6.5,9.2,19.0,7.0,58.3,20210101_38026_D06_S004,46.0,31.0,186.0,333.0,596.0,565.0,8.141592920353983,32.92035398230089,20210101_38026_D06_S004,75.0,142.0,26.0,3.0,350.0,593.0,59.02192242833052,28.33052276559865,baja
2021,20220101_38027_D01_S001,38027_D01_S001,El Paso,1,1,35370.0,12100.0,16663.0,15050.0,1.1071760797342192,2022,20220101_38027_D01_S001,4.8,14.6,17.2,5.7,57.8,20210101_38027_D01_S001,145.0,22.0,69.0,315.0,551.0,529.0,27.410207939508506,13.043478260869565,20210101_38027_D01_S001,29.0,70.0,32.0,1.0,419.0,550.0,76.18181818181819,18.545454545454547,media-baja
2021,20220101_38027_D02_S001,38027_D02_S001,El Paso,2,1,35386.0,12166.0,16396.0,14350.0,1.1425783972125436,2022,20220101_38027_D02_S001,3.9,15.9,18.2,5.7,56.2,20210101_38027_D02_S001,243.0,31.0,121.0,492.0,887.0,856.0,28.38785046728972,14.13551401869159,20210101_38027_D02_S001,57.0,65.0,39.0,2.0,724.0,885.0,81.80790960451978,11.751412429378531,media-baja
2021,20220101_38027_D03_S001,38027_D03_S001,El Paso,3,1,38049.0,12858.0,17251.0,14350.0,1.2021602787456447,2022,20220101_38027_D03_S001,3.7,19.5,21.1,4.0,51.7,20210101_38027_D03_S001,136.0,27.0,68.0,249.0,480.0,453.0,30.02207505518764,15.01103752759382,20210101_38027_D03_S001,42.0,46.0,18.0,4.0,370.0,476.0,77.73109243697479,13.445378151260504,media-baja
2021,20220101_38027_D03_S002,38027_D03_S002,El Paso,3,2,34559.0,13089.0,17019.0,14350.0,1.1859930313588851,2022,20220101_38027_D03_S002,3.4,22.5,20.5,4.9,48.8,20210101_38027_D03_S002,154.0,24.0,62.0,233.0,473.0,449.0,34.29844097995546,13.808463251670378,20210101_38027_D03_S002,28.0,48.0,22.0,1.0,374.0,472.0,79.23728813559322,14.830508474576272,media-baja
2021,20220101_38027_D04_S001,38027_D04_S001,El Paso,4,1,34775.0,12071.0,16757.0,14350.0,1.1677351916376306,2022,20220101_38027_D04_S001,5.7,18.7,19.1,4.2,52.3,20210101_38027_D04_S001,117.0,24.0,74.0,266.0,481.0,457.0,25.601750547045953,16.192560175054705,20210101_38027_D04_S001,63.0,54.0,25.0,0.0,339.0,481.0,70.47817047817048,16.424116424116423,media-baja
2021,20220101_38028_D01_S001,38028_D01_S001,Puerto de La Cruz,1,1,25978.0,13066.0,16009.0,12250.0,1.306857142857143,2022,20220101_38028_D01_S001,6.4,16.3,31.3,6.2,39.9,20210101_38028_D01_S001,104.0,9.0,32.0,149.0,294.0,285.0,36.49122807017544,11.228070175438596,20210101_38028_D01_S001,4.0,3.0,7.0,0.0,280.0,294.0,95.23809523809524,3.401360544217687,media-baja
2021,20220101_38028_D01_S002,38028_D01_S002,Puerto de La Cruz,1,2,24158.0,12665.0,14968.0,11550.0,1.295930735930736,2022,20220101_38028_D01_S002,4.7,16.9,28.8,6.8,42.8,20210101_38028_D01_S002,171.0,20.0,57.0,325.0,573.0,553.0,30.922242314647377,10.30741410488246,20210101_38028_D01_S002,12.0,17.0,13.0,0.0,531.0,573.0,92.67015706806282,5.2356020942408374,media-baja
2021,20220101_38028_D01_S003,38028_D01_S003,Puerto de La Cruz,1,3,38304.0,18958.0,22395.0,17850.0,1.2546218487394958,2022,20220101_38028_D01_S003,2.5,26.1,28.7,4.0,38.7,20210101_38028_D01_S003,414.0,38.0,39.0,456.0,947.0,909.0,45.54455445544554,4.29042904290429,20210101_38028_D01_S003,19.0,29.0,29.0,1.0,869.0,946.0,91.86046511627907,6.13107822410148,media-alta
2021,20220101_38028_D01_S004,38028_D01_S004,Puerto de La Cruz,1,4,43518.0,19122.0,22963.0,19250.0,1.1928831168831169,2022,20220101_38028_D01_S004,2.6,23.3,18.2,3.7,52.2,20210101_38028_D01_S004,423.0,28.0,36.0,348.0,835.0,807.0,52.41635687732342,4.4609665427509295,20210101_38028_D01_S004,7.0,39.0,22.0,1.0,766.0,834.0,91.84652278177458,7.314148681055156,media-alta
2021,20220101_38028_D02_S001,38028_D02_S001,Puerto de La Cruz,2,1,31693.0,16360.0,18667.0,14350.0,1.300836236933798,2022,20220101_38028_D02_S001,2.7,23.9,30.6,4.8,37.9,20210101_38028_D02_S001,112.0,14.0,20.0,163.0,309.0,295.0,37.96610169491525,6.779661016949152,20210101_38028_D02_S001,3.0,13.0,8.0,1.0,284.0,308.0,92.20779220779221,6.818181818181818,media-alta
2021,20220101_38028_D02_S002,38028_D02_S002,Puerto de La Cruz,2,2,29032.0,14058.0,17349.0,14350.0,1.2089895470383276,2022,20220101_38028_D02_S002,5.3,19.2,28.8,6.3,40.5,20210101_38028_D02_S002,77.0,8.0,22.0,110.0,217.0,209.0,36.8421052631579,10.526315789473685,20210101_38028_D02_S002,3.0,6.0,7.0,0.0,201.0,217.0,92.62672811059907,5.990783410138249,media-baja
2021,20220101_38028_D02_S003,38028_D02_S003,Puerto de La Cruz,2,3,38343.0,17562.0,20950.0,15750.0,1.33015873015873,2022,20220101_38028_D02_S003,2.8,25.0,18.8,4.7,48.7,20210101_38028_D02_S003,180.0,17.0,28.0,213.0,438.0,421.0,42.75534441805225,6.65083135391924,20210101_38028_D02_S003,9.0,14.0,17.0,0.0,398.0,438.0,90.8675799086758,7.077625570776256,media-alta
2021,20220101_38028_D02_S004,38028_D02_S004,Puerto de La Cruz,2,4,36818.0,14877.0,18630.0,15050.0,1.237873754152824,2022,20220101_38028_D02_S004,3.5,16.7,22.9,5.1,51.7,20210101_38028_D02_S004,345.0,29.0,71.0,381.0,826.0,797.0,43.28732747804266,8.90840652446675,20210101_38028_D02_S004,7.0,31.0,19.0,0.0,769.0,826.0,93.09927360774819,6.053268765133172,media-baja
2021,20220101_38028_D02_S005,38028_D02_S005,Puerto de La Cruz,2,5,35444.0,12193.0,16267.0,13650.0,1.1917216117216116,2022,20220101_38028_D02_S005,4.8,10.5,20.7,7.8,56.3,20210101_38028_D02_S005,176.0,17.0,92.0,381.0,666.0,649.0,27.11864406779661,14.175654853620955,20210101_38028_D02_S005,8.0,25.0,27.0,0.0,606.0,666.0,90.990990990991,7.807807807807808,media-baja
2021,20220101_38028_D03_S001,38028_D03_S001,Puerto de La Cruz,3,1,30969.0,13286.0,16322.0,14350.0,1.1374216027874564,2022,20220101_38028_D03_S001,4.6,15.0,29.4,6.9,44.2,20210101_38028_D03_S001,112.0,7.0,33.0,178.0,330.0,323.0,34.6749226006192,10.21671826625387,20210101_38028_D03_S001,2.0,13.0,9.0,0.0,306.0,330.0,92.72727272727273,6.666666666666667,media-baja
2021,20220101_38028_D03_S002,38028_D03_S002,Puerto de La Cruz,3,2,28347.0,12767.0,15888.0,14350.0,1.107177700348432,2022,20220101_38028_D03_S002,3.8,11.2,36.2,7.0,41.9,20210101_38028_D03_S002,95.0,7.0,42.0,202.0,346.0,339.0,28.023598820058996,12.389380530973451,20210101_38028_D03_S002,5.0,17.0,16.0,0.0,308.0,346.0,89.01734104046243,9.53757225433526,media-baja
2021,20220101_38028_D03_S003,38028_D03_S003,Puerto de La Cruz,3,3,24463.0,10813.0,13979.0,12950.0,1.0794594594594595,2022,20220101_38028_D03_S003,6.5,4.3,29.8,9.2,50.3,20210101_38028_D03_S003,53.0,13.0,46.0,182.0,294.0,281.0,18.86120996441281,16.370106761565836,20210101_38028_D03_S003,0.0,5.0,16.0,0.0,273.0,294.0,92.85714285714286,7.142857142857143,baja
2021,20220101_38028_D03_S004,38028_D03_S004,Puerto de La Cruz,3,4,28393.0,12872.0,15935.0,14350.0,1.1104529616724739,2022,20220101_38028_D03_S004,4.5,13.2,28.9,6.9,46.5,20210101_38028_D03_S004,147.0,18.0,47.0,263.0,475.0,457.0,32.16630196936543,10.284463894967177,20210101_38028_D03_S004,8.0,21.0,12.0,0.0,434.0,475.0,91.36842105263158,6.947368421052632,media-baja
2021,20220101_38028_D03_S005,38028_D03_S005,Puerto de La Cruz,3,5,30286.0,11703.0,15439.0,14350.0,1.0758885017421602,2022,20220101_38028_D03_S005,5.2,6.1,35.5,7.6,45.6,20210101_38028_D03_S005,74.0,7.0,60.0,242.0,383.0,376.0,19.680851063829788,15.957446808510639,20210101_38028_D03_S005,0.0,19.0,14.0,0.0,350.0,383.0,91.38381201044386,8.616187989556137,baja
2021,20220101_38028_D03_S006,38028_D03_S006,Puerto de La Cruz,3,6,26775.0,12029.0,15437.0,14350.0,1.0757491289198606,2022,20220101_38028_D03_S006,6.9,5.6,37.9,7.4,42.3,20210101_38028_D03_S006,79.0,16.0,53.0,224.0,372.0,356.0,22.191011235955056,14.887640449438202,20210101_38028_D03_S006,6.0,9.0,12.0,0.0,345.0,372.0,92.74193548387096,5.645161290322581,media-baja
2021,20220101_38028_D04_S001,38028_D04_S001,Puerto de La Cruz,4,1,31796.0,12237.0,16228.0,15050.0,1.0782724252491693,2022,20220101_38028_D04_S001,5.2,11.8,28.3,6.7,48.1,20210101_38028_D04_S001,93.0,19.0,62.0,272.0,446.0,427.0,21.779859484777518,14.519906323185012,20210101_38028_D04_S001,5.0,28.0,17.0,0.0,396.0,446.0,88.78923766816143,10.089686098654708,media-baja
2021,20220101_38028_D04_S002,38028_D04_S002,Puerto de La Cruz,4,2,27493.0,9281.0,13079.0,12250.0,1.0676734693877552,2022,20220101_38028_D04_S002,7.9,4.7,25.1,10.1,52.2,20210101_38028_D04_S002,75.0,15.0,68.0,208.0,366.0,351.0,21.367521367521366,19.373219373219374,20210101_38028_D04_S002,13.0,22.0,10.0,0.0,321.0,366.0,87.70491803278688,8.743169398907105,baja
2021,20220101_38028_D04_S003,38028_D04_S003,Puerto de La Cruz,4,3,31012.0,10657.0,14476.0,12950.0,1.1178378378378377,2022,20220101_38028_D04_S003,5.2,11.7,22.2,8.7,52.2,20210101_38028_D04_S003,121.0,16.0,122.0,451.0,710.0,694.0,17.435158501440924,17.579250720461093,20210101_38028_D04_S003,13.0,34.0,26.0,0.0,637.0,710.0,89.71830985915493,8.450704225352112,baja
2021,20220101_38028_D04_S004,38028_D04_S004,Puerto de La Cruz,4,4,33631.0,12323.0,16339.0,14350.0,1.1386062717770036,2022,20220101_38028_D04_S004,6.0,14.0,22.1,6.3,51.6,20210101_38028_D04_S004,205.0,18.0,53.0,284.0,560.0,542.0,37.82287822878229,9.77859778597786,20210101_38028_D04_S004,13.0,28.0,15.0,1.0,503.0,559.0,89.98211091234347,7.6923076923076925,media-baja
2021,20220101_38028_D04_S005,38028_D04_S005,Puerto de La Cruz,4,5,26271.0,9232.0,12895.0,11550.0,1.1164502164502164,2022,20220101_38028_D04_S005,8.3,3.9,28.6,10.6,48.6,20210101_38028_D04_S005,25.0,5.0,43.0,125.0,198.0,193.0,12.953367875647668,22.27979274611399,20210101_38028_D04_S005,6.0,14.0,12.0,0.0,166.0,198.0,83.83838383838383,13.131313131313131,baja
2021,20220101_38029_D01_S001,38029_D01_S001,Puntagorda,1,1,24503.0,8732.0,12216.0,10500.0,1.1634285714285715,2022,20220101_38029_D01_S001,4.1,17.7,20.4,6.0,51.9,20210101_38029_D01_S001,72.0,17.0,68.0,193.0,350.0,333.0,21.62162162162162,20.42042042042042,20210101_38029_D01_S001,35.0,57.0,23.0,0.0,235.0,350.0,67.14285714285714,22.857142857142858,baja
2021,20220101_38029_D01_S002,38029_D01_S002,Puntagorda,1,2,28245.0,9592.0,13350.0,11550.0,1.155844155844156,2022,20220101_38029_D01_S002,3.6,15.5,21.0,5.3,54.6,20210101_38029_D01_S002,83.0,26.0,45.0,200.0,354.0,328.0,25.304878048780488,13.71951219512195,20210101_38029_D01_S002,37.0,38.0,19.0,3.0,257.0,351.0,73.21937321937322,16.23931623931624,baja
2021,20220101_38030_D01_S001,38030_D01_S001,Puntallana,1,1,35297.0,12907.0,17026.0,15050.0,1.131295681063123,2022,20220101_38030_D01_S001,4.1,13.4,19.3,3.9,59.4,20210101_38030_D01_S001,133.0,24.0,106.0,300.0,563.0,539.0,24.675324675324674,19.666048237476808,20210101_38030_D01_S001,40.0,66.0,22.0,0.0,435.0,563.0,77.26465364120781,15.630550621669627,media-baja
2021,20220101_38030_D01_S002,38030_D01_S002,Puntallana,1,2,36965.0,13014.0,17706.0,15750.0,1.1241904761904762,2022,20220101_38030_D01_S002,2.9,14.1,23.6,3.1,56.4,20210101_38030_D01_S002,126.0,22.0,53.0,226.0,427.0,405.0,31.11111111111111,13.08641975308642,20210101_38030_D01_S002,55.0,27.0,29.0,1.0,315.0,426.0,73.94366197183099,13.145539906103286,media-baja
2021,20220101_38031_D01_S001,38031_D01_S001,Los Realejos,1,1,29809.0,10509.0,14571.0,13650.0,1.0674725274725274,2022,20220101_38031_D01_S001,4.4,10.0,23.0,7.5,55.1,20210101_38031_D01_S001,78.0,7.0,60.0,200.0,345.0,338.0,23.076923076923077,17.75147928994083,20210101_38031_D01_S001,12.0,28.0,17.0,0.0,288.0,345.0,83.47826086956522,13.043478260869565,baja
2021,20220101_38031_D01_S002,38031_D01_S002,Los Realejos,1,2,37453.0,12945.0,17079.0,14350.0,1.1901742160278745,2022,20220101_38031_D01_S002,4.0,18.8,16.0,6.3,54.9,20210101_38031_D01_S002,240.0,35.0,98.0,529.0,902.0,867.0,27.68166089965398,11.303344867358708,20210101_38031_D01_S002,12.0,59.0,58.0,1.0,772.0,901.0,85.68257491675915,12.985571587125417,media-baja
2021,20220101_38031_D01_S003,38031_D01_S003,Los Realejos,1,3,31942.0,11878.0,15578.0,14350.0,1.085574912891986,2022,20220101_38031_D01_S003,4.2,10.1,18.1,7.2,60.4,20210101_38031_D01_S003,244.0,25.0,80.0,457.0,806.0,781.0,31.241997439180537,10.243277848911651,20210101_38031_D01_S003,8.0,61.0,42.0,0.0,695.0,806.0,86.22828784119106,12.779156327543424,baja
2021,20220101_38031_D01_S004,38031_D01_S004,Los Realejos,1,4,30184.0,11680.0,15165.0,13650.0,1.110989010989011,2022,20220101_38031_D01_S004,4.5,8.3,19.8,7.6,59.8,20210101_38031_D01_S004,249.0,20.0,122.0,569.0,960.0,940.0,26.48936170212766,12.97872340425532,20210101_38031_D01_S004,14.0,58.0,39.0,0.0,849.0,960.0,88.4375,10.104166666666666,baja
2021,20220101_38031_D01_S005,38031_D01_S005,Los Realejos,1,5,30798.0,10510.0,14433.0,12950.0,1.1145173745173744,2022,20220101_38031_D01_S005,4.3,9.3,19.6,7.5,59.3,20210101_38031_D01_S005,154.0,22.0,106.0,426.0,708.0,686.0,22.448979591836736,15.451895043731778,20210101_38031_D01_S005,10.0,66.0,40.0,1.0,591.0,707.0,83.5926449787836,14.992927864214993,baja
2021,20220101_38031_D01_S006,38031_D01_S006,Los Realejos,1,6,29525.0,11678.0,15112.0,13650.0,1.107106227106227,2022,20220101_38031_D01_S006,3.4,11.0,16.9,7.3,61.5,20210101_38031_D01_S006,119.0,16.0,61.0,301.0,497.0,481.0,24.74012474012474,12.681912681912682,20210101_38031_D01_S006,9.0,35.0,25.0,0.0,428.0,497.0,86.11670020120724,12.072434607645874,baja
2021,20220101_38031_D01_S007,38031_D01_S007,Los Realejos,1,7,29218.0,9516.0,13631.0,12950.0,1.0525868725868726,2022,20220101_38031_D01_S007,4.8,6.2,22.1,8.6,58.4,20210101_38031_D01_S007,81.0,4.0,71.0,246.0,402.0,398.0,20.35175879396985,17.839195979899497,20210101_38031_D01_S007,8.0,66.0,23.0,0.0,305.0,402.0,75.87064676616916,22.139303482587064,baja
2021,20220101_38031_D01_S008,38031_D01_S008,Los Realejos,1,8,32759.0,12014.0,15903.0,13650.0,1.165054945054945,2022,20220101_38031_D01_S008,3.6,12.3,14.4,7.1,62.6,20210101_38031_D01_S008,165.0,17.0,76.0,372.0,630.0,613.0,26.916802610114193,12.398042414355627,20210101_38031_D01_S008,10.0,38.0,33.0,2.0,547.0,628.0,87.10191082802548,11.305732484076433,media-baja
2021,20220101_38031_D02_S001,38031_D02_S001,Los Realejos,2,1,30915.0,11501.0,15236.0,13650.0,1.1161904761904762,2022,20220101_38031_D02_S001,4.2,10.7,23.5,7.0,54.6,20210101_38031_D02_S001,210.0,16.0,83.0,367.0,676.0,660.0,31.818181818181817,12.575757575757576,20210101_38031_D02_S001,12.0,53.0,37.0,0.0,574.0,676.0,84.91124260355029,13.31360946745562,baja
2021,20220101_38031_D02_S002,38031_D02_S002,Los Realejos,2,2,35321.0,11806.0,16111.0,15050.0,1.0704983388704319,2022,20220101_38031_D02_S002,4.0,8.8,18.7,6.4,62.1,20210101_38031_D02_S002,139.0,17.0,70.0,324.0,550.0,533.0,26.078799249530956,13.133208255159476,20210101_38031_D02_S002,9.0,62.0,39.0,0.0,440.0,550.0,80.0,18.363636363636363,baja
2021,20220101_38031_D02_S003,38031_D02_S003,Los Realejos,2,3,30327.0,9561.0,13517.0,12250.0,1.1034285714285714,2022,20220101_38031_D02_S003,5.9,5.8,24.2,8.8,55.4,20210101_38031_D02_S003,87.0,11.0,89.0,316.0,503.0,492.0,17.682926829268293,18.089430894308943,20210101_38031_D02_S003,15.0,62.0,29.0,0.0,397.0,503.0,78.92644135188867,18.09145129224652,baja
2021,20220101_38031_D03_S001,38031_D03_S001,Los Realejos,3,1,30883.0,10382.0,14355.0,12950.0,1.1084942084942084,2022,20220101_38031_D03_S001,5.2,10.2,21.4,7.1,56.1,20210101_38031_D03_S001,103.0,16.0,79.0,360.0,558.0,542.0,19.00369003690037,14.575645756457565,20210101_38031_D03_S001,14.0,59.0,30.0,1.0,454.0,557.0,81.50807899461401,15.978456014362656,baja
2021,20220101_38031_D03_S002,38031_D03_S002,Los Realejos,3,2,32223.0,10396.0,14498.0,13650.0,1.0621245421245422,2022,20220101_38031_D03_S002,3.9,9.3,23.0,8.1,55.7,20210101_38031_D03_S002,68.0,12.0,77.0,248.0,405.0,393.0,17.302798982188296,19.59287531806616,20210101_38031_D03_S002,15.0,39.0,26.0,0.0,325.0,405.0,80.24691358024691,16.049382716049383,baja
2021,20220101_38031_D03_S003,38031_D03_S003,Los Realejos,3,3,27245.0,9294.0,12994.0,12250.0,1.060734693877551,2022,20220101_38031_D03_S003,6.7,5.3,24.0,9.1,55.0,20210101_38031_D03_S003,86.0,10.0,103.0,307.0,506.0,496.0,17.338709677419356,20.766129032258064,20210101_38031_D03_S003,18.0,41.0,16.0,0.0,431.0,506.0,85.17786561264822,11.264822134387352,baja
2021,20220101_38031_D03_S004,38031_D03_S004,Los Realejos,3,4,35484.0,12557.0,16553.0,15050.0,1.0998671096345516,2022,20220101_38031_D03_S004,3.6,11.0,18.1,6.0,61.3,20210101_38031_D03_S004,156.0,14.0,37.0,297.0,504.0,490.0,31.836734693877553,7.551020408163265,20210101_38031_D03_S004,11.0,17.0,18.0,0.0,458.0,504.0,90.87301587301587,6.944444444444445,media-baja
2021,20220101_38031_D03_S005,38031_D03_S005,Los Realejos,3,5,30733.0,10415.0,14486.0,13650.0,1.0612454212454212,2022,20220101_38031_D03_S005,4.8,8.9,25.5,7.7,53.1,20210101_38031_D03_S005,123.0,19.0,69.0,363.0,574.0,555.0,22.16216216216216,12.432432432432432,20210101_38031_D03_S005,19.0,47.0,23.0,0.0,485.0,574.0,84.49477351916376,12.195121951219512,baja
2021,20220101_38031_D04_S001,38031_D04_S001,Los Realejos,4,1,27281.0,11434.0,14825.0,13650.0,1.086080586080586,2022,20220101_38031_D04_S001,4.5,10.7,20.3,9.8,54.7,20210101_38031_D04_S001,141.0,20.0,75.0,334.0,570.0,550.0,25.636363636363637,13.636363636363637,20210101_38031_D04_S001,7.0,37.0,16.0,0.0,510.0,570.0,89.47368421052632,9.298245614035087,baja
2021,20220101_38031_D04_S002,38031_D04_S002,Los Realejos,4,2,35063.0,14486.0,18267.0,14350.0,1.2729616724738675,2022,20220101_38031_D04_S002,2.8,15.8,15.1,5.7,60.5,20210101_38031_D04_S002,218.0,33.0,50.0,383.0,684.0,651.0,33.48694316436252,7.680491551459293,20210101_38031_D04_S002,7.0,36.0,27.0,0.0,614.0,684.0,89.76608187134502,9.210526315789474,media-baja
2021,20220101_38031_D04_S003,38031_D04_S003,Los Realejos,4,3,41719.0,16507.0,21101.0,17500.0,1.2057714285714285,2022,20220101_38031_D04_S003,3.0,18.0,24.0,3.7,51.3,20210101_38031_D04_S003,194.0,16.0,40.0,225.0,475.0,459.0,42.265795206971674,8.714596949891067,20210101_38031_D04_S003,7.0,27.0,20.0,0.0,421.0,475.0,88.63157894736842,9.894736842105264,media-alta
2021,20220101_38031_D04_S004,38031_D04_S004,Los Realejos,4,4,26236.0,10982.0,14422.0,12250.0,1.1773061224489796,2022,20220101_38031_D04_S004,4.4,13.7,22.4,7.9,51.6,20210101_38031_D04_S004,125.0,18.0,65.0,307.0,515.0,497.0,25.150905432595575,13.078470824949699,20210101_38031_D04_S004,16.0,24.0,15.0,0.0,460.0,515.0,89.32038834951456,7.572815533980583,baja
2021,20220101_38031_D05_S001,38031_D05_S001,Los Realejos,5,1,31839.0,9500.0,13776.0,12950.0,1.0637837837837838,2022,20220101_38031_D05_S001,5.5,4.1,28.2,9.7,52.5,20210101_38031_D05_S001,46.0,12.0,103.0,194.0,355.0,343.0,13.411078717201166,30.02915451895044,20210101_38031_D05_S001,16.0,76.0,12.0,0.0,251.0,355.0,70.70422535211267,24.788732394366196,baja
2021,20220101_38031_D05_S002,38031_D05_S002,Los Realejos,5,2,29851.0,9429.0,13865.0,13650.0,1.0157509157509157,2022,20220101_38031_D05_S002,6.7,3.8,27.1,10.3,52.2,20210101_38031_D05_S002,38.0,12.0,126.0,211.0,387.0,375.0,10.133333333333333,33.6,20210101_38031_D05_S002,43.0,90.0,18.0,0.0,236.0,387.0,60.98191214470284,27.906976744186046,baja
2021,20220101_38031_D05_S003,38031_D05_S003,Los Realejos,5,3,29562.0,9077.0,13363.0,13650.0,0.978974358974359,2022,20220101_38031_D05_S003,6.1,5.0,23.2,12.0,53.7,20210101_38031_D05_S003,32.0,13.0,94.0,173.0,312.0,299.0,10.702341137123746,31.438127090301002,20210101_38031_D05_S003,22.0,61.0,14.0,1.0,214.0,311.0,68.81028938906752,24.115755627009648,baja
2021,20220101_38031_D06_S001,38031_D06_S001,Los Realejos,6,1,31384.0,9087.0,13297.0,12250.0,1.085469387755102,2022,20220101_38031_D06_S001,8.1,7.3,22.1,6.7,55.9,20210101_38031_D06_S001,41.0,8.0,105.0,246.0,400.0,392.0,10.459183673469388,26.785714285714285,20210101_38031_D06_S001,22.0,102.0,22.0,0.0,254.0,400.0,63.5,31.0,baja
2021,20220101_38031_D06_S002,38031_D06_S002,Los Realejos,6,2,32151.0,8683.0,13127.0,12950.0,1.0136679536679536,2022,20220101_38031_D06_S002,7.5,7.5,22.4,8.2,54.3,20210101_38031_D06_S002,51.0,17.0,125.0,319.0,512.0,495.0,10.303030303030303,25.252525252525253,20210101_38031_D06_S002,56.0,118.0,21.0,1.0,316.0,511.0,61.839530332681015,27.201565557729943,baja
2021,20220101_38032_D01_S001,38032_D01_S001,El Rosario,1,1,43289.0,15107.0,19622.0,16450.0,1.1928267477203647,2022,20220101_38032_D01_S001,4.2,12.6,18.3,3.5,61.5,20210101_38032_D01_S001,116.0,7.0,46.0,168.0,337.0,330.0,35.15151515151515,13.93939393939394,20210101_38032_D01_S001,3.0,21.0,21.0,0.0,292.0,337.0,86.64688427299703,12.462908011869436,media-baja
2021,20220101_38032_D01_S002,38032_D01_S002,El Rosario,1,2,38462.0,12491.0,17050.0,15750.0,1.0825396825396825,2022,20220101_38032_D01_S002,3.8,9.3,23.4,4.9,58.6,20210101_38032_D01_S002,53.0,5.0,37.0,136.0,231.0,226.0,23.451327433628318,16.371681415929203,20210101_38032_D01_S002,4.0,8.0,31.0,0.0,188.0,231.0,81.38528138528139,16.883116883116884,media-baja
2021,20220101_38032_D01_S003,38032_D01_S003,El Rosario,1,3,43559.0,14614.0,18946.0,16450.0,1.1517325227963526,2022,20220101_38032_D01_S003,2.9,11.8,20.1,3.6,61.6,20210101_38032_D01_S003,245.0,21.0,106.0,364.0,736.0,715.0,34.26573426573427,14.825174825174825,20210101_38032_D01_S003,12.0,48.0,49.0,0.0,627.0,736.0,85.19021739130434,13.179347826086957,media-baja
2021,20220101_38032_D01_S004,38032_D01_S004,El Rosario,1,4,46709.0,21421.0,24811.0,22050.0,1.1252154195011337,2022,20220101_38032_D01_S004,2.7,14.4,10.6,3.0,69.2,20210101_38032_D01_S004,425.0,25.0,44.0,406.0,900.0,875.0,48.57142857142857,5.0285714285714285,20210101_38032_D01_S004,0.0,40.0,37.0,0.0,823.0,900.0,91.44444444444444,8.555555555555555,alta
2021,20220101_38032_D01_S005,38032_D01_S005,El Rosario,1,5,35348.0,12078.0,15903.0,14700.0,1.0818367346938775,2022,20220101_38032_D01_S005,4.6,6.4,28.2,5.6,55.2,20210101_38032_D01_S005,60.0,8.0,54.0,172.0,294.0,286.0,20.97902097902098,18.88111888111888,20210101_38032_D01_S005,2.0,24.0,23.0,0.0,245.0,294.0,83.33333333333333,15.986394557823129,media-baja
2021,20220101_38032_D01_S006,38032_D01_S006,El Rosario,1,6,56077.0,21980.0,26016.0,24150.0,1.0772670807453417,2022,20220101_38032_D01_S006,2.9,15.5,12.1,2.7,66.8,20210101_38032_D01_S006,527.0,33.0,25.0,334.0,919.0,886.0,59.480812641083524,2.8216704288939054,20210101_38032_D01_S006,6.0,31.0,37.0,0.0,845.0,919.0,91.94776931447225,7.399347116430903,alta
2021,20220101_38032_D01_S007,38032_D01_S007,El Rosario,1,7,43197.0,13205.0,18258.0,16450.0,1.1099088145896656,2022,20220101_38032_D01_S007,4.6,10.6,20.6,3.7,60.5,20210101_38032_D01_S007,173.0,21.0,65.0,388.0,647.0,626.0,27.635782747603834,10.383386581469649,20210101_38032_D01_S007,5.0,43.0,52.0,0.0,547.0,647.0,84.54404945904173,14.683153013910356,media-baja
2021,20220101_38032_D01_S008,38032_D01_S008,El Rosario,1,8,62105.0,20920.0,26115.0,24150.0,1.0813664596273291,2022,20220101_38032_D01_S008,2.6,13.3,19.0,2.5,62.7,20210101_38032_D01_S008,377.0,24.0,19.0,297.0,717.0,693.0,54.4011544011544,2.7417027417027415,20210101_38032_D01_S008,4.0,35.0,25.0,0.0,653.0,717.0,91.07391910739192,8.368200836820083,alta
2021,20220101_38032_D01_S009,38032_D01_S009,El Rosario,1,9,46169.0,13863.0,18671.0,17850.0,1.0459943977591037,2022,20220101_38032_D01_S009,3.9,11.7,21.6,3.8,59.1,20210101_38032_D01_S009,94.0,12.0,51.0,163.0,320.0,308.0,30.51948051948052,16.558441558441558,20210101_38032_D01_S009,3.0,25.0,14.0,0.0,278.0,320.0,86.875,12.1875,media-baja
2021,20220101_38032_D01_S010,38032_D01_S010,El Rosario,1,10,40938.0,13712.0,18118.0,16450.0,1.1013981762917933,2022,20220101_38032_D01_S010,3.7,9.1,23.8,4.3,59.1,20210101_38032_D01_S010,175.0,19.0,99.0,343.0,636.0,617.0,28.363047001620746,16.045380875202593,20210101_38032_D01_S010,10.0,48.0,70.0,0.0,508.0,636.0,79.87421383647799,18.553459119496857,media-baja
2021,20220101_38032_D01_S011,38032_D01_S011,El Rosario,1,11,59218.0,21553.0,26454.0,23450.0,1.1281023454157784,2022,20220101_38032_D01_S011,2.7,18.2,8.8,2.2,68.1,20210101_38032_D01_S011,413.0,30.0,34.0,323.0,800.0,770.0,53.63636363636363,4.415584415584416,20210101_38032_D01_S011,4.0,53.0,38.0,0.0,705.0,800.0,88.125,11.375,alta
2021,20220101_38032_D01_S012,38032_D01_S012,El Rosario,1,12,72897.0,27638.0,31809.0,27650.0,1.1504159132007232,2022,20220101_38032_D01_S012,2.0,22.0,13.2,1.9,60.9,20210101_38032_D01_S012,390.0,26.0,14.0,211.0,641.0,615.0,63.41463414634146,2.2764227642276422,20210101_38032_D01_S012,4.0,28.0,27.0,0.0,582.0,641.0,90.795631825273,8.580343213728549,alta
2021,20220101_38032_D01_S013,38032_D01_S013,El Rosario,1,13,56548.0,19977.0,24855.0,21350.0,1.1641686182669788,2022,20220101_38032_D01_S013,2.7,15.1,11.6,2.9,67.8,20210101_38032_D01_S013,244.0,17.0,35.0,168.0,464.0,447.0,54.58612975391499,7.829977628635347,20210101_38032_D01_S013,1.0,18.0,34.0,0.0,411.0,464.0,88.57758620689656,11.206896551724139,media-alta
2021,20220101_38033_D01_S001,38033_D01_S001,San Andrés y Sauces,1,1,36130.0,13301.0,17400.0,15750.0,1.1047619047619048,2022,20220101_38033_D01_S001,3.1,19.7,22.2,3.1,52.0,20210101_38033_D01_S001,117.0,27.0,71.0,272.0,487.0,460.0,25.434782608695652,15.434782608695652,20210101_38033_D01_S001,62.0,40.0,33.0,0.0,352.0,487.0,72.27926078028747,14.989733059548255,media-baja
2021,20220101_38033_D01_S002,38033_D01_S002,San Andrés y Sauces,1,2,35615.0,13116.0,17041.0,15050.0,1.1322923588039868,2022,20220101_38033_D01_S002,3.3,21.5,16.8,2.9,55.6,20210101_38033_D01_S002,64.0,16.0,39.0,164.0,283.0,267.0,23.970037453183522,14.606741573033707,20210101_38033_D01_S002,36.0,16.0,18.0,2.0,211.0,281.0,75.08896797153025,12.099644128113878,media-baja
2021,20220101_38033_D01_S003,38033_D01_S003,San Andrés y Sauces,1,3,35870.0,12936.0,17100.0,15050.0,1.1362126245847175,2022,20220101_38033_D01_S003,4.3,19.6,22.8,2.3,50.9,20210101_38033_D01_S003,128.0,40.0,78.0,296.0,542.0,502.0,25.49800796812749,15.53784860557769,20210101_38033_D01_S003,69.0,41.0,51.0,4.0,377.0,538.0,70.07434944237919,17.100371747211895,media-baja
2021,20220101_38033_D02_S001,38033_D02_S001,San Andrés y Sauces,2,1,37344.0,13258.0,17574.0,15750.0,1.1158095238095238,2022,20220101_38033_D02_S001,4.5,16.5,26.0,2.6,50.4,20210101_38033_D02_S001,101.0,44.0,78.0,258.0,481.0,437.0,23.112128146453088,17.848970251716246,20210101_38033_D02_S001,77.0,36.0,31.0,4.0,333.0,477.0,69.81132075471699,14.046121593291405,media-baja
2021,20220101_38034_D01_S001,38034_D01_S001,San Juan de la Rambla,1,1,39348.0,14318.0,18869.0,15750.0,1.198031746031746,2022,20220101_38034_D01_S001,4.3,14.3,25.3,4.1,52.1,20210101_38034_D01_S001,180.0,10.0,67.0,212.0,469.0,459.0,39.21568627450981,14.596949891067538,20210101_38034_D01_S001,23.0,27.0,15.0,0.0,404.0,469.0,86.1407249466951,8.955223880597014,media-baja
2021,20220101_38034_D01_S002,38034_D01_S002,San Juan de la Rambla,1,2,28002.0,10144.0,14282.0,12950.0,1.1028571428571428,2022,20220101_38034_D01_S002,5.3,7.0,15.8,7.8,64.1,20210101_38034_D01_S002,123.0,20.0,129.0,397.0,669.0,649.0,18.952234206471495,19.87673343605547,20210101_38034_D01_S002,41.0,71.0,26.0,0.0,531.0,669.0,79.37219730941705,14.499252615844544,baja
2021,20220101_38034_D01_S003,38034_D01_S003,San Juan de la Rambla,1,3,26300.0,9449.0,13234.0,12950.0,1.0219305019305018,2022,20220101_38034_D01_S003,5.3,5.9,23.0,8.7,57.1,20210101_38034_D01_S003,39.0,7.0,50.0,142.0,238.0,231.0,16.883116883116884,21.645021645021647,20210101_38034_D01_S003,18.0,42.0,11.0,1.0,166.0,237.0,70.042194092827,22.362869198312236,baja
2021,20220101_38034_D01_S004,38034_D01_S004,San Juan de la Rambla,1,4,25904.0,9733.0,13319.0,12950.0,1.0284942084942086,2022,20220101_38034_D01_S004,5.5,8.2,16.9,10.3,59.1,20210101_38034_D01_S004,48.0,22.0,87.0,247.0,404.0,382.0,12.565445026178011,22.774869109947645,20210101_38034_D01_S004,29.0,74.0,17.0,0.0,284.0,404.0,70.29702970297029,22.524752475247524,baja
2021,20220101_38035_D01_S001,38035_D01_S001,San Miguel de Abona,1,1,34135.0,11733.0,18155.0,16450.0,1.1036474164133738,2022,20220101_38035_D01_S001,3.9,7.5,20.5,8.9,59.2,20210101_38035_D01_S001,236.0,22.0,123.0,512.0,893.0,871.0,27.09529276693456,14.121699196326063,20210101_38035_D01_S001,23.0,70.0,47.0,0.0,753.0,893.0,84.32250839865621,13.101903695408735,baja
2021,20220101_38035_D01_S002,38035_D01_S002,San Miguel de Abona,1,2,32893.0,11086.0,15322.0,14350.0,1.0677351916376308,2022,20220101_38035_D01_S002,3.7,13.4,17.9,9.9,55.1,20210101_38035_D01_S002,141.0,31.0,122.0,428.0,722.0,691.0,20.40520984081042,17.655571635311144,20210101_38035_D01_S002,24.0,57.0,38.0,0.0,603.0,722.0,83.5180055401662,13.157894736842104,baja
2021,20220101_38035_D01_S003,38035_D01_S003,San Miguel de Abona,1,3,37313.0,12275.0,16688.0,15050.0,1.1088372093023255,2022,20220101_38035_D01_S003,3.8,15.4,15.9,9.3,55.7,20210101_38035_D01_S003,159.0,33.0,133.0,556.0,881.0,848.0,18.75,15.683962264150944,20210101_38035_D01_S003,24.0,49.0,58.0,0.0,750.0,881.0,85.1305334846765,12.145289443813848,media-baja
2021,20220101_38035_D01_S004,38035_D01_S004,San Miguel de Abona,1,4,21785.0,8875.0,12326.0,10850.0,1.136036866359447,2022,20220101_38035_D01_S004,3.2,14.8,15.6,12.6,53.8,20210101_38035_D01_S004,423.0,65.0,250.0,1230.0,1968.0,1903.0,22.228060956384656,13.137151865475564,20210101_38035_D01_S004,34.0,120.0,52.0,1.0,1761.0,1967.0,89.52719877986782,8.744280630401628,baja
2021,20220101_38035_D01_S005,38035_D01_S005,San Miguel de Abona,1,5,34321.0,11365.0,15638.0,13650.0,1.1456410256410257,2022,20220101_38035_D01_S005,4.0,18.7,16.4,8.9,52.0,20210101_38035_D01_S005,72.0,9.0,72.0,212.0,365.0,356.0,20.224719101123597,20.224719101123597,20210101_38035_D01_S005,10.0,26.0,33.0,0.0,296.0,365.0,81.0958904109589,16.164383561643834,baja
2021,20220101_38035_D01_S006,38035_D01_S006,San Miguel de Abona,1,6,25587.0,9262.0,12781.0,12250.0,1.04334693877551,2022,20220101_38035_D01_S006,5.1,9.0,10.1,16.7,59.0,20210101_38035_D01_S006,70.0,22.0,143.0,373.0,608.0,586.0,11.945392491467576,24.40273037542662,20210101_38035_D01_S006,23.0,44.0,22.0,0.0,519.0,608.0,85.36184210526316,10.855263157894736,baja
2021,20220101_38035_D01_S007,38035_D01_S007,San Miguel de Abona,1,7,34435.0,11663.0,15929.0,14350.0,1.1100348432055749,2022,20220101_38035_D01_S007,3.7,11.3,5.9,11.7,67.4,20210101_38035_D01_S007,221.0,41.0,99.0,526.0,887.0,846.0,26.12293144208038,11.702127659574469,20210101_38035_D01_S007,13.0,48.0,30.0,0.0,796.0,887.0,89.74069898534385,8.793686583990981,baja
2021,20220101_38035_D01_S008,38035_D01_S008,San Miguel de Abona,1,8,35410.0,12340.0,16586.0,14350.0,1.1558188153310105,2022,20220101_38035_D01_S008,2.7,16.9,6.8,9.8,63.8,20210101_38035_D01_S008,264.0,28.0,105.0,614.0,1011.0,983.0,26.856561546286876,10.681586978636826,20210101_38035_D01_S008,16.0,43.0,32.0,0.0,920.0,1011.0,90.99901088031652,7.4183976261127595,media-baja
2021,20220101_38035_D01_S009,38035_D01_S009,San Miguel de Abona,1,9,25038.0,9084.0,12776.0,11550.0,1.106147186147186,2022,20220101_38035_D01_S009,4.5,8.3,11.4,14.5,61.3,20210101_38035_D01_S009,110.0,18.0,203.0,504.0,835.0,817.0,13.46389228886169,24.84700122399021,20210101_38035_D01_S009,39.0,54.0,38.0,0.0,704.0,835.0,84.31137724550898,11.017964071856287,baja
2021,20220101_38036_D01_S001,38036_D01_S001,San Sebastián de La Gomera,1,1,43393.0,17072.0,21352.0,18550.0,1.1510512129380055,2022,20220101_38036_D01_S001,3.0,12.9,15.1,3.1,65.9,20210101_38036_D01_S001,423.0,44.0,126.0,556.0,1149.0,1105.0,38.28054298642534,11.402714932126697,20210101_38036_D01_S001,28.0,77.0,34.0,1.0,1009.0,1148.0,87.89198606271778,9.668989547038327,media-alta
2021,20220101_38036_D01_S002,38036_D01_S002,San Sebastián de La Gomera,1,2,34961.0,13498.0,18336.0,17150.0,1.0691545189504372,2022,20220101_38036_D01_S002,4.3,9.8,20.0,5.0,61.0,20210101_38036_D01_S002,166.0,29.0,112.0,420.0,727.0,698.0,23.78223495702006,16.045845272206304,20210101_38036_D01_S002,26.0,64.0,20.0,1.0,616.0,726.0,84.84848484848484,11.570247933884298,media-baja
2021,20220101_38036_D01_S003,38036_D01_S003,San Sebastián de La Gomera,1,3,38488.0,14897.0,19655.0,16450.0,1.1948328267477204,2022,20220101_38036_D01_S003,4.5,13.9,18.8,3.9,58.9,20210101_38036_D01_S003,77.0,12.0,50.0,151.0,290.0,278.0,27.697841726618705,17.985611510791365,20210101_38036_D01_S003,15.0,18.0,15.0,0.0,242.0,290.0,83.44827586206897,11.379310344827585,media-baja
2021,20220101_38036_D01_S005,38036_D01_S005,San Sebastián de La Gomera,1,5,39414.0,14441.0,19361.0,17150.0,1.1289212827988337,2022,20220101_38036_D01_S005,3.7,8.3,15.6,4.1,68.4,20210101_38036_D01_S005,233.0,37.0,125.0,389.0,784.0,747.0,31.191432396251674,16.733601070950467,20210101_38036_D01_S005,27.0,60.0,23.0,0.0,674.0,784.0,85.96938775510205,10.58673469387755,media-baja
2021,20220101_38036_D01_S006,38036_D01_S006,San Sebastián de La Gomera,1,6,38493.0,15730.0,19831.0,18550.0,1.069056603773585,2022,20220101_38036_D01_S006,3.9,11.5,19.5,3.4,61.8,20210101_38036_D01_S006,184.0,20.0,62.0,262.0,528.0,508.0,36.22047244094488,12.204724409448819,20210101_38036_D01_S006,12.0,32.0,17.0,1.0,466.0,527.0,88.42504743833017,9.297912713472487,media-baja
2021,20220101_38036_D01_S007,38036_D01_S007,San Sebastián de La Gomera,1,7,36781.0,12375.0,16947.0,15750.0,1.076,2022,20220101_38036_D01_S007,6.0,7.2,14.9,5.2,66.7,20210101_38036_D01_S007,62.0,8.0,75.0,190.0,335.0,327.0,18.960244648318042,22.93577981651376,20210101_38036_D01_S007,10.0,29.0,16.0,0.0,280.0,335.0,83.58208955223881,13.432835820895523,media-baja
2021,20220101_38037_D01_S001,38037_D01_S001,Santa Cruz de La Palma,1,1,44754.0,17681.0,21227.0,17850.0,1.189187675070028,2022,20220101_38037_D01_S001,2.6,19.2,21.6,2.8,53.8,20210101_38037_D01_S001,174.0,13.0,53.0,249.0,489.0,476.0,36.554621848739494,11.134453781512605,20210101_38037_D01_S001,17.0,22.0,12.0,1.0,437.0,488.0,89.54918032786885,6.967213114754099,media-alta
2021,20220101_38037_D01_S002,38037_D01_S002,Santa Cruz de La Palma,1,2,32198.0,12396.0,16152.0,14350.0,1.125574912891986,2022,20220101_38037_D01_S002,4.7,6.5,25.2,4.9,58.7,20210101_38037_D01_S002,101.0,7.0,85.0,221.0,414.0,407.0,24.815724815724817,20.884520884520885,20210101_38037_D01_S002,14.0,39.0,13.0,0.0,348.0,414.0,84.05797101449275,12.560386473429952,media-baja
2021,20220101_38037_D01_S003,38037_D01_S003,Santa Cruz de La Palma,1,3,40784.0,15837.0,19399.0,17150.0,1.131137026239067,2022,20220101_38037_D01_S003,3.1,12.1,21.0,3.1,60.7,20210101_38037_D01_S003,312.0,21.0,97.0,377.0,807.0,786.0,39.69465648854962,12.340966921119593,20210101_38037_D01_S003,12.0,38.0,19.0,0.0,738.0,807.0,91.44981412639405,7.063197026022305,media-baja
2021,20220101_38037_D02_S001,38037_D02_S001,Santa Cruz de La Palma,2,1,45972.0,18123.0,21739.0,18550.0,1.1719137466307277,2022,20220101_38037_D02_S001,2.2,17.1,26.1,3.0,51.7,20210101_38037_D02_S001,131.0,5.0,37.0,141.0,314.0,309.0,42.394822006472495,11.974110032362459,20210101_38037_D02_S001,8.0,16.0,5.0,1.0,284.0,313.0,90.73482428115015,6.7092651757188495,media-alta
2021,20220101_38037_D02_S002,38037_D02_S002,Santa Cruz de La Palma,2,2,43028.0,15540.0,19898.0,17150.0,1.1602332361516035,2022,20220101_38037_D02_S002,4.1,10.7,27.2,3.2,54.9,20210101_38037_D02_S002,201.0,18.0,72.0,256.0,547.0,529.0,37.996219281663514,13.610586011342155,20210101_38037_D02_S002,11.0,31.0,20.0,3.0,482.0,544.0,88.6029411764706,9.375,media-baja
2021,20220101_38037_D02_S003,38037_D02_S003,Santa Cruz de La Palma,2,3,33935.0,12362.0,15983.0,14350.0,1.1137979094076655,2022,20220101_38037_D02_S003,4.5,7.1,29.6,3.8,55.1,20210101_38037_D02_S003,342.0,28.0,125.0,484.0,979.0,951.0,35.96214511041009,13.144058885383807,20210101_38037_D02_S003,17.0,61.0,33.0,0.0,868.0,979.0,88.66189989785495,9.601634320735444,media-baja
2021,20220101_38037_D02_S005,38037_D02_S005,Santa Cruz de La Palma,2,5,47491.0,16851.0,20811.0,17850.0,1.1658823529411764,2022,20220101_38037_D02_S005,3.0,12.2,18.1,2.9,63.8,20210101_38037_D02_S005,8.0,0.0,7.0,23.0,38.0,38.0,21.05263157894737,18.42105263157895,20210101_38037_D02_S005,1.0,5.0,2.0,0.0,30.0,38.0,78.94736842105263,18.42105263157895,media-alta
2021,20220101_38037_D03_S001,38037_D03_S001,Santa Cruz de La Palma,3,1,46259.0,16410.0,20594.0,17850.0,1.1537254901960785,2022,20220101_38037_D03_S001,3.4,9.7,17.8,2.6,66.6,20210101_38037_D03_S001,175.0,10.0,51.0,176.0,412.0,402.0,43.53233830845771,12.686567164179104,20210101_38037_D03_S001,15.0,16.0,11.0,0.0,370.0,412.0,89.80582524271844,6.553398058252427,media-alta
2021,20220101_38037_D03_S002,38037_D03_S002,Santa Cruz de La Palma,3,2,38095.0,13849.0,17909.0,15050.0,1.1899667774086378,2022,20220101_38037_D03_S002,4.1,8.3,28.2,3.7,55.7,20210101_38037_D03_S002,121.0,6.0,45.0,182.0,354.0,348.0,34.770114942528735,12.931034482758621,20210101_38037_D03_S002,16.0,13.0,23.0,0.0,302.0,354.0,85.31073446327683,10.169491525423728,media-baja
2021,20220101_38037_D03_S003,38037_D03_S003,Santa Cruz de La Palma,3,3,31778.0,11340.0,15440.0,14350.0,1.07595818815331,2022,20220101_38037_D03_S003,5.6,3.1,31.5,5.6,54.3,20210101_38037_D03_S003,65.0,12.0,105.0,257.0,439.0,427.0,15.22248243559719,24.59016393442623,20210101_38037_D03_S003,4.0,35.0,27.0,2.0,371.0,437.0,84.89702517162472,14.187643020594965,baja
2021,20220101_38037_D03_S004,38037_D03_S004,Santa Cruz de La Palma,3,4,40477.0,14175.0,18792.0,16450.0,1.142370820668693,2022,20220101_38037_D03_S004,3.6,11.4,26.1,3.2,55.6,20210101_38037_D03_S004,117.0,14.0,86.0,251.0,468.0,454.0,25.770925110132158,18.94273127753304,20210101_38037_D03_S004,29.0,39.0,24.0,0.0,376.0,468.0,80.34188034188034,13.461538461538462,media-baja
2021,20220101_38037_D03_S005,38037_D03_S005,Santa Cruz de La Palma,3,5,35495.0,11840.0,16227.0,15050.0,1.0782059800664452,2022,20220101_38037_D03_S005,4.9,8.6,23.1,4.5,58.9,20210101_38037_D03_S005,96.0,23.0,123.0,342.0,584.0,561.0,17.112299465240643,21.925133689839573,20210101_38037_D03_S005,14.0,67.0,32.0,1.0,470.0,583.0,80.61749571183533,16.9811320754717,baja
2021,20220101_38038_D01_S001,38038_D01_S001,Santa Cruz de Tenerife,1,1,72677.0,27236.0,32125.0,27650.0,1.1618444846292948,2022,20220101_38038_D01_S001,2.1,29.9,16.9,1.4,49.7,20210101_38038_D01_S001,387.0,26.0,27.0,201.0,641.0,615.0,62.926829268292686,4.390243902439025,20210101_38038_D01_S001,11.0,26.0,22.0,1.0,581.0,640.0,90.78125,7.5,alta
2021,20220101_38038_D01_S002,38038_D01_S002,Santa Cruz de Tenerife,1,2,43363.0,16021.0,19862.0,17850.0,1.1127170868347338,2022,20220101_38038_D01_S002,4.4,11.5,21.3,3.0,59.8,20210101_38038_D01_S002,175.0,12.0,26.0,140.0,353.0,341.0,51.31964809384164,7.624633431085044,20210101_38038_D01_S002,0.0,7.0,10.0,0.0,336.0,353.0,95.1841359773371,4.81586402266289,media-alta
2021,20220101_38038_D01_S003,38038_D01_S003,Santa Cruz de Tenerife,1,3,45879.0,18986.0,22816.0,19250.0,1.1852467532467532,2022,20220101_38038_D01_S003,3.4,14.2,22.7,2.3,57.4,20210101_38038_D01_S003,293.0,23.0,30.0,249.0,595.0,572.0,51.22377622377623,5.244755244755245,20210101_38038_D01_S003,3.0,20.0,18.0,1.0,553.0,594.0,93.0976430976431,6.397306397306397,media-alta
2021,20220101_38038_D01_S004,38038_D01_S004,Santa Cruz de Tenerife,1,4,54219.0,21362.0,25520.0,22750.0,1.1217582417582417,2022,20220101_38038_D01_S004,3.2,24.9,20.0,2.2,49.8,20210101_38038_D01_S004,266.0,13.0,17.0,182.0,478.0,465.0,57.204301075268816,3.6559139784946235,20210101_38038_D01_S004,6.0,16.0,9.0,0.0,447.0,478.0,93.51464435146444,5.2301255230125525,alta
2021,20220101_38038_D01_S006,38038_D01_S006,Santa Cruz de Tenerife,1,6,46059.0,18609.0,22552.0,19250.0,1.1715324675324674,2022,20220101_38038_D01_S006,3.1,15.5,23.9,2.4,55.1,20210101_38038_D01_S006,396.0,30.0,49.0,283.0,758.0,728.0,54.395604395604394,6.730769230769231,20210101_38038_D01_S006,7.0,21.0,28.0,0.0,702.0,758.0,92.61213720316623,6.464379947229552,media-alta
2021,20220101_38038_D01_S007,38038_D01_S007,Santa Cruz de Tenerife,1,7,48037.0,19592.0,23828.0,21350.0,1.1160655737704919,2022,20220101_38038_D01_S007,3.7,16.6,22.7,2.3,54.7,20210101_38038_D01_S007,167.0,12.0,16.0,106.0,301.0,289.0,57.78546712802768,5.536332179930795,20210101_38038_D01_S007,1.0,10.0,11.0,0.0,279.0,301.0,92.69102990033223,6.976744186046512,media-alta
2021,20220101_38038_D01_S008,38038_D01_S008,Santa Cruz de Tenerife,1,8,92772.0,31293.0,37336.0,31850.0,1.1722448979591837,2022,20220101_38038_D01_S008,2.1,31.2,15.8,1.4,49.5,20210101_38038_D01_S008,568.0,40.0,20.0,231.0,859.0,819.0,69.35286935286935,2.442002442002442,20210101_38038_D01_S008,7.0,26.0,43.0,0.0,783.0,859.0,91.15250291036088,8.032596041909196,alta
2021,20220101_38038_D01_S009,38038_D01_S009,Santa Cruz de Tenerife,1,9,68049.0,28122.0,31892.0,27650.0,1.1534177215189874,2022,20220101_38038_D01_S009,1.9,21.4,29.0,0.9,46.8,20210101_38038_D01_S009,294.0,11.0,6.0,142.0,453.0,442.0,66.5158371040724,1.3574660633484164,20210101_38038_D01_S009,6.0,15.0,17.0,2.0,413.0,451.0,91.57427937915743,7.095343680709535,alta
2021,20220101_38038_D01_S010,38038_D01_S010,Santa Cruz de Tenerife,1,10,63979.0,25693.0,29764.0,26950.0,1.1044155844155845,2022,20220101_38038_D01_S010,3.0,18.8,19.1,1.2,57.9,20210101_38038_D01_S010,398.0,28.0,23.0,190.0,639.0,611.0,65.13911620294598,3.7643207855973815,20210101_38038_D01_S010,3.0,15.0,24.0,0.0,597.0,639.0,93.42723004694835,6.103286384976526,alta
2021,20220101_38038_D01_S011,38038_D01_S011,Santa Cruz de Tenerife,1,11,62671.0,24994.0,29025.0,24850.0,1.1680080482897384,2022,20220101_38038_D01_S011,3.6,26.4,21.6,1.5,47.0,20210101_38038_D01_S011,252.0,13.0,9.0,110.0,384.0,371.0,67.9245283018868,2.4258760107816713,20210101_38038_D01_S011,5.0,12.0,18.0,1.0,348.0,383.0,90.86161879895562,7.83289817232376,alta
2021,20220101_38038_D01_S012,38038_D01_S012,Santa Cruz de Tenerife,1,12,87733.0,31560.0,36616.0,32550.0,1.124915514592934,2022,20220101_38038_D01_S012,1.5,27.4,13.9,0.9,56.4,20210101_38038_D01_S012,590.0,26.0,17.0,174.0,807.0,781.0,75.54417413572344,2.176696542893726,20210101_38038_D01_S012,3.0,28.0,34.0,2.0,740.0,805.0,91.92546583850931,7.701863354037267,alta
2021,20220101_38038_D02_S001,38038_D02_S001,Santa Cruz de Tenerife,2,1,53777.0,22083.0,25409.0,21350.0,1.1901170960187353,2022,20220101_38038_D02_S001,3.7,20.6,19.5,2.1,54.1,20210101_38038_D02_S001,261.0,16.0,23.0,169.0,469.0,453.0,57.615894039735096,5.077262693156733,20210101_38038_D02_S001,4.0,11.0,11.0,1.0,442.0,468.0,94.44444444444444,4.700854700854701,alta
2021,20220101_38038_D02_S002,38038_D02_S002,Santa Cruz de Tenerife,2,2,48842.0,22364.0,25150.0,20650.0,1.2179176755447942,2022,20220101_38038_D02_S002,2.4,27.7,17.1,2.2,50.7,20210101_38038_D02_S002,205.0,13.0,9.0,135.0,362.0,349.0,58.739255014326645,2.5787965616045847,20210101_38038_D02_S002,4.0,7.0,7.0,1.0,343.0,361.0,95.01385041551247,3.8781163434903045,alta
2021,20220101_38038_D02_S003,38038_D02_S003,Santa Cruz de Tenerife,2,3,51271.0,20700.0,24698.0,22750.0,1.0856263736263736,2022,20220101_38038_D02_S003,3.4,19.5,19.2,2.0,56.0,20210101_38038_D02_S003,284.0,16.0,15.0,205.0,520.0,504.0,56.34920634920635,2.9761904761904763,20210101_38038_D02_S003,2.0,22.0,20.0,1.0,475.0,519.0,91.52215799614643,8.092485549132949,alta
2021,20220101_38038_D02_S004,38038_D02_S004,Santa Cruz de Tenerife,2,4,65744.0,24684.0,28881.0,24850.0,1.1622132796780684,2022,20220101_38038_D02_S004,3.4,23.7,20.3,1.4,51.2,20210101_38038_D02_S004,195.0,6.0,25.0,103.0,329.0,323.0,60.371517027863774,7.739938080495356,20210101_38038_D02_S004,5.0,12.0,12.0,1.0,299.0,328.0,91.15853658536585,7.317073170731708,alta
2021,20220101_38038_D02_S005,38038_D02_S005,Santa Cruz de Tenerife,2,5,54015.0,22447.0,26081.0,22750.0,1.1464175824175824,2022,20220101_38038_D02_S005,3.7,19.0,22.0,1.8,53.5,20210101_38038_D02_S005,365.0,18.0,37.0,218.0,638.0,620.0,58.87096774193548,5.967741935483871,20210101_38038_D02_S005,1.0,18.0,17.0,1.0,601.0,637.0,94.34850863422292,5.4945054945054945,alta
2021,20220101_38038_D02_S006,38038_D02_S006,Santa Cruz de Tenerife,2,6,55057.0,22994.0,26433.0,22050.0,1.1987755102040816,2022,20220101_38038_D02_S006,2.6,20.8,18.2,1.9,56.5,20210101_38038_D02_S006,358.0,17.0,25.0,234.0,634.0,617.0,58.0226904376013,4.051863857374392,20210101_38038_D02_S006,4.0,11.0,19.0,0.0,600.0,634.0,94.6372239747634,4.73186119873817,alta
2021,20220101_38038_D02_S007,38038_D02_S007,Santa Cruz de Tenerife,2,7,58396.0,22847.0,26803.0,22050.0,1.2155555555555555,2022,20220101_38038_D02_S007,2.3,23.6,23.8,1.9,48.4,20210101_38038_D02_S007,194.0,13.0,12.0,100.0,319.0,306.0,63.39869281045752,3.9215686274509802,20210101_38038_D02_S007,0.0,10.0,12.0,1.0,296.0,318.0,93.08176100628931,6.918238993710692,alta
2021,20220101_38038_D02_S008,38038_D02_S008,Santa Cruz de Tenerife,2,8,60902.0,25502.0,28251.0,23450.0,1.204733475479744,2022,20220101_38038_D02_S008,2.8,26.4,13.3,1.8,55.8,20210101_38038_D02_S008,255.0,19.0,23.0,176.0,473.0,454.0,56.16740088105727,5.066079295154185,20210101_38038_D02_S008,4.0,13.0,15.0,0.0,441.0,473.0,93.23467230443974,5.919661733615222,alta
2021,20220101_38038_D02_S009,38038_D02_S009,Santa Cruz de Tenerife,2,9,51317.0,22316.0,25902.0,24150.0,1.0725465838509316,2022,20220101_38038_D02_S009,3.5,13.4,21.1,2.3,59.7,20210101_38038_D02_S009,374.0,19.0,39.0,259.0,691.0,672.0,55.654761904761905,5.803571428571429,20210101_38038_D02_S009,1.0,16.0,16.0,0.0,658.0,691.0,95.22431259044862,4.630969609261939,alta
2021,20220101_38038_D03_S001,38038_D03_S001,Santa Cruz de Tenerife,3,1,74159.0,30429.0,33902.0,29750.0,1.1395630252100841,2022,20220101_38038_D03_S001,2.0,14.9,9.5,1.3,72.4,20210101_38038_D03_S001,861.0,37.0,21.0,448.0,1367.0,1330.0,64.73684210526316,1.5789473684210527,20210101_38038_D03_S001,5.0,40.0,47.0,0.0,1275.0,1367.0,93.26993416239941,6.3643013899049015,alta
2021,20220101_38038_D03_S002,38038_D03_S002,Santa Cruz de Tenerife,3,2,47455.0,17265.0,21844.0,19950.0,1.094937343358396,2022,20220101_38038_D03_S002,3.7,13.5,23.4,2.1,57.2,20210101_38038_D03_S002,161.0,12.0,25.0,171.0,369.0,357.0,45.09803921568628,7.002801120448179,20210101_38038_D03_S002,2.0,9.0,6.0,1.0,351.0,368.0,95.3804347826087,4.076086956521739,media-alta
2021,20220101_38038_D03_S003,38038_D03_S003,Santa Cruz de Tenerife,3,3,46258.0,18389.0,22249.0,20650.0,1.0774334140435835,2022,20220101_38038_D03_S003,3.6,13.5,20.5,2.5,59.9,20210101_38038_D03_S003,309.0,18.0,44.0,221.0,592.0,574.0,53.832752613240416,7.665505226480836,20210101_38038_D03_S003,4.0,14.0,19.0,0.0,555.0,592.0,93.75,5.574324324324325,media-alta
2021,20220101_38038_D03_S004,38038_D03_S004,Santa Cruz de Tenerife,3,4,34650.0,14088.0,17488.0,15050.0,1.1619933554817277,2022,20220101_38038_D03_S004,5.9,6.1,29.2,3.3,55.6,20210101_38038_D03_S004,105.0,8.0,26.0,120.0,259.0,251.0,41.832669322709165,10.358565737051793,20210101_38038_D03_S004,2.0,11.0,13.0,1.0,232.0,258.0,89.92248062015504,9.30232558139535,media-baja
2021,20220101_38038_D03_S005,38038_D03_S005,Santa Cruz de Tenerife,3,5,36405.0,15475.0,18963.0,17150.0,1.1057142857142856,2022,20220101_38038_D03_S005,4.0,11.4,23.5,3.3,57.7,20210101_38038_D03_S005,219.0,11.0,53.0,252.0,535.0,524.0,41.79389312977099,10.114503816793894,20210101_38038_D03_S005,4.0,14.0,14.0,0.0,503.0,535.0,94.01869158878505,5.233644859813084,media-baja
2021,20220101_38038_D03_S006,38038_D03_S006,Santa Cruz de Tenerife,3,6,63432.0,23898.0,28384.0,26950.0,1.0532096474953618,2022,20220101_38038_D03_S006,2.3,15.8,24.0,1.6,56.4,20210101_38038_D03_S006,167.0,8.0,13.0,83.0,271.0,263.0,63.49809885931559,4.942965779467681,20210101_38038_D03_S006,0.0,6.0,6.0,0.0,259.0,271.0,95.5719557195572,4.428044280442805,alta
2021,20220101_38038_D03_S007,38038_D03_S007,Santa Cruz de Tenerife,3,7,34525.0,13590.0,17090.0,15050.0,1.135548172757475,2022,20220101_38038_D03_S007,4.6,8.5,29.2,3.7,54.0,20210101_38038_D03_S007,120.0,15.0,36.0,174.0,345.0,330.0,36.36363636363637,10.909090909090908,20210101_38038_D03_S007,5.0,11.0,19.0,0.0,310.0,345.0,89.85507246376811,8.695652173913043,media-baja
2021,20220101_38038_D03_S008,38038_D03_S008,Santa Cruz de Tenerife,3,8,47558.0,17468.0,21932.0,19250.0,1.1393246753246753,2022,20220101_38038_D03_S008,4.5,11.9,24.4,3.3,55.9,20210101_38038_D03_S008,193.0,15.0,17.0,200.0,425.0,410.0,47.073170731707314,4.146341463414634,20210101_38038_D03_S008,2.0,20.0,24.0,0.0,379.0,425.0,89.17647058823529,10.352941176470589,media-alta
2021,20220101_38038_D03_S009,38038_D03_S009,Santa Cruz de Tenerife,3,9,51351.0,18611.0,23200.0,21350.0,1.0866510538641687,2022,20220101_38038_D03_S009,3.7,11.7,14.5,2.4,67.7,20210101_38038_D03_S009,287.0,13.0,36.0,200.0,536.0,523.0,54.875717017208416,6.8833652007648185,20210101_38038_D03_S009,2.0,14.0,24.0,0.0,496.0,536.0,92.53731343283582,7.08955223880597,media-alta
2021,20220101_38038_D03_S010,38038_D03_S010,Santa Cruz de Tenerife,3,10,39673.0,15803.0,19503.0,17850.0,1.0926050420168067,2022,20220101_38038_D03_S010,5.5,11.8,22.4,3.1,57.3,20210101_38038_D03_S010,127.0,12.0,28.0,156.0,323.0,311.0,40.836012861736336,9.003215434083602,20210101_38038_D03_S010,2.0,15.0,10.0,0.0,296.0,323.0,91.64086687306502,7.739938080495356,media-baja
2021,20220101_38038_D03_S011,38038_D03_S011,Santa Cruz de Tenerife,3,11,61165.0,23470.0,27777.0,24150.0,1.1501863354037267,2022,20220101_38038_D03_S011,2.7,15.4,16.1,1.7,64.2,20210101_38038_D03_S011,313.0,9.0,21.0,141.0,484.0,475.0,65.89473684210526,4.421052631578948,20210101_38038_D03_S011,2.0,11.0,12.0,0.0,459.0,484.0,94.83471074380165,4.75206611570248,alta
2021,20220101_38038_D03_S013,38038_D03_S013,Santa Cruz de Tenerife,3,13,45019.0,19666.0,22722.0,19950.0,1.1389473684210527,2022,20220101_38038_D03_S013,2.5,11.1,22.6,2.5,61.4,20210101_38038_D03_S013,238.0,14.0,33.0,214.0,499.0,485.0,49.07216494845361,6.804123711340206,20210101_38038_D03_S013,4.0,16.0,21.0,0.0,458.0,499.0,91.78356713426854,7.414829659318637,media-alta
2021,20220101_38038_D03_S014,38038_D03_S014,Santa Cruz de Tenerife,3,14,50458.0,19600.0,23596.0,21350.0,1.10519906323185,2022,20220101_38038_D03_S014,3.4,12.5,33.6,2.5,48.1,20210101_38038_D03_S014,256.0,17.0,33.0,256.0,562.0,545.0,46.972477064220186,6.055045871559633,20210101_38038_D03_S014,5.0,19.0,26.0,0.0,512.0,562.0,91.1032028469751,8.00711743772242,media-alta
2021,20220101_38038_D03_S015,38038_D03_S015,Santa Cruz de Tenerife,3,15,44725.0,17420.0,21416.0,18550.0,1.1545013477088948,2022,20220101_38038_D03_S015,3.7,12.6,26.6,2.5,54.7,20210101_38038_D03_S015,259.0,9.0,53.0,227.0,548.0,539.0,48.05194805194805,9.833024118738404,20210101_38038_D03_S015,7.0,20.0,25.0,0.0,496.0,548.0,90.51094890510949,8.211678832116789,media-alta
2021,20220101_38038_D03_S016,38038_D03_S016,Santa Cruz de Tenerife,3,16,38541.0,13525.0,17109.0,14350.0,1.1922648083623693,2022,20220101_38038_D03_S016,4.3,11.6,23.9,3.7,56.5,20210101_38038_D03_S016,127.0,8.0,48.0,150.0,333.0,325.0,39.07692307692308,14.76923076923077,20210101_38038_D03_S016,2.0,15.0,15.0,1.0,300.0,332.0,90.36144578313252,9.036144578313253,media-baja
2021,20220101_38038_D03_S017,38038_D03_S017,Santa Cruz de Tenerife,3,17,46954.0,17869.0,22008.0,18550.0,1.1864150943396226,2022,20220101_38038_D03_S017,2.7,11.6,18.4,2.5,64.8,20210101_38038_D03_S017,152.0,9.0,26.0,126.0,313.0,304.0,50.0,8.552631578947368,20210101_38038_D03_S017,1.0,10.0,11.0,0.0,291.0,313.0,92.97124600638978,6.7092651757188495,media-alta
2021,20220101_38038_D03_S018,38038_D03_S018,Santa Cruz de Tenerife,3,18,34445.0,13280.0,16996.0,14350.0,1.184390243902439,2022,20220101_38038_D03_S018,7.0,9.5,23.5,4.8,55.2,20210101_38038_D03_S018,108.0,8.0,39.0,139.0,294.0,286.0,37.76223776223776,13.636363636363637,20210101_38038_D03_S018,3.0,14.0,7.0,0.0,270.0,294.0,91.83673469387755,7.142857142857143,media-baja
2021,20220101_38038_D03_S019,38038_D03_S019,Santa Cruz de Tenerife,3,19,52346.0,19257.0,24057.0,23450.0,1.0258848614072495,2022,20220101_38038_D03_S019,2.8,12.4,30.4,2.3,52.2,20210101_38038_D03_S019,219.0,13.0,24.0,195.0,451.0,438.0,50.0,5.47945205479452,20210101_38038_D03_S019,4.0,17.0,21.0,0.0,409.0,451.0,90.68736141906874,8.425720620842572,media-alta
2021,20220101_38038_D03_S020,38038_D03_S020,Santa Cruz de Tenerife,3,20,69138.0,25497.0,30219.0,27650.0,1.0929113924050633,2022,20220101_38038_D03_S020,2.0,19.2,11.0,1.9,66.0,20210101_38038_D03_S020,380.0,17.0,35.0,231.0,663.0,646.0,58.8235294117647,5.41795665634675,20210101_38038_D03_S020,1.0,26.0,22.0,0.0,614.0,663.0,92.60935143288084,7.239819004524887,alta
2021,20220101_38038_D04_S001,38038_D04_S001,Santa Cruz de Tenerife,4,1,27141.0,10586.0,14143.0,12250.0,1.154530612244898,2022,20220101_38038_D04_S001,7.4,13.2,21.2,6.6,51.6,20210101_38038_D04_S001,43.0,12.0,36.0,105.0,196.0,184.0,23.369565217391305,19.565217391304348,20210101_38038_D04_S001,2.0,17.0,5.0,0.0,172.0,196.0,87.75510204081633,11.224489795918368,baja
2021,20220101_38038_D04_S002,38038_D04_S002,Santa Cruz de Tenerife,4,2,25993.0,9570.0,12558.0,11550.0,1.0872727272727272,2022,20220101_38038_D04_S002,6.7,7.2,27.0,5.8,53.3,20210101_38038_D04_S002,62.0,6.0,49.0,171.0,288.0,282.0,21.98581560283688,17.375886524822697,20210101_38038_D04_S002,4.0,28.0,16.0,0.0,240.0,288.0,83.33333333333333,15.277777777777779,baja
2021,20220101_38038_D04_S003,38038_D04_S003,Santa Cruz de Tenerife,4,3,28644.0,10367.0,13813.0,11550.0,1.1959307359307358,2022,20220101_38038_D04_S003,6.7,6.8,20.7,5.8,60.1,20210101_38038_D04_S003,93.0,14.0,88.0,231.0,426.0,412.0,22.57281553398058,21.359223300970875,20210101_38038_D04_S003,7.0,33.0,21.0,0.0,365.0,426.0,85.68075117370893,12.67605633802817,baja
2021,20220101_38038_D04_S004,38038_D04_S004,Santa Cruz de Tenerife,4,4,27024.0,10544.0,13666.0,12250.0,1.115591836734694,2022,20220101_38038_D04_S004,5.5,9.0,25.2,6.0,54.3,20210101_38038_D04_S004,66.0,8.0,61.0,196.0,331.0,323.0,20.43343653250774,18.88544891640867,20210101_38038_D04_S004,2.0,27.0,18.0,0.0,284.0,331.0,85.80060422960725,13.595166163141993,baja
2021,20220101_38038_D04_S005,38038_D04_S005,Santa Cruz de Tenerife,4,5,25750.0,9864.0,13017.0,10850.0,1.1997235023041475,2022,20220101_38038_D04_S005,7.1,10.5,24.0,6.4,52.0,20210101_38038_D04_S005,82.0,9.0,80.0,205.0,376.0,367.0,22.3433242506812,21.798365122615802,20210101_38038_D04_S005,9.0,30.0,13.0,0.0,324.0,376.0,86.17021276595744,11.436170212765957,baja
2021,20220101_38038_D04_S006,38038_D04_S006,Santa Cruz de Tenerife,4,6,24753.0,9714.0,12901.0,11550.0,1.116969696969697,2022,20220101_38038_D04_S006,7.6,6.1,29.2,6.5,50.7,20210101_38038_D04_S006,82.0,12.0,71.0,208.0,373.0,361.0,22.714681440443215,19.667590027700832,20210101_38038_D04_S006,4.0,20.0,21.0,0.0,328.0,373.0,87.93565683646112,10.99195710455764,baja
2021,20220101_38038_D04_S007,38038_D04_S007,Santa Cruz de Tenerife,4,7,26899.0,11073.0,14637.0,13650.0,1.0723076923076924,2022,20220101_38038_D04_S007,5.8,2.3,35.4,5.8,50.7,20210101_38038_D04_S007,67.0,14.0,44.0,181.0,306.0,292.0,22.945205479452056,15.068493150684931,20210101_38038_D04_S007,6.0,15.0,15.0,0.0,270.0,306.0,88.23529411764706,9.803921568627452,baja
2021,20220101_38038_D04_S009,38038_D04_S009,Santa Cruz de Tenerife,4,9,21706.0,9893.0,12708.0,11550.0,1.1002597402597403,2022,20220101_38038_D04_S009,8.2,1.8,34.4,6.5,49.2,20210101_38038_D04_S009,79.0,12.0,75.0,241.0,407.0,395.0,20.0,18.9873417721519,20210101_38038_D04_S009,4.0,24.0,18.0,0.0,361.0,407.0,88.6977886977887,10.31941031941032,baja
2021,20220101_38038_D04_S011,38038_D04_S011,Santa Cruz de Tenerife,4,11,23137.0,9806.0,12946.0,11550.0,1.1208658008658008,2022,20220101_38038_D04_S011,8.6,4.7,29.0,6.4,51.2,20210101_38038_D04_S011,62.0,10.0,75.0,225.0,372.0,362.0,17.12707182320442,20.718232044198896,20210101_38038_D04_S011,5.0,25.0,16.0,0.0,326.0,372.0,87.63440860215054,11.021505376344086,baja
2021,20220101_38038_D04_S012,38038_D04_S012,Santa Cruz de Tenerife,4,12,25550.0,10670.0,14122.0,13650.0,1.0345787545787546,2022,20220101_38038_D04_S012,7.0,3.4,36.0,5.0,48.7,20210101_38038_D04_S012,60.0,7.0,43.0,175.0,285.0,278.0,21.58273381294964,15.467625899280575,20210101_38038_D04_S012,0.0,15.0,18.0,0.0,252.0,285.0,88.42105263157895,11.578947368421053,baja
2021,20220101_38038_D04_S014,38038_D04_S014,Santa Cruz de Tenerife,4,14,26915.0,11338.0,14640.0,13650.0,1.0725274725274725,2022,20220101_38038_D04_S014,5.6,2.5,32.8,5.5,53.7,20210101_38038_D04_S014,52.0,17.0,43.0,128.0,240.0,223.0,23.318385650224215,19.282511210762333,20210101_38038_D04_S014,0.0,13.0,10.0,0.0,217.0,240.0,90.41666666666667,9.583333333333334,baja
2021,20220101_38038_D04_S015,38038_D04_S015,Santa Cruz de Tenerife,4,15,21634.0,8168.0,11355.0,9450.0,1.2015873015873015,2022,20220101_38038_D04_S015,10.0,4.5,25.8,9.5,50.2,20210101_38038_D04_S015,23.0,7.0,40.0,146.0,216.0,209.0,11.004784688995215,19.138755980861244,20210101_38038_D04_S015,2.0,28.0,8.0,0.0,178.0,216.0,82.4074074074074,16.666666666666668,baja
2021,20220101_38038_D05_S001,38038_D05_S001,Santa Cruz de Tenerife,5,1,85104.0,30337.0,35779.0,30450.0,1.175008210180624,2022,20220101_38038_D05_S001,2.2,39.5,15.9,1.2,41.2,20210101_38038_D05_S001,382.0,17.0,13.0,144.0,556.0,539.0,70.87198515769944,2.411873840445269,20210101_38038_D05_S001,12.0,13.0,19.0,1.0,511.0,555.0,92.07207207207207,5.7657657657657655,alta
2021,20220101_38038_D05_S002,38038_D05_S002,Santa Cruz de Tenerife,5,2,58923.0,22629.0,27252.0,23450.0,1.162132196162047,2022,20220101_38038_D05_S002,2.9,26.3,17.9,1.8,51.2,20210101_38038_D05_S002,381.0,22.0,47.0,204.0,654.0,632.0,60.28481012658228,7.436708860759493,20210101_38038_D05_S002,10.0,17.0,17.0,0.0,610.0,654.0,93.27217125382263,5.198776758409786,alta
2021,20220101_38038_D05_S003,38038_D05_S003,Santa Cruz de Tenerife,5,3,48771.0,19659.0,23594.0,20650.0,1.1425665859564165,2022,20220101_38038_D05_S003,3.5,17.8,21.7,2.3,54.8,20210101_38038_D05_S003,268.0,23.0,34.0,193.0,518.0,495.0,54.14141414141414,6.8686868686868685,20210101_38038_D05_S003,8.0,16.0,24.0,1.0,469.0,517.0,90.71566731141199,7.7369439071566735,media-alta
2021,20220101_38038_D05_S004,38038_D05_S004,Santa Cruz de Tenerife,5,4,49193.0,19604.0,23342.0,19950.0,1.1700250626566415,2022,20220101_38038_D05_S004,2.6,20.5,19.6,2.5,54.8,20210101_38038_D05_S004,199.0,7.0,36.0,148.0,390.0,383.0,51.95822454308094,9.399477806788513,20210101_38038_D05_S004,4.0,10.0,11.0,0.0,365.0,390.0,93.58974358974359,5.384615384615385,media-alta
2021,20220101_38038_D05_S005,38038_D05_S005,Santa Cruz de Tenerife,5,5,47833.0,19518.0,23608.0,21350.0,1.10576112412178,2022,20220101_38038_D05_S005,3.3,16.3,21.1,2.2,57.1,20210101_38038_D05_S005,293.0,17.0,49.0,230.0,589.0,572.0,51.22377622377623,8.566433566433567,20210101_38038_D05_S005,5.0,17.0,14.0,0.0,553.0,589.0,93.88794567062818,5.2631578947368425,media-alta
2021,20220101_38038_D05_S006,38038_D05_S006,Santa Cruz de Tenerife,5,6,44259.0,18362.0,22289.0,19250.0,1.15787012987013,2022,20220101_38038_D05_S006,3.7,17.5,21.6,2.7,54.5,20210101_38038_D05_S006,235.0,16.0,56.0,222.0,529.0,513.0,45.80896686159844,10.916179337231968,20210101_38038_D05_S006,7.0,19.0,16.0,0.0,487.0,529.0,92.06049149338374,6.616257088846881,media-alta
2021,20220101_38038_D05_S007,38038_D05_S007,Santa Cruz de Tenerife,5,7,45685.0,17539.0,21215.0,17150.0,1.2370262390670554,2022,20220101_38038_D05_S007,3.6,16.3,22.4,2.9,54.8,20210101_38038_D05_S007,254.0,25.0,52.0,187.0,518.0,493.0,51.521298174442194,10.547667342799189,20210101_38038_D05_S007,5.0,20.0,18.0,0.0,475.0,518.0,91.6988416988417,7.335907335907336,media-alta
2021,20220101_38038_D05_S008,38038_D05_S008,Santa Cruz de Tenerife,5,8,50783.0,19983.0,24069.0,20650.0,1.1655690072639224,2022,20220101_38038_D05_S008,3.0,21.7,21.4,2.2,51.9,20210101_38038_D05_S008,296.0,14.0,48.0,199.0,557.0,543.0,54.51197053406998,8.839779005524862,20210101_38038_D05_S008,9.0,17.0,22.0,0.0,509.0,557.0,91.38240574506284,7.001795332136445,media-alta
2021,20220101_38038_D05_S009,38038_D05_S009,Santa Cruz de Tenerife,5,9,96281.0,33041.0,37052.0,28000.0,1.3232857142857142,2022,20220101_38038_D05_S009,1.9,46.9,14.0,1.1,36.1,20210101_38038_D05_S009,269.0,16.0,23.0,127.0,435.0,419.0,64.20047732696898,5.4892601431980905,20210101_38038_D05_S009,10.0,16.0,16.0,0.0,393.0,435.0,90.34482758620689,7.35632183908046,alta
2021,20220101_38038_D05_S010,38038_D05_S010,Santa Cruz de Tenerife,5,10,98471.0,32865.0,38338.0,31150.0,1.2307544141252007,2022,20220101_38038_D05_S010,1.6,36.4,16.8,0.9,44.3,20210101_38038_D05_S010,453.0,24.0,18.0,168.0,663.0,639.0,70.89201877934272,2.816901408450704,20210101_38038_D05_S010,11.0,32.0,18.0,0.0,602.0,663.0,90.79939668174963,7.541478129713424,alta
2021,20220101_38038_D05_S011,38038_D05_S011,Santa Cruz de Tenerife,5,11,48488.0,19350.0,23516.0,19950.0,1.1787468671679198,2022,20220101_38038_D05_S011,3.7,19.4,26.7,2.0,48.2,20210101_38038_D05_S011,167.0,9.0,22.0,118.0,316.0,307.0,54.39739413680782,7.166123778501628,20210101_38038_D05_S011,2.0,5.0,6.0,0.0,303.0,316.0,95.88607594936708,3.481012658227848,media-alta
2021,20220101_38038_D05_S012,38038_D05_S012,Santa Cruz de Tenerife,5,12,66088.0,24598.0,29671.0,26250.0,1.1303238095238095,2022,20220101_38038_D05_S012,2.4,22.4,18.9,1.5,54.8,20210101_38038_D05_S012,428.0,30.0,33.0,219.0,710.0,680.0,62.94117647058823,4.852941176470588,20210101_38038_D05_S012,6.0,9.0,22.0,2.0,671.0,708.0,94.77401129943503,4.378531073446328,alta
2021,20220101_38038_D05_S013,38038_D05_S013,Santa Cruz de Tenerife,5,13,42645.0,15758.0,19600.0,16450.0,1.1914893617021276,2022,20220101_38038_D05_S013,4.1,14.5,23.6,3.2,54.6,20210101_38038_D05_S013,200.0,10.0,38.0,183.0,431.0,421.0,47.50593824228029,9.026128266033254,20210101_38038_D05_S013,6.0,17.0,11.0,0.0,397.0,431.0,92.11136890951276,6.496519721577727,media-baja
2021,20220101_38038_D05_S014,38038_D05_S014,Santa Cruz de Tenerife,5,14,40874.0,16076.0,19559.0,17150.0,1.140466472303207,2022,20220101_38038_D05_S014,4.0,12.1,20.9,3.2,59.8,20210101_38038_D05_S014,224.0,28.0,64.0,209.0,525.0,497.0,45.070422535211264,12.877263581488934,20210101_38038_D05_S014,5.0,19.0,10.0,0.0,491.0,525.0,93.52380952380952,5.523809523809524,media-alta
2021,20220101_38038_D05_S015,38038_D05_S015,Santa Cruz de Tenerife,5,15,46416.0,19267.0,23172.0,20650.0,1.1221307506053269,2022,20220101_38038_D05_S015,3.0,17.6,24.0,2.7,52.8,20210101_38038_D05_S015,167.0,10.0,27.0,124.0,328.0,318.0,52.515723270440255,8.49056603773585,20210101_38038_D05_S015,2.0,12.0,8.0,0.0,306.0,328.0,93.29268292682927,6.097560975609756,media-alta
2021,20220101_38038_D06_S001,38038_D06_S001,Santa Cruz de Tenerife,6,1,45179.0,17852.0,21153.0,19250.0,1.0988571428571428,2022,20220101_38038_D06_S001,3.4,15.8,18.3,3.3,59.3,20210101_38038_D06_S001,279.0,16.0,46.0,221.0,562.0,546.0,51.0989010989011,8.424908424908425,20210101_38038_D06_S001,6.0,23.0,10.0,0.0,523.0,562.0,93.06049822064057,5.871886120996441,media-alta
2021,20220101_38038_D06_S002,38038_D06_S002,Santa Cruz de Tenerife,6,2,61036.0,23612.0,27989.0,24850.0,1.126317907444668,2022,20220101_38038_D06_S002,2.4,16.8,24.9,1.6,54.3,20210101_38038_D06_S002,190.0,3.0,5.0,91.0,289.0,286.0,66.43356643356644,1.7482517482517483,20210101_38038_D06_S002,3.0,7.0,10.0,0.0,269.0,289.0,93.0795847750865,5.882352941176471,alta
2021,20220101_38038_D06_S003,38038_D06_S003,Santa Cruz de Tenerife,6,3,24752.0,11833.0,14196.0,12250.0,1.1588571428571428,2022,20220101_38038_D06_S003,6.3,7.5,26.7,5.0,54.7,20210101_38038_D06_S003,89.0,13.0,65.0,220.0,387.0,374.0,23.796791443850267,17.379679144385026,20210101_38038_D06_S003,9.0,22.0,23.0,1.0,332.0,386.0,86.01036269430051,11.658031088082902,baja
2021,20220101_38038_D06_S004,38038_D06_S004,Santa Cruz de Tenerife,6,4,27616.0,10919.0,14151.0,12250.0,1.1551836734693877,2022,20220101_38038_D06_S004,7.8,4.4,27.9,5.5,54.4,20210101_38038_D06_S004,61.0,11.0,57.0,127.0,256.0,245.0,24.897959183673468,23.26530612244898,20210101_38038_D06_S004,5.0,12.0,9.0,1.0,229.0,255.0,89.80392156862744,8.235294117647058,baja
2021,20220101_38038_D06_S005,38038_D06_S005,Santa Cruz de Tenerife,6,5,38921.0,14818.0,18485.0,16450.0,1.1237082066869302,2022,20220101_38038_D06_S005,4.7,7.2,30.3,2.9,54.9,20210101_38038_D06_S005,137.0,6.0,43.0,173.0,359.0,353.0,38.81019830028329,12.181303116147308,20210101_38038_D06_S005,2.0,15.0,15.0,1.0,326.0,358.0,91.06145251396649,8.379888268156424,media-baja
2021,20220101_38038_D06_S006,38038_D06_S006,Santa Cruz de Tenerife,6,6,73811.0,25091.0,30399.0,26950.0,1.1279777365491652,2022,20220101_38038_D06_S006,2.1,22.7,21.0,1.4,52.8,20210101_38038_D06_S006,149.0,8.0,8.0,99.0,264.0,256.0,58.203125,3.125,20210101_38038_D06_S006,1.0,13.0,14.0,0.0,236.0,264.0,89.39393939393939,10.227272727272727,alta
2021,20220101_38038_D06_S007,38038_D06_S007,Santa Cruz de Tenerife,6,7,46848.0,16467.0,20952.0,18550.0,1.129487870619946,2022,20220101_38038_D06_S007,3.2,11.7,20.1,3.3,61.8,20210101_38038_D06_S007,360.0,47.0,70.0,428.0,905.0,858.0,41.95804195804196,8.158508158508159,20210101_38038_D06_S007,7.0,37.0,36.0,0.0,825.0,905.0,91.16022099447514,8.066298342541437,media-alta
2021,20220101_38038_D06_S008,38038_D06_S008,Santa Cruz de Tenerife,6,8,68534.0,23434.0,27854.0,22750.0,1.2243516483516483,2022,20220101_38038_D06_S008,3.2,22.1,21.2,2.0,51.6,20210101_38038_D06_S008,224.0,12.0,18.0,143.0,397.0,385.0,58.18181818181818,4.675324675324675,20210101_38038_D06_S008,2.0,20.0,23.0,0.0,352.0,397.0,88.66498740554157,10.831234256926953,alta
2021,20220101_38038_D06_S010,38038_D06_S010,Santa Cruz de Tenerife,6,10,34925.0,13997.0,17538.0,15050.0,1.1653156146179402,2022,20220101_38038_D06_S010,5.4,8.4,18.8,4.0,63.4,20210101_38038_D06_S010,150.0,15.0,29.0,209.0,403.0,388.0,38.65979381443299,7.474226804123711,20210101_38038_D06_S010,2.0,14.0,21.0,0.0,366.0,403.0,90.81885856079404,8.6848635235732,media-baja
2021,20220101_38038_D06_S011,38038_D06_S011,Santa Cruz de Tenerife,6,11,35292.0,13243.0,16735.0,15050.0,1.1119601328903654,2022,20220101_38038_D06_S011,4.8,7.5,21.3,4.7,61.6,20210101_38038_D06_S011,118.0,8.0,57.0,183.0,366.0,358.0,32.960893854748605,15.921787709497206,20210101_38038_D06_S011,2.0,15.0,9.0,0.0,340.0,366.0,92.89617486338798,6.557377049180328,media-baja
2021,20220101_38038_D06_S012,38038_D06_S012,Santa Cruz de Tenerife,6,12,44335.0,17622.0,21499.0,19250.0,1.1168311688311687,2022,20220101_38038_D06_S012,3.2,10.3,27.2,2.9,56.4,20210101_38038_D06_S012,279.0,21.0,45.0,255.0,600.0,579.0,48.18652849740933,7.772020725388601,20210101_38038_D06_S012,3.0,24.0,17.0,0.0,556.0,600.0,92.66666666666667,6.833333333333333,media-alta
2021,20220101_38038_D06_S013,38038_D06_S013,Santa Cruz de Tenerife,6,13,52590.0,22009.0,25956.0,23450.0,1.106865671641791,2022,20220101_38038_D06_S013,3.7,17.7,27.0,2.3,49.3,20210101_38038_D06_S013,199.0,7.0,32.0,130.0,368.0,361.0,55.124653739612185,8.86426592797784,20210101_38038_D06_S013,6.0,21.0,11.0,1.0,329.0,367.0,89.64577656675749,8.719346049046322,alta
2021,20220101_38038_D06_S014,38038_D06_S014,Santa Cruz de Tenerife,6,14,54839.0,16452.0,22072.0,20650.0,1.068861985472155,2022,20220101_38038_D06_S014,3.5,7.9,31.5,3.2,53.9,20210101_38038_D06_S014,161.0,15.0,34.0,183.0,393.0,378.0,42.592592592592595,8.994708994708995,20210101_38038_D06_S014,6.0,24.0,16.0,0.0,347.0,393.0,88.29516539440203,10.178117048346056,media-alta
2021,20220101_38038_D06_S016,38038_D06_S016,Santa Cruz de Tenerife,6,16,21748.0,9144.0,12346.0,11550.0,1.0689177489177488,2022,20220101_38038_D06_S016,8.7,2.6,32.7,6.6,49.4,20210101_38038_D06_S016,34.0,7.0,74.0,153.0,268.0,261.0,13.026819923371647,28.35249042145594,20210101_38038_D06_S016,3.0,25.0,8.0,0.0,232.0,268.0,86.56716417910448,12.313432835820896,baja
2021,20220101_38038_D06_S017,38038_D06_S017,Santa Cruz de Tenerife,6,17,30402.0,12697.0,15871.0,12950.0,1.2255598455598455,2022,20220101_38038_D06_S017,6.2,11.3,32.4,4.3,45.9,20210101_38038_D06_S017,100.0,12.0,67.0,240.0,419.0,407.0,24.57002457002457,16.461916461916463,20210101_38038_D06_S017,5.0,22.0,17.0,0.0,375.0,419.0,89.49880668257757,9.307875894988067,media-baja
2021,20220101_38038_D06_S018,38038_D06_S018,Santa Cruz de Tenerife,6,18,34110.0,16205.0,19440.0,18550.0,1.0479784366576819,2022,20220101_38038_D06_S018,4.3,6.9,33.5,3.2,52.1,20210101_38038_D06_S018,137.0,20.0,34.0,198.0,389.0,369.0,37.12737127371274,9.214092140921409,20210101_38038_D06_S018,2.0,20.0,9.0,0.0,358.0,389.0,92.03084832904884,7.455012853470437,media-alta
2021,20220101_38038_D06_S019,38038_D06_S019,Santa Cruz de Tenerife,6,19,39990.0,15674.0,18655.0,14350.0,1.3,2022,20220101_38038_D06_S019,3.0,12.3,20.8,2.9,61.1,20210101_38038_D06_S019,133.0,7.0,34.0,200.0,374.0,367.0,36.23978201634878,9.264305177111716,20210101_38038_D06_S019,4.0,13.0,19.0,0.0,338.0,374.0,90.37433155080214,8.556149732620321,media-baja
2021,20220101_38038_D06_S020,38038_D06_S020,Santa Cruz de Tenerife,6,20,31943.0,11417.0,14998.0,12950.0,1.1581467181467182,2022,20220101_38038_D06_S020,5.3,7.4,24.3,4.7,58.3,20210101_38038_D06_S020,125.0,10.0,50.0,204.0,389.0,379.0,32.98153034300792,13.192612137203167,20210101_38038_D06_S020,2.0,27.0,15.0,0.0,345.0,389.0,88.68894601542416,10.796915167095115,baja
2021,20220101_38038_D06_S021,38038_D06_S021,Santa Cruz de Tenerife,6,21,35363.0,13897.0,17343.0,14350.0,1.2085714285714286,2022,20220101_38038_D06_S021,5.5,8.1,29.7,3.4,53.3,20210101_38038_D06_S021,171.0,25.0,61.0,273.0,530.0,505.0,33.86138613861386,12.07920792079208,20210101_38038_D06_S021,1.0,24.0,19.0,0.0,486.0,530.0,91.69811320754717,8.11320754716981,media-baja
2021,20220101_38038_D06_S022,38038_D06_S022,Santa Cruz de Tenerife,6,22,45589.0,18421.0,22343.0,21350.0,1.0465105386416862,2022,20220101_38038_D06_S022,3.2,10.5,26.6,2.3,57.4,20210101_38038_D06_S022,419.0,48.0,42.0,381.0,890.0,842.0,49.7624703087886,4.98812351543943,20210101_38038_D06_S022,4.0,20.0,33.0,0.0,833.0,890.0,93.59550561797752,5.955056179775281,media-alta
2021,20220101_38038_D06_S023,38038_D06_S023,Santa Cruz de Tenerife,6,23,29929.0,11571.0,14944.0,12250.0,1.2199183673469387,2022,20220101_38038_D06_S023,7.2,4.0,35.4,4.8,48.7,20210101_38038_D06_S023,77.0,5.0,77.0,167.0,326.0,321.0,23.98753894080997,23.98753894080997,20210101_38038_D06_S023,3.0,15.0,8.0,0.0,300.0,326.0,92.02453987730061,7.0552147239263805,baja
2021,20220101_38038_D06_S025,38038_D06_S025,Santa Cruz de Tenerife,6,25,67925.0,24153.0,29123.0,27650.0,1.0532730560578663,2022,20220101_38038_D06_S025,3.6,15.2,25.0,1.4,54.8,20210101_38038_D06_S025,519.0,40.0,21.0,275.0,855.0,815.0,63.68098159509202,2.576687116564417,20210101_38038_D06_S025,8.0,31.0,33.0,3.0,780.0,852.0,91.54929577464789,7.511737089201878,alta
2021,20220101_38038_D06_S026,38038_D06_S026,Santa Cruz de Tenerife,6,26,22495.0,9500.0,12413.0,10850.0,1.1440552995391704,2022,20220101_38038_D06_S026,8.1,3.2,32.9,6.6,49.1,20210101_38038_D06_S026,53.0,5.0,41.0,157.0,256.0,251.0,21.115537848605577,16.334661354581673,20210101_38038_D06_S026,2.0,18.0,6.0,0.0,230.0,256.0,89.84375,9.375,baja
2021,20220101_38038_D06_S028,38038_D06_S028,Santa Cruz de Tenerife,6,28,40591.0,16752.0,20456.0,19950.0,1.0253634085213033,2022,20220101_38038_D06_S028,4.5,5.9,27.5,3.3,58.8,20210101_38038_D06_S028,263.0,22.0,42.0,292.0,619.0,597.0,44.0536013400335,7.035175879396985,20210101_38038_D06_S028,2.0,18.0,27.0,0.0,572.0,619.0,92.40710823909531,7.269789983844911,media-alta
2021,20220101_38038_D06_S029,38038_D06_S029,Santa Cruz de Tenerife,6,29,49584.0,19216.0,23535.0,22050.0,1.0673469387755101,2022,20220101_38038_D06_S029,2.7,11.7,29.1,2.1,54.5,20210101_38038_D06_S029,69.0,5.0,11.0,36.0,121.0,116.0,59.48275862068966,9.482758620689655,20210101_38038_D06_S029,1.0,4.0,2.0,0.0,114.0,121.0,94.21487603305785,4.958677685950414,media-alta
2021,20220101_38038_D07_S001,38038_D07_S001,Santa Cruz de Tenerife,7,1,44345.0,16128.0,20419.0,17850.0,1.143921568627451,2022,20220101_38038_D07_S001,4.0,8.8,12.1,3.4,71.8,20210101_38038_D07_S001,234.0,27.0,60.0,347.0,668.0,641.0,36.505460218408736,9.360374414976599,20210101_38038_D07_S001,7.0,16.0,33.0,0.0,612.0,668.0,91.61676646706587,7.335329341317365,media-alta
2021,20220101_38038_D07_S002,38038_D07_S002,Santa Cruz de Tenerife,7,2,33261.0,12232.0,16082.0,14350.0,1.1206968641114983,2022,20220101_38038_D07_S002,5.3,8.4,26.3,4.5,55.5,20210101_38038_D07_S002,111.0,20.0,101.0,327.0,559.0,539.0,20.59369202226345,18.738404452690165,20210101_38038_D07_S002,12.0,23.0,30.0,0.0,494.0,559.0,88.37209302325581,9.481216457960643,media-baja
2021,20220101_38038_D07_S003,38038_D07_S003,Santa Cruz de Tenerife,7,3,32043.0,12983.0,16850.0,15750.0,1.0698412698412698,2022,20220101_38038_D07_S003,5.2,6.9,30.7,4.3,53.0,20210101_38038_D07_S003,135.0,18.0,106.0,368.0,627.0,609.0,22.167487684729064,17.4055829228243,20210101_38038_D07_S003,10.0,24.0,41.0,0.0,552.0,627.0,88.03827751196172,10.36682615629984,media-baja
2021,20220101_38038_D07_S004,38038_D07_S004,Santa Cruz de Tenerife,7,4,26599.0,9719.0,13423.0,12950.0,1.0365250965250965,2022,20220101_38038_D07_S004,7.4,1.9,35.1,6.1,49.6,20210101_38038_D07_S004,23.0,3.0,56.0,136.0,218.0,215.0,10.69767441860465,26.046511627906977,20210101_38038_D07_S004,0.0,16.0,8.0,0.0,194.0,218.0,88.9908256880734,11.009174311926605,baja
2021,20220101_38038_D07_S005,38038_D07_S005,Santa Cruz de Tenerife,7,5,31510.0,11910.0,15788.0,15050.0,1.0490365448504984,2022,20220101_38038_D07_S005,4.4,5.3,26.1,3.9,60.3,20210101_38038_D07_S005,70.0,8.0,45.0,189.0,312.0,304.0,23.026315789473685,14.802631578947368,20210101_38038_D07_S005,0.0,24.0,20.0,0.0,268.0,312.0,85.8974358974359,14.102564102564102,baja
2021,20220101_38038_D07_S006,38038_D07_S006,Santa Cruz de Tenerife,7,6,23821.0,10237.0,13272.0,11550.0,1.1490909090909092,2022,20220101_38038_D07_S006,9.4,6.4,28.3,5.6,50.4,20210101_38038_D07_S006,92.0,16.0,75.0,210.0,393.0,377.0,24.40318302387268,19.893899204244033,20210101_38038_D07_S006,7.0,21.0,20.0,0.0,345.0,393.0,87.78625954198473,10.432569974554708,baja
2021,20220101_38038_D07_S007,38038_D07_S007,Santa Cruz de Tenerife,7,7,29239.0,11543.0,15071.0,13650.0,1.1041025641025641,2022,20220101_38038_D07_S007,6.9,6.9,26.7,5.0,54.4,20210101_38038_D07_S007,78.0,16.0,85.0,262.0,441.0,425.0,18.352941176470587,20.0,20210101_38038_D07_S007,5.0,23.0,27.0,0.0,386.0,441.0,87.52834467120181,11.337868480725623,baja
2021,20220101_38038_D07_S009,38038_D07_S009,Santa Cruz de Tenerife,7,9,33758.0,13415.0,17167.0,15050.0,1.1406644518272426,2022,20220101_38038_D07_S009,3.9,7.6,26.7,4.3,57.6,20210101_38038_D07_S009,144.0,14.0,64.0,290.0,512.0,498.0,28.91566265060241,12.85140562248996,20210101_38038_D07_S009,4.0,21.0,36.0,0.0,451.0,512.0,88.0859375,11.1328125,media-baja
2021,20220101_38038_D08_S001,38038_D08_S001,Santa Cruz de Tenerife,8,1,25754.0,11381.0,14626.0,12950.0,1.1294208494208495,2022,20220101_38038_D08_S001,5.2,5.2,32.9,5.1,51.6,20210101_38038_D08_S001,63.0,5.0,96.0,211.0,375.0,370.0,17.027027027027028,25.945945945945947,20210101_38038_D08_S001,5.0,45.0,24.0,0.0,301.0,375.0,80.26666666666667,18.4,baja
2021,20220101_38038_D09_S001,38038_D09_S001,Santa Cruz de Tenerife,9,1,23843.0,10756.0,13814.0,12950.0,1.0667181467181468,2022,20220101_38038_D09_S001,7.5,4.3,27.4,5.3,55.5,20210101_38038_D09_S001,62.0,11.0,79.0,175.0,327.0,316.0,19.620253164556964,25.0,20210101_38038_D09_S001,2.0,22.0,16.0,0.0,287.0,327.0,87.76758409785933,11.62079510703364,baja
2021,20220101_38038_D09_S002,38038_D09_S002,Santa Cruz de Tenerife,9,2,23576.0,9939.0,12787.0,11550.0,1.1070995670995671,2022,20220101_38038_D09_S002,7.4,3.4,26.2,5.7,57.4,20210101_38038_D09_S002,47.0,10.0,50.0,126.0,233.0,223.0,21.076233183856502,22.42152466367713,20210101_38038_D09_S002,4.0,13.0,10.0,0.0,206.0,233.0,88.41201716738198,9.871244635193133,baja
2021,20220101_38038_D09_S003,38038_D09_S003,Santa Cruz de Tenerife,9,3,25701.0,10804.0,14029.0,12950.0,1.0833204633204634,2022,20220101_38038_D09_S003,6.5,4.1,34.0,5.8,49.6,20210101_38038_D09_S003,68.0,5.0,70.0,217.0,360.0,355.0,19.154929577464788,19.718309859154928,20210101_38038_D09_S003,4.0,18.0,19.0,0.0,319.0,360.0,88.61111111111111,10.277777777777779,baja
2021,20220101_38038_D09_S006,38038_D09_S006,Santa Cruz de Tenerife,9,6,27674.0,11831.0,14814.0,12950.0,1.1439382239382239,2022,20220101_38038_D09_S006,5.8,3.7,30.0,3.9,56.6,20210101_38038_D09_S006,95.0,8.0,82.0,231.0,416.0,408.0,23.284313725490197,20.098039215686274,20210101_38038_D09_S006,3.0,30.0,20.0,0.0,363.0,416.0,87.25961538461539,12.01923076923077,baja
2021,20220101_38038_D09_S007,38038_D09_S007,Santa Cruz de Tenerife,9,7,28900.0,11803.0,15237.0,14350.0,1.0618118466898954,2022,20220101_38038_D09_S007,6.0,6.2,22.4,5.2,60.3,20210101_38038_D09_S007,69.0,6.0,28.0,179.0,282.0,276.0,25.0,10.144927536231885,20210101_38038_D09_S007,1.0,13.0,15.0,0.0,253.0,282.0,89.71631205673759,9.929078014184396,baja
2021,20220101_38038_D09_S009,38038_D09_S009,Santa Cruz de Tenerife,9,9,23944.0,9022.0,12284.0,10850.0,1.1321658986175116,2022,20220101_38038_D09_S009,9.1,4.7,27.1,6.8,52.3,20210101_38038_D09_S009,59.0,5.0,92.0,309.0,465.0,460.0,12.826086956521738,20.0,20210101_38038_D09_S009,2.0,30.0,18.0,0.0,415.0,465.0,89.24731182795699,10.32258064516129,baja
2021,20220101_38038_D09_S010,38038_D09_S010,Santa Cruz de Tenerife,9,10,24622.0,9390.0,12841.0,11550.0,1.1117748917748917,2022,20220101_38038_D09_S010,8.4,1.8,30.0,6.3,53.5,20210101_38038_D09_S010,42.0,14.0,114.0,215.0,385.0,371.0,11.320754716981131,30.7277628032345,20210101_38038_D09_S010,1.0,24.0,27.0,0.0,333.0,385.0,86.49350649350649,13.246753246753247,baja
2021,20220101_38038_D09_S011,38038_D09_S011,Santa Cruz de Tenerife,9,11,22890.0,9388.0,12549.0,11550.0,1.0864935064935064,2022,20220101_38038_D09_S011,8.5,2.3,31.0,7.3,50.9,20210101_38038_D09_S011,50.0,11.0,95.0,192.0,348.0,337.0,14.836795252225519,28.189910979228486,20210101_38038_D09_S011,5.0,26.0,23.0,0.0,294.0,348.0,84.48275862068965,14.080459770114942,baja
2021,20220101_38038_D09_S012,38038_D09_S012,Santa Cruz de Tenerife,9,12,29153.0,11166.0,14757.0,13650.0,1.0810989010989012,2022,20220101_38038_D09_S012,6.1,4.5,24.4,5.3,59.7,20210101_38038_D09_S012,117.0,14.0,89.0,340.0,560.0,546.0,21.428571428571427,16.3003663003663,20210101_38038_D09_S012,11.0,37.0,22.0,0.0,490.0,560.0,87.5,10.535714285714286,baja
2021,20220101_38038_D09_S014,38038_D09_S014,Santa Cruz de Tenerife,9,14,21368.0,9076.0,11956.0,10150.0,1.1779310344827587,2022,20220101_38038_D09_S014,9.7,4.3,26.2,7.2,52.5,20210101_38038_D09_S014,40.0,8.0,58.0,153.0,259.0,251.0,15.936254980079681,23.10756972111554,20210101_38038_D09_S014,2.0,16.0,13.0,0.0,228.0,259.0,88.03088803088804,11.196911196911197,baja
2021,20220101_38038_D09_S015,38038_D09_S015,Santa Cruz de Tenerife,9,15,25617.0,11490.0,14372.0,12250.0,1.1732244897959183,2022,20220101_38038_D09_S015,7.9,4.3,35.0,5.7,47.1,20210101_38038_D09_S015,73.0,4.0,50.0,184.0,311.0,307.0,23.778501628664497,16.286644951140065,20210101_38038_D09_S015,2.0,10.0,18.0,0.0,281.0,311.0,90.35369774919614,9.003215434083602,baja
2021,20220101_38038_D09_S016,38038_D09_S016,Santa Cruz de Tenerife,9,16,27953.0,10486.0,14154.0,12950.0,1.092972972972973,2022,20220101_38038_D09_S016,7.3,2.5,33.9,5.9,50.5,20210101_38038_D09_S016,43.0,7.0,67.0,210.0,327.0,320.0,13.4375,20.9375,20210101_38038_D09_S016,2.0,14.0,12.0,0.0,299.0,327.0,91.43730886850153,7.951070336391437,baja
2021,20220101_38038_D09_S018,38038_D09_S018,Santa Cruz de Tenerife,9,18,25909.0,11089.0,14294.0,13650.0,1.0471794871794873,2022,20220101_38038_D09_S018,5.1,4.1,40.3,4.7,45.8,20210101_38038_D09_S018,36.0,6.0,42.0,124.0,208.0,202.0,17.821782178217823,20.792079207920793,20210101_38038_D09_S018,5.0,8.0,11.0,0.0,184.0,208.0,88.46153846153847,9.134615384615385,baja
2021,20220101_38038_D09_S019,38038_D09_S019,Santa Cruz de Tenerife,9,19,29131.0,11656.0,14944.0,13650.0,1.0947985347985347,2022,20220101_38038_D09_S019,5.5,5.1,21.7,5.1,62.7,20210101_38038_D09_S019,124.0,20.0,87.0,298.0,529.0,509.0,24.361493123772103,17.092337917485267,20210101_38038_D09_S019,5.0,25.0,18.0,0.0,481.0,529.0,90.92627599243856,8.128544423440454,baja
2021,20220101_38038_D09_S021,38038_D09_S021,Santa Cruz de Tenerife,9,21,26369.0,11318.0,14343.0,13650.0,1.0507692307692307,2022,20220101_38038_D09_S021,5.0,5.0,35.5,4.6,49.9,20210101_38038_D09_S021,52.0,8.0,48.0,155.0,263.0,255.0,20.392156862745097,18.823529411764707,20210101_38038_D09_S021,1.0,21.0,15.0,0.0,226.0,263.0,85.93155893536121,13.688212927756654,baja
2021,20220101_38038_D09_S022,38038_D09_S022,Santa Cruz de Tenerife,9,22,23019.0,9428.0,12346.0,11550.0,1.0689177489177488,2022,20220101_38038_D09_S022,9.3,2.8,26.5,6.6,54.9,20210101_38038_D09_S022,67.0,11.0,95.0,227.0,400.0,389.0,17.223650385604113,24.42159383033419,20210101_38038_D09_S022,4.0,18.0,20.0,0.0,358.0,400.0,89.5,9.5,baja
2021,20220101_38038_D10_S001,38038_D10_S001,Santa Cruz de Tenerife,10,1,25682.0,11035.0,14279.0,12950.0,1.1026254826254827,2022,20220101_38038_D10_S001,7.8,2.8,40.5,3.7,45.3,20210101_38038_D10_S001,44.0,6.0,34.0,171.0,255.0,249.0,17.670682730923694,13.654618473895582,20210101_38038_D10_S001,0.0,17.0,21.0,0.0,217.0,255.0,85.09803921568627,14.901960784313726,baja
2021,20220101_38038_D10_S002,38038_D10_S002,Santa Cruz de Tenerife,10,2,27544.0,11262.0,14619.0,13650.0,1.070989010989011,2022,20220101_38038_D10_S002,7.8,4.8,34.2,4.5,48.8,20210101_38038_D10_S002,79.0,3.0,58.0,178.0,318.0,315.0,25.07936507936508,18.41269841269841,20210101_38038_D10_S002,0.0,21.0,15.0,0.0,282.0,318.0,88.67924528301887,11.320754716981131,baja
2021,20220101_38038_D10_S003,38038_D10_S003,Santa Cruz de Tenerife,10,3,27413.0,11308.0,14724.0,12950.0,1.136988416988417,2022,20220101_38038_D10_S003,7.5,5.0,34.2,5.6,47.7,20210101_38038_D10_S003,80.0,4.0,56.0,215.0,355.0,351.0,22.79202279202279,15.954415954415955,20210101_38038_D10_S003,4.0,19.0,12.0,0.0,320.0,355.0,90.14084507042253,8.732394366197184,baja
2021,20220101_38038_D10_S004,38038_D10_S004,Santa Cruz de Tenerife,10,4,23734.0,11285.0,14065.0,12950.0,1.0861003861003862,2022,20220101_38038_D10_S004,7.3,2.8,36.8,5.2,48.0,20210101_38038_D10_S004,36.0,4.0,35.0,134.0,209.0,205.0,17.5609756097561,17.073170731707318,20210101_38038_D10_S004,0.0,10.0,14.0,0.0,185.0,209.0,88.51674641148325,11.483253588516746,baja
2021,20220101_38038_D10_S005,38038_D10_S005,Santa Cruz de Tenerife,10,5,25233.0,11167.0,14374.0,13650.0,1.0530402930402931,2022,20220101_38038_D10_S005,8.8,3.6,31.7,6.4,49.5,20210101_38038_D10_S005,56.0,11.0,50.0,135.0,252.0,241.0,23.236514522821576,20.74688796680498,20210101_38038_D10_S005,2.0,18.0,9.0,0.0,223.0,252.0,88.4920634920635,10.714285714285714,baja
2021,20220101_38038_D10_S006,38038_D10_S006,Santa Cruz de Tenerife,10,6,45941.0,17317.0,21692.0,17850.0,1.2152380952380952,2022,20220101_38038_D10_S006,3.8,14.3,28.8,2.9,50.2,20210101_38038_D10_S006,207.0,14.0,50.0,272.0,543.0,529.0,39.130434782608695,9.45179584120983,20210101_38038_D10_S006,5.0,20.0,26.0,0.0,492.0,543.0,90.60773480662984,8.47145488029466,media-alta
2021,20220101_38038_D10_S007,38038_D10_S007,Santa Cruz de Tenerife,10,7,36709.0,15891.0,19344.0,16450.0,1.1759270516717326,2022,20220101_38038_D10_S007,6.3,3.4,28.5,3.6,58.2,20210101_38038_D10_S007,115.0,9.0,34.0,137.0,295.0,286.0,40.20979020979021,11.888111888111888,20210101_38038_D10_S007,4.0,16.0,11.0,0.0,264.0,295.0,89.49152542372882,9.152542372881356,media-baja
2021,20220101_38038_D10_S008,38038_D10_S008,Santa Cruz de Tenerife,10,8,35394.0,14008.0,17811.0,16450.0,1.0827355623100303,2022,20220101_38038_D10_S008,6.1,8.5,27.4,3.9,54.1,20210101_38038_D10_S008,92.0,9.0,46.0,186.0,333.0,324.0,28.395061728395063,14.197530864197532,20210101_38038_D10_S008,3.0,17.0,18.0,0.0,295.0,333.0,88.58858858858859,10.51051051051051,media-baja
2021,20220101_38038_D10_S009,38038_D10_S009,Santa Cruz de Tenerife,10,9,34073.0,12733.0,16671.0,15050.0,1.1077076411960134,2022,20220101_38038_D10_S009,6.4,6.7,35.4,4.1,47.4,20210101_38038_D10_S009,87.0,6.0,37.0,190.0,320.0,314.0,27.70700636942675,11.78343949044586,20210101_38038_D10_S009,3.0,18.0,15.0,0.0,284.0,320.0,88.75,10.3125,media-baja
2021,20220101_38038_D10_S010,38038_D10_S010,Santa Cruz de Tenerife,10,10,30437.0,11087.0,14929.0,13650.0,1.0936996336996336,2022,20220101_38038_D10_S010,8.4,6.3,30.2,5.2,50.0,20210101_38038_D10_S010,35.0,7.0,52.0,123.0,217.0,210.0,16.666666666666668,24.761904761904763,20210101_38038_D10_S010,3.0,10.0,10.0,0.0,194.0,217.0,89.40092165898618,9.216589861751151,baja
2021,20220101_38038_D10_S011,38038_D10_S011,Santa Cruz de Tenerife,10,11,36487.0,14525.0,18121.0,16450.0,1.101580547112462,2022,20220101_38038_D10_S011,4.8,5.2,23.1,3.4,63.5,20210101_38038_D10_S011,84.0,5.0,60.0,346.0,495.0,490.0,17.142857142857142,12.244897959183673,20210101_38038_D10_S011,2.0,13.0,16.0,0.0,464.0,495.0,93.73737373737374,5.858585858585859,media-baja
2021,20220101_38038_D10_S012,38038_D10_S012,Santa Cruz de Tenerife,10,12,27069.0,10442.0,13889.0,12250.0,1.133795918367347,2022,20220101_38038_D10_S012,6.3,5.1,32.3,6.4,49.9,20210101_38038_D10_S012,63.0,8.0,65.0,184.0,320.0,312.0,20.192307692307693,20.833333333333332,20210101_38038_D10_S012,5.0,20.0,18.0,0.0,277.0,320.0,86.5625,11.875,baja
2021,20220101_38038_D10_S013,38038_D10_S013,Santa Cruz de Tenerife,10,13,30133.0,13269.0,16541.0,15050.0,1.0990697674418604,2022,20220101_38038_D10_S013,4.4,6.6,36.9,4.3,47.8,20210101_38038_D10_S013,63.0,9.0,13.0,106.0,191.0,182.0,34.61538461538461,7.142857142857143,20210101_38038_D10_S013,3.0,9.0,10.0,0.0,169.0,191.0,88.48167539267016,9.947643979057592,media-baja
2021,20220101_38038_D10_S014,38038_D10_S014,Santa Cruz de Tenerife,10,14,33965.0,13447.0,17134.0,16450.0,1.041580547112462,2022,20220101_38038_D10_S014,4.9,5.6,30.3,4.2,55.1,20210101_38038_D10_S014,81.0,4.0,46.0,209.0,340.0,336.0,24.107142857142858,13.69047619047619,20210101_38038_D10_S014,1.0,26.0,11.0,0.0,302.0,340.0,88.82352941176471,10.882352941176471,media-baja
2021,20220101_38038_D10_S015,38038_D10_S015,Santa Cruz de Tenerife,10,15,42127.0,15658.0,19852.0,17150.0,1.1575510204081632,2022,20220101_38038_D10_S015,5.5,11.8,26.8,3.2,52.6,20210101_38038_D10_S015,172.0,15.0,62.0,196.0,445.0,430.0,40.0,14.418604651162791,20210101_38038_D10_S015,1.0,15.0,18.0,1.0,410.0,444.0,92.34234234234235,7.4324324324324325,media-baja
2021,20220101_38038_D10_S016,38038_D10_S016,Santa Cruz de Tenerife,10,16,34542.0,14172.0,17682.0,16450.0,1.0748936170212766,2022,20220101_38038_D10_S016,4.7,6.1,26.3,3.4,59.5,20210101_38038_D10_S016,133.0,13.0,48.0,241.0,435.0,422.0,31.51658767772512,11.374407582938389,20210101_38038_D10_S016,0.0,21.0,19.0,0.0,395.0,435.0,90.80459770114942,9.195402298850574,media-baja
2021,20220101_38038_D11_S001,38038_D11_S001,Santa Cruz de Tenerife,11,1,26819.0,9972.0,13320.0,12950.0,1.0285714285714285,2022,20220101_38038_D11_S001,6.1,6.8,22.8,6.2,58.2,20210101_38038_D11_S001,107.0,21.0,101.0,358.0,587.0,566.0,18.90459363957597,17.84452296819788,20210101_38038_D11_S001,4.0,40.0,33.0,0.0,510.0,587.0,86.88245315161839,12.43611584327087,baja
2021,20220101_38038_D11_S002,38038_D11_S002,Santa Cruz de Tenerife,11,2,31619.0,12027.0,15729.0,14350.0,1.0960975609756098,2022,20220101_38038_D11_S002,4.2,6.7,12.3,5.0,71.8,20210101_38038_D11_S002,190.0,31.0,92.0,454.0,767.0,736.0,25.815217391304348,12.5,20210101_38038_D11_S002,8.0,42.0,55.0,0.0,662.0,767.0,86.3102998696219,12.646675358539765,media-baja
2021,20220101_38038_D11_S003,38038_D11_S003,Santa Cruz de Tenerife,11,3,33845.0,13408.0,17015.0,15750.0,1.0803174603174603,2022,20220101_38038_D11_S003,4.1,6.7,10.7,4.6,74.0,20210101_38038_D11_S003,346.0,40.0,94.0,669.0,1149.0,1109.0,31.199278629395852,8.476104598737601,20210101_38038_D11_S003,3.0,55.0,56.0,0.0,1035.0,1149.0,90.07832898172323,9.660574412532638,media-baja
2021,20220101_38038_D11_S004,38038_D11_S004,Santa Cruz de Tenerife,11,4,27979.0,10527.0,14013.0,12950.0,1.082084942084942,2022,20220101_38038_D11_S004,5.7,7.5,16.3,6.0,64.5,20210101_38038_D11_S004,151.0,31.0,129.0,458.0,769.0,738.0,20.460704607046072,17.479674796747968,20210101_38038_D11_S004,7.0,51.0,53.0,0.0,658.0,769.0,85.56566970091028,13.524057217165149,baja
2021,20220101_38038_D11_S005,38038_D11_S005,Santa Cruz de Tenerife,11,5,30399.0,11589.0,15327.0,13650.0,1.1228571428571428,2022,20220101_38038_D11_S005,4.0,4.4,17.4,5.4,68.8,20210101_38038_D11_S005,100.0,16.0,60.0,287.0,463.0,447.0,22.371364653243848,13.422818791946309,20210101_38038_D11_S005,2.0,35.0,43.0,0.0,383.0,463.0,82.72138228941685,16.846652267818573,baja
2021,20220101_38038_D11_S006,38038_D11_S006,Santa Cruz de Tenerife,11,6,27932.0,10339.0,14041.0,12250.0,1.146204081632653,2022,20220101_38038_D11_S006,5.7,4.0,22.9,5.9,61.5,20210101_38038_D11_S006,107.0,22.0,132.0,433.0,694.0,672.0,15.922619047619047,19.642857142857142,20210101_38038_D11_S006,7.0,48.0,41.0,0.0,598.0,694.0,86.1671469740634,12.82420749279539,baja
2021,20220101_38038_D11_S007,38038_D11_S007,Santa Cruz de Tenerife,11,7,27519.0,10452.0,14022.0,12950.0,1.0827799227799229,2022,20220101_38038_D11_S007,6.7,6.1,15.0,6.1,66.1,20210101_38038_D11_S007,98.0,14.0,72.0,285.0,469.0,455.0,21.53846153846154,15.824175824175825,20210101_38038_D11_S007,2.0,34.0,21.0,0.0,412.0,469.0,87.84648187633262,11.727078891257996,baja
2021,20220101_38038_D11_S008,38038_D11_S008,Santa Cruz de Tenerife,11,8,34790.0,12790.0,16675.0,15050.0,1.1079734219269104,2022,20220101_38038_D11_S008,6.9,4.8,12.4,5.2,70.7,20210101_38038_D11_S008,154.0,18.0,50.0,346.0,568.0,550.0,28.0,9.090909090909092,20210101_38038_D11_S008,1.0,30.0,32.0,0.0,505.0,568.0,88.90845070422536,10.915492957746478,media-baja
2021,20220101_38038_D11_S009,38038_D11_S009,Santa Cruz de Tenerife,11,9,22693.0,8805.0,11660.0,10850.0,1.0746543778801843,2022,20220101_38038_D11_S009,11.3,3.0,18.2,7.0,60.5,20210101_38038_D11_S009,74.0,7.0,89.0,211.0,381.0,374.0,19.78609625668449,23.796791443850267,20210101_38038_D11_S009,3.0,25.0,20.0,0.0,333.0,381.0,87.4015748031496,11.811023622047244,baja
2021,20220101_38038_D11_S010,38038_D11_S010,Santa Cruz de Tenerife,11,10,29918.0,11176.0,14932.0,13650.0,1.093919413919414,2022,20220101_38038_D11_S010,6.7,8.3,17.3,4.7,63.0,20210101_38038_D11_S010,145.0,10.0,99.0,328.0,582.0,572.0,25.34965034965035,17.307692307692307,20210101_38038_D11_S010,6.0,37.0,29.0,0.0,510.0,582.0,87.62886597938144,11.34020618556701,baja
2021,20220101_38038_D11_S011,38038_D11_S011,Santa Cruz de Tenerife,11,11,19567.0,7161.0,10071.0,9450.0,1.0657142857142856,2022,20220101_38038_D11_S011,15.1,1.6,23.5,8.0,51.9,20210101_38038_D11_S011,22.0,6.0,105.0,186.0,319.0,313.0,7.0287539936102235,33.546325878594246,20210101_38038_D11_S011,5.0,17.0,6.0,0.0,291.0,319.0,91.22257053291536,7.210031347962382,baja
2021,20220101_38038_D11_S012,38038_D11_S012,Santa Cruz de Tenerife,11,12,20174.0,7585.0,10564.0,9450.0,1.117883597883598,2022,20220101_38038_D11_S012,15.0,1.9,18.4,8.4,56.3,20210101_38038_D11_S012,61.0,13.0,120.0,306.0,500.0,487.0,12.525667351129364,24.640657084188913,20210101_38038_D11_S012,8.0,27.0,22.0,0.0,443.0,500.0,88.6,9.8,baja
2021,20220101_38038_D11_S013,38038_D11_S013,Santa Cruz de Tenerife,11,13,32278.0,11870.0,15561.0,14350.0,1.084390243902439,2022,20220101_38038_D11_S013,5.8,8.5,12.7,5.2,67.9,20210101_38038_D11_S013,176.0,31.0,78.0,400.0,685.0,654.0,26.91131498470948,11.926605504587156,20210101_38038_D11_S013,4.0,44.0,40.0,0.0,597.0,685.0,87.15328467153284,12.262773722627736,baja
2021,20220101_38038_D11_S014,38038_D11_S014,Santa Cruz de Tenerife,11,14,61252.0,19254.0,24776.0,22750.0,1.0890549450549452,2022,20220101_38038_D11_S014,3.2,11.0,9.7,2.3,73.7,20210101_38038_D11_S014,270.0,19.0,18.0,200.0,507.0,488.0,55.32786885245902,3.6885245901639343,20210101_38038_D11_S014,2.0,22.0,29.0,0.0,454.0,507.0,89.54635108481263,10.059171597633137,media-alta
2021,20220101_38038_D11_S015,38038_D11_S015,Santa Cruz de Tenerife,11,15,30943.0,11612.0,15035.0,13650.0,1.1014652014652015,2022,20220101_38038_D11_S015,4.4,6.2,15.4,5.0,69.0,20210101_38038_D11_S015,120.0,23.0,84.0,376.0,603.0,580.0,20.689655172413794,14.482758620689655,20210101_38038_D11_S015,4.0,42.0,39.0,0.0,518.0,603.0,85.90381426202322,13.432835820895523,baja
2021,20220101_38038_D11_S016,38038_D11_S016,Santa Cruz de Tenerife,11,16,28435.0,10327.0,13884.0,12950.0,1.0721235521235521,2022,20220101_38038_D11_S016,5.6,4.2,23.7,6.0,60.5,20210101_38038_D11_S016,64.0,9.0,71.0,187.0,331.0,322.0,19.875776397515526,22.049689440993788,20210101_38038_D11_S016,8.0,17.0,18.0,0.0,288.0,331.0,87.00906344410876,10.574018126888218,baja
2021,20220101_38038_D11_S017,38038_D11_S017,Santa Cruz de Tenerife,11,17,29104.0,10159.0,14039.0,13650.0,1.0284981684981684,2022,20220101_38038_D11_S017,7.4,3.3,24.4,6.9,58.0,20210101_38038_D11_S017,48.0,27.0,101.0,224.0,400.0,373.0,12.868632707774799,27.07774798927614,20210101_38038_D11_S017,5.0,24.0,19.0,0.0,352.0,400.0,88.0,10.75,baja
2021,20220101_38038_D11_S018,38038_D11_S018,Santa Cruz de Tenerife,11,18,36449.0,13321.0,17260.0,15750.0,1.0958730158730159,2022,20220101_38038_D11_S018,4.4,6.6,10.9,4.1,74.1,20210101_38038_D11_S018,223.0,28.0,93.0,412.0,756.0,728.0,30.63186813186813,12.774725274725276,20210101_38038_D11_S018,3.0,24.0,36.0,0.0,693.0,756.0,91.66666666666667,7.936507936507937,media-baja
2021,20220101_38038_D11_S019,38038_D11_S019,Santa Cruz de Tenerife,11,19,26557.0,10122.0,13481.0,12250.0,1.1004897959183673,2022,20220101_38038_D11_S019,6.9,4.6,16.9,6.1,65.6,20210101_38038_D11_S019,97.0,14.0,77.0,243.0,431.0,417.0,23.26139088729017,18.465227817745802,20210101_38038_D11_S019,3.0,29.0,25.0,0.0,374.0,431.0,86.77494199535963,12.529002320185615,baja
2021,20220101_38038_D11_S020,38038_D11_S020,Santa Cruz de Tenerife,11,20,33264.0,12557.0,16280.0,15050.0,1.0817275747508306,2022,20220101_38038_D11_S020,4.1,7.4,9.1,5.9,73.5,20210101_38038_D11_S020,170.0,12.0,98.0,402.0,682.0,670.0,25.37313432835821,14.626865671641792,20210101_38038_D11_S020,4.0,38.0,26.0,0.0,614.0,682.0,90.02932551319648,9.3841642228739,media-baja
2021,20220101_38038_D11_S021,38038_D11_S021,Santa Cruz de Tenerife,11,21,59612.0,21938.0,26676.0,24850.0,1.0734808853118711,2022,20220101_38038_D11_S021,2.4,12.5,6.0,2.2,76.9,20210101_38038_D11_S021,557.0,30.0,26.0,403.0,1016.0,986.0,56.49087221095335,2.636916835699797,20210101_38038_D11_S021,1.0,29.0,63.0,0.0,923.0,1016.0,90.84645669291339,9.05511811023622,alta
2021,20220101_38038_D12_S001,38038_D12_S001,Santa Cruz de Tenerife,12,1,39103.0,12628.0,17199.0,15750.0,1.092,2022,20220101_38038_D12_S001,4.4,5.8,18.3,4.5,67.0,20210101_38038_D12_S001,172.0,28.0,93.0,380.0,673.0,645.0,26.666666666666668,14.418604651162791,20210101_38038_D12_S001,6.0,57.0,36.0,0.0,574.0,673.0,85.28974739970282,13.818722139673106,media-baja
2021,20220101_38038_D12_S002,38038_D12_S002,Santa Cruz de Tenerife,12,2,34278.0,11808.0,15982.0,14350.0,1.1137282229965157,2022,20220101_38038_D12_S002,4.7,7.8,19.9,4.7,62.9,20210101_38038_D12_S002,179.0,29.0,127.0,465.0,800.0,771.0,23.216601815823605,16.472114137483786,20210101_38038_D12_S002,8.0,46.0,66.0,0.0,680.0,800.0,85.0,14.0,baja
2021,20220101_38038_D12_S003,38038_D12_S003,Santa Cruz de Tenerife,12,3,23528.0,10423.0,13702.0,12250.0,1.118530612244898,2022,20220101_38038_D12_S003,6.3,4.8,28.3,5.8,54.8,20210101_38038_D12_S003,55.0,9.0,68.0,200.0,332.0,323.0,17.027863777089784,21.05263157894737,20210101_38038_D12_S003,3.0,15.0,22.0,0.0,292.0,332.0,87.95180722891567,11.144578313253012,baja
2021,20220101_38038_D12_S004,38038_D12_S004,Santa Cruz de Tenerife,12,4,34673.0,12072.0,16241.0,15050.0,1.0791362126245847,2022,20220101_38038_D12_S004,6.0,7.0,24.8,4.4,58.0,20210101_38038_D12_S004,122.0,10.0,73.0,295.0,500.0,490.0,24.897959183673468,14.89795918367347,20210101_38038_D12_S004,7.0,30.0,23.0,0.0,440.0,500.0,88.0,10.6,media-baja
2021,20220101_38038_D12_S005,38038_D12_S005,Santa Cruz de Tenerife,12,5,36487.0,12572.0,16948.0,15750.0,1.0760634920634922,2022,20220101_38038_D12_S005,4.5,7.3,13.3,4.6,70.4,20210101_38038_D12_S005,253.0,27.0,104.0,548.0,932.0,905.0,27.955801104972377,11.491712707182321,20210101_38038_D12_S005,3.0,65.0,79.0,0.0,785.0,932.0,84.2274678111588,15.450643776824034,media-baja
2021,20220101_38038_D12_S006,38038_D12_S006,Santa Cruz de Tenerife,12,6,31735.0,11430.0,15249.0,14350.0,1.0626480836236933,2022,20220101_38038_D12_S006,5.7,4.7,13.4,5.9,70.2,20210101_38038_D12_S006,158.0,33.0,89.0,392.0,672.0,639.0,24.726134585289515,13.928012519561815,20210101_38038_D12_S006,1.0,40.0,45.0,0.0,586.0,672.0,87.20238095238095,12.648809523809524,baja
2021,20220101_38038_D12_S007,38038_D12_S007,Santa Cruz de Tenerife,12,7,32862.0,12101.0,16414.0,15050.0,1.0906312292358804,2022,20220101_38038_D12_S007,4.6,7.9,13.4,5.0,69.2,20210101_38038_D12_S007,98.0,12.0,38.0,225.0,373.0,361.0,27.14681440443213,10.526315789473685,20210101_38038_D12_S007,2.0,21.0,31.0,0.0,319.0,373.0,85.52278820375335,13.941018766756033,media-baja
2021,20220101_38038_D12_S008,38038_D12_S008,Santa Cruz de Tenerife,12,8,35576.0,13076.0,17049.0,15750.0,1.0824761904761904,2022,20220101_38038_D12_S008,4.4,6.7,11.1,5.2,72.6,20210101_38038_D12_S008,251.0,31.0,111.0,573.0,966.0,935.0,26.844919786096256,11.871657754010695,20210101_38038_D12_S008,5.0,51.0,53.0,0.0,857.0,966.0,88.71635610766046,10.766045548654244,media-baja
2021,20220101_38038_D12_S009,38038_D12_S009,Santa Cruz de Tenerife,12,9,39284.0,14197.0,18490.0,17850.0,1.0358543417366948,2022,20220101_38038_D12_S009,3.5,4.6,8.8,4.0,79.1,20210101_38038_D12_S009,301.0,33.0,103.0,581.0,1018.0,985.0,30.558375634517766,10.456852791878173,20210101_38038_D12_S009,6.0,49.0,79.0,1.0,883.0,1017.0,86.82399213372665,12.586037364798427,media-baja
2021,20220101_38038_D12_S010,38038_D12_S010,Santa Cruz de Tenerife,12,10,37680.0,13372.0,17709.0,15750.0,1.1243809523809525,2022,20220101_38038_D12_S010,5.0,6.8,5.7,3.7,78.8,20210101_38038_D12_S010,214.0,21.0,67.0,423.0,725.0,704.0,30.397727272727273,9.517045454545455,20210101_38038_D12_S010,5.0,31.0,36.0,0.0,653.0,725.0,90.06896551724138,9.241379310344827,media-baja
2021,20220101_38038_D12_S011,38038_D12_S011,Santa Cruz de Tenerife,12,11,28952.0,10902.0,14308.0,12950.0,1.104864864864865,2022,20220101_38038_D12_S011,7.1,4.6,11.4,5.3,71.7,20210101_38038_D12_S011,218.0,23.0,115.0,424.0,780.0,757.0,28.79788639365918,15.191545574636724,20210101_38038_D12_S011,2.0,47.0,40.0,0.0,691.0,780.0,88.58974358974359,11.153846153846153,baja
2021,20220101_38039_D01_S001,38039_D01_S001,Santa Úrsula,1,1,25822.0,9827.0,13247.0,11550.0,1.146926406926407,2022,20220101_38039_D01_S001,6.0,12.5,19.2,7.8,54.5,20210101_38039_D01_S001,153.0,17.0,108.0,420.0,698.0,681.0,22.46696035242291,15.859030837004406,20210101_38039_D01_S001,12.0,81.0,38.0,0.0,567.0,698.0,81.23209169054441,17.048710601719197,baja
2021,20220101_38039_D01_S002,38039_D01_S002,Santa Úrsula,1,2,26220.0,9730.0,13310.0,12250.0,1.0865306122448979,2022,20220101_38039_D01_S002,6.1,11.9,21.2,7.2,53.5,20210101_38039_D01_S002,90.0,11.0,82.0,371.0,554.0,543.0,16.574585635359117,15.101289134438305,20210101_38039_D01_S002,16.0,83.0,14.0,0.0,441.0,554.0,79.6028880866426,17.509025270758123,baja
2021,20220101_38039_D01_S003,38039_D01_S003,Santa Úrsula,1,3,26462.0,9297.0,13009.0,12250.0,1.0619591836734694,2022,20220101_38039_D01_S003,6.3,7.9,21.4,7.6,56.9,20210101_38039_D01_S003,78.0,8.0,110.0,295.0,491.0,483.0,16.149068322981368,22.77432712215321,20210101_38039_D01_S003,11.0,82.0,24.0,1.0,373.0,490.0,76.12244897959184,21.632653061224488,baja
2021,20220101_38039_D01_S004,38039_D01_S004,Santa Úrsula,1,4,38471.0,15251.0,18830.0,15750.0,1.1955555555555555,2022,20220101_38039_D01_S004,3.9,19.4,16.1,4.5,56.1,20210101_38039_D01_S004,261.0,28.0,60.0,361.0,710.0,682.0,38.26979472140763,8.79765395894428,20210101_38039_D01_S004,6.0,45.0,32.0,2.0,625.0,708.0,88.2768361581921,10.875706214689265,media-baja
2021,20220101_38039_D01_S005,38039_D01_S005,Santa Úrsula,1,5,28562.0,10929.0,14471.0,12950.0,1.1174517374517374,2022,20220101_38039_D01_S005,5.6,12.9,19.1,6.8,55.6,20210101_38039_D01_S005,126.0,14.0,60.0,305.0,505.0,491.0,25.661914460285132,12.219959266802444,20210101_38039_D01_S005,6.0,52.0,20.0,1.0,426.0,504.0,84.52380952380952,14.285714285714286,baja
2021,20220101_38039_D01_S006,38039_D01_S006,Santa Úrsula,1,6,29615.0,11375.0,14752.0,12250.0,1.2042448979591838,2022,20220101_38039_D01_S006,4.9,14.6,15.3,5.9,59.3,20210101_38039_D01_S006,170.0,20.0,91.0,390.0,671.0,651.0,26.113671274961597,13.978494623655914,20210101_38039_D01_S006,6.0,58.0,30.0,1.0,576.0,670.0,85.97014925373135,13.134328358208956,baja
2021,20220101_38039_D01_S007,38039_D01_S007,Santa Úrsula,1,7,32699.0,12286.0,15877.0,14350.0,1.106411149825784,2022,20220101_38039_D01_S007,4.6,12.1,13.0,6.2,64.1,20210101_38039_D01_S007,203.0,23.0,91.0,422.0,739.0,716.0,28.35195530726257,12.70949720670391,20210101_38039_D01_S007,6.0,74.0,42.0,0.0,617.0,739.0,83.49120433017592,15.696887686062245,media-baja
2021,20220101_38039_D01_S008,38039_D01_S008,Santa Úrsula,1,8,31636.0,11321.0,15163.0,12950.0,1.170888030888031,2022,20220101_38039_D01_S008,5.1,9.2,20.1,5.4,60.3,20210101_38039_D01_S008,92.0,15.0,62.0,260.0,429.0,414.0,22.22222222222222,14.97584541062802,20210101_38039_D01_S008,7.0,46.0,21.0,0.0,355.0,429.0,82.75058275058275,15.617715617715618,baja
2021,20220101_38039_D01_S009,38039_D01_S009,Santa Úrsula,1,9,50987.0,19377.0,23834.0,21350.0,1.1163466042154566,2022,20220101_38039_D01_S009,2.6,20.4,10.5,3.2,63.3,20210101_38039_D01_S009,474.0,28.0,43.0,404.0,949.0,921.0,51.465798045602604,4.668838219326819,20210101_38039_D01_S009,7.0,43.0,38.0,0.0,861.0,949.0,90.72708113804005,8.535300316122234,media-alta
2021,20220101_38040_D01_S001,38040_D01_S001,Santiago del Teide,1,1,29851.0,10454.0,14607.0,13650.0,1.0701098901098902,2022,20220101_38040_D01_S001,5.0,11.0,20.4,9.9,53.6,20210101_38040_D01_S001,85.0,17.0,102.0,333.0,537.0,520.0,16.346153846153847,19.615384615384617,20210101_38040_D01_S001,19.0,33.0,35.0,0.0,450.0,537.0,83.79888268156425,12.66294227188082,baja
2021,20220101_38040_D01_S002,38040_D01_S002,Santiago del Teide,1,2,28033.0,11041.0,15150.0,12950.0,1.16988416988417,2022,20220101_38040_D01_S002,3.4,21.7,14.6,11.3,49.1,20210101_38040_D01_S002,217.0,37.0,120.0,570.0,944.0,907.0,23.925027563395812,13.230429988974642,20210101_38040_D01_S002,30.0,46.0,13.0,0.0,855.0,944.0,90.57203389830508,6.25,baja
2021,20220101_38040_D01_S003,38040_D01_S003,Santiago del Teide,1,3,29603.0,10245.0,14142.0,12950.0,1.092046332046332,2022,20220101_38040_D01_S003,4.9,13.8,15.0,12.5,53.8,20210101_38040_D01_S003,154.0,26.0,236.0,599.0,1015.0,989.0,15.57128412537917,23.86248736097068,20210101_38040_D01_S003,55.0,67.0,36.0,0.0,857.0,1015.0,84.43349753694581,10.147783251231527,baja
2021,20220101_38040_D01_S004,38040_D01_S004,Santiago del Teide,1,4,26552.0,9875.0,13661.0,11550.0,1.1827705627705627,2022,20220101_38040_D01_S004,3.6,17.4,18.8,14.2,46.0,20210101_38040_D01_S004,198.0,47.0,165.0,730.0,1140.0,1093.0,18.115279048490393,15.096065873741994,20210101_38040_D01_S004,32.0,50.0,31.0,0.0,1027.0,1140.0,90.08771929824562,7.105263157894737,baja
2021,20220101_38041_D01_S001,38041_D01_S001,El Sauzal,1,1,49619.0,18396.0,22696.0,18550.0,1.2235040431266846,2022,20220101_38041_D01_S001,2.9,18.3,16.5,2.6,59.7,20210101_38041_D01_S001,353.0,31.0,58.0,374.0,816.0,785.0,44.968152866242036,7.388535031847134,20210101_38041_D01_S001,8.0,53.0,43.0,0.0,712.0,816.0,87.25490196078431,11.764705882352942,media-alta
2021,20220101_38041_D01_S002,38041_D01_S002,El Sauzal,1,2,34327.0,11748.0,16109.0,14350.0,1.1225783972125436,2022,20220101_38041_D01_S002,5.7,5.6,22.4,5.1,61.2,20210101_38041_D01_S002,50.0,14.0,66.0,229.0,359.0,345.0,14.492753623188406,19.130434782608695,20210101_38041_D01_S002,7.0,44.0,32.0,1.0,275.0,358.0,76.81564245810056,21.22905027932961,baja
2021,20220101_38041_D01_S003,38041_D01_S003,El Sauzal,1,3,31792.0,10830.0,14814.0,12950.0,1.1439382239382239,2022,20220101_38041_D01_S003,4.6,6.2,24.0,5.6,59.6,20210101_38041_D01_S003,97.0,11.0,106.0,263.0,477.0,466.0,20.815450643776824,22.746781115879827,20210101_38041_D01_S003,13.0,62.0,37.0,0.0,365.0,477.0,76.51991614255765,20.754716981132077,baja
2021,20220101_38041_D01_S004,38041_D01_S004,El Sauzal,1,4,48802.0,17989.0,23003.0,20650.0,1.1139467312348668,2022,20220101_38041_D01_S004,3.4,13.9,21.0,2.7,59.0,20210101_38041_D01_S004,349.0,16.0,59.0,247.0,671.0,655.0,53.282442748091604,9.007633587786259,20210101_38041_D01_S004,6.0,48.0,26.0,0.0,591.0,671.0,88.07749627421758,11.028315946348734,media-alta
2021,20220101_38041_D01_S005,38041_D01_S005,El Sauzal,1,5,39207.0,14759.0,18550.0,15750.0,1.1777777777777778,2022,20220101_38041_D01_S005,4.7,10.1,13.8,3.8,67.6,20210101_38041_D01_S005,245.0,13.0,54.0,339.0,651.0,638.0,38.4012539184953,8.463949843260188,20210101_38041_D01_S005,5.0,43.0,34.0,0.0,569.0,651.0,87.40399385560676,11.827956989247312,media-baja
2021,20220101_38041_D01_S006,38041_D01_S006,El Sauzal,1,6,33135.0,11248.0,15359.0,14350.0,1.0703135888501742,2022,20220101_38041_D01_S006,5.3,4.5,19.2,5.9,65.2,20210101_38041_D01_S006,95.0,11.0,119.0,318.0,543.0,532.0,17.857142857142858,22.36842105263158,20210101_38041_D01_S006,18.0,63.0,49.0,0.0,413.0,543.0,76.05893186003684,20.626151012891345,baja
2021,20220101_38042_D01_S001,38042_D01_S001,Los Silos,1,1,35662.0,12663.0,16612.0,13650.0,1.216996336996337,2022,20220101_38042_D01_S001,3.7,17.1,24.5,4.7,50.1,20210101_38042_D01_S001,148.0,16.0,89.0,227.0,480.0,464.0,31.896551724137932,19.18103448275862,20210101_38042_D01_S001,74.0,29.0,15.0,1.0,361.0,479.0,75.36534446764092,9.18580375782881,media-baja
2021,20220101_38042_D01_S002,38042_D01_S002,Los Silos,1,2,26941.0,9775.0,13498.0,12250.0,1.1018775510204082,2022,20220101_38042_D01_S002,4.6,10.0,28.5,6.2,50.6,20210101_38042_D01_S002,80.0,5.0,101.0,179.0,365.0,360.0,22.22222222222222,28.055555555555557,20210101_38042_D01_S002,72.0,28.0,16.0,0.0,249.0,365.0,68.21917808219177,12.054794520547945,baja
2021,20220101_38042_D01_S003,38042_D01_S003,Los Silos,1,3,28390.0,9862.0,14010.0,13650.0,1.0263736263736263,2022,20220101_38042_D01_S003,4.8,8.8,29.2,7.8,49.5,20210101_38042_D01_S003,55.0,8.0,119.0,173.0,355.0,347.0,15.85014409221902,34.293948126801155,20210101_38042_D01_S003,76.0,19.0,9.0,0.0,251.0,355.0,70.70422535211267,7.887323943661972,baja
2021,20220101_38042_D01_S004,38042_D01_S004,Los Silos,1,4,32603.0,10582.0,14840.0,12250.0,1.2114285714285715,2022,20220101_38042_D01_S004,4.2,8.9,23.7,6.8,56.4,20210101_38042_D01_S004,64.0,6.0,120.0,158.0,348.0,342.0,18.71345029239766,35.08771929824562,20210101_38042_D01_S004,95.0,25.0,10.0,0.0,218.0,348.0,62.64367816091954,10.057471264367816,baja
2021,20220101_38043_D01_S001,38043_D01_S001,Tacoronte,1,1,37869.0,15071.0,18724.0,16450.0,1.1382370820668692,2022,20220101_38043_D01_S001,3.6,15.2,16.2,3.3,61.7,20210101_38043_D01_S001,294.0,18.0,81.0,385.0,778.0,760.0,38.68421052631579,10.657894736842104,20210101_38043_D01_S001,13.0,55.0,44.0,1.0,665.0,777.0,85.58558558558559,12.741312741312742,media-baja
2021,20220101_38043_D01_S002,38043_D01_S002,Tacoronte,1,2,39156.0,14916.0,18686.0,15050.0,1.241594684385382,2022,20220101_38043_D01_S002,3.7,12.3,23.9,2.9,57.2,20210101_38043_D01_S002,233.0,21.0,73.0,342.0,669.0,648.0,35.95679012345679,11.265432098765432,20210101_38043_D01_S002,29.0,68.0,41.0,0.0,531.0,669.0,79.37219730941705,16.292974588938716,media-baja
2021,20220101_38043_D01_S003,38043_D01_S003,Tacoronte,1,3,42311.0,14405.0,18811.0,16450.0,1.1435258358662614,2022,20220101_38043_D01_S003,3.9,11.7,18.5,3.3,62.6,20210101_38043_D01_S003,243.0,18.0,75.0,333.0,669.0,651.0,37.327188940092164,11.52073732718894,20210101_38043_D01_S003,11.0,45.0,41.0,0.0,572.0,669.0,85.50074738415546,12.855007473841555,media-baja
2021,20220101_38043_D01_S004,38043_D01_S004,Tacoronte,1,4,31723.0,10622.0,14702.0,12950.0,1.1352895752895753,2022,20220101_38043_D01_S004,6.2,6.9,25.7,4.6,56.7,20210101_38043_D01_S004,77.0,15.0,88.0,246.0,426.0,411.0,18.734793187347933,21.41119221411192,20210101_38043_D01_S004,6.0,42.0,34.0,0.0,344.0,426.0,80.75117370892019,17.84037558685446,baja
2021,20220101_38043_D01_S005,38043_D01_S005,Tacoronte,1,5,50007.0,17145.0,20949.0,15050.0,1.3919601328903655,2022,20220101_38043_D01_S005,3.4,19.7,17.9,3.2,55.7,20210101_38043_D01_S005,232.0,18.0,73.0,286.0,609.0,591.0,39.25549915397631,12.351945854483926,20210101_38043_D01_S005,14.0,68.0,45.0,0.0,482.0,609.0,79.14614121510674,18.555008210180624,media-alta
2021,20220101_38043_D01_S006,38043_D01_S006,Tacoronte,1,6,37999.0,14352.0,18145.0,15050.0,1.2056478405315614,2022,20220101_38043_D01_S006,3.0,9.5,21.7,3.8,62.0,20210101_38043_D01_S006,110.0,8.0,29.0,145.0,292.0,284.0,38.732394366197184,10.211267605633802,20210101_38043_D01_S006,6.0,24.0,18.0,1.0,243.0,291.0,83.50515463917526,14.43298969072165,media-baja
2021,20220101_38043_D01_S007,38043_D01_S007,Tacoronte,1,7,35344.0,12081.0,16275.0,14350.0,1.1341463414634145,2022,20220101_38043_D01_S007,4.4,8.5,19.3,4.6,63.2,20210101_38043_D01_S007,148.0,15.0,88.0,356.0,607.0,592.0,25.0,14.864864864864865,20210101_38043_D01_S007,12.0,55.0,49.0,1.0,490.0,606.0,80.85808580858085,17.16171617161716,media-baja
2021,20220101_38043_D01_S008,38043_D01_S008,Tacoronte,1,8,42405.0,15851.0,20002.0,17150.0,1.1662973760932944,2022,20220101_38043_D01_S008,3.3,13.4,19.3,3.5,60.6,20210101_38043_D01_S008,259.0,19.0,64.0,303.0,645.0,626.0,41.373801916932905,10.223642172523961,20210101_38043_D01_S008,12.0,43.0,37.0,0.0,553.0,645.0,85.73643410852713,12.4031007751938,media-baja
2021,20220101_38043_D01_S009,38043_D01_S009,Tacoronte,1,9,37025.0,14711.0,18701.0,13650.0,1.37003663003663,2022,20220101_38043_D01_S009,4.3,18.1,15.7,4.4,57.6,20210101_38043_D01_S009,281.0,22.0,128.0,478.0,909.0,887.0,31.679819616685457,14.430665163472378,20210101_38043_D01_S009,48.0,80.0,50.0,0.0,731.0,909.0,80.41804180418042,14.3014301430143,media-baja
2021,20220101_38043_D01_S010,38043_D01_S010,Tacoronte,1,10,45320.0,16581.0,20848.0,17850.0,1.1679551820728291,2022,20220101_38043_D01_S010,2.8,14.4,14.3,2.8,65.8,20210101_38043_D01_S010,253.0,17.0,51.0,321.0,642.0,625.0,40.48,8.16,20210101_38043_D01_S010,6.0,51.0,33.0,0.0,552.0,642.0,85.98130841121495,13.08411214953271,media-alta
2021,20220101_38043_D01_S011,38043_D01_S011,Tacoronte,1,11,40804.0,14749.0,18833.0,16450.0,1.1448632218844985,2022,20220101_38043_D01_S011,3.0,9.4,17.4,3.8,66.4,20210101_38043_D01_S011,356.0,27.0,74.0,467.0,924.0,897.0,39.68784838350056,8.249721293199554,20210101_38043_D01_S011,10.0,57.0,38.0,0.0,819.0,924.0,88.63636363636364,10.281385281385282,media-baja
2021,20220101_38043_D01_S012,38043_D01_S012,Tacoronte,1,12,32341.0,10915.0,14906.0,13650.0,1.092014652014652,2022,20220101_38043_D01_S012,5.9,7.7,23.6,5.4,57.4,20210101_38043_D01_S012,131.0,10.0,126.0,376.0,643.0,633.0,20.69510268562401,19.90521327014218,20210101_38043_D01_S012,11.0,80.0,50.0,0.0,502.0,643.0,78.0715396578538,20.21772939346812,baja
2021,20220101_38043_D01_S013,38043_D01_S013,Tacoronte,1,13,33653.0,11694.0,15617.0,14350.0,1.0882926829268293,2022,20220101_38043_D01_S013,5.2,10.1,21.1,4.1,59.5,20210101_38043_D01_S013,156.0,11.0,57.0,272.0,496.0,485.0,32.16494845360825,11.75257731958763,20210101_38043_D01_S013,7.0,48.0,35.0,0.0,406.0,496.0,81.85483870967742,16.733870967741936,baja
2021,20220101_38043_D01_S014,38043_D01_S014,Tacoronte,1,14,53402.0,18436.0,22541.0,18550.0,1.2151482479784366,2022,20220101_38043_D01_S014,3.2,14.0,16.0,2.4,64.3,20210101_38043_D01_S014,262.0,20.0,51.0,222.0,555.0,535.0,48.97196261682243,9.532710280373832,20210101_38043_D01_S014,10.0,22.0,27.0,0.0,496.0,555.0,89.36936936936937,8.82882882882883,media-alta
2021,20220101_38043_D01_S015,38043_D01_S015,Tacoronte,1,15,39083.0,14835.0,19029.0,15750.0,1.2081904761904763,2022,20220101_38043_D01_S015,3.6,13.6,15.0,3.6,64.2,20210101_38043_D01_S015,198.0,11.0,53.0,285.0,547.0,536.0,36.940298507462686,9.888059701492537,20210101_38043_D01_S015,4.0,33.0,25.0,0.0,485.0,547.0,88.6654478976234,10.603290676416819,media-baja
2021,20220101_38044_D01_S001,38044_D01_S001,El Tanque,1,1,30278.0,10664.0,14611.0,12250.0,1.192734693877551,2022,20220101_38044_D01_S001,4.5,12.1,21.5,8.8,53.1,20210101_38044_D01_S001,76.0,11.0,155.0,275.0,517.0,506.0,15.019762845849803,30.632411067193676,20210101_38044_D01_S001,42.0,58.0,18.0,0.0,399.0,517.0,77.17601547388782,14.700193423597678,baja
2021,20220101_38044_D01_S002,38044_D01_S002,El Tanque,1,2,25148.0,8990.0,12690.0,12250.0,1.0359183673469388,2022,20220101_38044_D01_S002,7.5,8.0,23.6,12.0,49.0,20210101_38044_D01_S002,45.0,13.0,131.0,207.0,396.0,383.0,11.74934725848564,34.20365535248042,20210101_38044_D01_S002,34.0,46.0,15.0,0.0,301.0,396.0,76.01010101010101,15.404040404040405,baja
2021,20220101_38045_D01_S001,38045_D01_S001,Tazacorte,1,1,27957.0,11763.0,15586.0,12250.0,1.2723265306122449,2022,20220101_38045_D01_S001,5.1,12.5,25.6,6.3,50.5,20210101_38045_D01_S001,37.0,10.0,41.0,103.0,191.0,181.0,20.441988950276244,22.65193370165746,20210101_38045_D01_S001,20.0,22.0,11.0,2.0,136.0,189.0,71.95767195767196,17.46031746031746,baja
2021,20220101_38045_D01_S002,38045_D01_S002,Tazacorte,1,2,28418.0,11901.0,15663.0,12950.0,1.2094980694980695,2022,20220101_38045_D01_S002,4.3,12.8,20.2,5.8,57.0,20210101_38045_D01_S002,146.0,24.0,137.0,380.0,687.0,663.0,22.021116138763198,20.663650075414782,20210101_38045_D01_S002,60.0,44.0,29.0,1.0,553.0,686.0,80.61224489795919,10.641399416909621,baja
2021,20220101_38045_D01_S003,38045_D01_S003,Tazacorte,1,3,26517.0,11044.0,15200.0,12950.0,1.1737451737451738,2022,20220101_38045_D01_S003,4.2,23.7,24.2,6.3,41.7,20210101_38045_D01_S003,86.0,18.0,42.0,190.0,336.0,318.0,27.044025157232703,13.20754716981132,20210101_38045_D01_S003,30.0,32.0,12.0,7.0,255.0,329.0,77.50759878419453,13.373860182370821,baja
2021,20220101_38045_D01_S004,38045_D01_S004,Tazacorte,1,4,24159.0,9268.0,12844.0,12950.0,0.9918146718146719,2022,20220101_38045_D01_S004,5.8,8.4,26.6,10.3,49.0,20210101_38045_D01_S004,44.0,18.0,86.0,188.0,336.0,318.0,13.836477987421384,27.044025157232703,20210101_38045_D01_S004,48.0,38.0,11.0,1.0,238.0,335.0,71.04477611940298,14.626865671641792,baja
2021,20220101_38046_D01_S001,38046_D01_S001,Tegueste,1,1,50282.0,18287.0,22558.0,19250.0,1.171844155844156,2022,20220101_38046_D01_S001,3.4,13.7,15.6,2.6,64.6,20210101_38046_D01_S001,414.0,28.0,68.0,369.0,879.0,851.0,48.648648648648646,7.990599294947121,20210101_38046_D01_S001,12.0,38.0,44.0,0.0,785.0,879.0,89.30602957906711,9.328782707622299,media-alta
2021,20220101_38046_D01_S002,38046_D01_S002,Tegueste,1,2,39512.0,14051.0,18492.0,16450.0,1.1241337386018238,2022,20220101_38046_D01_S002,3.4,8.5,22.3,3.6,62.2,20210101_38046_D01_S002,227.0,30.0,92.0,393.0,742.0,712.0,31.882022471910112,12.92134831460674,20210101_38046_D01_S002,24.0,43.0,54.0,0.0,621.0,742.0,83.69272237196766,13.07277628032345,media-baja
2021,20220101_38046_D01_S003,38046_D01_S003,Tegueste,1,3,41424.0,14258.0,18675.0,17150.0,1.0889212827988337,2022,20220101_38046_D01_S003,4.1,10.2,20.0,3.7,62.0,20210101_38046_D01_S003,234.0,19.0,82.0,384.0,719.0,700.0,33.42857142857143,11.714285714285714,20210101_38046_D01_S003,26.0,56.0,54.0,0.0,583.0,719.0,81.08484005563282,15.299026425591098,media-baja
2021,20220101_38046_D01_S004,38046_D01_S004,Tegueste,1,4,43812.0,15206.0,19672.0,17150.0,1.1470553935860057,2022,20220101_38046_D01_S004,3.2,10.7,18.0,3.2,64.8,20210101_38046_D01_S004,378.0,35.0,112.0,432.0,957.0,922.0,40.99783080260303,12.147505422993492,20210101_38046_D01_S004,29.0,70.0,61.0,0.0,797.0,957.0,83.28108672936258,13.688610240334379,media-baja
2021,20220101_38046_D01_S005,38046_D01_S005,Tegueste,1,5,49966.0,16594.0,21172.0,18550.0,1.1413477088948787,2022,20220101_38046_D01_S005,3.9,15.7,19.7,2.6,58.2,20210101_38046_D01_S005,161.0,17.0,30.0,211.0,419.0,402.0,40.049751243781095,7.462686567164179,20210101_38046_D01_S005,17.0,33.0,20.0,0.0,349.0,419.0,83.29355608591885,12.649164677804295,media-alta
2021,20220101_38046_D01_S006,38046_D01_S006,Tegueste,1,6,62269.0,20906.0,25741.0,22750.0,1.1314725274725275,2022,20220101_38046_D01_S006,3.2,12.3,23.9,2.0,58.7,20210101_38046_D01_S006,271.0,22.0,33.0,223.0,549.0,527.0,51.42314990512334,6.261859582542694,20210101_38046_D01_S006,7.0,35.0,36.0,0.0,471.0,549.0,85.79234972677595,12.932604735883425,alta
2021,20220101_38046_D01_S007,38046_D01_S007,Tegueste,1,7,39150.0,14549.0,18762.0,17150.0,1.0939941690962098,2022,20220101_38046_D01_S007,3.3,10.2,13.9,3.5,69.0,20210101_38046_D01_S007,211.0,19.0,54.0,330.0,614.0,595.0,35.46218487394958,9.07563025210084,20210101_38046_D01_S007,15.0,35.0,44.0,0.0,520.0,614.0,84.69055374592834,12.866449511400651,media-baja
2021,20220101_38047_D01_S001,38047_D01_S001,Tijarafe,1,1,32118.0,12919.0,16928.0,14350.0,1.179651567944251,2022,20220101_38047_D01_S001,3.9,21.9,19.5,4.0,50.7,20210101_38047_D01_S001,150.0,32.0,104.0,308.0,594.0,562.0,26.690391459074732,18.505338078291814,20210101_38047_D01_S001,44.0,99.0,13.0,2.0,436.0,592.0,73.64864864864865,18.91891891891892,media-baja
2021,20220101_38047_D01_S002,38047_D01_S002,Tijarafe,1,2,30644.0,12467.0,16590.0,15050.0,1.1023255813953488,2022,20220101_38047_D01_S002,3.4,31.4,22.4,3.4,39.5,20210101_38047_D01_S002,71.0,31.0,51.0,175.0,328.0,297.0,23.905723905723907,17.171717171717173,20210101_38047_D01_S002,63.0,33.0,12.0,1.0,219.0,327.0,66.97247706422019,13.761467889908257,media-baja
2021,20220101_38048_D01_S001,38048_D01_S001,Valverde,1,1,39848.0,16131.0,20235.0,17150.0,1.1798833819241983,2022,20220101_38048_D01_S001,3.3,11.6,21.6,3.1,60.4,20210101_38048_D01_S001,261.0,25.0,111.0,386.0,783.0,758.0,34.43271767810026,14.643799472295514,20210101_38048_D01_S001,16.0,54.0,28.0,0.0,685.0,783.0,87.48403575989784,10.472541507024266,media-alta
2021,20220101_38048_D01_S002,38048_D01_S002,Valverde,1,2,33001.0,13363.0,17287.0,15050.0,1.1486378737541527,2022,20220101_38048_D01_S002,4.3,9.1,20.9,3.4,62.3,20210101_38048_D01_S002,229.0,22.0,106.0,400.0,757.0,735.0,31.156462585034014,14.421768707482993,20210101_38048_D01_S002,30.0,57.0,52.0,0.0,618.0,757.0,81.63804491413474,14.39894319682959,media-baja
2021,20220101_38048_D01_S004,38048_D01_S004,Valverde,1,4,41597.0,18434.0,22098.0,19250.0,1.147948051948052,2022,20220101_38048_D01_S004,3.0,11.5,20.0,3.2,62.4,20210101_38048_D01_S004,204.0,14.0,39.0,213.0,470.0,456.0,44.73684210526316,8.552631578947368,20210101_38048_D01_S004,7.0,20.0,12.0,0.0,431.0,470.0,91.70212765957447,6.808510638297872,media-alta
2021,20220101_38049_D01_S001,38049_D01_S001,Valle Gran Rey,1,1,28714.0,11596.0,16162.0,12950.0,1.2480308880308881,2022,20220101_38049_D01_S001,4.0,21.8,18.2,8.1,48.0,20210101_38049_D01_S001,197.0,41.0,150.0,608.0,996.0,955.0,20.6282722513089,15.706806282722512,20210101_38049_D01_S001,32.0,43.0,19.0,0.0,902.0,996.0,90.56224899598394,6.224899598393574,baja
2021,20220101_38049_D01_S002,38049_D01_S002,Valle Gran Rey,1,2,27291.0,11255.0,15875.0,13650.0,1.163003663003663,2022,20220101_38049_D01_S002,4.1,18.2,24.2,8.5,45.1,20210101_38049_D01_S002,103.0,14.0,90.0,346.0,553.0,539.0,19.109461966604822,16.697588126159555,20210101_38049_D01_S002,11.0,41.0,15.0,0.0,486.0,553.0,87.88426763110307,10.126582278481013,baja
2021,20220101_38050_D01_S001,38050_D01_S001,Vallehermoso,1,1,26348.0,11968.0,15913.0,14350.0,1.1089198606271777,2022,20220101_38050_D01_S001,4.3,12.9,27.1,5.5,50.3,20210101_38050_D01_S001,162.0,23.0,82.0,378.0,645.0,622.0,26.04501607717042,13.183279742765274,20210101_38050_D01_S001,38.0,53.0,38.0,0.0,516.0,645.0,80.0,14.108527131782946,baja
2021,20220101_38050_D03_S001,38050_D03_S001,Vallehermoso,3,1,20676.0,11733.0,14272.0,12950.0,1.1020849420849421,2022,20220101_38050_D03_S001,4.3,11.6,31.5,6.8,45.8,20210101_38050_D03_S001,37.0,9.0,88.0,147.0,281.0,272.0,13.602941176470589,32.35294117647059,20210101_38050_D03_S001,65.0,26.0,10.0,1.0,179.0,280.0,63.92857142857143,12.857142857142858,baja
2021,20220101_38051_D01_S001,38051_D01_S001,La Victoria de Acentejo,1,1,26238.0,10389.0,13872.0,11550.0,1.2010389610389611,2022,20220101_38051_D01_S001,5.1,10.8,23.3,6.2,54.6,20210101_38051_D01_S001,52.0,6.0,37.0,175.0,270.0,264.0,19.696969696969695,14.015151515151516,20210101_38051_D01_S001,6.0,42.0,11.0,0.0,211.0,270.0,78.14814814814815,19.62962962962963,baja
2021,20220101_38051_D01_S002,38051_D01_S002,La Victoria de Acentejo,1,2,34059.0,12667.0,16302.0,14350.0,1.1360278745644599,2022,20220101_38051_D01_S002,4.6,16.2,16.8,4.9,57.5,20210101_38051_D01_S002,130.0,7.0,47.0,276.0,460.0,453.0,28.69757174392936,10.375275938189846,20210101_38051_D01_S002,7.0,49.0,26.0,0.0,378.0,460.0,82.17391304347827,16.304347826086957,media-baja
2021,20220101_38051_D01_S003,38051_D01_S003,La Victoria de Acentejo,1,3,24887.0,9202.0,12738.0,12250.0,1.0398367346938775,2022,20220101_38051_D01_S003,6.8,6.3,25.3,7.5,54.2,20210101_38051_D01_S003,55.0,4.0,84.0,272.0,415.0,411.0,13.38199513381995,20.437956204379564,20210101_38051_D01_S003,18.0,88.0,23.0,0.0,286.0,415.0,68.91566265060241,26.746987951807228,baja
2021,20220101_38051_D01_S004,38051_D01_S004,La Victoria de Acentejo,1,4,25364.0,9599.0,13314.0,11550.0,1.1527272727272728,2022,20220101_38051_D01_S004,6.7,8.6,23.6,5.5,55.6,20210101_38051_D01_S004,52.0,10.0,57.0,172.0,291.0,281.0,18.505338078291814,20.284697508896798,20210101_38051_D01_S004,4.0,41.0,16.0,3.0,227.0,288.0,78.81944444444444,19.791666666666668,baja
2021,20220101_38051_D01_S005,38051_D01_S005,La Victoria de Acentejo,1,5,29131.0,10858.0,14549.0,12950.0,1.1234749034749034,2022,20220101_38051_D01_S005,5.1,8.9,17.8,6.1,62.2,20210101_38051_D01_S005,125.0,11.0,79.0,353.0,568.0,557.0,22.44165170556553,14.183123877917415,20210101_38051_D01_S005,9.0,59.0,39.0,0.0,461.0,568.0,81.16197183098592,17.253521126760564,baja
2021,20220101_38051_D01_S006,38051_D01_S006,La Victoria de Acentejo,1,6,28740.0,10789.0,14408.0,12950.0,1.1125868725868726,2022,20220101_38051_D01_S006,4.9,9.3,16.5,6.9,62.4,20210101_38051_D01_S006,166.0,16.0,107.0,470.0,759.0,743.0,22.34185733512786,14.401076716016151,20210101_38051_D01_S006,8.0,89.0,38.0,1.0,623.0,758.0,82.18997361477572,16.75461741424802,baja
2021,20220101_38051_D01_S007,38051_D01_S007,La Victoria de Acentejo,1,7,30393.0,11720.0,15458.0,13650.0,1.1324542124542125,2022,20220101_38051_D01_S007,4.7,14.0,21.1,4.9,55.3,20210101_38051_D01_S007,139.0,11.0,51.0,320.0,521.0,510.0,27.254901960784313,10.0,20210101_38051_D01_S007,5.0,63.0,36.0,1.0,416.0,520.0,80.0,19.03846153846154,baja
2021,20220101_38052_D01_S001,38052_D01_S001,Vilaflor de Chasna,1,1,31356.0,12506.0,16069.0,14350.0,1.1197909407665505,2022,20220101_38052_D01_S001,3.7,14.7,25.2,7.7,48.8,20210101_38052_D01_S001,143.0,21.0,106.0,393.0,663.0,642.0,22.274143302180686,16.510903426791277,20210101_38052_D01_S001,25.0,28.0,52.0,1.0,557.0,662.0,84.13897280966768,12.084592145015106,media-baja
2021,20220101_38053_D01_S001,38053_D01_S001,Villa de Mazo,1,1,40401.0,15252.0,19691.0,16450.0,1.1970212765957446,2022,20220101_38053_D01_S001,4.6,16.5,16.1,3.5,59.2,20210101_38053_D01_S001,160.0,20.0,44.0,241.0,465.0,445.0,35.95505617977528,9.887640449438202,20210101_38053_D01_S001,19.0,32.0,25.0,1.0,388.0,464.0,83.62068965517241,12.28448275862069,media-baja
2021,20220101_38053_D01_S002,38053_D01_S002,Villa de Mazo,1,2,35008.0,13291.0,17137.0,14350.0,1.1942160278745644,2022,20220101_38053_D01_S002,3.1,10.7,22.1,4.4,59.7,20210101_38053_D01_S002,92.0,9.0,66.0,210.0,377.0,368.0,25.0,17.934782608695652,20210101_38053_D01_S002,21.0,38.0,16.0,1.0,301.0,376.0,80.05319148936171,14.361702127659575,media-baja
2021,20220101_38053_D01_S003,38053_D01_S003,Villa de Mazo,1,3,37123.0,13312.0,17570.0,15750.0,1.1155555555555556,2022,20220101_38053_D01_S003,3.0,11.2,17.2,3.9,64.8,20210101_38053_D01_S003,112.0,14.0,67.0,235.0,428.0,414.0,27.053140096618357,16.183574879227052,20210101_38053_D01_S003,32.0,34.0,22.0,0.0,340.0,428.0,79.4392523364486,13.08411214953271,media-baja
2021,20220101_38053_D01_S004,38053_D01_S004,Villa de Mazo,1,4,30031.0,11677.0,15658.0,13650.0,1.1471062271062271,2022,20220101_38053_D01_S004,3.7,11.0,22.5,5.1,57.7,20210101_38053_D01_S004,71.0,14.0,62.0,149.0,296.0,282.0,25.177304964539008,21.98581560283688,20210101_38053_D01_S004,18.0,45.0,11.0,0.0,222.0,296.0,75.0,18.91891891891892,baja
2021,20220101_38053_D01_S005,38053_D01_S005,Villa de Mazo,1,5,30690.0,10758.0,15028.0,13650.0,1.100952380952381,2022,20220101_38053_D01_S005,4.3,8.0,23.1,5.7,59.0,20210101_38053_D01_S005,54.0,18.0,80.0,198.0,350.0,332.0,16.265060240963855,24.096385542168676,20210101_38053_D01_S005,31.0,50.0,19.0,0.0,250.0,350.0,71.42857142857143,19.714285714285715,baja
2021,20220101_38901_D01_S001,38901_D01_S001,El Pinar de El Hierro,1,1,32307.0,12971.0,16587.0,15050.0,1.1021262458471761,2022,20220101_38901_D01_S001,3.5,13.4,19.9,3.3,59.9,20210101_38901_D01_S001,198.0,32.0,105.0,368.0,703.0,671.0,29.508196721311474,15.648286140089418,20210101_38901_D01_S001,69.0,56.0,32.0,0.0,546.0,703.0,77.66714082503556,12.517780938833571,media-baja
2022,20230101_38001_D01_S001,38001_D01_S001,Adeje,1,1,36433.0,13360.0,17621.0,15750.0,1.118793650793651,2023,20230101_38001_D01_S001,2.9,16.2,12.4,2.9,65.7,20220101_38001_D01_S001,172.0,44.0,154.0,397.0,767.0,723.0,23.789764868603044,21.300138312586444,20220101_38001_D01_S001,3.0,44.0,24.0,0.0,690.0,761.0,90.67017082785809,8.935611038107753,media-baja
2022,20230101_38001_D01_S002,38001_D01_S002,Adeje,1,2,33393.0,11271.0,15433.0,14350.0,1.0754703832752612,2023,20230101_38001_D01_S002,4.2,7.8,11.6,3.7,72.7,20220101_38001_D01_S002,181.0,58.0,238.0,684.0,1161.0,1103.0,16.409791477787852,21.57751586582049,20220101_38001_D01_S002,9.0,36.0,20.0,0.0,1096.0,1161.0,94.40137812230836,4.823428079242032,baja
2022,20230101_38001_D01_S003,38001_D01_S003,Adeje,1,3,36956.0,13035.0,17298.0,14350.0,1.2054355400696863,2023,20230101_38001_D01_S003,2.9,22.1,11.1,2.4,61.5,20220101_38001_D01_S003,222.0,56.0,127.0,748.0,1153.0,1097.0,20.23701002734731,11.577028258887877,20220101_38001_D01_S003,18.0,39.0,20.0,1.0,1075.0,1152.0,93.31597222222223,5.121527777777778,media-baja
2022,20230101_38001_D01_S004,38001_D01_S004,Adeje,1,4,31845.0,11359.0,15647.0,14350.0,1.090383275261324,2023,20230101_38001_D01_S004,3.9,10.6,16.0,3.0,66.5,20220101_38001_D01_S004,126.0,45.0,212.0,518.0,901.0,856.0,14.719626168224298,24.766355140186917,20220101_38001_D01_S004,34.0,40.0,24.0,0.0,803.0,901.0,89.12319644839067,7.103218645948946,baja
2022,20230101_38001_D01_S005,38001_D01_S005,Adeje,1,5,39194.0,13075.0,17902.0,17150.0,1.0438483965014578,2023,20230101_38001_D01_S005,3.0,15.8,16.6,2.8,61.9,20220101_38001_D01_S005,227.0,52.0,225.0,640.0,1144.0,1092.0,20.78754578754579,20.604395604395606,20220101_38001_D01_S005,53.0,60.0,41.0,0.0,990.0,1144.0,86.53846153846153,8.828671328671328,media-baja
2022,20230101_38001_D01_S006,38001_D01_S006,Adeje,1,6,35127.0,11325.0,15815.0,15050.0,1.0508305647840532,2023,20230101_38001_D01_S006,4.2,8.1,15.0,4.1,68.7,20220101_38001_D01_S006,223.0,48.0,256.0,697.0,1224.0,1176.0,18.962585034013607,21.768707482993197,20220101_38001_D01_S006,35.0,52.0,47.0,0.0,1090.0,1224.0,89.05228758169935,8.088235294117647,baja
2022,20230101_38001_D01_S007,38001_D01_S007,Adeje,1,7,23136.0,9956.0,12929.0,10850.0,1.1916129032258065,2023,20230101_38001_D01_S007,2.5,19.0,14.9,2.8,60.9,20220101_38001_D01_S007,323.0,92.0,165.0,996.0,1576.0,1484.0,21.765498652291104,11.118598382749326,20220101_38001_D01_S007,18.0,42.0,23.0,0.0,1493.0,1576.0,94.73350253807106,4.124365482233503,baja
2022,20230101_38001_D01_S008,38001_D01_S008,Adeje,1,8,29381.0,11944.0,16333.0,14350.0,1.1381881533101046,2023,20230101_38001_D01_S008,2.4,24.3,14.0,2.5,56.9,20220101_38001_D01_S008,322.0,69.0,105.0,592.0,1088.0,1019.0,31.599607458292443,10.304219823356231,20220101_38001_D01_S008,7.0,61.0,16.0,0.0,1004.0,1088.0,92.27941176470588,7.077205882352941,baja
2022,20230101_38001_D01_S009,38001_D01_S009,Adeje,1,9,47085.0,15640.0,20216.0,17850.0,1.1325490196078432,2023,20230101_38001_D01_S009,2.3,21.7,7.8,2.0,66.3,20220101_38001_D01_S009,396.0,64.0,97.0,732.0,1289.0,1225.0,32.326530612244895,7.918367346938775,20220101_38001_D01_S009,7.0,52.0,33.0,1.0,1196.0,1288.0,92.85714285714286,6.599378881987578,media-baja
2022,20230101_38001_D01_S010,38001_D01_S010,Adeje,1,10,55119.0,16181.0,21689.0,19250.0,1.1267012987012988,2023,20230101_38001_D01_S010,3.1,17.6,12.1,2.2,65.0,20220101_38001_D01_S010,155.0,42.0,89.0,350.0,636.0,594.0,26.094276094276093,14.983164983164983,20220101_38001_D01_S010,9.0,26.0,31.0,0.0,570.0,636.0,89.62264150943396,8.962264150943396,media-alta
2022,20230101_38001_D01_S011,38001_D01_S011,Adeje,1,11,25406.0,10815.0,14315.0,12250.0,1.1685714285714286,2023,20230101_38001_D01_S011,2.1,22.3,9.7,2.8,63.2,20220101_38001_D01_S011,331.0,95.0,169.0,915.0,1510.0,1415.0,23.392226148409893,11.943462897526501,20220101_38001_D01_S011,43.0,62.0,17.0,0.0,1388.0,1510.0,91.9205298013245,5.231788079470198,baja
2022,20230101_38001_D01_S012,38001_D01_S012,Adeje,1,12,40387.0,13670.0,18294.0,15750.0,1.1615238095238096,2023,20230101_38001_D01_S012,2.9,24.8,11.2,2.7,58.4,20220101_38001_D01_S012,201.0,62.0,148.0,537.0,948.0,886.0,22.686230248306998,16.704288939051917,20220101_38001_D01_S012,15.0,45.0,32.0,0.0,856.0,948.0,90.29535864978902,8.122362869198312,media-baja
2022,20230101_38001_D01_S013,38001_D01_S013,Adeje,1,13,38061.0,13501.0,18823.0,15050.0,1.2506976744186047,2023,20230101_38001_D01_S013,2.4,28.9,7.8,2.1,58.8,20220101_38001_D01_S013,457.0,82.0,143.0,905.0,1587.0,1505.0,30.365448504983387,9.501661129568106,20220101_38001_D01_S013,8.0,68.0,24.0,0.0,1487.0,1587.0,93.69880277252678,5.797101449275362,media-baja
2022,20230101_38001_D01_S014,38001_D01_S014,Adeje,1,14,33759.0,11882.0,16031.0,14350.0,1.1171428571428572,2023,20230101_38001_D01_S014,3.7,12.0,13.0,3.4,67.9,20220101_38001_D01_S014,122.0,38.0,114.0,354.0,628.0,590.0,20.677966101694917,19.322033898305083,20220101_38001_D01_S014,11.0,16.0,8.0,0.0,593.0,628.0,94.4267515923567,3.821656050955414,baja
2022,20230101_38001_D01_S015,38001_D01_S015,Adeje,1,15,33264.0,11374.0,15464.0,13650.0,1.132893772893773,2023,20230101_38001_D01_S015,3.4,12.2,10.5,3.6,70.3,20220101_38001_D01_S015,175.0,44.0,173.0,570.0,962.0,918.0,19.06318082788671,18.845315904139433,20220101_38001_D01_S015,12.0,40.0,25.0,0.0,885.0,962.0,91.995841995842,6.756756756756757,baja
2022,20230101_38001_D01_S016,38001_D01_S016,Adeje,1,16,37215.0,12528.0,16685.0,15050.0,1.108637873754153,2023,20230101_38001_D01_S016,3.4,16.7,9.1,2.4,68.3,20220101_38001_D01_S016,143.0,31.0,94.0,338.0,606.0,575.0,24.869565217391305,16.347826086956523,20220101_38001_D01_S016,10.0,34.0,17.0,0.0,545.0,606.0,89.93399339933994,8.415841584158416,media-baja
2022,20230101_38001_D01_S017,38001_D01_S017,Adeje,1,17,27630.0,11771.0,15317.0,12950.0,1.1827799227799227,2023,20230101_38001_D01_S017,2.4,18.0,11.4,2.4,65.9,20220101_38001_D01_S017,268.0,67.0,139.0,645.0,1119.0,1052.0,25.475285171102662,13.212927756653992,20220101_38001_D01_S017,16.0,47.0,18.0,0.0,1038.0,1119.0,92.76139410187668,5.80875781948168,baja
2022,20230101_38001_D01_S018,38001_D01_S018,Adeje,1,18,38638.0,14344.0,18897.0,15050.0,1.2556146179401992,2023,20230101_38001_D01_S018,1.5,35.7,10.2,1.8,50.8,20220101_38001_D01_S018,545.0,85.0,85.0,1037.0,1752.0,1667.0,32.69346130773845,5.098980203959208,20220101_38001_D01_S018,3.0,87.0,30.0,0.0,1632.0,1752.0,93.15068493150685,6.678082191780822,media-baja
2022,20230101_38002_D01_S001,38002_D01_S001,Agulo,1,1,32876.0,14846.0,19062.0,17850.0,1.0678991596638656,2023,20230101_38002_D01_S001,4.0,15.4,28.9,2.4,49.3,20220101_38002_D01_S001,116.0,24.0,60.0,179.0,379.0,355.0,32.67605633802817,16.901408450704224,20220101_38002_D01_S001,18.0,37.0,8.0,0.0,316.0,379.0,83.37730870712402,11.87335092348285,media-baja
2022,20230101_38003_D01_S001,38003_D01_S001,Alajeró,1,1,35225.0,15187.0,19520.0,17850.0,1.0935574229691876,2023,20230101_38003_D01_S001,4.0,10.8,21.1,2.1,62.0,20220101_38003_D01_S001,188.0,37.0,158.0,486.0,869.0,832.0,22.596153846153847,18.990384615384617,20220101_38003_D01_S001,25.0,81.0,20.0,0.0,743.0,869.0,85.5005753739931,11.622554660529344,media-baja
2022,20230101_38004_D01_S001,38004_D01_S001,Arafo,1,1,38849.0,14467.0,18755.0,17150.0,1.0935860058309037,2023,20230101_38004_D01_S001,3.4,8.5,19.6,2.6,66.0,20220101_38004_D01_S001,255.0,33.0,102.0,478.0,868.0,835.0,30.538922155688624,12.215568862275449,20220101_38004_D01_S001,22.0,56.0,81.0,0.0,709.0,868.0,81.68202764976958,15.783410138248849,media-baja
2022,20230101_38004_D01_S002,38004_D01_S002,Arafo,1,2,37358.0,13183.0,17730.0,15750.0,1.1257142857142857,2023,20230101_38004_D01_S002,4.3,8.9,23.9,3.1,59.8,20220101_38004_D01_S002,171.0,28.0,94.0,368.0,661.0,633.0,27.01421800947867,14.849921011058452,20220101_38004_D01_S002,14.0,47.0,61.0,0.0,539.0,661.0,81.54311649016641,16.338880484114977,media-baja
2022,20230101_38004_D01_S003,38004_D01_S003,Arafo,1,3,42842.0,15883.0,20161.0,18550.0,1.0868463611859838,2023,20230101_38004_D01_S003,4.0,13.7,17.6,1.9,62.7,20220101_38004_D01_S003,262.0,43.0,94.0,401.0,800.0,757.0,34.61030383091149,12.417437252311757,20220101_38004_D01_S003,23.0,52.0,60.0,0.0,665.0,800.0,83.125,14.0,media-baja
2022,20230101_38005_D01_S001,38005_D01_S001,Arico,1,1,29207.0,10569.0,14402.0,12950.0,1.1121235521235522,2023,20230101_38005_D01_S001,4.7,10.2,21.8,4.0,59.3,20220101_38005_D01_S001,41.0,10.0,115.0,150.0,316.0,306.0,13.398692810457517,37.58169934640523,20220101_38005_D01_S001,85.0,20.0,26.0,0.0,185.0,316.0,58.54430379746835,14.556962025316455,baja
2022,20230101_38005_D01_S002,38005_D01_S002,Arico,1,2,32256.0,11756.0,15899.0,14350.0,1.1079442508710802,2023,20230101_38005_D01_S002,4.3,8.0,20.5,4.6,62.7,20220101_38005_D01_S002,42.0,10.0,100.0,153.0,305.0,295.0,14.23728813559322,33.898305084745765,20220101_38005_D01_S002,46.0,14.0,38.0,0.0,207.0,305.0,67.8688524590164,17.049180327868854,baja
2022,20230101_38005_D01_S003,38005_D01_S003,Arico,1,3,32703.0,12631.0,16673.0,15750.0,1.0586031746031745,2023,20230101_38005_D01_S003,3.4,10.9,23.1,3.8,58.9,20220101_38005_D01_S003,96.0,34.0,97.0,256.0,483.0,449.0,21.380846325167038,21.603563474387528,20220101_38005_D01_S003,39.0,36.0,46.0,0.0,362.0,483.0,74.94824016563147,16.977225672877847,media-baja
2022,20230101_38005_D01_S004,38005_D01_S004,Arico,1,4,31065.0,14096.0,17710.0,15750.0,1.1244444444444444,2023,20230101_38005_D01_S004,3.8,11.2,20.3,2.5,62.3,20220101_38005_D01_S004,363.0,43.0,145.0,590.0,1141.0,1098.0,33.060109289617486,13.20582877959927,20220101_38005_D01_S004,32.0,80.0,94.0,1.0,934.0,1140.0,81.9298245614035,15.263157894736842,media-baja
2022,20230101_38005_D01_S005,38005_D01_S005,Arico,1,5,27511.0,11940.0,15478.0,14350.0,1.0786062717770035,2023,20230101_38005_D01_S005,3.6,8.6,16.6,3.9,67.2,20220101_38005_D01_S005,184.0,40.0,191.0,545.0,960.0,920.0,20.0,20.76086956521739,20220101_38005_D01_S005,65.0,86.0,89.0,1.0,719.0,959.0,74.97393117831074,18.248175182481752,baja
2022,20230101_38005_D01_S006,38005_D01_S006,Arico,1,6,35422.0,13491.0,18109.0,16450.0,1.1008510638297873,2023,20230101_38005_D01_S006,4.0,8.0,20.9,3.3,63.8,20220101_38005_D01_S006,41.0,20.0,55.0,159.0,275.0,255.0,16.07843137254902,21.568627450980394,20220101_38005_D01_S006,29.0,15.0,42.0,0.0,189.0,275.0,68.72727272727273,20.727272727272727,media-baja
2022,20230101_38006_D01_S001,38006_D01_S001,Arona,1,1,38514.0,13676.0,18125.0,16450.0,1.1018237082066868,2023,20230101_38006_D01_S001,3.6,15.8,18.1,2.5,60.0,20220101_38006_D01_S001,101.0,27.0,104.0,271.0,503.0,476.0,21.218487394957982,21.84873949579832,20220101_38006_D01_S001,10.0,33.0,40.0,0.0,420.0,503.0,83.49900596421472,14.512922465208748,media-baja
2022,20230101_38006_D01_S002,38006_D01_S002,Arona,1,2,33137.0,11717.0,15971.0,15050.0,1.0611960132890366,2023,20230101_38006_D01_S002,4.8,12.7,19.1,3.0,60.4,20220101_38006_D01_S002,126.0,36.0,148.0,449.0,759.0,723.0,17.42738589211618,20.470262793914245,20220101_38006_D01_S002,14.0,46.0,27.0,0.0,672.0,759.0,88.53754940711462,9.617918313570488,baja
2022,20230101_38006_D01_S003,38006_D01_S003,Arona,1,3,34747.0,12272.0,16516.0,15050.0,1.0974086378737542,2023,20230101_38006_D01_S003,4.4,14.8,15.7,3.0,62.1,20220101_38006_D01_S003,216.0,56.0,228.0,739.0,1239.0,1183.0,18.258664412510566,19.273034657650044,20220101_38006_D01_S003,15.0,87.0,48.0,0.0,1089.0,1239.0,87.89346246973366,10.895883777239709,media-baja
2022,20230101_38006_D01_S004,38006_D01_S004,Arona,1,4,32657.0,11201.0,15602.0,15050.0,1.0366777408637873,2023,20230101_38006_D01_S004,5.1,8.9,17.4,3.5,65.2,20220101_38006_D01_S004,161.0,50.0,242.0,645.0,1098.0,1048.0,15.36259541984733,23.091603053435115,20220101_38006_D01_S004,16.0,73.0,41.0,0.0,968.0,1098.0,88.16029143897997,10.382513661202186,baja
2022,20230101_38006_D01_S005,38006_D01_S005,Arona,1,5,29662.0,11597.0,15232.0,13650.0,1.1158974358974358,2023,20230101_38006_D01_S005,3.0,18.4,15.2,3.2,60.3,20220101_38006_D01_S005,146.0,47.0,156.0,558.0,907.0,860.0,16.976744186046513,18.13953488372093,20220101_38006_D01_S005,14.0,31.0,16.0,0.0,846.0,907.0,93.27453142227122,5.181918412348401,baja
2022,20230101_38006_D01_S006,38006_D01_S006,Arona,1,6,30362.0,13898.0,17530.0,13650.0,1.2842490842490843,2023,20230101_38006_D01_S006,2.9,25.7,18.4,2.2,50.8,20220101_38006_D01_S006,151.0,43.0,87.0,400.0,681.0,638.0,23.66771159874608,13.636363636363637,20220101_38006_D01_S006,5.0,26.0,16.0,0.0,634.0,681.0,93.09838472834068,6.167400881057269,media-baja
2022,20230101_38006_D01_S007,38006_D01_S007,Arona,1,7,25576.0,8731.0,11983.0,10850.0,1.1044239631336406,2023,20230101_38006_D01_S007,5.1,8.5,11.9,4.6,69.9,20220101_38006_D01_S007,77.0,34.0,289.0,368.0,768.0,734.0,10.490463215258856,39.3732970027248,20220101_38006_D01_S007,61.0,45.0,14.0,0.0,648.0,768.0,84.375,7.682291666666667,baja
2022,20230101_38006_D01_S008,38006_D01_S008,Arona,1,8,29457.0,11240.0,14784.0,12950.0,1.1416216216216217,2023,20230101_38006_D01_S008,3.5,17.6,15.3,3.8,59.8,20220101_38006_D01_S008,132.0,45.0,195.0,460.0,832.0,787.0,16.772554002541295,24.777636594663278,20220101_38006_D01_S008,33.0,39.0,23.0,0.0,737.0,832.0,88.58173076923077,7.451923076923077,baja
2022,20230101_38006_D01_S009,38006_D01_S009,Arona,1,9,31512.0,11374.0,15692.0,14350.0,1.0935191637630661,2023,20230101_38006_D01_S009,4.3,10.5,15.3,3.7,66.3,20220101_38006_D01_S009,185.0,43.0,233.0,706.0,1167.0,1124.0,16.459074733096084,20.729537366548044,20220101_38006_D01_S009,15.0,70.0,46.0,0.0,1036.0,1167.0,88.77463581833761,9.940017137960583,baja
2022,20230101_38006_D01_S010,38006_D01_S010,Arona,1,10,34261.0,12270.0,16630.0,15750.0,1.0558730158730159,2023,20230101_38006_D01_S010,3.6,9.6,15.7,3.2,67.9,20220101_38006_D01_S010,189.0,56.0,213.0,569.0,1027.0,971.0,19.464469618949536,21.936148300720905,20220101_38006_D01_S010,12.0,61.0,61.0,0.0,893.0,1027.0,86.95228821811101,11.879259980525804,media-baja
2022,20230101_38006_D01_S011,38006_D01_S011,Arona,1,11,31175.0,12310.0,16031.0,12950.0,1.237915057915058,2023,20230101_38006_D01_S011,2.2,26.2,11.7,2.2,57.7,20220101_38006_D01_S011,303.0,75.0,172.0,1010.0,1560.0,1485.0,20.404040404040405,11.582491582491583,20220101_38006_D01_S011,15.0,45.0,18.0,1.0,1481.0,1559.0,94.99679281590764,4.041051956382296,media-baja
2022,20230101_38006_D01_S012,38006_D01_S012,Arona,1,12,30174.0,9988.0,14149.0,13650.0,1.0365567765567765,2023,20230101_38006_D01_S012,5.4,6.0,20.2,4.2,64.3,20220101_38006_D01_S012,51.0,26.0,117.0,320.0,514.0,488.0,10.450819672131148,23.975409836065573,20220101_38006_D01_S012,7.0,37.0,26.0,0.0,444.0,514.0,86.38132295719845,12.256809338521402,baja
2022,20230101_38006_D01_S013,38006_D01_S013,Arona,1,13,26152.0,8331.0,11949.0,10850.0,1.1012903225806452,2023,20230101_38006_D01_S013,7.3,6.5,13.5,5.1,67.7,20220101_38006_D01_S013,90.0,59.0,364.0,580.0,1093.0,1034.0,8.704061895551257,35.20309477756286,20220101_38006_D01_S013,92.0,69.0,32.0,0.0,900.0,1093.0,82.34217749313815,9.240622140896615,baja
2022,20230101_38006_D01_S014,38006_D01_S014,Arona,1,14,33057.0,13028.0,16646.0,14350.0,1.16,2023,20230101_38006_D01_S014,4.1,20.1,13.2,3.1,59.4,20220101_38006_D01_S014,193.0,56.0,128.0,704.0,1081.0,1025.0,18.829268292682926,12.487804878048781,20220101_38006_D01_S014,12.0,31.0,20.0,0.0,1018.0,1081.0,94.17206290471785,4.717853839037928,media-baja
2022,20230101_38006_D01_S015,38006_D01_S015,Arona,1,15,35167.0,13664.0,18036.0,14350.0,1.256864111498258,2023,20230101_38006_D01_S015,2.8,24.2,18.0,1.9,53.0,20220101_38006_D01_S015,267.0,40.0,93.0,649.0,1049.0,1009.0,26.461843409316156,9.217046580773042,20220101_38006_D01_S015,7.0,26.0,16.0,1.0,999.0,1048.0,95.32442748091603,4.00763358778626,media-baja
2022,20230101_38006_D01_S016,38006_D01_S016,Arona,1,16,21719.0,10448.0,13463.0,11550.0,1.1656277056277056,2023,20230101_38006_D01_S016,5.0,11.7,22.6,3.4,57.3,20220101_38006_D01_S016,335.0,80.0,219.0,896.0,1530.0,1450.0,23.103448275862068,15.10344827586207,20220101_38006_D01_S016,16.0,103.0,43.0,0.0,1368.0,1530.0,89.41176470588235,9.542483660130719,baja
2022,20230101_38006_D01_S017,38006_D01_S017,Arona,1,17,30203.0,12443.0,16150.0,14350.0,1.1254355400696865,2023,20230101_38006_D01_S017,3.9,20.8,17.1,2.9,55.3,20220101_38006_D01_S017,62.0,10.0,65.0,221.0,358.0,348.0,17.816091954022987,18.67816091954023,20220101_38006_D01_S017,9.0,15.0,7.0,0.0,327.0,358.0,91.34078212290503,6.145251396648045,media-baja
2022,20230101_38006_D01_S018,38006_D01_S018,Arona,1,18,27948.0,9547.0,13170.0,12250.0,1.0751020408163265,2023,20230101_38006_D01_S018,4.9,12.0,10.2,4.0,68.9,20220101_38006_D01_S018,351.0,86.0,211.0,993.0,1641.0,1555.0,22.572347266881028,13.569131832797428,20220101_38006_D01_S018,18.0,83.0,52.0,0.0,1488.0,1641.0,90.6764168190128,8.226691042047532,baja
2022,20230101_38006_D01_S019,38006_D01_S019,Arona,1,19,29629.0,13126.0,16589.0,13650.0,1.2153113553113553,2023,20230101_38006_D01_S019,2.9,24.6,17.5,2.0,53.0,20220101_38006_D01_S019,149.0,32.0,75.0,394.0,650.0,618.0,24.110032362459545,12.135922330097088,20220101_38006_D01_S019,8.0,19.0,20.0,0.0,603.0,650.0,92.76923076923077,6.0,media-baja
2022,20230101_38006_D01_S020,38006_D01_S020,Arona,1,20,28961.0,13133.0,17098.0,14350.0,1.1914982578397213,2023,20230101_38006_D01_S020,2.6,21.5,20.9,2.0,53.2,20220101_38006_D01_S020,282.0,74.0,129.0,758.0,1243.0,1169.0,24.123182207014544,11.035072711719419,20220101_38006_D01_S020,7.0,43.0,12.0,0.0,1181.0,1243.0,95.01206757843926,4.424778761061947,media-baja
2022,20230101_38006_D01_S021,38006_D01_S021,Arona,1,21,28723.0,10382.0,14261.0,13650.0,1.0447619047619048,2023,20230101_38006_D01_S021,4.0,8.3,12.0,4.2,71.5,20220101_38006_D01_S021,101.0,54.0,294.0,541.0,990.0,936.0,10.790598290598291,31.41025641025641,20220101_38006_D01_S021,63.0,72.0,52.0,0.0,803.0,990.0,81.11111111111111,12.525252525252526,baja
2022,20230101_38006_D01_S022,38006_D01_S022,Arona,1,22,35763.0,12331.0,16674.0,15050.0,1.107906976744186,2023,20230101_38006_D01_S022,3.6,16.4,11.1,3.0,65.9,20220101_38006_D01_S022,216.0,62.0,173.0,631.0,1082.0,1020.0,21.176470588235293,16.96078431372549,20220101_38006_D01_S022,33.0,78.0,33.0,0.0,938.0,1082.0,86.69131238447319,10.258780036968577,media-baja
2022,20230101_38006_D01_S023,38006_D01_S023,Arona,1,23,26453.0,10299.0,13657.0,12250.0,1.1148571428571428,2023,20230101_38006_D01_S023,4.1,8.8,13.0,4.8,69.3,20220101_38006_D01_S023,119.0,47.0,227.0,524.0,917.0,870.0,13.67816091954023,26.091954022988507,20220101_38006_D01_S023,46.0,58.0,24.0,0.0,789.0,917.0,86.04143947655398,8.942202835332607,baja
2022,20230101_38006_D01_S024,38006_D01_S024,Arona,1,24,33252.0,11547.0,15802.0,14350.0,1.101184668989547,2023,20230101_38006_D01_S024,4.2,9.8,15.3,3.0,67.6,20220101_38006_D01_S024,146.0,40.0,163.0,540.0,889.0,849.0,17.196702002355714,19.199057714958776,20220101_38006_D01_S024,12.0,65.0,27.0,0.0,785.0,889.0,88.30146231721035,10.348706411698538,baja
2022,20230101_38006_D01_S025,38006_D01_S025,Arona,1,25,35415.0,12430.0,16739.0,16450.0,1.0175683890577507,2023,20230101_38006_D01_S025,3.8,10.9,20.7,3.2,61.3,20220101_38006_D01_S025,139.0,30.0,130.0,379.0,678.0,648.0,21.450617283950617,20.061728395061728,20220101_38006_D01_S025,6.0,43.0,27.0,0.0,602.0,678.0,88.7905604719764,10.32448377581121,media-baja
2022,20230101_38006_D01_S026,38006_D01_S026,Arona,1,26,34679.0,13116.0,17262.0,14350.0,1.2029268292682926,2023,20230101_38006_D01_S026,2.5,24.6,12.1,2.5,58.3,20220101_38006_D01_S026,331.0,101.0,146.0,822.0,1400.0,1299.0,25.48113933795227,11.23941493456505,20220101_38006_D01_S026,9.0,64.0,38.0,0.0,1289.0,1400.0,92.07142857142857,7.285714285714286,media-baja
2022,20230101_38006_D01_S027,38006_D01_S027,Arona,1,27,31090.0,11227.0,15298.0,15050.0,1.0164784053156146,2023,20230101_38006_D01_S027,4.5,9.8,11.0,3.4,71.4,20220101_38006_D01_S027,153.0,55.0,224.0,730.0,1162.0,1107.0,13.821138211382113,20.23486901535682,20220101_38006_D01_S027,25.0,69.0,47.0,0.0,1021.0,1162.0,87.8657487091222,9.982788296041308,baja
2022,20230101_38006_D01_S028,38006_D01_S028,Arona,1,28,38436.0,12743.0,17171.0,15750.0,1.0902222222222222,2023,20230101_38006_D01_S028,2.8,14.7,10.9,3.2,68.5,20220101_38006_D01_S028,102.0,54.0,282.0,545.0,983.0,929.0,10.979547900968784,30.355220667384284,20220101_38006_D01_S028,58.0,60.0,36.0,0.0,829.0,983.0,84.33367243133266,9.766022380467955,media-baja
2022,20230101_38006_D01_S029,38006_D01_S029,Arona,1,29,25537.0,8401.0,11835.0,10850.0,1.0907834101382488,2023,20230101_38006_D01_S029,5.5,8.7,12.3,5.3,68.1,20220101_38006_D01_S029,62.0,25.0,172.0,297.0,556.0,531.0,11.67608286252354,32.39171374764595,20220101_38006_D01_S029,59.0,31.0,15.0,1.0,450.0,555.0,81.08108108108108,8.288288288288289,baja
2022,20230101_38006_D01_S030,38006_D01_S030,Arona,1,30,29644.0,10432.0,14339.0,13650.0,1.0504761904761906,2023,20230101_38006_D01_S030,4.3,8.7,9.7,3.8,73.5,20220101_38006_D01_S030,113.0,50.0,227.0,612.0,1002.0,952.0,11.869747899159664,23.84453781512605,20220101_38006_D01_S030,15.0,64.0,28.0,0.0,895.0,1002.0,89.32135728542914,9.181636726546905,baja
2022,20230101_38006_D01_S031,38006_D01_S031,Arona,1,31,25638.0,8396.0,11921.0,10850.0,1.0987096774193548,2023,20230101_38006_D01_S031,5.9,7.2,11.3,5.2,70.5,20220101_38006_D01_S031,64.0,52.0,296.0,427.0,839.0,787.0,8.132147395171538,37.61118170266836,20220101_38006_D01_S031,67.0,56.0,27.0,0.0,689.0,839.0,82.12157330154946,9.892729439809298,baja
2022,20230101_38006_D01_S032,38006_D01_S032,Arona,1,32,24361.0,10235.0,13698.0,12250.0,1.118204081632653,2023,20230101_38006_D01_S032,3.5,14.1,19.3,3.7,59.3,20220101_38006_D01_S032,187.0,45.0,120.0,499.0,851.0,806.0,23.200992555831267,14.88833746898263,20220101_38006_D01_S032,11.0,62.0,23.0,0.0,755.0,851.0,88.71915393654524,9.988249118683902,baja
2022,20230101_38006_D01_S033,38006_D01_S033,Arona,1,33,34249.0,15374.0,19311.0,15050.0,1.28312292358804,2023,20230101_38006_D01_S033,1.4,23.1,14.4,1.9,59.2,20220101_38006_D01_S033,296.0,49.0,70.0,524.0,939.0,890.0,33.258426966292134,7.865168539325842,20220101_38006_D01_S033,5.0,56.0,23.0,0.0,855.0,939.0,91.05431309904154,8.413205537806176,media-baja
2022,20230101_38006_D01_S034,38006_D01_S034,Arona,1,34,32437.0,11600.0,15917.0,13650.0,1.166080586080586,2023,20230101_38006_D01_S034,4.0,23.6,12.2,3.5,56.6,20220101_38006_D01_S034,98.0,29.0,100.0,295.0,522.0,493.0,19.878296146044626,20.28397565922921,20220101_38006_D01_S034,44.0,36.0,19.0,0.0,423.0,522.0,81.03448275862068,10.53639846743295,baja
2022,20230101_38007_D01_S001,38007_D01_S001,Barlovento,1,1,31402.0,11909.0,16965.0,14350.0,1.1822299651567945,2023,20230101_38007_D01_S001,3.9,18.8,23.4,2.5,51.4,20220101_38007_D01_S001,128.0,30.0,78.0,271.0,507.0,477.0,26.834381551362682,16.352201257861637,20220101_38007_D01_S001,61.0,46.0,24.0,2.0,374.0,505.0,74.05940594059406,13.861386138613861,baja
2022,20230101_38008_D01_S001,38008_D01_S001,Breña Alta,1,1,38532.0,14347.0,19426.0,16450.0,1.1809118541033434,2023,20230101_38008_D01_S001,3.7,13.9,17.2,2.3,63.0,20220101_38008_D01_S001,137.0,16.0,74.0,297.0,524.0,508.0,26.968503937007874,14.566929133858268,20220101_38008_D01_S001,20.0,39.0,19.0,0.0,446.0,524.0,85.1145038167939,11.068702290076336,media-baja
2022,20230101_38008_D01_S002,38008_D01_S002,Breña Alta,1,2,41063.0,15661.0,21761.0,17150.0,1.268862973760933,2023,20230101_38008_D01_S002,2.7,15.0,19.6,2.2,60.4,20220101_38008_D01_S002,287.0,27.0,104.0,447.0,865.0,838.0,34.24821002386635,12.410501193317423,20220101_38008_D01_S002,21.0,75.0,42.0,2.0,725.0,863.0,84.00926998841251,13.557358053302433,media-baja
2022,20230101_38008_D01_S003,38008_D01_S003,Breña Alta,1,3,45990.0,17150.0,23405.0,19950.0,1.1731829573934838,2023,20230101_38008_D01_S003,2.9,12.5,15.9,2.0,66.8,20220101_38008_D01_S003,350.0,37.0,95.0,502.0,984.0,947.0,36.95881731784583,10.03167898627244,20220101_38008_D01_S003,25.0,75.0,35.0,2.0,847.0,982.0,86.25254582484725,11.201629327902241,media-alta
2022,20230101_38008_D01_S004,38008_D01_S004,Breña Alta,1,4,36928.0,13501.0,18796.0,16450.0,1.142613981762918,2023,20230101_38008_D01_S004,4.0,8.1,15.8,2.6,69.5,20220101_38008_D01_S004,150.0,32.0,133.0,381.0,696.0,664.0,22.59036144578313,20.03012048192771,20220101_38008_D01_S004,17.0,56.0,38.0,0.0,585.0,696.0,84.05172413793103,13.505747126436782,media-baja
2022,20230101_38009_D01_S001,38009_D01_S001,Breña Baja,1,1,44551.0,16784.0,22888.0,19250.0,1.188987012987013,2023,20230101_38009_D01_S001,3.0,10.6,14.7,1.8,69.9,20220101_38009_D01_S001,323.0,37.0,107.0,441.0,908.0,871.0,37.08381171067738,12.284730195177957,20220101_38009_D01_S001,31.0,54.0,30.0,0.0,793.0,908.0,87.33480176211454,9.251101321585903,media-alta
2022,20230101_38009_D01_S002,38009_D01_S002,Breña Baja,1,2,42719.0,15597.0,21998.0,19250.0,1.1427532467532469,2023,20230101_38009_D01_S002,3.4,10.4,16.3,2.1,67.8,20220101_38009_D01_S002,279.0,37.0,103.0,419.0,838.0,801.0,34.831460674157306,12.85892634207241,20220101_38009_D01_S002,27.0,65.0,32.0,1.0,713.0,837.0,85.18518518518519,11.589008363201911,media-baja
2022,20230101_38009_D01_S003,38009_D01_S003,Breña Baja,1,3,50632.0,20484.0,27732.0,24150.0,1.1483229813664597,2023,20230101_38009_D01_S003,3.6,15.0,16.9,1.6,62.9,20220101_38009_D01_S003,162.0,14.0,21.0,190.0,387.0,373.0,43.43163538873995,5.630026809651475,20220101_38009_D01_S003,6.0,22.0,11.0,0.0,348.0,387.0,89.92248062015504,8.527131782945736,alta
2022,20230101_38009_D01_S004,38009_D01_S004,Breña Baja,1,4,47087.0,18170.0,24646.0,20650.0,1.1935108958837772,2023,20230101_38009_D01_S004,3.1,16.9,14.2,1.9,63.9,20220101_38009_D01_S004,122.0,19.0,31.0,215.0,387.0,368.0,33.15217391304348,8.423913043478262,20220101_38009_D01_S004,16.0,27.0,24.0,0.0,320.0,387.0,82.68733850129199,13.178294573643411,media-alta
2022,20230101_38010_D01_S001,38010_D01_S001,Buenavista del Norte,1,1,37054.0,14159.0,18742.0,15050.0,1.2453156146179403,2023,20230101_38010_D01_S001,4.2,24.1,23.6,3.0,45.2,20220101_38010_D01_S001,109.0,17.0,123.0,231.0,480.0,463.0,23.542116630669547,26.565874730021598,20220101_38010_D01_S001,98.0,16.0,21.0,0.0,345.0,480.0,71.875,7.708333333333333,media-baja
2022,20230101_38010_D01_S002,38010_D01_S002,Buenavista del Norte,1,2,26019.0,10216.0,14218.0,13650.0,1.0416117216117216,2023,20230101_38010_D01_S002,6.9,14.4,33.3,3.5,41.9,20220101_38010_D01_S002,29.0,14.0,61.0,136.0,240.0,226.0,12.831858407079647,26.991150442477878,20220101_38010_D01_S002,31.0,23.0,7.0,0.0,179.0,240.0,74.58333333333333,12.5,baja
2022,20230101_38010_D01_S003,38010_D01_S003,Buenavista del Norte,1,3,30956.0,11416.0,16036.0,15050.0,1.065514950166113,2023,20230101_38010_D01_S003,4.8,11.5,26.0,3.5,54.2,20220101_38010_D01_S003,91.0,14.0,129.0,236.0,470.0,456.0,19.95614035087719,28.289473684210527,20220101_38010_D01_S003,101.0,15.0,9.0,0.0,345.0,470.0,73.40425531914893,5.1063829787234045,baja
2022,20230101_38010_D01_S004,38010_D01_S004,Buenavista del Norte,1,4,31552.0,11503.0,15819.0,14350.0,1.102369337979094,2023,20230101_38010_D01_S004,5.5,8.9,21.9,4.5,59.2,20220101_38010_D01_S004,100.0,18.0,154.0,252.0,524.0,506.0,19.76284584980237,30.434782608695652,20220101_38010_D01_S004,106.0,26.0,21.0,0.0,371.0,524.0,70.80152671755725,8.969465648854962,baja
2022,20230101_38011_D01_S001,38011_D01_S001,Candelaria,1,1,42142.0,14955.0,19611.0,18550.0,1.0571967654986523,2023,20230101_38011_D01_S001,4.0,10.6,20.3,2.6,62.5,20220101_38011_D01_S001,261.0,44.0,77.0,426.0,808.0,764.0,34.16230366492147,10.078534031413612,20220101_38011_D01_S001,19.0,40.0,43.0,0.0,706.0,808.0,87.37623762376238,10.272277227722773,media-baja
2022,20230101_38011_D01_S002,38011_D01_S002,Candelaria,1,2,45238.0,16012.0,20700.0,17850.0,1.1596638655462186,2023,20230101_38011_D01_S002,3.5,10.9,16.7,1.7,67.3,20220101_38011_D01_S002,226.0,39.0,71.0,286.0,622.0,583.0,38.76500857632933,12.178387650085764,20220101_38011_D01_S002,4.0,30.0,39.0,0.0,549.0,622.0,88.26366559485531,11.093247588424438,media-alta
2022,20230101_38011_D01_S003,38011_D01_S003,Candelaria,1,3,42277.0,16899.0,21090.0,19250.0,1.0955844155844157,2023,20230101_38011_D01_S003,4.1,12.4,20.4,2.1,61.0,20220101_38011_D01_S003,365.0,35.0,100.0,636.0,1136.0,1101.0,33.15168029064487,9.082652134423252,20220101_38011_D01_S003,16.0,64.0,57.0,1.0,998.0,1135.0,87.9295154185022,10.66079295154185,media-alta
2022,20230101_38011_D01_S004,38011_D01_S004,Candelaria,1,4,34874.0,14207.0,17990.0,15750.0,1.1422222222222222,2023,20230101_38011_D01_S004,5.4,8.6,20.8,2.7,62.5,20220101_38011_D01_S004,192.0,41.0,66.0,339.0,638.0,597.0,32.1608040201005,11.055276381909549,20220101_38011_D01_S004,6.0,23.0,32.0,0.0,577.0,638.0,90.43887147335423,8.620689655172415,media-baja
2022,20230101_38011_D01_S005,38011_D01_S005,Candelaria,1,5,42380.0,17884.0,21673.0,19250.0,1.12587012987013,2023,20230101_38011_D01_S005,3.7,10.4,27.6,1.8,56.5,20220101_38011_D01_S005,171.0,14.0,36.0,219.0,440.0,426.0,40.140845070422536,8.450704225352112,20220101_38011_D01_S005,4.0,21.0,22.0,0.0,393.0,440.0,89.31818181818181,9.772727272727273,media-alta
2022,20230101_38011_D01_S006,38011_D01_S006,Candelaria,1,6,37045.0,17138.0,20508.0,19250.0,1.0653506493506493,2023,20230101_38011_D01_S006,3.8,9.4,14.3,2.4,70.1,20220101_38011_D01_S006,342.0,40.0,71.0,464.0,917.0,877.0,38.99657924743443,8.095781071835804,20220101_38011_D01_S006,2.0,42.0,43.0,1.0,829.0,916.0,90.50218340611353,9.279475982532752,media-alta
2022,20230101_38011_D01_S007,38011_D01_S007,Candelaria,1,7,38875.0,17979.0,21197.0,19950.0,1.0625062656641604,2023,20230101_38011_D01_S007,3.3,8.9,14.2,2.0,71.5,20220101_38011_D01_S007,418.0,48.0,58.0,528.0,1052.0,1004.0,41.633466135458164,5.776892430278885,20220101_38011_D01_S007,6.0,44.0,50.0,0.0,952.0,1052.0,90.49429657794677,8.935361216730039,media-alta
2022,20230101_38011_D01_S008,38011_D01_S008,Candelaria,1,8,36613.0,15046.0,18940.0,17850.0,1.0610644257703081,2023,20230101_38011_D01_S008,4.4,10.2,18.2,2.4,64.9,20220101_38011_D01_S008,162.0,16.0,47.0,273.0,498.0,482.0,33.60995850622407,9.751037344398341,20220101_38011_D01_S008,3.0,15.0,38.0,0.0,442.0,498.0,88.75502008032129,10.642570281124499,media-baja
2022,20230101_38011_D01_S009,38011_D01_S009,Candelaria,1,9,44230.0,17861.0,21974.0,19950.0,1.101453634085213,2023,20230101_38011_D01_S009,3.8,11.9,18.7,1.7,64.0,20220101_38011_D01_S009,219.0,20.0,33.0,206.0,478.0,458.0,47.81659388646288,7.205240174672489,20220101_38011_D01_S009,3.0,22.0,31.0,1.0,421.0,477.0,88.25995807127883,11.11111111111111,media-alta
2022,20230101_38011_D01_S010,38011_D01_S010,Candelaria,1,10,34270.0,15557.0,19172.0,17150.0,1.1179008746355685,2023,20230101_38011_D01_S010,5.4,10.2,23.1,1.9,59.4,20220101_38011_D01_S010,150.0,21.0,45.0,276.0,492.0,471.0,31.84713375796178,9.554140127388536,20220101_38011_D01_S010,4.0,23.0,21.0,0.0,444.0,492.0,90.2439024390244,8.94308943089431,media-baja
2022,20230101_38011_D01_S011,38011_D01_S011,Candelaria,1,11,41832.0,16834.0,20941.0,19950.0,1.049674185463659,2023,20230101_38011_D01_S011,5.2,11.2,15.3,1.9,66.5,20220101_38011_D01_S011,289.0,37.0,44.0,382.0,752.0,715.0,40.41958041958042,6.153846153846154,20220101_38011_D01_S011,5.0,31.0,41.0,0.0,675.0,752.0,89.76063829787235,9.574468085106384,media-alta
2022,20230101_38011_D01_S012,38011_D01_S012,Candelaria,1,12,40655.0,19722.0,22931.0,20650.0,1.1104600484261502,2023,20230101_38011_D01_S012,3.8,12.4,19.7,1.6,62.5,20220101_38011_D01_S012,237.0,39.0,36.0,329.0,641.0,602.0,39.3687707641196,5.980066445182724,20220101_38011_D01_S012,5.0,27.0,41.0,0.0,568.0,641.0,88.61154446177846,10.60842433697348,media-alta
2022,20230101_38011_D02_S001,38011_D02_S001,Candelaria,2,1,46336.0,16050.0,21321.0,19250.0,1.1075844155844157,2023,20230101_38011_D02_S001,3.2,13.2,16.5,2.2,64.9,20220101_38011_D02_S001,276.0,29.0,80.0,383.0,768.0,739.0,37.34776725304466,10.825439783491204,20220101_38011_D02_S001,17.0,40.0,50.0,0.0,661.0,768.0,86.06770833333333,11.71875,media-alta
2022,20230101_38011_D02_S002,38011_D02_S002,Candelaria,2,2,54981.0,18521.0,23865.0,20650.0,1.1556900726392252,2023,20230101_38011_D02_S002,3.8,17.2,18.7,1.6,58.8,20220101_38011_D02_S002,236.0,36.0,55.0,351.0,678.0,642.0,36.7601246105919,8.566978193146417,20220101_38011_D02_S002,9.0,38.0,45.0,0.0,586.0,678.0,86.4306784660767,12.24188790560472,media-alta
2022,20230101_38011_D02_S003,38011_D02_S003,Candelaria,2,3,40109.0,14372.0,18846.0,16450.0,1.1456534954407296,2023,20230101_38011_D02_S003,3.6,12.5,16.3,2.2,65.4,20220101_38011_D02_S003,287.0,35.0,108.0,448.0,878.0,843.0,34.045077105575324,12.811387900355871,20220101_38011_D02_S003,15.0,61.0,64.0,0.0,738.0,878.0,84.05466970387243,14.236902050113896,media-baja
2022,20230101_38011_D02_S004,38011_D02_S004,Candelaria,2,4,38801.0,14739.0,19175.0,17150.0,1.1180758017492711,2023,20230101_38011_D02_S004,4.6,7.3,20.9,2.1,65.1,20220101_38011_D02_S004,162.0,36.0,86.0,378.0,662.0,626.0,25.878594249201278,13.738019169329073,20220101_38011_D02_S004,7.0,45.0,51.0,0.0,559.0,662.0,84.44108761329305,14.501510574018127,media-baja
2022,20230101_38011_D02_S005,38011_D02_S005,Candelaria,2,5,72284.0,24065.0,29672.0,28350.0,1.04663139329806,2023,20230101_38011_D02_S005,2.6,17.2,11.2,1.0,68.1,20220101_38011_D02_S005,399.0,43.0,18.0,288.0,748.0,705.0,56.59574468085106,2.5531914893617023,20220101_38011_D02_S005,3.0,38.0,32.0,0.0,675.0,748.0,90.24064171122994,9.358288770053475,alta
2022,20230101_38012_D01_S001,38012_D01_S001,Fasnia,1,1,36979.0,15384.0,19266.0,17150.0,1.1233819241982508,2023,20230101_38012_D01_S001,3.9,9.4,24.2,2.5,60.0,20220101_38012_D01_S001,207.0,20.0,83.0,308.0,618.0,598.0,34.61538461538461,13.879598662207357,20220101_38012_D01_S001,18.0,48.0,31.0,0.0,521.0,618.0,84.3042071197411,12.783171521035598,media-baja
2022,20230101_38012_D01_S002,38012_D01_S002,Fasnia,1,2,31465.0,13734.0,17396.0,15750.0,1.1045079365079364,2023,20230101_38012_D01_S002,5.2,11.4,22.6,3.4,57.4,20220101_38012_D01_S002,128.0,21.0,76.0,276.0,501.0,480.0,26.666666666666668,15.833333333333334,20220101_38012_D01_S002,28.0,31.0,49.0,0.0,393.0,501.0,78.44311377245509,15.968063872255488,media-baja
2022,20230101_38013_D01_S001,38013_D01_S001,Frontera,1,1,36578.0,12802.0,17405.0,15050.0,1.1564784053156145,2023,20230101_38013_D01_S001,4.6,16.5,18.8,3.1,57.0,20220101_38013_D01_S001,241.0,50.0,95.0,481.0,867.0,817.0,29.498164014687884,11.627906976744185,20220101_38013_D01_S001,80.0,69.0,30.0,2.0,686.0,865.0,79.30635838150289,11.445086705202312,media-baja
2022,20230101_38013_D01_S002,38013_D01_S002,Frontera,1,2,33594.0,11910.0,16257.0,14350.0,1.1328919860627178,2023,20230101_38013_D01_S002,3.9,11.9,19.6,3.4,61.2,20220101_38013_D01_S002,200.0,37.0,101.0,425.0,763.0,726.0,27.548209366391184,13.911845730027549,20220101_38013_D01_S002,54.0,55.0,54.0,2.0,598.0,761.0,78.580814717477,14.323258869908015,baja
2022,20230101_38014_D01_S001,38014_D01_S001,Fuencaliente de La Palma,1,1,32050.0,13647.0,18450.0,15750.0,1.1714285714285715,2023,20230101_38014_D01_S001,4.3,13.1,22.7,3.2,56.7,20220101_38014_D01_S001,107.0,18.0,58.0,198.0,381.0,363.0,29.47658402203857,15.977961432506888,20220101_38014_D01_S001,30.0,24.0,27.0,0.0,300.0,381.0,78.74015748031496,13.385826771653543,media-baja
2022,20230101_38014_D01_S002,38014_D01_S002,Fuencaliente de La Palma,1,2,25898.0,12591.0,16603.0,14350.0,1.1570034843205574,2023,20230101_38014_D01_S002,4.4,13.1,21.1,4.0,57.4,20220101_38014_D01_S002,61.0,14.0,63.0,189.0,327.0,313.0,19.488817891373802,20.12779552715655,20220101_38014_D01_S002,39.0,28.0,17.0,0.0,243.0,327.0,74.31192660550458,13.761467889908257,media-baja
2022,20230101_38015_D01_S001,38015_D01_S001,Garachico,1,1,38756.0,13706.0,18096.0,15750.0,1.148952380952381,2023,20230101_38015_D01_S001,4.0,14.6,25.9,2.5,53.0,20220101_38015_D01_S001,164.0,23.0,90.0,273.0,550.0,527.0,31.119544592030362,17.077798861480076,20220101_38015_D01_S001,44.0,37.0,24.0,0.0,445.0,550.0,80.9090909090909,11.090909090909092,media-baja
2022,20230101_38015_D01_S002,38015_D01_S002,Garachico,1,2,46168.0,17775.0,21371.0,16450.0,1.2991489361702129,2023,20230101_38015_D01_S002,3.5,13.9,28.5,1.5,52.7,20220101_38015_D01_S002,58.0,15.0,30.0,90.0,193.0,178.0,32.58426966292135,16.853932584269664,20220101_38015_D01_S002,14.0,12.0,8.0,0.0,159.0,193.0,82.38341968911917,10.362694300518134,media-alta
2022,20230101_38015_D02_S001,38015_D02_S001,Garachico,2,1,34840.0,12150.0,16733.0,13650.0,1.2258608058608058,2023,20230101_38015_D02_S001,4.9,18.9,20.6,2.8,52.7,20220101_38015_D02_S001,92.0,19.0,115.0,256.0,482.0,463.0,19.870410367170628,24.838012958963283,20220101_38015_D02_S001,80.0,30.0,11.0,1.0,360.0,481.0,74.84407484407484,8.523908523908524,media-baja
2022,20230101_38015_D02_S002,38015_D02_S002,Garachico,2,2,27105.0,10149.0,14023.0,12950.0,1.082857142857143,2023,20230101_38015_D02_S002,6.2,6.8,24.5,4.6,57.9,20220101_38015_D02_S002,76.0,19.0,121.0,254.0,470.0,451.0,16.851441241685144,26.829268292682926,20220101_38015_D02_S002,32.0,61.0,19.0,0.0,358.0,470.0,76.17021276595744,17.02127659574468,baja
2022,20230101_38016_D01_S001,38016_D01_S001,Garafía,1,1,21188.0,9193.0,13771.0,12950.0,1.0633976833976835,2023,20230101_38016_D01_S001,4.6,13.5,29.2,3.6,49.1,20220101_38016_D01_S001,111.0,36.0,59.0,264.0,470.0,434.0,25.57603686635945,13.59447004608295,20220101_38016_D01_S001,49.0,44.0,20.0,0.0,357.0,470.0,75.95744680851064,13.617021276595745,baja
2022,20230101_38017_D01_S001,38017_D01_S001,Granadilla de Abona,1,1,40403.0,13039.0,18173.0,17150.0,1.0596501457725946,2023,20230101_38017_D01_S001,4.4,10.6,20.3,3.7,61.1,20220101_38017_D01_S001,74.0,23.0,130.0,283.0,510.0,487.0,15.195071868583161,26.694045174537987,20220101_38017_D01_S001,17.0,40.0,37.0,0.0,416.0,510.0,81.56862745098039,15.098039215686274,media-baja
2022,20230101_38017_D01_S002,38017_D01_S002,Granadilla de Abona,1,2,39011.0,12687.0,17570.0,17150.0,1.0244897959183674,2023,20230101_38017_D01_S002,3.7,12.6,21.0,3.0,59.7,20220101_38017_D01_S002,69.0,23.0,83.0,280.0,455.0,432.0,15.972222222222221,19.212962962962962,20220101_38017_D01_S002,17.0,23.0,17.0,1.0,397.0,454.0,87.44493392070484,8.810572687224669,media-baja
2022,20230101_38017_D01_S003,38017_D01_S003,Granadilla de Abona,1,3,32238.0,10614.0,14760.0,13650.0,1.0813186813186813,2023,20230101_38017_D01_S003,4.2,8.5,10.6,3.9,72.8,20220101_38017_D01_S003,113.0,33.0,193.0,422.0,761.0,728.0,15.521978021978022,26.51098901098901,20220101_38017_D01_S003,31.0,61.0,52.0,0.0,617.0,761.0,81.07752956636006,14.848883048620236,baja
2022,20230101_38017_D01_S004,38017_D01_S004,Granadilla de Abona,1,4,31957.0,11111.0,15353.0,14350.0,1.0698954703832753,2023,20230101_38017_D01_S004,4.1,9.7,24.0,3.9,58.4,20220101_38017_D01_S004,88.0,25.0,116.0,368.0,597.0,572.0,15.384615384615385,20.27972027972028,20220101_38017_D01_S004,26.0,56.0,33.0,0.0,482.0,597.0,80.73701842546063,14.90787269681742,baja
2022,20230101_38017_D01_S005,38017_D01_S005,Granadilla de Abona,1,5,33046.0,12254.0,16450.0,15400.0,1.0681818181818181,2023,20230101_38017_D01_S005,5.2,8.4,20.9,3.6,61.8,20220101_38017_D01_S005,60.0,17.0,87.0,173.0,337.0,320.0,18.75,27.1875,20220101_38017_D01_S005,23.0,16.0,28.0,0.0,270.0,337.0,80.1186943620178,13.056379821958457,media-baja
2022,20230101_38017_D01_S006,38017_D01_S006,Granadilla de Abona,1,6,31958.0,12238.0,16113.0,14350.0,1.1228571428571428,2023,20230101_38017_D01_S006,4.4,7.9,20.9,3.8,63.1,20220101_38017_D01_S006,114.0,32.0,122.0,263.0,531.0,499.0,22.84569138276553,24.448897795591183,20220101_38017_D01_S006,21.0,35.0,33.0,0.0,442.0,531.0,83.2391713747646,12.8060263653484,media-baja
2022,20230101_38017_D01_S007,38017_D01_S007,Granadilla de Abona,1,7,33466.0,14836.0,17851.0,15050.0,1.1861129568106312,2023,20230101_38017_D01_S007,3.6,18.0,13.9,2.5,62.1,20220101_38017_D01_S007,363.0,68.0,133.0,608.0,1172.0,1104.0,32.880434782608695,12.047101449275363,20220101_38017_D01_S007,12.0,63.0,47.0,0.0,1050.0,1172.0,89.59044368600682,9.38566552901024,media-baja
2022,20230101_38017_D01_S008,38017_D01_S008,Granadilla de Abona,1,8,31276.0,10618.0,14449.0,13650.0,1.0585347985347986,2023,20230101_38017_D01_S008,4.7,7.8,12.9,4.5,70.1,20220101_38017_D01_S008,90.0,24.0,165.0,364.0,643.0,619.0,14.539579967689821,26.65589660743134,20220101_38017_D01_S008,28.0,56.0,25.0,0.0,534.0,643.0,83.04821150855365,12.597200622083982,baja
2022,20230101_38017_D01_S009,38017_D01_S009,Granadilla de Abona,1,9,37932.0,12744.0,17221.0,15750.0,1.0933968253968254,2023,20230101_38017_D01_S009,4.4,13.5,16.5,3.5,62.2,20220101_38017_D01_S009,217.0,48.0,207.0,628.0,1100.0,1052.0,20.627376425855513,19.67680608365019,20220101_38017_D01_S009,26.0,65.0,70.0,1.0,938.0,1099.0,85.35031847133757,12.283894449499545,media-baja
2022,20230101_38017_D01_S010,38017_D01_S010,Granadilla de Abona,1,10,32646.0,13453.0,17025.0,14350.0,1.1864111498257839,2023,20230101_38017_D01_S010,3.2,12.3,8.7,3.1,72.8,20220101_38017_D01_S010,346.0,67.0,132.0,682.0,1227.0,1160.0,29.82758620689655,11.379310344827585,20220101_38017_D01_S010,22.0,66.0,44.0,0.0,1095.0,1227.0,89.24205378973105,8.964955175224123,media-baja
2022,20230101_38017_D01_S011,38017_D01_S011,Granadilla de Abona,1,11,33043.0,10042.0,14210.0,12950.0,1.0972972972972972,2023,20230101_38017_D01_S011,5.1,8.5,9.2,4.2,73.1,20220101_38017_D01_S011,162.0,53.0,280.0,645.0,1140.0,1087.0,14.903403863845446,25.758969641214353,20220101_38017_D01_S011,33.0,80.0,38.0,0.0,989.0,1140.0,86.75438596491227,10.350877192982455,baja
2022,20230101_38017_D01_S012,38017_D01_S012,Granadilla de Abona,1,12,39017.0,12658.0,17665.0,16450.0,1.0738601823708207,2023,20230101_38017_D01_S012,3.4,8.6,23.6,3.0,61.5,20220101_38017_D01_S012,82.0,32.0,124.0,316.0,554.0,522.0,15.708812260536398,23.754789272030653,20220101_38017_D01_S012,13.0,43.0,26.0,0.0,472.0,554.0,85.1985559566787,12.454873646209386,media-baja
2022,20230101_38017_D01_S013,38017_D01_S013,Granadilla de Abona,1,13,31656.0,10341.0,14441.0,13650.0,1.057948717948718,2023,20230101_38017_D01_S013,4.0,8.4,11.4,5.0,71.3,20220101_38017_D01_S013,118.0,37.0,223.0,504.0,882.0,845.0,13.964497041420119,26.390532544378697,20220101_38017_D01_S013,32.0,56.0,43.0,0.0,751.0,882.0,85.14739229024943,11.224489795918368,baja
2022,20230101_38017_D01_S014,38017_D01_S014,Granadilla de Abona,1,14,35776.0,16310.0,19634.0,15750.0,1.2466031746031747,2023,20230101_38017_D01_S014,2.0,17.7,14.2,2.2,64.0,20220101_38017_D01_S014,341.0,48.0,129.0,583.0,1101.0,1053.0,32.38366571699905,12.250712250712251,20220101_38017_D01_S014,13.0,69.0,37.0,0.0,982.0,1101.0,89.19164396003633,9.627611262488646,media-alta
2022,20230101_38017_D01_S015,38017_D01_S015,Granadilla de Abona,1,15,29833.0,9825.0,13595.0,12950.0,1.0498069498069498,2023,20230101_38017_D01_S015,5.0,8.3,12.6,5.0,69.0,20220101_38017_D01_S015,97.0,24.0,223.0,413.0,757.0,733.0,13.233287858117325,30.42291950886767,20220101_38017_D01_S015,29.0,75.0,28.0,0.0,625.0,757.0,82.56274768824306,13.606340819022456,baja
2022,20230101_38017_D01_S016,38017_D01_S016,Granadilla de Abona,1,16,41566.0,14035.0,18072.0,15750.0,1.1474285714285715,2023,20230101_38017_D01_S016,3.8,15.8,19.8,3.0,57.6,20220101_38017_D01_S016,66.0,31.0,121.0,266.0,484.0,453.0,14.56953642384106,26.71081677704194,20220101_38017_D01_S016,13.0,32.0,25.0,0.0,414.0,484.0,85.53719008264463,11.776859504132231,media-baja
2022,20230101_38017_D01_S017,38017_D01_S017,Granadilla de Abona,1,17,39385.0,11990.0,16612.0,15050.0,1.1037873754152825,2023,20230101_38017_D01_S017,3.4,11.6,10.6,3.5,70.9,20220101_38017_D01_S017,153.0,34.0,154.0,485.0,826.0,792.0,19.318181818181817,19.444444444444443,20220101_38017_D01_S017,18.0,63.0,33.0,0.0,712.0,826.0,86.19854721549636,11.62227602905569,baja
2022,20230101_38017_D01_S018,38017_D01_S018,Granadilla de Abona,1,18,46701.0,18041.0,22254.0,18550.0,1.199676549865229,2023,20230101_38017_D01_S018,2.7,22.1,9.5,1.6,64.2,20220101_38017_D01_S018,630.0,84.0,125.0,771.0,1610.0,1526.0,41.28440366972477,8.191349934469201,20220101_38017_D01_S018,25.0,100.0,46.0,1.0,1438.0,1609.0,89.37228091982598,9.073958980733375,media-alta
2022,20230101_38017_D01_S019,38017_D01_S019,Granadilla de Abona,1,19,31890.0,10857.0,14937.0,13650.0,1.0942857142857143,2023,20230101_38017_D01_S019,4.4,10.6,11.4,4.2,69.5,20220101_38017_D01_S019,119.0,29.0,141.0,378.0,667.0,638.0,18.65203761755486,22.100313479623825,20220101_38017_D01_S019,18.0,42.0,37.0,0.0,570.0,667.0,85.45727136431785,11.84407796101949,baja
2022,20230101_38017_D01_S020,38017_D01_S020,Granadilla de Abona,1,20,32763.0,10526.0,14427.0,12950.0,1.114054054054054,2023,20230101_38017_D01_S020,4.0,11.6,9.6,3.9,70.9,20220101_38017_D01_S020,159.0,56.0,307.0,672.0,1194.0,1138.0,13.971880492091389,26.977152899824254,20220101_38017_D01_S020,49.0,55.0,67.0,0.0,1023.0,1194.0,85.678391959799,10.217755443886098,baja
2022,20230101_38017_D01_S021,38017_D01_S021,Granadilla de Abona,1,21,30015.0,12664.0,16264.0,13650.0,1.1915018315018315,2023,20230101_38017_D01_S021,4.0,13.7,11.6,3.1,67.7,20220101_38017_D01_S021,290.0,62.0,137.0,627.0,1116.0,1054.0,27.514231499051235,12.998102466793169,20220101_38017_D01_S021,27.0,67.0,47.0,0.0,975.0,1116.0,87.36559139784946,10.21505376344086,media-baja
2022,20230101_38017_D01_S022,38017_D01_S022,Granadilla de Abona,1,22,38760.0,11633.0,16343.0,15750.0,1.0376507936507937,2023,20230101_38017_D01_S022,4.4,8.7,8.7,3.8,74.4,20220101_38017_D01_S022,178.0,53.0,177.0,506.0,914.0,861.0,20.673635307781648,20.557491289198605,20220101_38017_D01_S022,29.0,55.0,42.0,0.0,788.0,914.0,86.2144420131291,10.61269146608315,baja
2022,20230101_38017_D01_S023,38017_D01_S023,Granadilla de Abona,1,23,31767.0,10062.0,14005.0,12950.0,1.0814671814671815,2023,20230101_38017_D01_S023,4.2,8.5,11.0,4.4,71.9,20220101_38017_D01_S023,107.0,41.0,239.0,467.0,854.0,813.0,13.161131611316113,29.39729397293973,20220101_38017_D01_S023,39.0,55.0,32.0,0.0,728.0,854.0,85.24590163934427,10.187353629976581,baja
2022,20230101_38017_D01_S024,38017_D01_S024,Granadilla de Abona,1,24,30872.0,9783.0,13900.0,12950.0,1.0733590733590734,2023,20230101_38017_D01_S024,5.4,6.6,8.7,4.2,75.1,20220101_38017_D01_S024,155.0,49.0,255.0,567.0,1026.0,977.0,15.86489252814739,26.100307062436027,20220101_38017_D01_S024,26.0,52.0,34.0,0.0,914.0,1026.0,89.08382066276803,8.382066276803119,baja
2022,20230101_38017_D01_S025,38017_D01_S025,Granadilla de Abona,1,25,28919.0,9459.0,13166.0,12250.0,1.0747755102040817,2023,20230101_38017_D01_S025,5.0,5.6,10.1,4.7,74.7,20220101_38017_D01_S025,122.0,30.0,221.0,477.0,850.0,820.0,14.878048780487806,26.951219512195124,20220101_38017_D01_S025,42.0,67.0,34.0,0.0,707.0,850.0,83.17647058823529,11.882352941176471,baja
2022,20230101_38017_D01_S026,38017_D01_S026,Granadilla de Abona,1,26,35370.0,10847.0,15085.0,13650.0,1.1051282051282052,2023,20230101_38017_D01_S026,3.3,10.6,12.3,4.2,69.6,20220101_38017_D01_S026,120.0,33.0,150.0,345.0,648.0,615.0,19.51219512195122,24.390243902439025,20220101_38017_D01_S026,23.0,45.0,17.0,0.0,563.0,648.0,86.88271604938272,9.567901234567902,baja
2022,20230101_38017_D01_S027,38017_D01_S027,Granadilla de Abona,1,27,54220.0,19138.0,23998.0,19950.0,1.202907268170426,2023,20230101_38017_D01_S027,2.2,22.9,7.4,1.7,65.8,,,,,,,,,,20220101_38017_D01_S027,0.0,0.0,0.0,0.0,0.0,0.0,,,media-alta
2022,20230101_38018_D01_S001,38018_D01_S001,La Guancha,1,1,34883.0,12948.0,17456.0,17150.0,1.0178425655976677,2023,20230101_38018_D01_S001,4.5,8.9,25.8,2.7,58.0,20220101_38018_D01_S001,122.0,14.0,66.0,286.0,488.0,474.0,25.738396624472575,13.924050632911392,20220101_38018_D01_S001,20.0,56.0,24.0,0.0,388.0,488.0,79.50819672131148,16.39344262295082,media-baja
2022,20230101_38018_D01_S002,38018_D01_S002,La Guancha,1,2,32910.0,11761.0,16310.0,15050.0,1.083720930232558,2023,20230101_38018_D01_S002,5.2,10.3,22.8,3.5,58.3,20220101_38018_D01_S002,162.0,34.0,82.0,403.0,681.0,647.0,25.038639876352395,12.673879443585781,20220101_38018_D01_S002,43.0,68.0,20.0,0.0,550.0,681.0,80.76358296622614,12.922173274596181,baja
2022,20230101_38018_D01_S003,38018_D01_S003,La Guancha,1,3,33921.0,12092.0,16490.0,15050.0,1.0956810631229237,2023,20230101_38018_D01_S003,5.7,10.1,22.4,3.3,58.5,20220101_38018_D01_S003,243.0,24.0,125.0,499.0,891.0,867.0,28.027681660899653,14.41753171856978,20220101_38018_D01_S003,41.0,120.0,29.0,0.0,701.0,891.0,78.67564534231201,16.722783389450058,media-baja
2022,20230101_38019_D01_S001,38019_D01_S001,Guía de Isora,1,1,35104.0,12589.0,17018.0,15050.0,1.130764119601329,2023,20230101_38019_D01_S001,4.1,12.8,21.0,3.2,59.0,20220101_38019_D01_S001,124.0,36.0,223.0,440.0,823.0,787.0,15.756035578144854,28.335451080050827,20220101_38019_D01_S001,45.0,55.0,39.0,0.0,684.0,823.0,83.11057108140947,11.421628189550425,media-baja
2022,20230101_38019_D01_S002,38019_D01_S002,Guía de Isora,1,2,34859.0,11250.0,15919.0,14350.0,1.1093379790940767,2023,20230101_38019_D01_S002,5.4,11.5,18.4,3.6,61.1,20220101_38019_D01_S002,163.0,42.0,313.0,506.0,1024.0,982.0,16.59877800407332,31.873727087576373,20220101_38019_D01_S002,117.0,68.0,31.0,0.0,808.0,1024.0,78.90625,9.66796875,baja
2022,20230101_38019_D01_S003,38019_D01_S003,Guía de Isora,1,3,33491.0,12318.0,16936.0,15750.0,1.0753015873015872,2023,20230101_38019_D01_S003,3.3,14.2,17.9,3.2,61.5,20220101_38019_D01_S003,131.0,35.0,168.0,442.0,776.0,741.0,17.67881241565452,22.672064777327936,20220101_38019_D01_S003,45.0,44.0,26.0,0.0,661.0,776.0,85.18041237113403,9.02061855670103,media-baja
2022,20230101_38019_D01_S004,38019_D01_S004,Guía de Isora,1,4,36730.0,12344.0,17302.0,16450.0,1.0517933130699089,2023,20230101_38019_D01_S004,3.3,13.0,12.2,3.1,68.4,20220101_38019_D01_S004,141.0,51.0,265.0,545.0,1002.0,951.0,14.826498422712934,27.86540483701367,20220101_38019_D01_S004,108.0,44.0,22.0,0.0,828.0,1002.0,82.63473053892216,6.586826347305389,media-baja
2022,20230101_38019_D01_S005,38019_D01_S005,Guía de Isora,1,5,32041.0,11211.0,15106.0,14350.0,1.0526829268292683,2023,20230101_38019_D01_S005,3.4,14.0,16.0,3.3,63.3,20220101_38019_D01_S005,170.0,43.0,276.0,572.0,1061.0,1018.0,16.69941060903733,27.111984282907663,20220101_38019_D01_S005,99.0,57.0,18.0,0.0,887.0,1061.0,83.60037700282751,7.0688030160226205,baja
2022,20230101_38019_D01_S007,38019_D01_S007,Guía de Isora,1,7,34793.0,11171.0,15628.0,15050.0,1.038405315614618,2023,20230101_38019_D01_S007,3.7,10.0,17.8,3.9,64.7,20220101_38019_D01_S007,85.0,23.0,192.0,312.0,612.0,589.0,14.431239388794568,32.597623089983024,20220101_38019_D01_S007,83.0,43.0,18.0,0.0,468.0,612.0,76.47058823529412,9.967320261437909,baja
2022,20230101_38019_D01_S008,38019_D01_S008,Guía de Isora,1,8,34156.0,13140.0,17369.0,15050.0,1.1540863787375415,2023,20230101_38019_D01_S008,3.3,18.7,15.6,2.5,59.9,20220101_38019_D01_S008,133.0,45.0,220.0,378.0,776.0,731.0,18.194254445964432,30.095759233926128,20220101_38019_D01_S008,123.0,44.0,17.0,0.0,592.0,776.0,76.28865979381443,7.860824742268041,media-baja
2022,20230101_38019_D01_S009,38019_D01_S009,Guía de Isora,1,9,30955.0,12052.0,15928.0,15050.0,1.0583388704318937,2023,20230101_38019_D01_S009,3.9,11.7,15.4,3.5,65.6,20220101_38019_D01_S009,115.0,54.0,213.0,435.0,817.0,763.0,15.07208387942333,27.916120576671034,20220101_38019_D01_S009,58.0,45.0,23.0,0.0,691.0,817.0,84.57772337821298,8.32313341493268,media-baja
2022,20230101_38019_D01_S010,38019_D01_S010,Guía de Isora,1,10,32357.0,12023.0,16321.0,15050.0,1.084451827242525,2023,20230101_38019_D01_S010,3.7,13.2,16.3,3.2,63.7,20220101_38019_D01_S010,201.0,58.0,289.0,622.0,1170.0,1112.0,18.075539568345324,25.989208633093526,20220101_38019_D01_S010,90.0,58.0,22.0,0.0,1000.0,1170.0,85.47008547008546,6.837606837606837,media-baja
2022,20230101_38019_D01_S011,38019_D01_S011,Guía de Isora,1,11,34176.0,11647.0,16053.0,15050.0,1.0666445182724253,2023,20230101_38019_D01_S011,4.0,10.5,18.0,3.3,64.2,20220101_38019_D01_S011,120.0,37.0,199.0,391.0,747.0,710.0,16.901408450704224,28.028169014084508,20220101_38019_D01_S011,37.0,53.0,32.0,0.0,625.0,747.0,83.66800535475234,11.378848728246318,baja
2022,20230101_38020_D01_S001,38020_D01_S001,Güímar,1,1,41521.0,14995.0,19628.0,17150.0,1.1444897959183673,2023,20230101_38020_D01_S001,3.5,11.2,13.5,2.5,69.3,20220101_38020_D01_S001,143.0,22.0,73.0,254.0,492.0,470.0,30.425531914893618,15.53191489361702,20220101_38020_D01_S001,28.0,25.0,37.0,0.0,402.0,492.0,81.70731707317073,12.601626016260163,media-baja
2022,20230101_38020_D01_S002,38020_D01_S002,Güímar,1,2,37082.0,12777.0,17672.0,15750.0,1.122031746031746,2023,20230101_38020_D01_S002,3.9,9.1,23.3,3.1,60.6,20220101_38020_D01_S002,227.0,34.0,78.0,337.0,676.0,642.0,35.3582554517134,12.149532710280374,20220101_38020_D01_S002,22.0,48.0,50.0,0.0,556.0,676.0,82.24852071005917,14.497041420118343,media-baja
2022,20230101_38020_D01_S003,38020_D01_S003,Güímar,1,3,40493.0,14781.0,19107.0,17150.0,1.1141107871720117,2023,20230101_38020_D01_S003,4.3,9.1,20.8,2.4,63.4,20220101_38020_D01_S003,254.0,42.0,107.0,479.0,882.0,840.0,30.238095238095237,12.738095238095237,20220101_38020_D01_S003,35.0,47.0,57.0,0.0,743.0,882.0,84.24036281179139,11.791383219954648,media-baja
2022,20230101_38020_D01_S004,38020_D01_S004,Güímar,1,4,43290.0,14158.0,19011.0,16450.0,1.1556838905775075,2023,20230101_38020_D01_S004,3.2,11.2,21.0,3.0,61.6,20220101_38020_D01_S004,161.0,27.0,137.0,270.0,595.0,568.0,28.345070422535212,24.119718309859156,20220101_38020_D01_S004,112.0,36.0,35.0,0.0,412.0,595.0,69.24369747899159,11.932773109243698,media-baja
2022,20230101_38020_D01_S005,38020_D01_S005,Güímar,1,5,35169.0,12223.0,16484.0,14350.0,1.1487108013937282,2023,20230101_38020_D01_S005,5.0,3.4,25.8,3.3,62.5,20220101_38020_D01_S005,64.0,12.0,44.0,111.0,231.0,219.0,29.22374429223744,20.091324200913242,20220101_38020_D01_S005,7.0,12.0,21.0,0.0,191.0,231.0,82.68398268398268,14.285714285714286,media-baja
2022,20230101_38020_D01_S006,38020_D01_S006,Güímar,1,6,34634.0,11928.0,16352.0,15050.0,1.0865116279069766,2023,20230101_38020_D01_S006,5.4,6.9,26.2,3.7,57.8,20220101_38020_D01_S006,70.0,17.0,79.0,222.0,388.0,371.0,18.867924528301888,21.29380053908356,20220101_38020_D01_S006,14.0,40.0,25.0,0.0,309.0,388.0,79.63917525773196,16.75257731958763,baja
2022,20230101_38020_D01_S007,38020_D01_S007,Güímar,1,7,35207.0,15102.0,18612.0,16450.0,1.1314285714285715,2023,20230101_38020_D01_S007,3.7,11.2,19.9,2.6,62.7,20220101_38020_D01_S007,344.0,55.0,96.0,579.0,1074.0,1019.0,33.7585868498528,9.421000981354268,20220101_38020_D01_S007,32.0,73.0,53.0,0.0,916.0,1074.0,85.28864059590316,11.731843575418994,media-baja
2022,20230101_38020_D01_S008,38020_D01_S008,Güímar,1,8,34533.0,11570.0,16042.0,15050.0,1.0659136212624585,2023,20230101_38020_D01_S008,5.1,7.5,27.9,3.5,56.0,20220101_38020_D01_S008,80.0,17.0,50.0,200.0,347.0,330.0,24.242424242424242,15.151515151515152,20220101_38020_D01_S008,9.0,34.0,32.0,0.0,272.0,347.0,78.38616714697406,19.020172910662826,baja
2022,20230101_38020_D01_S009,38020_D01_S009,Güímar,1,9,26053.0,9370.0,13133.0,12250.0,1.0720816326530613,2023,20230101_38020_D01_S009,6.5,2.2,28.8,5.1,57.4,20220101_38020_D01_S009,66.0,13.0,98.0,220.0,397.0,384.0,17.1875,25.520833333333332,20220101_38020_D01_S009,28.0,40.0,21.0,0.0,308.0,397.0,77.58186397984886,15.365239294710328,baja
2022,20230101_38020_D01_S010,38020_D01_S010,Güímar,1,10,50951.0,16045.0,21184.0,19250.0,1.1004675324675324,2023,20230101_38020_D01_S010,3.7,10.2,19.5,1.9,64.7,20220101_38020_D01_S010,137.0,25.0,45.0,241.0,448.0,423.0,32.38770685579196,10.638297872340425,20220101_38020_D01_S010,13.0,28.0,33.0,0.0,374.0,448.0,83.48214285714286,13.616071428571429,media-alta
2022,20230101_38020_D01_S011,38020_D01_S011,Güímar,1,11,35861.0,14206.0,18472.0,17150.0,1.0770845481049562,2023,20230101_38020_D01_S011,5.6,7.4,20.1,3.5,63.4,20220101_38020_D01_S011,107.0,20.0,43.0,200.0,370.0,350.0,30.571428571428573,12.285714285714286,20220101_38020_D01_S011,5.0,16.0,30.0,0.0,319.0,370.0,86.21621621621621,12.432432432432432,media-baja
2022,20230101_38020_D01_S012,38020_D01_S012,Güímar,1,12,40147.0,18212.0,21545.0,20650.0,1.0433414043583535,2023,20230101_38020_D01_S012,3.7,9.3,12.1,2.3,72.6,20220101_38020_D01_S012,351.0,42.0,77.0,463.0,933.0,891.0,39.39393939393939,8.641975308641975,20220101_38020_D01_S012,6.0,51.0,57.0,0.0,819.0,933.0,87.78135048231512,11.57556270096463,media-alta
2022,20230101_38020_D02_S001,38020_D02_S001,Güímar,2,1,40396.0,13558.0,18252.0,16450.0,1.1095440729483284,2023,20230101_38020_D02_S001,3.5,7.6,18.6,2.7,67.6,20220101_38020_D02_S001,114.0,17.0,77.0,262.0,470.0,453.0,25.165562913907284,16.997792494481235,20220101_38020_D02_S001,37.0,31.0,33.0,0.0,369.0,470.0,78.51063829787235,13.617021276595745,media-baja
2022,20230101_38020_D02_S002,38020_D02_S002,Güímar,2,2,35369.0,13083.0,17273.0,15050.0,1.1477076411960132,2023,20230101_38020_D02_S002,5.2,9.9,23.8,3.0,58.1,20220101_38020_D02_S002,92.0,15.0,60.0,166.0,333.0,318.0,28.930817610062892,18.867924528301888,20220101_38020_D02_S002,12.0,21.0,30.0,0.0,270.0,333.0,81.08108108108108,15.315315315315315,media-baja
2022,20230101_38020_D03_S001,38020_D03_S001,Güímar,3,1,31861.0,12665.0,16574.0,15050.0,1.1012624584717607,2023,20230101_38020_D03_S001,5.4,8.1,22.0,3.6,61.0,20220101_38020_D03_S001,99.0,19.0,78.0,312.0,508.0,489.0,20.245398773006134,15.950920245398773,20220101_38020_D03_S001,21.0,36.0,28.0,0.0,423.0,508.0,83.26771653543307,12.598425196850394,media-baja
2022,20230101_38020_D03_S002,38020_D03_S002,Güímar,3,2,30321.0,12574.0,16154.0,15050.0,1.0733554817275748,2023,20230101_38020_D03_S002,4.1,8.6,23.1,3.6,60.6,20220101_38020_D03_S002,127.0,25.0,69.0,259.0,480.0,455.0,27.912087912087912,15.164835164835164,20220101_38020_D03_S002,25.0,34.0,35.0,0.0,386.0,480.0,80.41666666666667,14.375,media-baja
2022,20230101_38021_D01_S001,38021_D01_S001,Hermigua,1,1,33814.0,13698.0,18557.0,16450.0,1.1280851063829787,2023,20230101_38021_D01_S001,4.5,12.4,24.3,3.2,55.6,20220101_38021_D01_S001,75.0,10.0,61.0,177.0,323.0,313.0,23.961661341853034,19.488817891373802,20220101_38021_D01_S001,16.0,52.0,6.0,0.0,249.0,323.0,77.08978328173374,17.956656346749227,media-baja
2022,20230101_38021_D02_S001,38021_D02_S001,Hermigua,2,1,34197.0,14187.0,18283.0,16450.0,1.1114285714285714,2023,20230101_38021_D02_S001,3.3,14.1,26.8,2.5,53.2,20220101_38021_D02_S001,114.0,17.0,46.0,188.0,365.0,348.0,32.758620689655174,13.218390804597702,20220101_38021_D02_S001,21.0,45.0,12.0,1.0,286.0,364.0,78.57142857142857,15.659340659340659,media-baja
2022,20230101_38022_D01_S001,38022_D01_S001,Icod de los Vinos,1,1,39179.0,14109.0,18638.0,15050.0,1.238405315614618,2023,20230101_38022_D01_S001,5.1,15.5,28.1,2.5,48.8,20220101_38022_D01_S001,137.0,24.0,71.0,255.0,487.0,463.0,29.58963282937365,15.334773218142548,20220101_38022_D01_S001,20.0,45.0,21.0,1.0,400.0,486.0,82.3045267489712,13.580246913580247,media-baja
2022,20230101_38022_D01_S002,38022_D01_S002,Icod de los Vinos,1,2,34651.0,13371.0,17014.0,15050.0,1.130498338870432,2023,20230101_38022_D01_S002,3.7,19.0,23.8,2.7,50.7,20220101_38022_D01_S002,154.0,23.0,62.0,273.0,512.0,489.0,31.49284253578732,12.678936605316974,20220101_38022_D01_S002,15.0,35.0,21.0,0.0,441.0,512.0,86.1328125,10.9375,media-baja
2022,20230101_38022_D01_S003,38022_D01_S003,Icod de los Vinos,1,3,35556.0,15005.0,18622.0,15750.0,1.1823492063492063,2023,20230101_38022_D01_S003,3.5,20.5,24.6,2.5,49.0,20220101_38022_D01_S003,104.0,11.0,45.0,202.0,362.0,351.0,29.62962962962963,12.820512820512821,20220101_38022_D01_S003,10.0,23.0,13.0,0.0,316.0,362.0,87.29281767955801,9.94475138121547,media-baja
2022,20230101_38022_D01_S004,38022_D01_S004,Icod de los Vinos,1,4,32618.0,13218.0,16952.0,13650.0,1.2419047619047618,2023,20230101_38022_D01_S004,5.9,12.8,24.4,2.9,54.0,20220101_38022_D01_S004,100.0,17.0,37.0,168.0,322.0,305.0,32.78688524590164,12.131147540983607,20220101_38022_D01_S004,12.0,16.0,14.0,0.0,280.0,322.0,86.95652173913044,9.316770186335404,media-baja
2022,20230101_38022_D01_S005,38022_D01_S005,Icod de los Vinos,1,5,33131.0,11953.0,16031.0,12950.0,1.237915057915058,2023,20230101_38022_D01_S005,3.8,15.1,21.6,2.8,56.8,20220101_38022_D01_S005,80.0,15.0,42.0,177.0,314.0,299.0,26.755852842809364,14.046822742474916,20220101_38022_D01_S005,9.0,22.0,12.0,0.0,271.0,314.0,86.30573248407643,10.828025477707007,baja
2022,20230101_38022_D01_S006,38022_D01_S006,Icod de los Vinos,1,6,35514.0,13484.0,17500.0,15750.0,1.1111111111111112,2023,20230101_38022_D01_S006,4.9,12.4,21.6,3.1,58.0,20220101_38022_D01_S006,177.0,19.0,62.0,284.0,542.0,523.0,33.84321223709369,11.854684512428298,20220101_38022_D01_S006,14.0,41.0,33.0,0.0,454.0,542.0,83.76383763837639,13.653136531365314,media-baja
2022,20230101_38022_D02_S001,38022_D02_S001,Icod de los Vinos,2,1,26156.0,9441.0,13378.0,12250.0,1.0920816326530611,2023,20230101_38022_D02_S001,4.4,6.5,23.1,4.6,61.4,20220101_38022_D02_S001,40.0,15.0,166.0,242.0,463.0,448.0,8.928571428571429,37.05357142857143,20220101_38022_D02_S001,61.0,91.0,14.0,1.0,296.0,462.0,64.06926406926407,22.727272727272727,baja
2022,20230101_38022_D02_S002,38022_D02_S002,Icod de los Vinos,2,2,28613.0,10030.0,14360.0,13650.0,1.052014652014652,2023,20230101_38022_D02_S002,5.3,8.8,28.0,4.1,53.7,20220101_38022_D02_S002,78.0,17.0,123.0,254.0,472.0,455.0,17.142857142857142,27.032967032967033,20220101_38022_D02_S002,28.0,70.0,19.0,0.0,355.0,472.0,75.21186440677967,18.85593220338983,baja
2022,20230101_38022_D03_S001,38022_D03_S001,Icod de los Vinos,3,1,30094.0,10765.0,14893.0,13650.0,1.091062271062271,2023,20230101_38022_D03_S001,4.8,9.1,23.2,4.5,58.4,20220101_38022_D03_S001,98.0,25.0,134.0,279.0,536.0,511.0,19.17808219178082,26.223091976516635,20220101_38022_D03_S001,29.0,84.0,31.0,0.0,392.0,536.0,73.13432835820896,21.455223880597014,baja
2022,20230101_38022_D03_S002,38022_D03_S002,Icod de los Vinos,3,2,31217.0,10880.0,15140.0,13650.0,1.1091575091575092,2023,20230101_38022_D03_S002,5.6,10.7,24.7,4.0,55.0,20220101_38022_D03_S002,58.0,16.0,77.0,201.0,352.0,336.0,17.261904761904763,22.916666666666668,20220101_38022_D03_S002,14.0,37.0,23.0,0.0,278.0,352.0,78.97727272727273,17.045454545454547,baja
2022,20230101_38022_D03_S003,38022_D03_S003,Icod de los Vinos,3,3,26334.0,9743.0,13760.0,12950.0,1.0625482625482625,2023,20230101_38022_D03_S003,6.8,7.8,27.9,4.1,53.5,20220101_38022_D03_S003,57.0,21.0,70.0,208.0,356.0,335.0,17.01492537313433,20.895522388059703,20220101_38022_D03_S003,26.0,39.0,25.0,0.0,266.0,356.0,74.71910112359551,17.97752808988764,baja
2022,20230101_38022_D03_S004,38022_D03_S004,Icod de los Vinos,3,4,29308.0,10653.0,14522.0,13650.0,1.0638827838827838,2023,20230101_38022_D03_S004,4.4,9.2,27.1,4.6,54.6,20220101_38022_D03_S004,85.0,18.0,68.0,262.0,433.0,415.0,20.481927710843372,16.3855421686747,20220101_38022_D03_S004,24.0,63.0,30.0,0.0,316.0,433.0,72.97921478060046,21.478060046189377,baja
2022,20230101_38022_D04_S001,38022_D04_S001,Icod de los Vinos,4,1,33799.0,11045.0,15552.0,13650.0,1.1393406593406594,2023,20230101_38022_D04_S001,4.6,12.2,24.7,4.2,54.4,20220101_38022_D04_S001,62.0,15.0,72.0,227.0,376.0,361.0,17.174515235457065,19.94459833795014,20220101_38022_D04_S001,26.0,37.0,23.0,0.0,290.0,376.0,77.12765957446808,15.957446808510639,baja
2022,20230101_38022_D04_S002,38022_D04_S002,Icod de los Vinos,4,2,31994.0,11689.0,15909.0,15050.0,1.0570764119601328,2023,20230101_38022_D04_S002,5.0,11.5,19.8,3.9,59.8,20220101_38022_D04_S002,140.0,26.0,106.0,367.0,639.0,613.0,22.838499184339316,17.29200652528548,20220101_38022_D04_S002,33.0,48.0,41.0,0.0,517.0,639.0,80.9076682316119,13.928012519561815,baja
2022,20230101_38022_D04_S003,38022_D04_S003,Icod de los Vinos,4,3,29032.0,10313.0,14155.0,12950.0,1.093050193050193,2023,20230101_38022_D04_S003,6.3,10.7,18.0,4.3,60.7,20220101_38022_D04_S003,111.0,32.0,115.0,391.0,649.0,617.0,17.990275526742302,18.638573743922205,20220101_38022_D04_S003,34.0,79.0,42.0,2.0,492.0,647.0,76.04327666151468,18.701700154559507,baja
2022,20230101_38022_D04_S004,38022_D04_S004,Icod de los Vinos,4,4,32808.0,11366.0,15792.0,15050.0,1.0493023255813954,2023,20230101_38022_D04_S004,4.0,10.2,22.0,3.6,60.2,20220101_38022_D04_S004,85.0,13.0,55.0,225.0,378.0,365.0,23.28767123287671,15.068493150684931,20220101_38022_D04_S004,15.0,42.0,14.0,0.0,307.0,378.0,81.21693121693121,14.814814814814815,baja
2022,20230101_38022_D05_S001,38022_D05_S001,Icod de los Vinos,5,1,23537.0,11027.0,14247.0,12250.0,1.1630204081632654,2023,20230101_38022_D05_S001,6.1,12.6,25.7,3.8,51.8,20220101_38022_D05_S001,62.0,5.0,46.0,141.0,254.0,249.0,24.899598393574298,18.473895582329316,20220101_38022_D05_S001,12.0,28.0,14.0,0.0,200.0,254.0,78.74015748031496,16.53543307086614,baja
2022,20230101_38022_D05_S002,38022_D05_S002,Icod de los Vinos,5,2,31775.0,10960.0,15045.0,13650.0,1.1021978021978023,2023,20230101_38022_D05_S002,5.5,10.8,18.0,3.4,62.3,20220101_38022_D05_S002,199.0,26.0,128.0,502.0,855.0,829.0,24.004825090470447,15.440289505428227,20220101_38022_D05_S002,38.0,81.0,37.0,0.0,699.0,855.0,81.75438596491227,13.801169590643275,baja
2022,20230101_38023_D01_S001,38023_D01_S001,San Cristóbal de La Laguna,1,1,61184.0,23253.0,27892.0,25550.0,1.0916634050880627,2023,20230101_38023_D01_S001,3.1,23.8,20.0,1.1,52.1,20220101_38023_D01_S001,231.0,22.0,13.0,127.0,393.0,371.0,62.264150943396224,3.504043126684636,20220101_38023_D01_S001,3.0,18.0,24.0,0.0,348.0,393.0,88.54961832061069,10.687022900763358,alta
2022,20230101_38023_D01_S002,38023_D01_S002,San Cristóbal de La Laguna,1,2,33392.0,15926.0,19071.0,16450.0,1.1593313069908815,2023,20230101_38023_D01_S002,3.8,8.8,25.1,2.4,59.9,20220101_38023_D01_S002,223.0,28.0,49.0,235.0,535.0,507.0,43.98422090729783,9.664694280078896,20220101_38023_D01_S002,2.0,23.0,17.0,1.0,492.0,534.0,92.13483146067416,7.49063670411985,media-baja
2022,20230101_38023_D01_S003,38023_D01_S003,San Cristóbal de La Laguna,1,3,43755.0,17454.0,21696.0,19950.0,1.087518796992481,2023,20230101_38023_D01_S003,3.6,10.4,18.1,1.9,66.1,20220101_38023_D01_S003,355.0,43.0,48.0,305.0,751.0,708.0,50.14124293785311,6.779661016949152,20220101_38023_D01_S003,3.0,36.0,37.0,0.0,675.0,751.0,89.88015978695073,9.720372836218376,media-alta
2022,20230101_38023_D01_S004,38023_D01_S004,San Cristóbal de La Laguna,1,4,30780.0,10971.0,14969.0,12950.0,1.155907335907336,2023,20230101_38023_D01_S004,6.3,5.8,32.4,3.4,52.0,20220101_38023_D01_S004,69.0,14.0,44.0,162.0,289.0,275.0,25.09090909090909,16.0,20220101_38023_D01_S004,5.0,21.0,15.0,0.0,248.0,289.0,85.81314878892734,12.456747404844291,baja
2022,20230101_38023_D01_S005,38023_D01_S005,San Cristóbal de La Laguna,1,5,54724.0,20250.0,25103.0,20650.0,1.2156416464891042,2023,20230101_38023_D01_S005,3.4,15.6,16.7,1.5,62.7,20220101_38023_D01_S005,300.0,26.0,47.0,236.0,609.0,583.0,51.45797598627787,8.061749571183533,20220101_38023_D01_S005,4.0,20.0,32.0,0.0,553.0,609.0,90.80459770114942,8.538587848932677,alta
2022,20230101_38023_D01_S006,38023_D01_S006,San Cristóbal de La Laguna,1,6,47197.0,17510.0,22023.0,20650.0,1.0664891041162228,2023,20230101_38023_D01_S006,4.5,9.4,18.7,1.8,65.6,20220101_38023_D01_S006,261.0,38.0,60.0,354.0,713.0,675.0,38.666666666666664,8.88888888888889,20220101_38023_D01_S006,9.0,44.0,34.0,0.0,626.0,713.0,87.79803646563815,10.93969144460028,media-alta
2022,20230101_38023_D01_S007,38023_D01_S007,San Cristóbal de La Laguna,1,7,41738.0,17007.0,20860.0,18550.0,1.1245283018867924,2023,20230101_38023_D01_S007,3.7,10.8,14.9,2.0,68.7,20220101_38023_D01_S007,348.0,39.0,48.0,354.0,789.0,750.0,46.4,6.4,20220101_38023_D01_S007,6.0,46.0,27.0,0.0,710.0,789.0,89.9873257287706,9.252217997465145,media-alta
2022,20230101_38023_D01_S008,38023_D01_S008,San Cristóbal de La Laguna,1,8,40359.0,16144.0,19714.0,17150.0,1.1495043731778425,2023,20230101_38023_D01_S008,4.7,13.3,21.1,1.8,59.1,20220101_38023_D01_S008,210.0,34.0,33.0,187.0,464.0,430.0,48.83720930232558,7.674418604651163,20220101_38023_D01_S008,5.0,14.0,19.0,0.0,426.0,464.0,91.8103448275862,7.112068965517241,media-alta
2022,20230101_38023_D01_S009,38023_D01_S009,San Cristóbal de La Laguna,1,9,50392.0,16866.0,21802.0,19950.0,1.0928320802005012,2023,20230101_38023_D01_S009,4.1,12.5,18.2,2.1,63.1,20220101_38023_D01_S009,207.0,28.0,33.0,215.0,483.0,455.0,45.494505494505496,7.252747252747253,20220101_38023_D01_S009,3.0,25.0,31.0,0.0,424.0,483.0,87.78467908902691,11.594202898550725,media-alta
2022,20230101_38023_D01_S010,38023_D01_S010,San Cristóbal de La Laguna,1,10,54651.0,18350.0,23324.0,22050.0,1.0577777777777777,2023,20230101_38023_D01_S010,3.3,7.5,20.1,1.5,67.6,20220101_38023_D01_S010,282.0,29.0,52.0,280.0,643.0,614.0,45.928338762214985,8.469055374592834,20220101_38023_D01_S010,5.0,35.0,28.0,0.0,575.0,643.0,89.42457231726283,9.797822706065318,media-alta
2022,20230101_38023_D01_S011,38023_D01_S011,San Cristóbal de La Laguna,1,11,39342.0,15070.0,18822.0,16450.0,1.1441945288753799,2023,20230101_38023_D01_S011,3.9,8.8,22.6,2.3,62.4,20220101_38023_D01_S011,125.0,13.0,18.0,111.0,267.0,254.0,49.21259842519685,7.086614173228346,20220101_38023_D01_S011,2.0,18.0,3.0,0.0,244.0,267.0,91.38576779026218,7.865168539325842,media-baja
2022,20230101_38023_D01_S012,38023_D01_S012,San Cristóbal de La Laguna,1,12,28842.0,14089.0,17261.0,15050.0,1.1469102990033222,2023,20230101_38023_D01_S012,4.2,5.4,22.7,3.2,64.5,20220101_38023_D01_S012,167.0,26.0,54.0,250.0,497.0,471.0,35.45647558386412,11.464968152866241,20220101_38023_D01_S012,1.0,23.0,22.0,0.0,451.0,497.0,90.74446680080483,9.054325955734406,media-baja
2022,20230101_38023_D01_S013,38023_D01_S013,San Cristóbal de La Laguna,1,13,58644.0,22685.0,26812.0,23450.0,1.143368869936034,2023,20230101_38023_D01_S013,3.4,14.7,22.8,1.1,58.0,20220101_38023_D01_S013,259.0,25.0,24.0,149.0,457.0,432.0,59.9537037037037,5.555555555555555,20220101_38023_D01_S013,2.0,16.0,10.0,0.0,429.0,457.0,93.87308533916848,5.689277899343545,alta
2022,20230101_38023_D01_S014,38023_D01_S014,San Cristóbal de La Laguna,1,14,67974.0,21815.0,27523.0,22050.0,1.2482086167800452,2023,20230101_38023_D01_S014,2.9,17.0,14.0,1.7,64.4,20220101_38023_D01_S014,240.0,33.0,27.0,114.0,414.0,381.0,62.99212598425197,7.086614173228346,20220101_38023_D01_S014,3.0,19.0,25.0,0.0,367.0,414.0,88.64734299516908,10.628019323671497,alta
2022,20230101_38023_D01_S015,38023_D01_S015,San Cristóbal de La Laguna,1,15,92168.0,29923.0,35989.0,32550.0,1.105652841781874,2023,20230101_38023_D01_S015,2.2,24.8,21.0,0.7,51.3,20220101_38023_D01_S015,377.0,23.0,18.0,121.0,539.0,516.0,73.06201550387597,3.488372093023256,20220101_38023_D01_S015,2.0,16.0,23.0,0.0,498.0,539.0,92.39332096474953,7.2356215213358075,alta
2022,20230101_38023_D01_S016,38023_D01_S016,San Cristóbal de La Laguna,1,16,58915.0,23683.0,27768.0,24850.0,1.117424547283702,2023,20230101_38023_D01_S016,2.6,18.5,21.5,1.1,56.3,20220101_38023_D01_S016,449.0,29.0,33.0,228.0,739.0,710.0,63.23943661971831,4.647887323943662,20220101_38023_D01_S016,4.0,19.0,18.0,0.0,698.0,739.0,94.45196211096076,5.006765899864682,alta
2022,20230101_38023_D01_S017,38023_D01_S017,San Cristóbal de La Laguna,1,17,49170.0,21603.0,25163.0,24150.0,1.0419461697722567,2023,20230101_38023_D01_S017,2.5,12.5,18.6,1.5,64.9,20220101_38023_D01_S017,364.0,39.0,22.0,212.0,637.0,598.0,60.869565217391305,3.678929765886288,20220101_38023_D01_S017,2.0,27.0,20.0,0.0,588.0,637.0,92.3076923076923,7.378335949764521,alta
2022,20230101_38023_D01_S018,38023_D01_S018,San Cristóbal de La Laguna,1,18,34065.0,12768.0,16988.0,15050.0,1.1287707641196014,2023,20230101_38023_D01_S018,5.1,6.8,28.2,2.5,57.5,20220101_38023_D01_S018,120.0,25.0,69.0,235.0,449.0,424.0,28.30188679245283,16.27358490566038,20220101_38023_D01_S018,3.0,27.0,26.0,0.0,393.0,449.0,87.52783964365256,11.804008908685969,media-baja
2022,20230101_38023_D01_S019,38023_D01_S019,San Cristóbal de La Laguna,1,19,50179.0,22224.0,26004.0,23800.0,1.0926050420168067,2023,20230101_38023_D01_S019,3.3,19.5,17.8,1.2,58.1,20220101_38023_D01_S019,229.0,22.0,9.0,119.0,379.0,357.0,64.14565826330532,2.5210084033613445,20220101_38023_D01_S019,4.0,11.0,13.0,0.0,351.0,379.0,92.61213720316623,6.332453825857519,alta
2022,20230101_38023_D01_S020,38023_D01_S020,San Cristóbal de La Laguna,1,20,44894.0,20624.0,24010.0,21350.0,1.1245901639344262,2023,20230101_38023_D01_S020,3.7,15.0,25.4,1.1,54.7,20220101_38023_D01_S020,219.0,16.0,25.0,143.0,403.0,387.0,56.58914728682171,6.459948320413437,20220101_38023_D01_S020,4.0,13.0,10.0,1.0,375.0,402.0,93.28358208955224,5.721393034825871,alta
2022,20230101_38023_D01_S021,38023_D01_S021,San Cristóbal de La Laguna,1,21,45360.0,19398.0,23105.0,21350.0,1.0822014051522248,2023,20230101_38023_D01_S021,3.2,11.3,21.6,1.8,62.1,20220101_38023_D01_S021,378.0,33.0,32.0,233.0,676.0,643.0,58.78693623639191,4.976671850699844,20220101_38023_D01_S021,6.0,16.0,27.0,0.0,627.0,676.0,92.75147928994083,6.3609467455621305,media-alta
2022,20230101_38023_D01_S022,38023_D01_S022,San Cristóbal de La Laguna,1,22,37681.0,15131.0,19111.0,17150.0,1.1143440233236153,2023,20230101_38023_D01_S022,4.4,7.4,25.5,2.3,60.5,20220101_38023_D01_S022,237.0,20.0,34.0,211.0,502.0,482.0,49.170124481327804,7.053941908713693,20220101_38023_D01_S022,0.0,17.0,24.0,0.0,461.0,502.0,91.83266932270917,8.167330677290837,media-baja
2022,20230101_38023_D01_S023,38023_D01_S023,San Cristóbal de La Laguna,1,23,39675.0,19466.0,22359.0,20650.0,1.0827602905569007,2023,20230101_38023_D01_S023,3.4,12.1,17.4,1.9,65.2,20220101_38023_D01_S023,511.0,45.0,49.0,374.0,979.0,934.0,54.71092077087794,5.2462526766595285,20220101_38023_D01_S023,6.0,36.0,39.0,0.0,898.0,979.0,91.72625127681307,7.6608784473953015,media-alta
2022,20230101_38023_D01_S024,38023_D01_S024,San Cristóbal de La Laguna,1,24,29560.0,11017.0,14950.0,14350.0,1.0418118466898956,2023,20230101_38023_D01_S024,7.7,4.8,34.8,3.4,49.3,20220101_38023_D01_S024,81.0,12.0,67.0,153.0,313.0,301.0,26.910299003322258,22.259136212624586,20220101_38023_D01_S024,2.0,15.0,12.0,0.0,284.0,313.0,90.73482428115015,8.626198083067093,baja
2022,20230101_38023_D01_S025,38023_D01_S025,San Cristóbal de La Laguna,1,25,43031.0,14715.0,19263.0,17150.0,1.1232069970845482,2023,20230101_38023_D01_S025,3.4,10.4,19.8,2.6,63.7,20220101_38023_D01_S025,241.0,35.0,75.0,357.0,708.0,673.0,35.809806835066865,11.144130757800891,20220101_38023_D01_S025,7.0,53.0,41.0,0.0,607.0,708.0,85.73446327683615,13.27683615819209,media-baja
2022,20230101_38023_D01_S026,38023_D01_S026,San Cristóbal de La Laguna,1,26,55084.0,23594.0,27299.0,24150.0,1.1303933747412007,2023,20230101_38023_D01_S026,3.3,18.8,23.8,1.1,53.0,20220101_38023_D01_S026,306.0,19.0,26.0,161.0,512.0,493.0,62.06896551724138,5.273833671399594,20220101_38023_D01_S026,1.0,13.0,17.0,1.0,480.0,511.0,93.9334637964775,5.870841487279844,alta
2022,20230101_38023_D01_S027,38023_D01_S027,San Cristóbal de La Laguna,1,27,37913.0,14973.0,18733.0,16450.0,1.1387841945288755,2023,20230101_38023_D01_S027,3.7,5.5,14.9,3.3,72.7,20220101_38023_D01_S027,170.0,29.0,56.0,279.0,534.0,505.0,33.663366336633665,11.089108910891088,20220101_38023_D01_S027,5.0,29.0,32.0,0.0,468.0,534.0,87.64044943820225,11.423220973782772,media-baja
2022,20230101_38023_D01_S028,38023_D01_S028,San Cristóbal de La Laguna,1,28,51551.0,20715.0,24549.0,23450.0,1.046865671641791,2023,20230101_38023_D01_S028,2.5,9.9,14.6,1.2,71.8,20220101_38023_D01_S028,483.0,45.0,35.0,324.0,887.0,842.0,57.36342042755344,4.156769596199525,20220101_38023_D01_S028,5.0,31.0,44.0,0.0,807.0,887.0,90.98083427282977,8.455467869222097,alta
2022,20230101_38023_D01_S029,38023_D01_S029,San Cristóbal de La Laguna,1,29,55566.0,22624.0,27003.0,24850.0,1.0866398390342051,2023,20230101_38023_D01_S029,2.3,13.8,25.3,0.8,57.8,20220101_38023_D01_S029,249.0,21.0,25.0,136.0,431.0,410.0,60.73170731707317,6.097560975609756,20220101_38023_D01_S029,5.0,14.0,10.0,0.0,402.0,431.0,93.27146171693735,5.568445475638051,alta
2022,20230101_38023_D01_S030,38023_D01_S030,San Cristóbal de La Laguna,1,30,91610.0,28196.0,34176.0,29750.0,1.1487731092436975,2023,20230101_38023_D01_S030,1.8,24.3,17.3,0.7,56.0,20220101_38023_D01_S030,488.0,44.0,27.0,238.0,797.0,753.0,64.8074369189907,3.585657370517928,20220101_38023_D01_S030,11.0,33.0,30.0,0.0,723.0,797.0,90.71518193224593,7.904642409033877,alta
2022,20230101_38023_D01_S031,38023_D01_S031,San Cristóbal de La Laguna,1,31,77192.0,26226.0,32098.0,29750.0,1.0789243697478992,2023,20230101_38023_D01_S031,2.9,20.5,20.7,1.0,55.0,20220101_38023_D01_S031,485.0,33.0,22.0,150.0,690.0,657.0,73.82039573820396,3.34855403348554,20220101_38023_D01_S031,4.0,18.0,17.0,0.0,651.0,690.0,94.34782608695652,5.072463768115942,alta
2022,20230101_38023_D01_S032,38023_D01_S032,San Cristóbal de La Laguna,1,32,30461.0,11886.0,15482.0,13650.0,1.1342124542124543,2023,20230101_38023_D01_S032,7.5,4.6,15.8,3.9,68.3,20220101_38023_D01_S032,135.0,29.0,66.0,260.0,490.0,461.0,29.284164859002168,14.316702819956616,20220101_38023_D01_S032,5.0,27.0,26.0,0.0,432.0,490.0,88.16326530612245,10.816326530612244,baja
2022,20230101_38023_D01_S033,38023_D01_S033,San Cristóbal de La Laguna,1,33,52222.0,19397.0,24149.0,20650.0,1.1694430992736078,2023,20230101_38023_D01_S033,4.1,13.0,18.8,1.6,62.5,20220101_38023_D01_S033,167.0,13.0,31.0,160.0,371.0,358.0,46.64804469273743,8.659217877094973,20220101_38023_D01_S033,2.0,18.0,20.0,0.0,331.0,371.0,89.21832884097034,10.242587601078167,media-alta
2022,20230101_38023_D02_S001,38023_D02_S001,San Cristóbal de La Laguna,2,1,29798.0,11332.0,14661.0,12250.0,1.1968163265306122,2023,20230101_38023_D02_S001,5.2,5.1,22.9,4.6,62.2,20220101_38023_D02_S001,134.0,24.0,67.0,233.0,458.0,434.0,30.87557603686636,15.43778801843318,20220101_38023_D02_S001,0.0,23.0,18.0,0.0,417.0,458.0,91.04803493449782,8.951965065502183,baja
2022,20230101_38023_D02_S002,38023_D02_S002,San Cristóbal de La Laguna,2,2,28006.0,10991.0,14321.0,12950.0,1.1058687258687259,2023,20230101_38023_D02_S002,5.5,7.2,24.8,3.2,59.3,20220101_38023_D02_S002,87.0,14.0,48.0,219.0,368.0,354.0,24.576271186440678,13.559322033898304,20220101_38023_D02_S002,7.0,20.0,8.0,0.0,333.0,368.0,90.48913043478261,7.608695652173913,baja
2022,20230101_38023_D02_S003,38023_D02_S003,San Cristóbal de La Laguna,2,3,39365.0,15788.0,19668.0,18550.0,1.0602695417789758,2023,20230101_38023_D02_S003,3.8,8.5,11.7,2.3,73.7,20220101_38023_D02_S003,137.0,24.0,36.0,216.0,413.0,389.0,35.2185089974293,9.254498714652957,20220101_38023_D02_S003,2.0,16.0,23.0,0.0,372.0,413.0,90.0726392251816,9.443099273607748,media-baja
2022,20230101_38023_D02_S004,38023_D02_S004,San Cristóbal de La Laguna,2,4,32894.0,12530.0,16010.0,14350.0,1.1156794425087109,2023,20230101_38023_D02_S004,4.5,6.6,20.4,3.2,65.2,20220101_38023_D02_S004,139.0,21.0,46.0,253.0,459.0,438.0,31.735159817351597,10.502283105022832,20220101_38023_D02_S004,5.0,22.0,19.0,0.0,413.0,459.0,89.97821350762527,8.932461873638344,media-baja
2022,20230101_38023_D02_S005,38023_D02_S005,San Cristóbal de La Laguna,2,5,35646.0,14183.0,17911.0,15750.0,1.137206349206349,2023,20230101_38023_D02_S005,4.0,7.4,21.5,2.9,64.2,20220101_38023_D02_S005,197.0,29.0,57.0,307.0,590.0,561.0,35.115864527629235,10.16042780748663,20220101_38023_D02_S005,3.0,36.0,37.0,0.0,514.0,590.0,87.11864406779661,12.372881355932204,media-baja
2022,20230101_38023_D02_S006,38023_D02_S006,San Cristóbal de La Laguna,2,6,41083.0,15574.0,19982.0,17150.0,1.165131195335277,2023,20230101_38023_D02_S006,3.8,13.9,20.2,2.4,59.8,20220101_38023_D02_S006,99.0,22.0,91.0,287.0,499.0,477.0,20.754716981132077,19.07756813417191,20220101_38023_D02_S006,7.0,32.0,23.0,0.0,437.0,499.0,87.57515030060121,11.022044088176353,media-baja
2022,20230101_38023_D02_S007,38023_D02_S007,San Cristóbal de La Laguna,2,7,31835.0,12383.0,16040.0,15050.0,1.06578073089701,2023,20230101_38023_D02_S007,4.0,7.6,17.9,3.5,67.0,20220101_38023_D02_S007,200.0,36.0,86.0,372.0,694.0,658.0,30.3951367781155,13.069908814589665,20220101_38023_D02_S007,5.0,36.0,25.0,0.0,628.0,694.0,90.48991354466858,8.789625360230547,media-baja
2022,20230101_38023_D02_S008,38023_D02_S008,San Cristóbal de La Laguna,2,8,28300.0,10560.0,14117.0,12250.0,1.152408163265306,2023,20230101_38023_D02_S008,5.6,5.5,20.1,5.0,63.8,20220101_38023_D02_S008,87.0,23.0,52.0,256.0,418.0,395.0,22.025316455696203,13.164556962025317,20220101_38023_D02_S008,8.0,21.0,23.0,0.0,366.0,418.0,87.5598086124402,10.526315789473685,baja
2022,20230101_38023_D02_S009,38023_D02_S009,San Cristóbal de La Laguna,2,9,30521.0,11787.0,15630.0,14350.0,1.0891986062717771,2023,20230101_38023_D02_S009,5.7,4.6,22.1,4.3,63.4,20220101_38023_D02_S009,124.0,28.0,87.0,366.0,605.0,577.0,21.49046793760832,15.077989601386482,20220101_38023_D02_S009,2.0,24.0,28.0,0.0,551.0,605.0,91.07438016528926,8.59504132231405,baja
2022,20230101_38023_D02_S010,38023_D02_S010,San Cristóbal de La Laguna,2,10,28712.0,10752.0,14365.0,12950.0,1.1092664092664093,2023,20230101_38023_D02_S010,6.5,5.6,23.1,3.9,60.8,20220101_38023_D02_S010,211.0,37.0,117.0,536.0,901.0,864.0,24.421296296296298,13.541666666666666,20220101_38023_D02_S010,9.0,53.0,47.0,0.0,792.0,901.0,87.90233074361821,11.098779134295228,baja
2022,20230101_38023_D02_S011,38023_D02_S011,San Cristóbal de La Laguna,2,11,51815.0,18602.0,23624.0,20650.0,1.1440193704600485,2023,20230101_38023_D02_S011,3.7,12.7,20.7,1.6,61.3,20220101_38023_D02_S011,282.0,35.0,40.0,192.0,549.0,514.0,54.86381322957198,7.782101167315175,20220101_38023_D02_S011,1.0,17.0,21.0,0.0,510.0,549.0,92.89617486338798,6.9216757741347905,media-alta
2022,20230101_38023_D02_S012,38023_D02_S012,San Cristóbal de La Laguna,2,12,39711.0,16088.0,19939.0,18550.0,1.074878706199461,2023,20230101_38023_D02_S012,5.3,10.1,14.3,2.1,68.3,20220101_38023_D02_S012,320.0,27.0,36.0,311.0,694.0,667.0,47.976011994002995,5.397301349325337,20220101_38023_D02_S012,4.0,30.0,20.0,0.0,640.0,694.0,92.21902017291066,7.204610951008646,media-alta
2022,20230101_38023_D02_S013,38023_D02_S013,San Cristóbal de La Laguna,2,13,34082.0,12162.0,16331.0,15750.0,1.036888888888889,2023,20230101_38023_D02_S013,5.1,9.4,17.2,3.1,65.2,20220101_38023_D02_S013,208.0,36.0,98.0,422.0,764.0,728.0,28.571428571428573,13.461538461538462,20220101_38023_D02_S013,3.0,55.0,52.0,0.0,654.0,764.0,85.6020942408377,14.00523560209424,media-baja
2022,20230101_38023_D02_S014,38023_D02_S014,San Cristóbal de La Laguna,2,14,40890.0,14940.0,19589.0,17850.0,1.0974229691876751,2023,20230101_38023_D02_S014,4.5,10.2,21.8,2.6,60.9,20220101_38023_D02_S014,166.0,32.0,82.0,353.0,633.0,601.0,27.62063227953411,13.643926788685524,20220101_38023_D02_S014,7.0,51.0,36.0,0.0,539.0,633.0,85.15007898894154,13.744075829383887,media-baja
2022,20230101_38023_D02_S015,38023_D02_S015,San Cristóbal de La Laguna,2,15,30958.0,11634.0,15154.0,14350.0,1.05602787456446,2023,20230101_38023_D02_S015,4.8,7.4,16.0,3.0,68.8,20220101_38023_D02_S015,130.0,31.0,102.0,314.0,577.0,546.0,23.80952380952381,18.681318681318682,20220101_38023_D02_S015,8.0,29.0,23.0,0.0,517.0,577.0,89.60138648180242,9.01213171577123,baja
2022,20230101_38023_D02_S016,38023_D02_S016,San Cristóbal de La Laguna,2,16,28349.0,10072.0,13442.0,12250.0,1.0973061224489795,2023,20230101_38023_D02_S016,5.5,7.2,23.1,3.6,60.7,20220101_38023_D02_S016,648.0,77.0,111.0,748.0,1584.0,1507.0,42.99933642999336,7.36562707365627,20220101_38023_D02_S016,6.0,71.0,71.0,0.0,1436.0,1584.0,90.65656565656566,8.964646464646465,baja
2022,20230101_38023_D02_S017,38023_D02_S017,San Cristóbal de La Laguna,2,17,32618.0,12612.0,16311.0,15050.0,1.0837873754152825,2023,20230101_38023_D02_S017,5.0,7.8,19.0,3.9,64.4,20220101_38023_D02_S017,204.0,37.0,101.0,463.0,805.0,768.0,26.5625,13.151041666666666,20220101_38023_D02_S017,2.0,36.0,41.0,0.0,726.0,805.0,90.1863354037267,9.565217391304348,media-baja
2022,20230101_38023_D02_S018,38023_D02_S018,San Cristóbal de La Laguna,2,18,30523.0,11353.0,15006.0,12950.0,1.1587644787644789,2023,20230101_38023_D02_S018,6.9,6.3,19.5,3.0,64.4,20220101_38023_D02_S018,139.0,30.0,79.0,296.0,544.0,514.0,27.042801556420233,15.369649805447471,20220101_38023_D02_S018,2.0,31.0,26.0,0.0,485.0,544.0,89.15441176470588,10.477941176470589,baja
2022,20230101_38023_D02_S019,38023_D02_S019,San Cristóbal de La Laguna,2,19,33137.0,13778.0,17139.0,15050.0,1.1388039867109634,2023,20230101_38023_D02_S019,4.3,7.9,19.0,2.9,66.0,20220101_38023_D02_S019,179.0,19.0,73.0,294.0,565.0,546.0,32.78388278388278,13.36996336996337,20220101_38023_D02_S019,3.0,31.0,20.0,0.0,511.0,565.0,90.4424778761062,9.026548672566372,media-baja
2022,20230101_38023_D02_S020,38023_D02_S020,San Cristóbal de La Laguna,2,20,32023.0,11813.0,15594.0,14350.0,1.0866898954703832,2023,20230101_38023_D02_S020,4.7,6.6,20.8,3.5,64.4,20220101_38023_D02_S020,107.0,13.0,46.0,214.0,380.0,367.0,29.155313351498638,12.534059945504087,20220101_38023_D02_S020,4.0,25.0,21.0,0.0,330.0,380.0,86.84210526315789,12.105263157894736,baja
2022,20230101_38023_D02_S021,38023_D02_S021,San Cristóbal de La Laguna,2,21,55358.0,20015.0,24418.0,23450.0,1.0412793176972281,2023,20230101_38023_D02_S021,2.6,8.7,13.6,1.7,73.5,20220101_38023_D02_S021,443.0,44.0,41.0,346.0,874.0,830.0,53.373493975903614,4.9397590361445785,20220101_38023_D02_S021,5.0,27.0,37.0,0.0,805.0,874.0,92.10526315789474,7.322654462242563,alta
2022,20230101_38023_D02_S022,38023_D02_S022,San Cristóbal de La Laguna,2,22,33690.0,13742.0,17382.0,15050.0,1.1549501661129569,2023,20230101_38023_D02_S022,5.7,7.1,20.7,2.5,64.0,20220101_38023_D02_S022,192.0,30.0,78.0,277.0,577.0,547.0,35.10054844606947,14.259597806215723,20220101_38023_D02_S022,5.0,27.0,24.0,0.0,521.0,577.0,90.2946273830156,8.838821490467938,media-baja
2022,20230101_38023_D02_S023,38023_D02_S023,San Cristóbal de La Laguna,2,23,40111.0,15628.0,19692.0,17150.0,1.1482215743440234,2023,20230101_38023_D02_S023,4.3,10.3,18.5,2.3,64.7,20220101_38023_D02_S023,233.0,28.0,65.0,302.0,628.0,600.0,38.833333333333336,10.833333333333334,20220101_38023_D02_S023,3.0,34.0,32.0,0.0,559.0,628.0,89.01273885350318,10.509554140127388,media-baja
2022,20230101_38023_D02_S024,38023_D02_S024,San Cristóbal de La Laguna,2,24,34294.0,12597.0,16540.0,15050.0,1.0990033222591362,2023,20230101_38023_D02_S024,3.9,7.4,18.5,3.4,66.8,20220101_38023_D02_S024,93.0,10.0,42.0,188.0,333.0,323.0,28.792569659442723,13.003095975232197,20220101_38023_D02_S024,1.0,22.0,34.0,0.0,276.0,333.0,82.88288288288288,16.816816816816818,media-baja
2022,20230101_38023_D03_S001,38023_D03_S001,San Cristóbal de La Laguna,3,1,28921.0,10928.0,14451.0,12950.0,1.115907335907336,2023,20230101_38023_D03_S001,6.0,7.2,23.9,3.6,59.3,20220101_38023_D03_S001,70.0,14.0,62.0,181.0,327.0,313.0,22.364217252396166,19.808306709265175,20220101_38023_D03_S001,4.0,24.0,17.0,0.0,282.0,327.0,86.23853211009174,12.53822629969419,baja
2022,20230101_38023_D03_S002,38023_D03_S002,San Cristóbal de La Laguna,3,2,46641.0,17192.0,21480.0,19950.0,1.0766917293233083,2023,20230101_38023_D03_S002,3.7,9.6,17.8,1.4,67.5,20220101_38023_D03_S002,248.0,23.0,69.0,254.0,594.0,571.0,43.43257443082312,12.084063047285465,20220101_38023_D03_S002,0.0,28.0,42.0,0.0,524.0,594.0,88.21548821548822,11.784511784511784,media-alta
2022,20230101_38023_D03_S003,38023_D03_S003,San Cristóbal de La Laguna,3,3,47454.0,17753.0,22397.0,21350.0,1.04903981264637,2023,20230101_38023_D03_S003,3.0,8.9,14.8,1.7,71.7,20220101_38023_D03_S003,355.0,27.0,27.0,238.0,647.0,620.0,57.25806451612903,4.354838709677419,20220101_38023_D03_S003,3.0,26.0,30.0,0.0,588.0,647.0,90.88098918083462,8.65533230293663,media-alta
2022,20230101_38023_D03_S004,38023_D03_S004,San Cristóbal de La Laguna,3,4,29380.0,10543.0,14499.0,13650.0,1.0621978021978022,2023,20230101_38023_D03_S004,6.6,4.9,23.2,4.5,60.9,20220101_38023_D03_S004,124.0,26.0,165.0,528.0,843.0,817.0,15.177478580171359,20.195838433292533,20220101_38023_D03_S004,5.0,78.0,55.0,0.0,705.0,843.0,83.62989323843416,15.776986951364176,baja
2022,20230101_38023_D03_S005,38023_D03_S005,San Cristóbal de La Laguna,3,5,27946.0,10998.0,14323.0,12950.0,1.106023166023166,2023,20230101_38023_D03_S005,6.0,4.6,16.8,3.9,68.6,20220101_38023_D03_S005,129.0,37.0,113.0,386.0,665.0,628.0,20.54140127388535,17.993630573248407,20220101_38023_D03_S005,7.0,48.0,36.0,0.0,574.0,665.0,86.3157894736842,12.631578947368421,baja
2022,20230101_38023_D03_S006,38023_D03_S006,San Cristóbal de La Laguna,3,6,61899.0,22274.0,27578.0,24850.0,1.1097786720321932,2023,20230101_38023_D03_S006,2.7,13.3,21.0,1.5,61.5,20220101_38023_D03_S006,518.0,45.0,39.0,377.0,979.0,934.0,55.46038543897216,4.17558886509636,20220101_38023_D03_S006,4.0,35.0,37.0,0.0,903.0,979.0,92.23697650663942,7.354443309499489,alta
2022,20230101_38023_D03_S007,38023_D03_S007,San Cristóbal de La Laguna,3,7,28308.0,12839.0,16165.0,14350.0,1.1264808362369338,2023,20230101_38023_D03_S007,3.8,3.8,24.9,2.5,65.1,20220101_38023_D03_S007,73.0,9.0,53.0,194.0,329.0,320.0,22.8125,16.5625,20220101_38023_D03_S007,2.0,23.0,15.0,0.0,289.0,329.0,87.8419452887538,11.55015197568389,media-baja
2022,20230101_38023_D03_S008,38023_D03_S008,San Cristóbal de La Laguna,3,8,29904.0,11524.0,15086.0,14350.0,1.0512891986062718,2023,20230101_38023_D03_S008,5.2,9.1,18.5,3.8,63.5,20220101_38023_D03_S008,99.0,24.0,94.0,290.0,507.0,483.0,20.496894409937887,19.461697722567287,20220101_38023_D03_S008,9.0,34.0,27.0,0.0,437.0,507.0,86.19329388560158,12.03155818540434,baja
2022,20230101_38023_D03_S009,38023_D03_S009,San Cristóbal de La Laguna,3,9,28699.0,10873.0,14744.0,13650.0,1.0801465201465201,2023,20230101_38023_D03_S009,6.0,4.1,27.2,3.5,59.2,20220101_38023_D03_S009,70.0,17.0,76.0,205.0,368.0,351.0,19.943019943019944,21.65242165242165,20220101_38023_D03_S009,5.0,26.0,19.0,0.0,318.0,368.0,86.41304347826087,12.228260869565217,baja
2022,20230101_38023_D03_S010,38023_D03_S010,San Cristóbal de La Laguna,3,10,25722.0,10582.0,13976.0,12950.0,1.0792277992277992,2023,20230101_38023_D03_S010,7.4,3.8,27.9,3.5,57.4,20220101_38023_D03_S010,68.0,15.0,62.0,179.0,324.0,309.0,22.006472491909385,20.06472491909385,20220101_38023_D03_S010,2.0,20.0,19.0,0.0,283.0,324.0,87.34567901234568,12.037037037037036,baja
2022,20230101_38023_D03_S011,38023_D03_S011,San Cristóbal de La Laguna,3,11,25267.0,10722.0,14285.0,12950.0,1.103088803088803,2023,20230101_38023_D03_S011,6.5,5.7,24.4,4.4,59.0,20220101_38023_D03_S011,111.0,12.0,99.0,370.0,592.0,580.0,19.137931034482758,17.06896551724138,20220101_38023_D03_S011,5.0,42.0,37.0,0.0,508.0,592.0,85.8108108108108,13.344594594594595,baja
2022,20230101_38023_D03_S012,38023_D03_S012,San Cristóbal de La Laguna,3,12,27895.0,10503.0,14048.0,12950.0,1.0847876447876448,2023,20230101_38023_D03_S012,6.0,7.6,18.6,4.7,63.1,20220101_38023_D03_S012,117.0,36.0,117.0,366.0,636.0,600.0,19.5,19.5,20220101_38023_D03_S012,17.0,60.0,33.0,0.0,526.0,636.0,82.70440251572327,14.622641509433961,baja
2022,20230101_38023_D03_S013,38023_D03_S013,San Cristóbal de La Laguna,3,13,26748.0,9799.0,13278.0,11550.0,1.1496103896103895,2023,20230101_38023_D03_S013,6.3,9.3,22.4,4.2,57.7,20220101_38023_D03_S013,127.0,41.0,125.0,452.0,745.0,704.0,18.039772727272727,17.755681818181817,20220101_38023_D03_S013,23.0,60.0,47.0,1.0,614.0,744.0,82.52688172043011,14.381720430107526,baja
2022,20230101_38023_D03_S014,38023_D03_S014,San Cristóbal de La Laguna,3,14,27974.0,9835.0,13792.0,12250.0,1.1258775510204082,2023,20230101_38023_D03_S014,7.7,4.8,30.0,4.8,52.8,20220101_38023_D03_S014,39.0,10.0,54.0,136.0,239.0,229.0,17.03056768558952,23.580786026200872,20220101_38023_D03_S014,4.0,23.0,19.0,0.0,193.0,239.0,80.75313807531381,17.573221757322177,baja
2022,20230101_38023_D03_S015,38023_D03_S015,San Cristóbal de La Laguna,3,15,25725.0,9738.0,13126.0,12250.0,1.0715102040816327,2023,20230101_38023_D03_S015,8.0,6.0,18.0,4.9,63.2,20220101_38023_D03_S015,107.0,13.0,98.0,297.0,515.0,502.0,21.314741035856574,19.52191235059761,20220101_38023_D03_S015,7.0,27.0,30.0,0.0,451.0,515.0,87.57281553398059,11.067961165048544,baja
2022,20230101_38023_D03_S016,38023_D03_S016,San Cristóbal de La Laguna,3,16,29235.0,10687.0,14603.0,13650.0,1.0698168498168499,2023,20230101_38023_D03_S016,6.5,7.1,23.1,4.0,59.4,20220101_38023_D03_S016,120.0,20.0,121.0,431.0,692.0,672.0,17.857142857142858,18.00595238095238,20220101_38023_D03_S016,8.0,40.0,43.0,0.0,601.0,692.0,86.84971098265896,11.99421965317919,baja
2022,20230101_38023_D03_S017,38023_D03_S017,San Cristóbal de La Laguna,3,17,25324.0,10009.0,13404.0,11550.0,1.1605194805194805,2023,20230101_38023_D03_S017,6.5,5.3,19.6,4.9,63.8,20220101_38023_D03_S017,95.0,14.0,88.0,256.0,453.0,439.0,21.64009111617312,20.045558086560366,20220101_38023_D03_S017,9.0,27.0,32.0,0.0,385.0,453.0,84.98896247240619,13.024282560706402,baja
2022,20230101_38023_D03_S018,38023_D03_S018,San Cristóbal de La Laguna,3,18,29599.0,10429.0,14265.0,13650.0,1.0450549450549451,2023,20230101_38023_D03_S018,6.8,4.5,31.4,4.5,52.9,20220101_38023_D03_S018,40.0,14.0,56.0,168.0,278.0,264.0,15.151515151515152,21.21212121212121,20220101_38023_D03_S018,5.0,35.0,16.0,0.0,222.0,278.0,79.85611510791367,18.345323741007196,baja
2022,20230101_38023_D03_S019,38023_D03_S019,San Cristóbal de La Laguna,3,19,38127.0,14664.0,18759.0,17850.0,1.0509243697478992,2023,20230101_38023_D03_S019,3.6,9.5,11.4,2.5,73.1,20220101_38023_D03_S019,228.0,39.0,69.0,377.0,713.0,674.0,33.82789317507418,10.237388724035608,20220101_38023_D03_S019,2.0,44.0,30.0,1.0,636.0,712.0,89.32584269662921,10.393258426966293,media-baja
2022,20230101_38023_D03_S020,38023_D03_S020,San Cristóbal de La Laguna,3,20,35484.0,12876.0,17011.0,14350.0,1.1854355400696863,2023,20230101_38023_D03_S020,7.5,10.7,11.9,3.2,66.7,20220101_38023_D03_S020,122.0,19.0,52.0,208.0,401.0,382.0,31.93717277486911,13.612565445026178,20220101_38023_D03_S020,4.0,32.0,33.0,0.0,332.0,401.0,82.7930174563591,16.209476309226932,media-baja
2022,20230101_38023_D03_S021,38023_D03_S021,San Cristóbal de La Laguna,3,21,38388.0,13161.0,17608.0,15750.0,1.117968253968254,2023,20230101_38023_D03_S021,5.3,9.4,17.7,3.2,64.4,20220101_38023_D03_S021,125.0,17.0,61.0,236.0,439.0,422.0,29.620853080568722,14.454976303317535,20220101_38023_D03_S021,6.0,23.0,49.0,0.0,361.0,439.0,82.23234624145786,16.40091116173121,media-baja
2022,20230101_38023_D03_S022,38023_D03_S022,San Cristóbal de La Laguna,3,22,86714.0,28612.0,34533.0,31150.0,1.1086035313001605,2023,20230101_38023_D03_S022,2.5,21.0,23.9,1.0,51.7,20220101_38023_D03_S022,252.0,16.0,6.0,111.0,385.0,369.0,68.29268292682927,1.6260162601626016,20220101_38023_D03_S022,2.0,10.0,7.0,0.0,366.0,385.0,95.06493506493507,4.415584415584416,alta
2022,20230101_38023_D03_S023,38023_D03_S023,San Cristóbal de La Laguna,3,23,27002.0,10358.0,13827.0,12950.0,1.0677220077220078,2023,20230101_38023_D03_S023,7.6,4.2,22.7,4.1,61.4,20220101_38023_D03_S023,93.0,19.0,92.0,256.0,460.0,441.0,21.08843537414966,20.861678004535147,20220101_38023_D03_S023,7.0,35.0,22.0,0.0,396.0,460.0,86.08695652173913,12.391304347826088,baja
2022,20230101_38023_D03_S024,38023_D03_S024,San Cristóbal de La Laguna,3,24,30974.0,11151.0,15200.0,14350.0,1.0592334494773519,2023,20230101_38023_D03_S024,6.0,8.0,20.1,4.2,61.7,20220101_38023_D03_S024,98.0,21.0,62.0,228.0,409.0,388.0,25.257731958762886,15.97938144329897,20220101_38023_D03_S024,3.0,28.0,36.0,0.0,342.0,409.0,83.61858190709046,15.647921760391197,baja
2022,20230101_38023_D03_S025,38023_D03_S025,San Cristóbal de La Laguna,3,25,49185.0,17228.0,21729.0,20650.0,1.0522518159806296,2023,20230101_38023_D03_S025,3.4,4.4,13.6,2.4,76.3,20220101_38023_D03_S025,279.0,45.0,112.0,471.0,907.0,862.0,32.36658932714617,12.993039443155453,20220101_38023_D03_S025,6.0,57.0,47.0,1.0,796.0,906.0,87.85871964679912,11.479028697571744,media-alta
2022,20230101_38023_D03_S026,38023_D03_S026,San Cristóbal de La Laguna,3,26,61887.0,20317.0,25819.0,22750.0,1.1349010989010988,2023,20230101_38023_D03_S026,3.2,10.8,19.2,1.5,65.3,20220101_38023_D03_S026,211.0,27.0,50.0,294.0,582.0,555.0,38.01801801801802,9.00900900900901,20220101_38023_D03_S026,4.0,28.0,36.0,0.0,514.0,582.0,88.31615120274914,10.996563573883162,alta
2022,20230101_38023_D03_S027,38023_D03_S027,San Cristóbal de La Laguna,3,27,38973.0,14939.0,18975.0,17150.0,1.1064139941690962,2023,20230101_38023_D03_S027,4.5,9.4,10.7,1.8,73.6,20220101_38023_D03_S027,212.0,38.0,63.0,309.0,622.0,584.0,36.3013698630137,10.787671232876713,20220101_38023_D03_S027,3.0,31.0,31.0,0.0,557.0,622.0,89.54983922829582,9.967845659163988,media-baja
2022,20230101_38023_D03_S028,38023_D03_S028,San Cristóbal de La Laguna,3,28,33787.0,13004.0,16828.0,15050.0,1.1181395348837209,2023,20230101_38023_D03_S028,4.4,9.7,17.2,3.3,65.5,20220101_38023_D03_S028,177.0,39.0,65.0,267.0,548.0,509.0,34.77406679764243,12.770137524557956,20220101_38023_D03_S028,7.0,29.0,31.0,0.0,481.0,548.0,87.77372262773723,10.94890510948905,media-baja
2022,20230101_38023_D03_S029,38023_D03_S029,San Cristóbal de La Laguna,3,29,31922.0,11877.0,15627.0,14350.0,1.0889895470383275,2023,20230101_38023_D03_S029,5.4,7.2,18.2,3.2,66.0,20220101_38023_D03_S029,144.0,20.0,86.0,413.0,663.0,643.0,22.3950233281493,13.374805598755833,20220101_38023_D03_S029,4.0,36.0,36.0,1.0,586.0,662.0,88.51963746223565,10.876132930513595,baja
2022,20230101_38023_D04_S001,38023_D04_S001,San Cristóbal de La Laguna,4,1,40992.0,13963.0,18642.0,17850.0,1.0443697478991596,2023,20230101_38023_D04_S001,4.3,9.7,19.2,2.7,64.1,20220101_38023_D04_S001,393.0,28.0,62.0,346.0,829.0,801.0,49.06367041198502,7.740324594257179,20220101_38023_D04_S001,5.0,46.0,53.0,0.0,725.0,829.0,87.45476477683957,11.942098914354645,media-baja
2022,20230101_38023_D04_S002,38023_D04_S002,San Cristóbal de La Laguna,4,2,40117.0,15186.0,19425.0,17150.0,1.1326530612244898,2023,20230101_38023_D04_S002,4.8,8.3,16.7,2.4,67.8,20220101_38023_D04_S002,376.0,45.0,112.0,561.0,1094.0,1049.0,35.843660629170635,10.676835081029552,20220101_38023_D04_S002,9.0,57.0,63.0,0.0,965.0,1094.0,88.20840950639854,10.968921389396709,media-baja
2022,20230101_38023_D04_S003,38023_D04_S003,San Cristóbal de La Laguna,4,3,47255.0,15970.0,20737.0,18550.0,1.1178975741239892,2023,20230101_38023_D04_S003,3.3,9.4,17.4,1.9,68.0,20220101_38023_D04_S003,301.0,28.0,85.0,383.0,797.0,769.0,39.14174252275683,11.053315994798439,20220101_38023_D04_S003,7.0,55.0,46.0,1.0,688.0,796.0,86.4321608040201,12.688442211055277,media-baja
2022,20230101_38023_D04_S004,38023_D04_S004,San Cristóbal de La Laguna,4,4,46648.0,17072.0,21886.0,20650.0,1.0598547215496368,2023,20230101_38023_D04_S004,3.6,10.7,27.7,2.7,55.3,20220101_38023_D04_S004,152.0,15.0,46.0,185.0,398.0,383.0,39.68668407310705,12.010443864229766,20220101_38023_D04_S004,7.0,35.0,23.0,0.0,333.0,398.0,83.66834170854271,14.57286432160804,media-alta
2022,20230101_38023_D04_S005,38023_D04_S005,San Cristóbal de La Laguna,4,5,63358.0,19515.0,24701.0,20650.0,1.1961743341404358,2023,20230101_38023_D04_S005,3.1,18.6,18.7,1.9,57.7,20220101_38023_D04_S005,215.0,29.0,39.0,149.0,432.0,403.0,53.349875930521094,9.67741935483871,20220101_38023_D04_S005,4.0,19.0,23.0,0.0,386.0,432.0,89.35185185185185,9.722222222222221,media-alta
2022,20230101_38023_D04_S006,38023_D04_S006,San Cristóbal de La Laguna,4,6,40432.0,14175.0,18739.0,17150.0,1.0926530612244898,2023,20230101_38023_D04_S006,4.3,8.2,23.8,2.9,60.8,20220101_38023_D04_S006,173.0,20.0,90.0,315.0,598.0,578.0,29.930795847750865,15.570934256055363,20220101_38023_D04_S006,5.0,62.0,40.0,0.0,491.0,598.0,82.10702341137124,17.05685618729097,media-baja
2022,20230101_38023_D04_S007,38023_D04_S007,San Cristóbal de La Laguna,4,7,51556.0,17380.0,22239.0,18550.0,1.1988679245283018,2023,20230101_38023_D04_S007,4.3,13.3,20.7,1.8,59.9,20220101_38023_D04_S007,312.0,40.0,52.0,310.0,714.0,674.0,46.29080118694362,7.71513353115727,20220101_38023_D04_S007,9.0,55.0,29.0,0.0,621.0,714.0,86.97478991596638,11.764705882352942,media-alta
2022,20230101_38023_D04_S008,38023_D04_S008,San Cristóbal de La Laguna,4,8,44547.0,15139.0,19818.0,17850.0,1.110252100840336,2023,20230101_38023_D04_S008,5.0,7.6,18.7,2.8,65.9,,,,,,,,,,20220101_38023_D04_S008,0.0,0.0,0.0,0.0,0.0,0.0,,,media-baja
2022,20230101_38023_D05_S001,38023_D05_S001,San Cristóbal de La Laguna,5,1,36122.0,12319.0,16473.0,15050.0,1.0945514950166113,2023,20230101_38023_D05_S001,4.9,8.7,22.0,3.6,60.8,20220101_38023_D05_S001,102.0,20.0,116.0,241.0,479.0,459.0,22.22222222222222,25.272331154684096,20220101_38023_D05_S001,68.0,66.0,32.0,0.0,313.0,479.0,65.34446764091858,20.45929018789144,media-baja
2022,20230101_38023_D05_S002,38023_D05_S002,San Cristóbal de La Laguna,5,2,34084.0,12073.0,16413.0,15050.0,1.090564784053156,2023,20230101_38023_D05_S002,5.3,9.2,20.8,3.1,61.6,20220101_38023_D05_S002,110.0,21.0,119.0,323.0,573.0,552.0,19.92753623188406,21.557971014492754,20220101_38023_D05_S002,84.0,61.0,40.0,0.0,388.0,573.0,67.71378708551484,17.62652705061082,media-baja
2022,20230101_38023_D05_S003,38023_D05_S003,San Cristóbal de La Laguna,5,3,39331.0,13343.0,17745.0,16450.0,1.078723404255319,2023,20230101_38023_D05_S003,3.8,10.6,22.7,2.5,60.4,20220101_38023_D05_S003,113.0,20.0,74.0,251.0,458.0,438.0,25.799086757990867,16.894977168949772,20220101_38023_D05_S003,41.0,27.0,32.0,0.0,358.0,458.0,78.16593886462883,12.882096069868995,media-baja
2022,20230101_38023_D05_S004,38023_D05_S004,San Cristóbal de La Laguna,5,4,38177.0,12606.0,17290.0,15050.0,1.1488372093023256,2023,20230101_38023_D05_S004,4.0,12.4,19.0,3.1,61.5,20220101_38023_D05_S004,86.0,13.0,67.0,218.0,384.0,371.0,23.18059299191375,18.059299191374663,20220101_38023_D05_S004,40.0,30.0,28.0,0.0,286.0,384.0,74.47916666666667,15.104166666666666,media-baja
2022,20230101_38023_D05_S005,38023_D05_S005,San Cristóbal de La Laguna,5,5,37422.0,14122.0,18274.0,17150.0,1.065539358600583,2023,20230101_38023_D05_S005,4.5,9.8,20.7,2.8,62.2,20220101_38023_D05_S005,265.0,40.0,132.0,411.0,848.0,808.0,32.7970297029703,16.336633663366335,20220101_38023_D05_S005,48.0,61.0,59.0,0.0,680.0,848.0,80.18867924528301,14.150943396226415,media-baja
2022,20230101_38023_D05_S006,38023_D05_S006,San Cristóbal de La Laguna,5,6,42382.0,15134.0,19340.0,16450.0,1.1756838905775076,2023,20230101_38023_D05_S006,3.8,12.3,20.8,2.0,61.1,20220101_38023_D05_S006,153.0,22.0,54.0,263.0,492.0,470.0,32.5531914893617,11.48936170212766,20220101_38023_D05_S006,26.0,40.0,30.0,0.0,396.0,492.0,80.48780487804878,14.227642276422765,media-baja
2022,20230101_38023_D05_S007,38023_D05_S007,San Cristóbal de La Laguna,5,7,34950.0,15599.0,18669.0,16450.0,1.1348936170212767,2023,20230101_38023_D05_S007,4.4,12.1,18.5,2.7,62.3,20220101_38023_D05_S007,258.0,27.0,61.0,333.0,679.0,652.0,39.57055214723926,9.355828220858896,20220101_38023_D05_S007,15.0,34.0,45.0,0.0,585.0,679.0,86.15611192930781,11.634756995581737,media-baja
2022,20230101_38023_D05_S008,38023_D05_S008,San Cristóbal de La Laguna,5,8,31170.0,11477.0,15397.0,13650.0,1.1279853479853479,2023,20230101_38023_D05_S008,5.3,6.1,24.3,4.0,60.2,20220101_38023_D05_S008,81.0,17.0,97.0,187.0,382.0,365.0,22.19178082191781,26.575342465753426,20220101_38023_D05_S008,52.0,34.0,31.0,0.0,265.0,382.0,69.3717277486911,17.015706806282722,baja
2022,20230101_38023_D05_S009,38023_D05_S009,San Cristóbal de La Laguna,5,9,33623.0,16561.0,19571.0,17850.0,1.0964145658263305,2023,20230101_38023_D05_S009,4.0,14.6,15.3,2.3,63.9,20220101_38023_D05_S009,535.0,47.0,101.0,520.0,1203.0,1156.0,46.280276816608996,8.737024221453288,20220101_38023_D05_S009,26.0,49.0,58.0,0.0,1070.0,1203.0,88.94430590191189,8.894430590191188,media-alta
2022,20230101_38023_D05_S010,38023_D05_S010,San Cristóbal de La Laguna,5,10,37713.0,13484.0,17754.0,16450.0,1.0792705167173253,2023,20230101_38023_D05_S010,4.9,9.0,21.1,2.8,62.2,20220101_38023_D05_S010,196.0,38.0,108.0,388.0,730.0,692.0,28.32369942196532,15.606936416184972,20220101_38023_D05_S010,49.0,59.0,52.0,0.0,570.0,730.0,78.08219178082192,15.205479452054794,media-baja
2022,20230101_38023_D05_S011,38023_D05_S011,San Cristóbal de La Laguna,5,11,37688.0,13145.0,17670.0,15750.0,1.121904761904762,2023,20230101_38023_D05_S011,3.6,11.1,25.7,2.5,57.1,20220101_38023_D05_S011,116.0,14.0,58.0,186.0,374.0,360.0,32.22222222222222,16.11111111111111,20220101_38023_D05_S011,37.0,27.0,22.0,0.0,288.0,374.0,77.00534759358288,13.101604278074866,media-baja
2022,20230101_38023_D05_S012,38023_D05_S012,San Cristóbal de La Laguna,5,12,35230.0,11902.0,16314.0,15050.0,1.0839867109634551,2023,20230101_38023_D05_S012,4.2,6.7,25.6,3.4,60.3,20220101_38023_D05_S012,130.0,21.0,114.0,296.0,561.0,540.0,24.074074074074073,21.11111111111111,20220101_38023_D05_S012,59.0,66.0,35.0,0.0,401.0,561.0,71.4795008912656,18.003565062388592,baja
2022,20230101_38023_D05_S013,38023_D05_S013,San Cristóbal de La Laguna,5,13,31122.0,12841.0,16205.0,15050.0,1.0767441860465117,2023,20230101_38023_D05_S013,4.6,8.2,27.6,3.4,56.3,20220101_38023_D05_S013,87.0,14.0,55.0,178.0,334.0,320.0,27.1875,17.1875,20220101_38023_D05_S013,35.0,28.0,12.0,0.0,259.0,334.0,77.54491017964072,11.976047904191617,media-baja
2022,20230101_38023_D05_S014,38023_D05_S014,San Cristóbal de La Laguna,5,14,33862.0,12962.0,16821.0,15750.0,1.068,2023,20230101_38023_D05_S014,4.6,6.6,17.8,3.3,67.7,20220101_38023_D05_S014,167.0,24.0,91.0,376.0,658.0,634.0,26.34069400630915,14.353312302839116,20220101_38023_D05_S014,38.0,53.0,44.0,0.0,523.0,658.0,79.48328267477204,14.74164133738602,media-baja
2022,20230101_38023_D05_S015,38023_D05_S015,San Cristóbal de La Laguna,5,15,38414.0,17057.0,20500.0,17850.0,1.1484593837535013,2023,20230101_38023_D05_S015,3.2,18.2,17.1,2.6,59.0,,,,,,,,,,20220101_38023_D05_S015,0.0,0.0,0.0,0.0,0.0,0.0,,,media-alta
2022,20230101_38023_D06_S001,38023_D06_S001,San Cristóbal de La Laguna,6,1,46873.0,14768.0,19598.0,17850.0,1.0979271708683473,2023,20230101_38023_D06_S001,3.1,7.6,21.8,1.9,65.7,20220101_38023_D06_S001,186.0,22.0,81.0,299.0,588.0,566.0,32.86219081272085,14.31095406360424,20220101_38023_D06_S001,4.0,35.0,38.0,0.0,511.0,588.0,86.9047619047619,12.414965986394558,media-baja
2022,20230101_38023_D06_S002,38023_D06_S002,San Cristóbal de La Laguna,6,2,71325.0,22199.0,28108.0,26250.0,1.0707809523809524,2023,20230101_38023_D06_S002,2.2,18.3,19.7,1.6,58.2,20220101_38023_D06_S002,390.0,32.0,28.0,229.0,679.0,647.0,60.27820710973725,4.327666151468315,20220101_38023_D06_S002,9.0,26.0,20.0,1.0,623.0,678.0,91.88790560471976,6.784660766961652,alta
2022,20230101_38023_D06_S003,38023_D06_S003,San Cristóbal de La Laguna,6,3,39867.0,14543.0,19095.0,16450.0,1.160790273556231,2023,20230101_38023_D06_S003,4.7,10.7,20.8,2.0,61.8,20220101_38023_D06_S003,164.0,33.0,70.0,246.0,513.0,480.0,34.166666666666664,14.583333333333334,20220101_38023_D06_S003,6.0,43.0,28.0,0.0,436.0,513.0,84.99025341130604,13.840155945419104,media-baja
2022,20230101_38023_D06_S004,38023_D06_S004,San Cristóbal de La Laguna,6,4,38601.0,14110.0,18562.0,15750.0,1.1785396825396826,2023,20230101_38023_D06_S004,4.7,11.2,19.6,2.3,62.2,20220101_38023_D06_S004,118.0,32.0,66.0,293.0,509.0,477.0,24.737945492662472,13.836477987421384,20220101_38023_D06_S004,7.0,37.0,50.0,0.0,415.0,509.0,81.53241650294696,17.092337917485267,media-baja
2022,20230101_38024_D01_S001,38024_D01_S001,Los Llanos de Aridane,1,1,42150.0,14977.0,20706.0,16450.0,1.2587234042553193,2023,20230101_38024_D01_S001,4.3,20.4,15.0,4.2,56.2,20220101_38024_D01_S001,342.0,55.0,111.0,481.0,989.0,934.0,36.61670235546038,11.884368308351178,20220101_38024_D01_S001,57.0,69.0,32.0,2.0,829.0,987.0,83.9918946301925,10.233029381965553,media-baja
2022,20230101_38024_D01_S002,38024_D01_S002,Los Llanos de Aridane,1,2,35275.0,12948.0,17924.0,14350.0,1.2490592334494774,2023,20230101_38024_D01_S002,5.0,13.1,12.5,4.6,64.8,20220101_38024_D01_S002,213.0,32.0,100.0,376.0,721.0,689.0,30.914368650217707,14.513788098693759,20220101_38024_D01_S002,49.0,50.0,34.0,0.0,588.0,721.0,81.55339805825243,11.650485436893204,media-baja
2022,20230101_38024_D01_S003,38024_D01_S003,Los Llanos de Aridane,1,3,33570.0,12055.0,17189.0,15050.0,1.1421262458471761,2023,20230101_38024_D01_S003,5.6,15.0,20.1,4.9,54.4,20220101_38024_D01_S003,186.0,43.0,104.0,341.0,674.0,631.0,29.4770206022187,16.48177496038035,20220101_38024_D01_S003,62.0,55.0,29.0,1.0,527.0,673.0,78.30609212481427,12.481426448736999,media-baja
2022,20230101_38024_D01_S004,38024_D01_S004,Los Llanos de Aridane,1,4,36706.0,13618.0,18898.0,14700.0,1.285578231292517,2023,20230101_38024_D01_S004,5.8,16.9,13.6,4.4,59.3,20220101_38024_D01_S004,119.0,18.0,71.0,200.0,408.0,390.0,30.512820512820515,18.205128205128204,20220101_38024_D01_S004,27.0,32.0,13.0,1.0,335.0,407.0,82.30958230958231,11.056511056511056,media-baja
2022,20230101_38024_D01_S005,38024_D01_S005,Los Llanos de Aridane,1,5,42143.0,14945.0,20868.0,17150.0,1.216793002915452,2023,20230101_38024_D01_S005,5.2,20.2,17.8,3.9,52.9,20220101_38024_D01_S005,170.0,25.0,43.0,207.0,445.0,420.0,40.476190476190474,10.238095238095237,20220101_38024_D01_S005,37.0,23.0,11.0,0.0,374.0,445.0,84.04494382022472,7.640449438202247,media-baja
2022,20230101_38024_D01_S006,38024_D01_S006,Los Llanos de Aridane,1,6,37516.0,13473.0,19089.0,15050.0,1.2683720930232558,2023,20230101_38024_D01_S006,5.0,16.4,20.9,4.1,53.6,20220101_38024_D01_S006,185.0,26.0,81.0,294.0,586.0,560.0,33.035714285714285,14.464285714285714,20220101_38024_D01_S006,50.0,41.0,20.0,1.0,474.0,585.0,81.02564102564102,10.427350427350428,media-baja
2022,20230101_38024_D01_S007,38024_D01_S007,Los Llanos de Aridane,1,7,30268.0,11513.0,16033.0,14350.0,1.1172822299651568,2023,20230101_38024_D01_S007,6.8,10.6,20.4,4.9,57.4,20220101_38024_D01_S007,127.0,27.0,100.0,362.0,616.0,589.0,21.561969439728355,16.97792869269949,20220101_38024_D01_S007,41.0,63.0,22.0,0.0,490.0,616.0,79.54545454545455,13.7987012987013,baja
2022,20230101_38024_D01_S008,38024_D01_S008,Los Llanos de Aridane,1,8,37756.0,13663.0,19296.0,15750.0,1.225142857142857,2023,20230101_38024_D01_S008,6.0,12.6,17.5,4.7,59.3,20220101_38024_D01_S008,211.0,31.0,96.0,322.0,660.0,629.0,33.54531001589825,15.262321144674086,20220101_38024_D01_S008,37.0,54.0,26.0,0.0,543.0,660.0,82.27272727272727,12.121212121212121,media-baja
2022,20230101_38024_D02_S001,38024_D02_S001,Los Llanos de Aridane,2,1,35817.0,13452.0,18833.0,15750.0,1.1957460317460318,2023,20230101_38024_D02_S001,4.8,15.1,17.6,3.9,58.6,20220101_38024_D02_S001,160.0,19.0,92.0,265.0,536.0,517.0,30.947775628626694,17.79497098646035,20220101_38024_D02_S001,47.0,48.0,16.0,0.0,425.0,536.0,79.2910447761194,11.940298507462687,media-baja
2022,20230101_38024_D02_S002,38024_D02_S002,Los Llanos de Aridane,2,2,34340.0,12248.0,17172.0,15050.0,1.1409966777408638,2023,20230101_38024_D02_S002,5.6,12.8,18.5,5.4,57.8,20220101_38024_D02_S002,140.0,27.0,94.0,314.0,575.0,548.0,25.547445255474454,17.153284671532848,20220101_38024_D02_S002,58.0,59.0,27.0,0.0,431.0,575.0,74.95652173913044,14.956521739130435,media-baja
2022,20230101_38024_D03_S001,38024_D03_S001,Los Llanos de Aridane,3,1,35731.0,12601.0,18287.0,15750.0,1.1610793650793652,2023,20230101_38024_D03_S001,12.7,14.0,20.2,4.8,48.3,20220101_38024_D03_S001,212.0,50.0,110.0,417.0,789.0,739.0,28.687415426251693,14.884979702300406,20220101_38024_D03_S001,78.0,73.0,33.0,1.0,604.0,788.0,76.6497461928934,13.451776649746193,media-baja
2022,20230101_38024_D03_S002,38024_D03_S002,Los Llanos de Aridane,3,2,31379.0,13373.0,18869.0,16450.0,1.1470516717325228,2023,20230101_38024_D03_S002,17.1,11.6,15.7,8.2,47.4,20220101_38024_D03_S002,189.0,41.0,95.0,320.0,645.0,604.0,31.29139072847682,15.728476821192054,20220101_38024_D03_S002,64.0,45.0,17.0,1.0,518.0,644.0,80.43478260869566,9.627329192546584,media-baja
2022,20230101_38024_D03_S003,38024_D03_S003,Los Llanos de Aridane,3,3,38247.0,14497.0,20521.0,17150.0,1.1965597667638483,2023,20230101_38024_D03_S003,14.8,16.1,19.7,5.9,43.5,20220101_38024_D03_S003,112.0,25.0,64.0,251.0,452.0,427.0,26.229508196721312,14.988290398126464,20220101_38024_D03_S003,39.0,45.0,21.0,0.0,347.0,452.0,76.76991150442478,14.601769911504425,media-baja
2022,20230101_38025_D01_S001,38025_D01_S001,La Matanza de Acentejo,1,1,37871.0,11990.0,16675.0,15050.0,1.1079734219269104,2023,20230101_38025_D01_S001,4.4,6.3,19.9,3.3,66.1,20220101_38025_D01_S001,190.0,34.0,124.0,515.0,863.0,829.0,22.919179734620023,14.957780458383594,20220101_38025_D01_S001,19.0,134.0,50.0,0.0,660.0,863.0,76.47740440324449,21.320973348783316,baja
2022,20230101_38025_D01_S002,38025_D01_S002,La Matanza de Acentejo,1,2,38180.0,12644.0,17233.0,15750.0,1.09415873015873,2023,20230101_38025_D01_S002,4.5,12.4,17.4,3.4,62.3,20220101_38025_D01_S002,141.0,25.0,98.0,356.0,620.0,595.0,23.69747899159664,16.470588235294116,20220101_38025_D01_S002,9.0,75.0,32.0,0.0,504.0,620.0,81.29032258064517,17.258064516129032,media-baja
2022,20230101_38025_D01_S003,38025_D01_S003,La Matanza de Acentejo,1,3,37073.0,13798.0,18340.0,16450.0,1.1148936170212767,2023,20230101_38025_D01_S003,3.9,11.3,14.8,2.9,67.1,20220101_38025_D01_S003,279.0,24.0,115.0,519.0,937.0,913.0,30.558598028477547,12.595837897042717,20220101_38025_D01_S003,12.0,87.0,43.0,0.0,795.0,937.0,84.8452508004269,13.874066168623266,media-baja
2022,20230101_38025_D01_S004,38025_D01_S004,La Matanza de Acentejo,1,4,39393.0,14948.0,18802.0,15750.0,1.1937777777777778,2023,20230101_38025_D01_S004,4.0,14.1,15.8,2.5,63.7,20220101_38025_D01_S004,283.0,34.0,95.0,509.0,921.0,887.0,31.905298759864714,10.710259301014656,20220101_38025_D01_S004,12.0,78.0,54.0,1.0,776.0,920.0,84.34782608695652,14.347826086956522,media-baja
2022,20230101_38025_D01_S005,38025_D01_S005,La Matanza de Acentejo,1,5,32955.0,12731.0,16744.0,15050.0,1.1125581395348838,2023,20230101_38025_D01_S005,5.3,11.7,22.7,3.1,57.3,20220101_38025_D01_S005,82.0,18.0,50.0,169.0,319.0,301.0,27.242524916943523,16.611295681063122,20220101_38025_D01_S005,6.0,51.0,11.0,0.0,251.0,319.0,78.68338557993731,19.435736677115987,media-baja
2022,20230101_38026_D01_S001,38026_D01_S001,La Orotava,1,1,48420.0,18327.0,22928.0,17850.0,1.2844817927170868,2023,20230101_38026_D01_S001,3.7,21.8,22.8,1.8,49.9,20220101_38026_D01_S001,261.0,30.0,50.0,246.0,587.0,557.0,46.858168761220824,8.976660682226212,20220101_38026_D01_S001,13.0,29.0,23.0,1.0,521.0,586.0,88.90784982935153,8.873720136518772,media-alta
2022,20230101_38026_D01_S002,38026_D01_S002,La Orotava,1,2,50568.0,17180.0,21744.0,19250.0,1.1295584415584417,2023,20230101_38026_D01_S002,3.7,11.6,23.2,2.1,59.4,20220101_38026_D01_S002,332.0,28.0,52.0,298.0,710.0,682.0,48.68035190615836,7.624633431085044,20220101_38026_D01_S002,8.0,43.0,22.0,0.0,637.0,710.0,89.71830985915493,9.154929577464788,media-alta
2022,20230101_38026_D01_S004,38026_D01_S004,La Orotava,1,4,39193.0,14312.0,18704.0,17150.0,1.0906122448979592,2023,20230101_38026_D01_S004,4.7,12.5,27.7,2.0,53.1,20220101_38026_D01_S004,251.0,23.0,56.0,339.0,669.0,646.0,38.85448916408669,8.6687306501548,20220101_38026_D01_S004,8.0,25.0,23.0,1.0,612.0,668.0,91.61676646706587,7.18562874251497,media-baja
2022,20230101_38026_D02_S001,38026_D02_S001,La Orotava,2,1,34206.0,13294.0,16972.0,15050.0,1.1277076411960132,2023,20230101_38026_D02_S001,5.4,18.5,22.9,3.0,50.2,20220101_38026_D02_S001,194.0,25.0,74.0,324.0,617.0,592.0,32.770270270270274,12.5,20220101_38026_D02_S001,12.0,41.0,26.0,1.0,537.0,616.0,87.17532467532467,10.876623376623376,media-baja
2022,20230101_38026_D02_S002,38026_D02_S002,La Orotava,2,2,32531.0,11517.0,15806.0,15050.0,1.0502325581395349,2023,20230101_38026_D02_S002,5.6,7.9,21.4,3.0,62.3,20220101_38026_D02_S002,104.0,17.0,74.0,298.0,493.0,476.0,21.84873949579832,15.546218487394958,20220101_38026_D02_S002,8.0,46.0,21.0,0.0,418.0,493.0,84.78701825557809,13.59026369168357,baja
2022,20230101_38026_D02_S003,38026_D02_S003,La Orotava,2,3,36928.0,12587.0,16972.0,15750.0,1.0775873015873016,2023,20230101_38026_D02_S003,3.9,9.5,10.7,3.0,72.9,20220101_38026_D02_S003,269.0,37.0,108.0,547.0,961.0,924.0,29.11255411255411,11.688311688311689,20220101_38026_D02_S003,10.0,83.0,46.0,0.0,822.0,961.0,85.53590010405827,13.423517169614984,media-baja
2022,20230101_38026_D02_S004,38026_D02_S004,La Orotava,2,4,33531.0,12781.0,17043.0,15750.0,1.082095238095238,2023,20230101_38026_D02_S004,4.7,11.9,24.5,2.7,56.2,20220101_38026_D02_S004,143.0,16.0,40.0,215.0,414.0,398.0,35.92964824120603,10.050251256281408,20220101_38026_D02_S004,6.0,27.0,20.0,0.0,361.0,414.0,87.19806763285024,11.352657004830919,media-baja
2022,20230101_38026_D03_S001,38026_D03_S001,La Orotava,3,1,32018.0,11128.0,15387.0,15050.0,1.022392026578073,2023,20230101_38026_D03_S001,5.6,7.5,21.4,3.9,61.6,20220101_38026_D03_S001,109.0,24.0,99.0,330.0,562.0,538.0,20.260223048327138,18.401486988847584,20220101_38026_D03_S001,20.0,70.0,32.0,0.0,440.0,562.0,78.29181494661921,18.14946619217082,baja
2022,20230101_38026_D03_S002,38026_D03_S002,La Orotava,3,2,36162.0,12960.0,17245.0,15050.0,1.1458471760797342,2023,20230101_38026_D03_S002,3.6,16.9,21.5,2.5,55.5,20220101_38026_D03_S002,111.0,21.0,66.0,253.0,451.0,430.0,25.813953488372093,15.348837209302326,20220101_38026_D03_S002,10.0,41.0,32.0,1.0,367.0,450.0,81.55555555555556,16.22222222222222,media-baja
2022,20230101_38026_D03_S003,38026_D03_S003,La Orotava,3,3,52386.0,19127.0,23809.0,19950.0,1.1934335839598997,2023,20230101_38026_D03_S003,2.0,25.2,22.4,1.8,48.6,20220101_38026_D03_S003,306.0,31.0,37.0,336.0,710.0,679.0,45.06627393225332,5.44918998527246,20220101_38026_D03_S003,9.0,44.0,28.0,0.0,629.0,710.0,88.59154929577464,10.140845070422536,media-alta
2022,20230101_38026_D03_S004,38026_D03_S004,La Orotava,3,4,36820.0,13178.0,17545.0,16450.0,1.066565349544073,2023,20230101_38026_D03_S004,4.7,8.7,10.4,2.7,73.5,20220101_38026_D03_S004,265.0,32.0,94.0,469.0,860.0,828.0,32.00483091787439,11.352657004830919,20220101_38026_D03_S004,19.0,71.0,38.0,0.0,732.0,860.0,85.11627906976744,12.674418604651162,media-baja
2022,20230101_38026_D03_S005,38026_D03_S005,La Orotava,3,5,31930.0,11378.0,15582.0,15050.0,1.0353488372093023,2023,20230101_38026_D03_S005,5.7,8.6,24.3,3.7,57.7,20220101_38026_D03_S005,91.0,19.0,68.0,265.0,443.0,424.0,21.462264150943398,16.037735849056602,20220101_38026_D03_S005,11.0,39.0,31.0,0.0,362.0,443.0,81.7155756207675,15.801354401805868,baja
2022,20230101_38026_D03_S006,38026_D03_S006,La Orotava,3,6,40235.0,14443.0,19039.0,16450.0,1.157386018237082,2023,20230101_38026_D03_S006,3.5,10.2,26.5,2.5,57.3,20220101_38026_D03_S006,235.0,27.0,67.0,423.0,752.0,725.0,32.41379310344828,9.241379310344827,20220101_38026_D03_S006,8.0,53.0,35.0,0.0,656.0,752.0,87.23404255319149,11.702127659574469,media-baja
2022,20230101_38026_D03_S007,38026_D03_S007,La Orotava,3,7,35001.0,12606.0,17045.0,15750.0,1.0822222222222222,2023,20230101_38026_D03_S007,4.6,8.2,15.5,3.0,68.8,20220101_38026_D03_S007,144.0,17.0,76.0,324.0,561.0,544.0,26.470588235294116,13.970588235294118,20220101_38026_D03_S007,4.0,51.0,28.0,0.0,478.0,561.0,85.20499108734403,14.081996434937611,media-baja
2022,20230101_38026_D04_S001,38026_D04_S001,La Orotava,4,1,47466.0,17288.0,21901.0,17850.0,1.2269467787114845,2023,20230101_38026_D04_S001,2.8,23.8,14.8,2.3,56.4,20220101_38026_D04_S001,336.0,48.0,76.0,459.0,919.0,871.0,38.576349024110215,8.725602755453501,20220101_38026_D04_S001,16.0,46.0,32.0,0.0,825.0,919.0,89.7714907508161,8.487486398258977,media-alta
2022,20230101_38026_D04_S002,38026_D04_S002,La Orotava,4,2,41388.0,13754.0,18598.0,17150.0,1.0844314868804665,2023,20230101_38026_D04_S002,4.0,11.2,13.6,3.0,68.3,20220101_38026_D04_S002,165.0,23.0,65.0,340.0,593.0,570.0,28.94736842105263,11.403508771929825,20220101_38026_D04_S002,9.0,54.0,30.0,0.0,500.0,593.0,84.31703204047217,14.165261382799326,media-baja
2022,20230101_38026_D04_S003,38026_D04_S003,La Orotava,4,3,49648.0,17593.0,22267.0,17850.0,1.247450980392157,2023,20230101_38026_D04_S003,2.9,20.4,20.7,2.1,54.0,20220101_38026_D04_S003,174.0,21.0,35.0,197.0,427.0,406.0,42.857142857142854,8.620689655172415,20220101_38026_D04_S003,14.0,29.0,19.0,0.0,365.0,427.0,85.48009367681499,11.241217798594848,media-alta
2022,20230101_38026_D04_S004,38026_D04_S004,La Orotava,4,4,31975.0,10794.0,14895.0,12950.0,1.1501930501930502,2023,20230101_38026_D04_S004,6.7,9.3,23.3,4.0,56.8,20220101_38026_D04_S004,70.0,7.0,27.0,168.0,272.0,265.0,26.41509433962264,10.18867924528302,20220101_38026_D04_S004,4.0,16.0,16.0,0.0,236.0,272.0,86.76470588235294,11.764705882352942,baja
2022,20230101_38026_D04_S005,38026_D04_S005,La Orotava,4,5,46498.0,16670.0,20881.0,17850.0,1.1698039215686276,2023,20230101_38026_D04_S005,3.2,16.0,17.4,2.2,61.2,20220101_38026_D04_S005,312.0,37.0,46.0,368.0,763.0,726.0,42.97520661157025,6.336088154269972,20220101_38026_D04_S005,14.0,36.0,27.0,0.0,686.0,763.0,89.90825688073394,8.256880733944953,media-alta
2022,20230101_38026_D05_S001,38026_D05_S001,La Orotava,5,1,32651.0,11473.0,15794.0,14350.0,1.1006271777003485,2023,20230101_38026_D05_S001,5.0,10.0,15.3,3.4,66.2,20220101_38026_D05_S001,151.0,29.0,137.0,462.0,779.0,750.0,20.133333333333333,18.266666666666666,20220101_38026_D05_S001,19.0,111.0,41.0,0.0,608.0,779.0,78.04878048780488,19.51219512195122,baja
2022,20230101_38026_D05_S002,38026_D05_S002,La Orotava,5,2,34019.0,11587.0,15789.0,14350.0,1.1002787456445993,2023,20230101_38026_D05_S002,5.3,11.6,19.4,3.0,60.7,20220101_38026_D05_S002,111.0,19.0,73.0,277.0,480.0,461.0,24.07809110629067,15.835140997830802,20220101_38026_D05_S002,13.0,57.0,33.0,1.0,376.0,479.0,78.49686847599165,18.789144050104383,baja
2022,20230101_38026_D05_S003,38026_D05_S003,La Orotava,5,3,32977.0,11532.0,15808.0,14350.0,1.101602787456446,2023,20230101_38026_D05_S003,4.9,10.4,21.9,3.6,59.3,20220101_38026_D05_S003,157.0,38.0,123.0,431.0,749.0,711.0,22.081575246132207,17.29957805907173,20220101_38026_D05_S003,21.0,99.0,41.0,0.0,588.0,749.0,78.50467289719626,18.69158878504673,baja
2022,20230101_38026_D05_S004,38026_D05_S004,La Orotava,5,4,25537.0,9405.0,12972.0,11550.0,1.1231168831168832,2023,20230101_38026_D05_S004,7.3,7.1,30.2,5.0,50.3,20220101_38026_D05_S004,60.0,11.0,79.0,219.0,369.0,358.0,16.75977653631285,22.067039106145252,20220101_38026_D05_S004,9.0,44.0,15.0,0.0,301.0,369.0,81.57181571815718,15.989159891598916,baja
2022,20230101_38026_D05_S005,38026_D05_S005,La Orotava,5,5,32646.0,11764.0,16206.0,15050.0,1.0768106312292358,2023,20230101_38026_D05_S005,5.0,9.4,12.7,3.3,69.7,20220101_38026_D05_S005,158.0,19.0,85.0,445.0,707.0,688.0,22.96511627906977,12.354651162790697,20220101_38026_D05_S005,8.0,77.0,47.0,0.0,575.0,707.0,81.32956152758133,17.53889674681754,baja
2022,20230101_38026_D06_S001,38026_D06_S001,La Orotava,6,1,28609.0,9789.0,13741.0,12950.0,1.0610810810810811,2023,20230101_38026_D06_S001,6.5,3.8,26.9,4.3,58.5,20220101_38026_D06_S001,29.0,13.0,80.0,197.0,319.0,306.0,9.477124183006536,26.143790849673202,20220101_38026_D06_S001,20.0,60.0,9.0,1.0,229.0,318.0,72.0125786163522,21.69811320754717,baja
2022,20230101_38026_D06_S002,38026_D06_S002,La Orotava,6,2,30009.0,10208.0,14155.0,13650.0,1.036996336996337,2023,20230101_38026_D06_S002,5.4,10.0,24.3,3.8,56.6,20220101_38026_D06_S002,49.0,18.0,107.0,254.0,428.0,410.0,11.951219512195122,26.097560975609756,20220101_38026_D06_S002,18.0,77.0,18.0,0.0,315.0,428.0,73.59813084112149,22.19626168224299,baja
2022,20230101_38026_D06_S003,38026_D06_S003,La Orotava,6,3,28837.0,10463.0,14236.0,12950.0,1.0993050193050193,2023,20230101_38026_D06_S003,6.8,10.2,20.3,3.9,58.9,20220101_38026_D06_S003,94.0,21.0,107.0,373.0,595.0,574.0,16.37630662020906,18.641114982578397,20220101_38026_D06_S003,6.0,96.0,33.0,0.0,460.0,595.0,77.3109243697479,21.680672268907564,baja
2022,20230101_38026_D06_S004,38026_D06_S004,La Orotava,6,4,32740.0,9702.0,14234.0,12950.0,1.0991505791505791,2023,20230101_38026_D06_S004,6.2,9.9,18.6,4.4,60.9,20220101_38026_D06_S004,53.0,40.0,187.0,366.0,646.0,606.0,8.745874587458745,30.858085808580856,20220101_38026_D06_S004,82.0,153.0,24.0,0.0,387.0,646.0,59.907120743034056,27.39938080495356,baja
2022,20230101_38027_D01_S001,38027_D01_S001,El Paso,1,1,37946.0,13042.0,18826.0,16450.0,1.144437689969605,2023,20230101_38027_D01_S001,5.2,14.4,18.1,4.7,57.6,20220101_38027_D01_S001,163.0,26.0,74.0,321.0,584.0,558.0,29.211469534050178,13.261648745519713,20220101_38027_D01_S001,35.0,64.0,36.0,0.0,449.0,584.0,76.88356164383562,17.123287671232877,media-baja
2022,20230101_38027_D02_S001,38027_D02_S001,El Paso,2,1,38535.0,13757.0,19650.0,16450.0,1.1945288753799392,2023,20230101_38027_D02_S001,5.5,15.5,18.0,4.3,56.7,20220101_38027_D02_S001,268.0,45.0,133.0,507.0,953.0,908.0,29.515418502202643,14.647577092511014,20220101_38027_D02_S001,53.0,75.0,45.0,0.0,780.0,953.0,81.84679958027283,12.591815320041972,media-baja
2022,20230101_38027_D03_S001,38027_D03_S001,El Paso,3,1,43064.0,14948.0,21211.0,16450.0,1.2894224924012159,2023,20230101_38027_D03_S001,3.9,22.2,19.2,3.3,51.4,20220101_38027_D03_S001,148.0,28.0,58.0,229.0,463.0,435.0,34.02298850574713,13.333333333333334,20220101_38027_D03_S001,34.0,46.0,14.0,3.0,366.0,460.0,79.56521739130434,13.043478260869565,media-baja
2022,20230101_38027_D03_S002,38027_D03_S002,El Paso,3,2,37739.0,14538.0,20350.0,16450.0,1.237082066869301,2023,20230101_38027_D03_S002,4.1,21.6,21.0,4.4,48.9,20220101_38027_D03_S002,156.0,25.0,63.0,229.0,473.0,448.0,34.82142857142857,14.0625,20220101_38027_D03_S002,31.0,39.0,18.0,0.0,385.0,473.0,81.3953488372093,12.050739957716702,media-baja
2022,20230101_38027_D04_S001,38027_D04_S001,El Paso,4,1,36563.0,13296.0,19384.0,16450.0,1.1783586626139817,2023,20230101_38027_D04_S001,11.7,13.4,18.8,4.4,51.7,20220101_38027_D04_S001,146.0,33.0,82.0,299.0,560.0,527.0,27.703984819734345,15.559772296015181,20220101_38027_D04_S001,72.0,54.0,26.0,0.0,408.0,560.0,72.85714285714286,14.285714285714286,media-baja
2022,20230101_38028_D01_S001,38028_D01_S001,Puerto de La Cruz,1,1,27808.0,14128.0,17201.0,13650.0,1.26014652014652,2023,20230101_38028_D01_S001,6.4,18.7,29.3,2.1,43.4,20220101_38028_D01_S001,116.0,16.0,31.0,157.0,320.0,304.0,38.1578947368421,10.197368421052632,20220101_38028_D01_S001,3.0,7.0,10.0,0.0,300.0,320.0,93.75,5.3125,media-baja
2022,20230101_38028_D01_S002,38028_D01_S002,Puerto de La Cruz,1,2,26103.0,13368.0,16087.0,12950.0,1.2422393822393822,2023,20230101_38028_D01_S002,5.2,17.7,29.4,3.0,44.8,20220101_38028_D01_S002,201.0,41.0,60.0,344.0,646.0,605.0,33.22314049586777,9.917355371900827,20220101_38028_D01_S002,5.0,21.0,17.0,0.0,603.0,646.0,93.343653250774,5.882352941176471,media-baja
2022,20230101_38028_D01_S003,38028_D01_S003,Puerto de La Cruz,1,3,47365.0,23698.0,27049.0,19250.0,1.4051428571428572,2023,20230101_38028_D01_S003,2.0,36.5,25.7,1.2,34.7,20220101_38028_D01_S003,464.0,78.0,47.0,481.0,1070.0,992.0,46.774193548387096,4.737903225806452,20220101_38028_D01_S003,19.0,38.0,35.0,0.0,978.0,1070.0,91.40186915887851,6.822429906542056,alta
2022,20230101_38028_D01_S004,38028_D01_S004,Puerto de La Cruz,1,4,46746.0,20284.0,24302.0,20650.0,1.1768523002421307,2023,20230101_38028_D01_S004,2.5,25.8,18.1,1.5,52.1,20220101_38028_D01_S004,466.0,54.0,50.0,353.0,923.0,869.0,53.62485615650173,5.7537399309551205,20220101_38028_D01_S004,3.0,41.0,27.0,0.0,852.0,923.0,92.3076923076923,7.367280606717227,alta
2022,20230101_38028_D02_S001,38028_D02_S001,Puerto de La Cruz,2,1,34410.0,17390.0,20180.0,15750.0,1.2812698412698413,2023,20230101_38028_D02_S001,2.5,25.9,30.1,2.0,39.6,20220101_38028_D02_S001,115.0,17.0,20.0,165.0,317.0,300.0,38.333333333333336,6.666666666666667,20220101_38028_D02_S001,4.0,16.0,8.0,0.0,289.0,317.0,91.16719242902208,7.570977917981073,media-alta
2022,20230101_38028_D02_S002,38028_D02_S002,Puerto de La Cruz,2,2,30242.0,15300.0,18583.0,15050.0,1.234750830564784,2023,20230101_38028_D02_S002,5.2,20.4,28.3,2.4,43.8,20220101_38028_D02_S002,92.0,12.0,25.0,119.0,248.0,236.0,38.983050847457626,10.59322033898305,20220101_38028_D02_S002,2.0,7.0,8.0,0.0,231.0,248.0,93.14516129032258,6.048387096774194,media-baja
2022,20230101_38028_D02_S003,38028_D02_S003,Puerto de La Cruz,2,3,37355.0,16863.0,20201.0,17150.0,1.1779008746355686,2023,20230101_38028_D02_S003,3.1,20.4,21.1,2.3,53.1,20220101_38028_D02_S003,205.0,28.0,26.0,227.0,486.0,458.0,44.75982532751092,5.676855895196507,20220101_38028_D02_S003,7.0,17.0,14.0,1.0,447.0,485.0,92.16494845360825,6.391752577319588,media-alta
2022,20230101_38028_D02_S004,38028_D02_S004,Puerto de La Cruz,2,4,39817.0,16233.0,20028.0,17150.0,1.1678134110787173,2023,20230101_38028_D02_S004,3.3,19.3,22.1,2.1,53.3,20220101_38028_D02_S004,347.0,46.0,77.0,406.0,876.0,830.0,41.80722891566265,9.27710843373494,20220101_38028_D02_S004,7.0,40.0,22.0,0.0,807.0,876.0,92.12328767123287,7.077625570776256,media-alta
2022,20230101_38028_D02_S005,38028_D02_S005,Puerto de La Cruz,2,5,39705.0,13749.0,18139.0,15050.0,1.2052491694352159,2023,20230101_38028_D02_S005,4.1,12.9,19.2,2.8,60.9,20220101_38028_D02_S005,198.0,27.0,113.0,420.0,758.0,731.0,27.086183310533517,15.45827633378933,20220101_38028_D02_S005,10.0,41.0,33.0,0.0,674.0,758.0,88.91820580474933,9.762532981530343,media-baja
2022,20230101_38028_D03_S001,38028_D03_S001,Puerto de La Cruz,3,1,33407.0,14622.0,18049.0,15750.0,1.1459682539682539,2023,20230101_38028_D03_S001,5.0,17.5,27.7,2.3,47.6,20220101_38028_D03_S001,118.0,16.0,33.0,182.0,349.0,333.0,35.43543543543544,9.90990990990991,20220101_38028_D03_S001,3.0,10.0,12.0,0.0,324.0,349.0,92.83667621776505,6.303724928366762,media-baja
2022,20230101_38028_D03_S002,38028_D03_S002,Puerto de La Cruz,3,2,30251.0,13758.0,16957.0,14350.0,1.1816724738675959,2023,20230101_38028_D03_S002,3.8,13.2,36.1,2.8,44.3,20220101_38028_D03_S002,101.0,11.0,42.0,218.0,372.0,361.0,27.977839335180054,11.634349030470915,20220101_38028_D03_S002,3.0,20.0,16.0,0.0,333.0,372.0,89.51612903225806,9.67741935483871,media-baja
2022,20230101_38028_D03_S003,38028_D03_S003,Puerto de La Cruz,3,3,26997.0,11873.0,15309.0,14350.0,1.066829268292683,2023,20230101_38028_D03_S003,5.7,5.6,28.9,3.3,56.5,20220101_38028_D03_S003,62.0,21.0,56.0,185.0,324.0,303.0,20.462046204620464,18.48184818481848,20220101_38028_D03_S003,2.0,7.0,17.0,0.0,298.0,324.0,91.9753086419753,7.407407407407407,baja
2022,20230101_38028_D03_S004,38028_D03_S004,Puerto de La Cruz,3,4,29719.0,13607.0,16909.0,15050.0,1.1235215946843853,2023,20230101_38028_D03_S004,4.7,12.8,30.0,3.0,49.5,20220101_38028_D03_S004,164.0,32.0,45.0,281.0,522.0,490.0,33.46938775510204,9.183673469387756,20220101_38028_D03_S004,8.0,23.0,15.0,0.0,476.0,522.0,91.18773946360153,7.2796934865900385,media-baja
2022,20230101_38028_D03_S005,38028_D03_S005,Puerto de La Cruz,3,5,33018.0,13122.0,16884.0,16450.0,1.0263829787234042,2023,20230101_38028_D03_S005,4.8,6.9,34.0,2.9,51.4,20220101_38028_D03_S005,84.0,11.0,61.0,257.0,413.0,402.0,20.895522388059703,15.17412935323383,20220101_38028_D03_S005,1.0,20.0,14.0,0.0,378.0,413.0,91.52542372881356,8.232445520581114,media-baja
2022,20230101_38028_D03_S006,38028_D03_S006,Puerto de La Cruz,3,6,27695.0,12607.0,16198.0,15050.0,1.0762790697674418,2023,20230101_38028_D03_S006,6.8,6.0,37.9,3.2,46.1,20220101_38028_D03_S006,83.0,20.0,47.0,230.0,380.0,360.0,23.055555555555557,13.055555555555555,20220101_38028_D03_S006,4.0,11.0,12.0,1.0,352.0,379.0,92.87598944591029,6.068601583113456,media-baja
2022,20230101_38028_D04_S001,38028_D04_S001,Puerto de La Cruz,4,1,33686.0,13455.0,17265.0,15750.0,1.0961904761904762,2023,20230101_38028_D04_S001,5.1,12.7,27.7,2.8,51.8,20220101_38028_D04_S001,98.0,22.0,59.0,301.0,480.0,458.0,21.397379912663755,12.882096069868995,20220101_38028_D04_S001,6.0,28.0,15.0,0.0,431.0,480.0,89.79166666666667,8.958333333333334,media-baja
2022,20230101_38028_D04_S002,38028_D04_S002,Puerto de La Cruz,4,2,29971.0,10307.0,14345.0,13650.0,1.050915750915751,2023,20230101_38028_D04_S002,7.7,6.0,24.3,4.6,57.4,20220101_38028_D04_S002,73.0,23.0,75.0,227.0,398.0,375.0,19.466666666666665,20.0,20220101_38028_D04_S002,8.0,33.0,10.0,1.0,346.0,397.0,87.15365239294711,10.831234256926953,baja
2022,20230101_38028_D04_S003,38028_D04_S003,Puerto de La Cruz,4,3,34766.0,11949.0,16310.0,14350.0,1.1365853658536584,2023,20230101_38028_D04_S003,4.7,12.9,21.9,3.6,56.9,20220101_38028_D04_S003,124.0,27.0,120.0,465.0,736.0,709.0,17.48942172073343,16.92524682651622,20220101_38028_D04_S003,14.0,40.0,25.0,0.0,657.0,736.0,89.2663043478261,8.831521739130435,baja
2022,20230101_38028_D04_S004,38028_D04_S004,Puerto de La Cruz,4,4,36779.0,13575.0,18104.0,16450.0,1.100547112462006,2023,20230101_38028_D04_S004,5.7,14.9,20.4,2.4,56.6,20220101_38028_D04_S004,217.0,22.0,54.0,286.0,579.0,557.0,38.95870736086176,9.694793536804308,20220101_38028_D04_S004,13.0,28.0,17.0,1.0,520.0,578.0,89.96539792387543,7.7854671280276815,media-baja
2022,20230101_38028_D04_S005,38028_D04_S005,Puerto de La Cruz,4,5,28956.0,10230.0,14290.0,12950.0,1.1034749034749034,2023,20230101_38028_D04_S005,8.7,4.8,29.6,4.5,52.6,20220101_38028_D04_S005,42.0,14.0,64.0,176.0,296.0,282.0,14.893617021276595,22.69503546099291,20220101_38028_D04_S005,4.0,21.0,11.0,0.0,260.0,296.0,87.83783783783784,10.81081081081081,baja
2022,20230101_38029_D01_S001,38029_D01_S001,Puntagorda,1,1,26775.0,9743.0,14220.0,11550.0,1.2311688311688311,2023,20230101_38029_D01_S001,3.5,17.9,19.9,4.3,54.4,20220101_38029_D01_S001,86.0,19.0,57.0,201.0,363.0,344.0,25.0,16.569767441860463,20220101_38029_D01_S001,41.0,65.0,19.0,0.0,238.0,363.0,65.56473829201101,23.140495867768596,baja
2022,20230101_38029_D01_S002,38029_D01_S002,Puntagorda,1,2,29038.0,10142.0,15169.0,12950.0,1.1713513513513514,2023,20230101_38029_D01_S002,4.4,15.8,19.4,3.4,56.9,20220101_38029_D01_S002,99.0,23.0,40.0,223.0,385.0,362.0,27.34806629834254,11.049723756906078,20220101_38029_D01_S002,38.0,44.0,20.0,1.0,282.0,384.0,73.4375,16.666666666666668,baja
2022,20230101_38030_D01_S001,38030_D01_S001,Puntallana,1,1,39563.0,14432.0,20305.0,17150.0,1.1839650145772596,2023,20230101_38030_D01_S001,4.2,14.2,18.8,2.7,60.0,20220101_38030_D01_S001,143.0,35.0,92.0,299.0,569.0,534.0,26.779026217228463,17.228464419475657,20220101_38030_D01_S001,37.0,58.0,22.0,0.0,452.0,569.0,79.43760984182776,14.0597539543058,media-baja
2022,20230101_38030_D01_S002,38030_D01_S002,Puntallana,1,2,39994.0,14177.0,20416.0,17850.0,1.1437535014005602,2023,20230101_38030_D01_S002,2.6,14.4,23.6,1.9,57.5,20220101_38030_D01_S002,123.0,36.0,61.0,213.0,433.0,397.0,30.9823677581864,15.365239294710328,20220101_38030_D01_S002,55.0,34.0,29.0,0.0,315.0,433.0,72.74826789838338,14.549653579676674,media-baja
2022,20230101_38031_D01_S001,38031_D01_S001,Los Realejos,1,1,33172.0,12022.0,16434.0,15050.0,1.0919601328903654,2023,20230101_38031_D01_S001,4.7,8.7,25.0,3.5,58.1,20220101_38031_D01_S001,85.0,14.0,65.0,197.0,361.0,347.0,24.495677233429394,18.73198847262248,20220101_38031_D01_S001,9.0,32.0,19.0,1.0,300.0,360.0,83.33333333333333,14.166666666666666,media-baja
2022,20230101_38031_D01_S002,38031_D01_S002,Los Realejos,1,2,37804.0,13244.0,17418.0,15750.0,1.105904761904762,2023,20230101_38031_D01_S002,4.4,12.5,17.7,3.0,62.4,20220101_38031_D01_S002,263.0,58.0,86.0,537.0,944.0,886.0,29.68397291196388,9.706546275395034,20220101_38031_D01_S002,8.0,57.0,57.0,0.0,822.0,944.0,87.07627118644068,12.076271186440678,media-baja
2022,20230101_38031_D01_S003,38031_D01_S003,Los Realejos,1,3,34789.0,12956.0,16891.0,15050.0,1.1223255813953488,2023,20230101_38031_D01_S003,4.5,10.4,18.5,3.3,63.3,20220101_38031_D01_S003,247.0,36.0,78.0,486.0,847.0,811.0,30.456226880394574,9.617755856966708,20220101_38031_D01_S003,11.0,59.0,43.0,0.0,734.0,847.0,86.65879574970484,12.04250295159386,media-baja
2022,20230101_38031_D01_S004,38031_D01_S004,Los Realejos,1,4,32477.0,13068.0,16666.0,15050.0,1.107375415282392,2023,20230101_38031_D01_S004,4.3,9.3,20.0,3.5,62.9,20220101_38031_D01_S004,270.0,45.0,122.0,579.0,1016.0,971.0,27.80638516992791,12.564366632337796,20220101_38031_D01_S004,16.0,61.0,34.0,1.0,904.0,1015.0,89.06403940886699,9.35960591133005,media-baja
2022,20230101_38031_D01_S005,38031_D01_S005,Los Realejos,1,5,33136.0,11419.0,15579.0,14350.0,1.0856445993031358,2023,20230101_38031_D01_S005,4.3,8.1,20.1,3.6,63.9,20220101_38031_D01_S005,151.0,34.0,103.0,437.0,725.0,691.0,21.852387843704776,14.905933429811867,20220101_38031_D01_S005,14.0,65.0,37.0,0.0,609.0,725.0,84.0,14.068965517241379,baja
2022,20230101_38031_D01_S006,38031_D01_S006,Los Realejos,1,6,32864.0,12991.0,16744.0,15050.0,1.1125581395348838,2023,20230101_38031_D01_S006,3.4,12.4,17.2,3.0,64.1,20220101_38031_D01_S006,133.0,20.0,63.0,306.0,522.0,502.0,26.49402390438247,12.549800796812749,20220101_38031_D01_S006,11.0,33.0,23.0,0.0,455.0,522.0,87.16475095785441,10.727969348659004,media-baja
2022,20230101_38031_D01_S007,38031_D01_S007,Los Realejos,1,7,32377.0,10466.0,14920.0,15050.0,0.9913621262458472,2023,20230101_38031_D01_S007,5.2,7.2,21.4,4.3,61.9,20220101_38031_D01_S007,78.0,8.0,75.0,269.0,430.0,422.0,18.48341232227488,17.77251184834123,20220101_38031_D01_S007,9.0,76.0,26.0,0.0,319.0,430.0,74.18604651162791,23.72093023255814,baja
2022,20230101_38031_D01_S008,38031_D01_S008,Los Realejos,1,8,36650.0,13123.0,17261.0,15750.0,1.095936507936508,2023,20230101_38031_D01_S008,3.8,12.7,13.9,3.1,66.6,20220101_38031_D01_S008,184.0,22.0,69.0,394.0,669.0,647.0,28.438948995363216,10.664605873261205,20220101_38031_D01_S008,8.0,46.0,33.0,0.0,582.0,669.0,86.99551569506727,11.80866965620329,media-baja
2022,20230101_38031_D02_S001,38031_D02_S001,Los Realejos,2,1,33828.0,12609.0,16731.0,15050.0,1.1116943521594684,2023,20230101_38031_D02_S001,4.3,10.3,22.3,3.2,59.9,20220101_38031_D02_S001,218.0,30.0,75.0,376.0,699.0,669.0,32.58594917787743,11.210762331838565,20220101_38031_D02_S001,14.0,59.0,35.0,0.0,591.0,699.0,84.54935622317596,13.447782546494993,media-baja
2022,20230101_38031_D02_S002,38031_D02_S002,Los Realejos,2,2,38208.0,12516.0,17186.0,15750.0,1.0911746031746032,2023,20230101_38031_D02_S002,4.0,8.7,17.9,2.9,66.5,20220101_38031_D02_S002,146.0,21.0,63.0,338.0,568.0,547.0,26.691042047531994,11.517367458866545,20220101_38031_D02_S002,11.0,59.0,34.0,1.0,463.0,567.0,81.65784832451499,16.402116402116402,media-baja
2022,20230101_38031_D02_S003,38031_D02_S003,Los Realejos,2,3,32928.0,10382.0,14712.0,13650.0,1.0778021978021979,2023,20230101_38031_D02_S003,5.6,5.8,24.4,4.4,59.8,20220101_38031_D02_S003,98.0,15.0,91.0,317.0,521.0,506.0,19.367588932806324,17.984189723320156,20220101_38031_D02_S003,14.0,63.0,31.0,0.0,413.0,521.0,79.27063339731286,18.042226487523994,baja
2022,20230101_38031_D03_S001,38031_D03_S001,Los Realejos,3,1,33091.0,11379.0,15740.0,14350.0,1.0968641114982578,2023,20230101_38031_D03_S001,5.4,11.2,21.0,3.9,58.5,20220101_38031_D03_S001,105.0,29.0,85.0,392.0,611.0,582.0,18.04123711340206,14.604810996563574,20220101_38031_D03_S001,16.0,72.0,32.0,0.0,491.0,611.0,80.36006546644845,17.02127659574468,baja
2022,20230101_38031_D03_S002,38031_D03_S002,Los Realejos,3,2,35510.0,11654.0,16239.0,15050.0,1.0790033222591362,2023,20230101_38031_D03_S002,4.1,10.9,22.8,3.9,58.4,20220101_38031_D03_S002,85.0,21.0,74.0,264.0,444.0,423.0,20.094562647754138,17.494089834515368,20220101_38031_D03_S002,15.0,43.0,28.0,0.0,358.0,444.0,80.63063063063063,15.99099099099099,baja
2022,20230101_38031_D03_S003,38031_D03_S003,Los Realejos,3,3,29206.0,10187.0,14213.0,12950.0,1.0975289575289575,2023,20230101_38031_D03_S003,6.4,5.4,23.9,5.3,59.1,20220101_38031_D03_S003,96.0,22.0,115.0,349.0,582.0,560.0,17.142857142857142,20.535714285714285,20220101_38031_D03_S003,27.0,61.0,21.0,1.0,472.0,581.0,81.23924268502581,14.113597246127366,baja
2022,20230101_38031_D03_S004,38031_D03_S004,Los Realejos,3,4,39162.0,13729.0,18156.0,16450.0,1.1037082066869301,2023,20230101_38031_D03_S004,3.8,10.4,18.0,2.9,64.9,20220101_38031_D03_S004,168.0,15.0,38.0,314.0,535.0,520.0,32.30769230769231,7.3076923076923075,20220101_38031_D03_S004,8.0,24.0,15.0,0.0,488.0,535.0,91.21495327102804,7.289719626168225,media-baja
2022,20230101_38031_D03_S005,38031_D03_S005,Los Realejos,3,5,33911.0,11640.0,15993.0,15750.0,1.0154285714285713,2023,20230101_38031_D03_S005,4.6,9.9,24.4,3.4,57.7,20220101_38031_D03_S005,125.0,18.0,82.0,374.0,599.0,581.0,21.514629948364888,14.113597246127366,20220101_38031_D03_S005,20.0,50.0,26.0,0.0,503.0,599.0,83.97328881469114,12.687813021702839,baja
2022,20230101_38031_D04_S001,38031_D04_S001,Los Realejos,4,1,30021.0,12944.0,16514.0,15050.0,1.0972757475083057,2023,20230101_38031_D04_S001,4.4,11.9,19.9,4.2,59.6,20220101_38031_D04_S001,150.0,22.0,77.0,344.0,593.0,571.0,26.26970227670753,13.485113835376533,20220101_38031_D04_S001,5.0,36.0,14.0,0.0,538.0,593.0,90.72512647554807,8.431703204047217,media-baja
2022,20230101_38031_D04_S002,38031_D04_S002,Los Realejos,4,2,38380.0,15716.0,19476.0,16450.0,1.183951367781155,2023,20230101_38031_D04_S002,2.6,15.7,15.8,2.0,63.9,20220101_38031_D04_S002,236.0,41.0,58.0,396.0,731.0,690.0,34.20289855072464,8.405797101449275,20220101_38031_D04_S002,12.0,38.0,25.0,0.0,656.0,731.0,89.74008207934337,8.618331053351573,media-baja
2022,20230101_38031_D04_S003,38031_D04_S003,Los Realejos,4,3,44890.0,17978.0,22802.0,17850.0,1.277422969187675,2023,20230101_38031_D04_S003,3.0,21.1,22.5,1.7,51.7,20220101_38031_D04_S003,219.0,21.0,38.0,230.0,508.0,487.0,44.969199178644764,7.8028747433264884,20220101_38031_D04_S003,8.0,26.0,22.0,0.0,452.0,508.0,88.97637795275591,9.448818897637794,media-alta
2022,20230101_38031_D04_S004,38031_D04_S004,Los Realejos,4,4,29063.0,12289.0,16081.0,13650.0,1.178095238095238,2023,20230101_38031_D04_S004,4.2,14.8,22.3,3.5,55.2,20220101_38031_D04_S004,129.0,29.0,74.0,305.0,537.0,508.0,25.393700787401574,14.566929133858268,20220101_38031_D04_S004,14.0,35.0,14.0,0.0,474.0,537.0,88.26815642458101,9.124767225325884,media-baja
2022,20230101_38031_D05_S001,38031_D05_S001,Los Realejos,5,1,35257.0,10333.0,14984.0,14350.0,1.0441811846689895,2023,20230101_38031_D05_S001,4.8,4.3,27.3,5.0,58.6,20220101_38031_D05_S001,61.0,13.0,110.0,208.0,392.0,379.0,16.094986807387862,29.023746701846967,20220101_38031_D05_S001,23.0,80.0,8.0,0.0,281.0,392.0,71.68367346938776,22.448979591836736,baja
2022,20230101_38031_D05_S002,38031_D05_S002,Los Realejos,5,2,32694.0,10363.0,15075.0,14350.0,1.0505226480836236,2023,20230101_38031_D05_S002,6.7,4.1,26.7,5.0,57.6,20220101_38031_D05_S002,41.0,16.0,128.0,233.0,418.0,402.0,10.199004975124378,31.8407960199005,20220101_38031_D05_S002,46.0,93.0,18.0,0.0,261.0,418.0,62.44019138755981,26.555023923444978,baja
2022,20230101_38031_D05_S003,38031_D05_S003,Los Realejos,5,3,33219.0,10302.0,15107.0,15050.0,1.0037873754152824,2023,20230101_38031_D05_S003,4.9,6.4,23.2,5.8,59.8,20220101_38031_D05_S003,42.0,17.0,108.0,187.0,354.0,337.0,12.462908011869436,32.047477744807125,20220101_38031_D05_S003,20.0,66.0,14.0,0.0,254.0,354.0,71.75141242937853,22.598870056497177,baja
2022,20230101_38031_D06_S001,38031_D06_S001,Los Realejos,6,1,33287.0,9933.0,14536.0,13650.0,1.0649084249084249,2023,20230101_38031_D06_S001,7.8,6.7,21.6,5.1,58.8,20220101_38031_D06_S001,54.0,13.0,126.0,254.0,447.0,434.0,12.442396313364055,29.032258064516128,20220101_38031_D06_S001,25.0,104.0,26.0,0.0,292.0,447.0,65.32438478747204,29.082774049217,baja
2022,20230101_38031_D06_S002,38031_D06_S002,Los Realejos,6,2,34983.0,9602.0,14339.0,13650.0,1.0504761904761906,2023,20230101_38031_D06_S002,7.1,7.5,22.9,4.8,57.8,20220101_38031_D06_S002,69.0,25.0,128.0,351.0,573.0,548.0,12.591240875912408,23.357664233576642,20220101_38031_D06_S002,55.0,129.0,29.0,0.0,360.0,573.0,62.82722513089005,27.574171029668413,baja
2022,20230101_38032_D01_S001,38032_D01_S001,El Rosario,1,1,45178.0,16227.0,20893.0,17850.0,1.1704761904761904,2023,20230101_38032_D01_S001,3.7,11.9,19.6,2.2,62.6,20220101_38032_D01_S001,118.0,10.0,47.0,168.0,343.0,333.0,35.43543543543544,14.114114114114114,20220101_38032_D01_S001,2.0,26.0,21.0,0.0,294.0,343.0,85.71428571428571,13.70262390670554,media-alta
2022,20230101_38032_D01_S002,38032_D01_S002,El Rosario,1,2,41883.0,13597.0,18295.0,16450.0,1.1121580547112462,2023,20230101_38032_D01_S002,3.5,8.6,24.7,3.2,60.0,20220101_38032_D01_S002,61.0,14.0,58.0,172.0,305.0,291.0,20.962199312714777,19.93127147766323,20220101_38032_D01_S002,6.0,14.0,32.0,0.0,253.0,305.0,82.95081967213115,15.081967213114755,media-baja
2022,20230101_38032_D01_S003,38032_D01_S003,El Rosario,1,3,46001.0,15431.0,19860.0,17150.0,1.1580174927113702,2023,20230101_38032_D01_S003,3.3,11.8,21.2,2.2,61.6,20220101_38032_D01_S003,264.0,25.0,119.0,375.0,783.0,758.0,34.82849604221636,15.699208443271768,20220101_38032_D01_S003,14.0,54.0,49.0,0.0,666.0,783.0,85.05747126436782,13.154533844189016,media-baja
2022,20230101_38032_D01_S004,38032_D01_S004,El Rosario,1,4,50145.0,22909.0,26300.0,23450.0,1.1215351812366738,2023,20230101_38032_D01_S004,2.7,15.6,11.6,1.7,68.6,20220101_38032_D01_S004,436.0,43.0,43.0,388.0,910.0,867.0,50.2883506343714,4.959630911188005,20220101_38032_D01_S004,1.0,35.0,39.0,0.0,835.0,910.0,91.75824175824175,8.131868131868131,alta
2022,20230101_38032_D01_S005,38032_D01_S005,El Rosario,1,5,37177.0,12657.0,17167.0,15750.0,1.089968253968254,2023,20230101_38032_D01_S005,5.1,9.2,24.7,4.0,57.1,20220101_38032_D01_S005,51.0,13.0,62.0,166.0,292.0,279.0,18.27956989247312,22.22222222222222,20220101_38032_D01_S005,10.0,25.0,25.0,0.0,232.0,292.0,79.45205479452055,17.123287671232877,media-baja
2022,20230101_38032_D01_S006,38032_D01_S006,El Rosario,1,6,64095.0,25576.0,30051.0,26250.0,1.1448,2023,20230101_38032_D01_S006,2.4,17.9,11.9,1.2,66.5,20220101_38032_D01_S006,566.0,45.0,28.0,332.0,971.0,926.0,61.1231101511879,3.023758099352052,20220101_38032_D01_S006,6.0,41.0,35.0,0.0,889.0,971.0,91.55509783728115,7.826982492276004,alta
2022,20230101_38032_D01_S007,38032_D01_S007,El Rosario,1,7,45735.0,14082.0,19257.0,17150.0,1.1228571428571428,2023,20230101_38032_D01_S007,4.5,10.3,20.6,2.1,62.5,20220101_38032_D01_S007,176.0,25.0,48.0,353.0,602.0,577.0,30.502599653379548,8.31889081455806,20220101_38032_D01_S007,3.0,39.0,47.0,0.0,513.0,602.0,85.21594684385381,14.285714285714286,media-baja
2022,20230101_38032_D01_S008,38032_D01_S008,El Rosario,1,8,64283.0,22091.0,27222.0,24850.0,1.0954527162977867,2023,20230101_38032_D01_S008,3.0,12.2,18.9,1.2,64.9,20220101_38032_D01_S008,375.0,44.0,20.0,299.0,738.0,694.0,54.03458213256484,2.881844380403458,20220101_38032_D01_S008,3.0,31.0,29.0,0.0,675.0,738.0,91.46341463414635,8.130081300813009,alta
2022,20230101_38032_D01_S009,38032_D01_S009,El Rosario,1,9,49222.0,15067.0,20043.0,18550.0,1.0804851752021563,2023,20230101_38032_D01_S009,4.0,11.3,22.4,2.7,59.6,20220101_38032_D01_S009,93.0,18.0,50.0,148.0,309.0,291.0,31.95876288659794,17.18213058419244,20220101_38032_D01_S009,3.0,23.0,15.0,0.0,268.0,309.0,86.73139158576052,12.297734627831716,media-baja
2022,20230101_38032_D01_S010,38032_D01_S010,El Rosario,1,10,43893.0,14818.0,19356.0,17150.0,1.1286297376093295,2023,20230101_38032_D01_S010,3.8,10.4,23.6,2.6,59.6,20220101_38032_D01_S010,180.0,26.0,110.0,351.0,667.0,641.0,28.0811232449298,17.160686427457097,20220101_38032_D01_S010,10.0,57.0,72.0,0.0,528.0,667.0,79.16041979010495,19.340329835082457,media-baja
2022,20230101_38032_D01_S011,38032_D01_S011,El Rosario,1,11,64482.0,24330.0,29256.0,26250.0,1.1145142857142858,2023,20230101_38032_D01_S011,2.3,18.7,8.8,1.2,69.0,20220101_38032_D01_S011,448.0,46.0,37.0,334.0,865.0,819.0,54.7008547008547,4.517704517704518,20220101_38032_D01_S011,3.0,54.0,35.0,1.0,772.0,864.0,89.35185185185185,10.300925925925926,alta
2022,20230101_38032_D01_S012,38032_D01_S012,El Rosario,1,12,79305.0,30497.0,35242.0,28350.0,1.2431040564373899,2023,20230101_38032_D01_S012,1.8,22.5,12.7,1.0,62.1,20220101_38032_D01_S012,377.0,37.0,10.0,226.0,650.0,613.0,61.500815660685156,1.6313213703099512,20220101_38032_D01_S012,6.0,25.0,25.0,0.0,594.0,650.0,91.38461538461539,7.6923076923076925,alta
2022,20230101_38032_D01_S013,38032_D01_S013,El Rosario,1,13,62685.0,21824.0,27082.0,24850.0,1.0898189134808853,2023,20230101_38032_D01_S013,2.8,16.4,12.1,1.2,67.5,20220101_38032_D01_S013,260.0,26.0,35.0,179.0,500.0,474.0,54.85232067510549,7.383966244725738,20220101_38032_D01_S013,2.0,20.0,32.0,0.0,446.0,500.0,89.2,10.4,alta
2022,20230101_38033_D01_S001,38033_D01_S001,San Andrés y Sauces,1,1,39352.0,14310.0,20005.0,17150.0,1.166472303206997,2023,20230101_38033_D01_S001,3.4,19.0,22.3,2.5,52.8,20220101_38033_D01_S001,132.0,30.0,67.0,255.0,484.0,454.0,29.07488986784141,14.757709251101321,20220101_38033_D01_S001,64.0,39.0,29.0,1.0,351.0,483.0,72.67080745341615,14.078674948240165,media-baja
2022,20230101_38033_D01_S002,38033_D01_S002,San Andrés y Sauces,1,2,37575.0,13806.0,19308.0,16450.0,1.1737386018237081,2023,20230101_38033_D01_S002,3.7,20.6,17.2,2.3,56.1,20220101_38033_D01_S002,65.0,24.0,32.0,169.0,290.0,266.0,24.43609022556391,12.030075187969924,20220101_38033_D01_S002,31.0,18.0,18.0,2.0,221.0,288.0,76.73611111111111,12.5,media-baja
2022,20230101_38033_D01_S003,38033_D01_S003,San Andrés y Sauces,1,3,36845.0,13729.0,19060.0,16450.0,1.1586626139817628,2023,20230101_38033_D01_S003,4.3,19.4,23.7,1.8,50.8,20220101_38033_D01_S003,133.0,48.0,74.0,281.0,536.0,488.0,27.25409836065574,15.163934426229508,20220101_38033_D01_S003,71.0,39.0,39.0,2.0,385.0,534.0,72.09737827715355,14.606741573033707,media-baja
2022,20230101_38033_D02_S001,38033_D02_S001,San Andrés y Sauces,2,1,38627.0,14082.0,19763.0,17150.0,1.1523615160349854,2023,20230101_38033_D02_S001,4.3,15.1,26.7,1.6,52.3,20220101_38033_D02_S001,114.0,41.0,74.0,260.0,489.0,448.0,25.446428571428573,16.517857142857142,20220101_38033_D02_S001,77.0,31.0,29.0,1.0,351.0,488.0,71.92622950819673,12.295081967213115,media-baja
2022,20230101_38034_D01_S001,38034_D01_S001,San Juan de la Rambla,1,1,41044.0,15217.0,20127.0,17150.0,1.1735860058309038,2023,20230101_38034_D01_S001,4.1,15.2,24.8,1.9,54.0,20220101_38034_D01_S001,185.0,14.0,58.0,223.0,480.0,466.0,39.69957081545064,12.446351931330472,20220101_38034_D01_S001,20.0,29.0,13.0,0.0,418.0,480.0,87.08333333333333,8.75,media-baja
2022,20230101_38034_D01_S002,38034_D01_S002,San Juan de la Rambla,1,2,31181.0,11346.0,15690.0,15050.0,1.0425249169435216,2023,20230101_38034_D01_S002,5.2,7.8,15.6,4.1,67.3,20220101_38034_D01_S002,125.0,29.0,143.0,410.0,707.0,678.0,18.436578171091444,21.091445427728612,20220101_38034_D01_S002,43.0,65.0,25.0,0.0,574.0,707.0,81.18811881188118,12.72984441301273,baja
2022,20230101_38034_D01_S003,38034_D01_S003,San Juan de la Rambla,1,3,28885.0,10461.0,14560.0,14350.0,1.0146341463414634,2023,20230101_38034_D01_S003,5.3,6.5,21.9,4.5,61.8,20220101_38034_D01_S003,42.0,14.0,46.0,163.0,265.0,251.0,16.733067729083665,18.326693227091635,20220101_38034_D01_S003,18.0,46.0,10.0,0.0,191.0,265.0,72.0754716981132,21.132075471698112,baja
2022,20230101_38034_D01_S004,38034_D01_S004,San Juan de la Rambla,1,4,28677.0,10987.0,14908.0,14350.0,1.0388850174216029,2023,20230101_38034_D01_S004,5.7,8.2,16.8,4.1,65.3,20220101_38034_D01_S004,59.0,20.0,97.0,269.0,445.0,425.0,13.882352941176471,22.823529411764707,20220101_38034_D01_S004,35.0,88.0,21.0,0.0,301.0,445.0,67.64044943820225,24.49438202247191,baja
2022,20230101_38035_D01_S001,38035_D01_S001,San Miguel de Abona,1,1,44294.0,15279.0,20409.0,17850.0,1.143361344537815,2023,20230101_38035_D01_S001,3.1,17.8,18.3,2.3,58.5,20220101_38035_D01_S001,266.0,38.0,147.0,560.0,1011.0,973.0,27.33812949640288,15.107913669064748,20220101_38035_D01_S001,20.0,75.0,58.0,0.0,858.0,1011.0,84.86646884272997,13.155291790306627,media-baja
2022,20230101_38035_D01_S002,38035_D01_S002,San Miguel de Abona,1,2,37350.0,12579.0,17307.0,15750.0,1.0988571428571428,2023,20230101_38035_D01_S002,3.5,14.9,17.4,3.4,60.9,20220101_38035_D01_S002,159.0,32.0,135.0,483.0,809.0,777.0,20.463320463320464,17.374517374517374,20220101_38035_D01_S002,23.0,60.0,33.0,0.0,693.0,809.0,85.66131025957972,11.495673671199011,media-baja
2022,20230101_38035_D01_S003,38035_D01_S003,San Miguel de Abona,1,3,42553.0,14083.0,18932.0,17150.0,1.1039067055393585,2023,20230101_38035_D01_S003,3.1,17.1,15.8,2.9,61.1,20220101_38035_D01_S003,184.0,49.0,142.0,588.0,963.0,914.0,20.13129102844639,15.536105032822757,20220101_38035_D01_S003,19.0,62.0,54.0,1.0,827.0,962.0,85.96673596673597,12.058212058212058,media-baja
2022,20230101_38035_D01_S004,38035_D01_S004,San Miguel de Abona,1,4,25799.0,10372.0,14518.0,12950.0,1.1210810810810812,2023,20230101_38035_D01_S004,2.8,17.8,14.4,2.7,62.3,20220101_38035_D01_S004,467.0,110.0,292.0,1277.0,2146.0,2036.0,22.93713163064833,14.341846758349705,20220101_38035_D01_S004,34.0,116.0,61.0,0.0,1935.0,2146.0,90.16775396085741,8.247903075489283,baja
2022,20230101_38035_D01_S005,38035_D01_S005,San Miguel de Abona,1,5,37532.0,12305.0,16854.0,15050.0,1.1198671096345516,2023,20230101_38035_D01_S005,3.7,19.1,15.2,3.4,58.7,20220101_38035_D01_S005,81.0,13.0,88.0,222.0,404.0,391.0,20.71611253196931,22.506393861892583,20220101_38035_D01_S005,15.0,25.0,41.0,0.0,323.0,404.0,79.95049504950495,16.336633663366335,media-baja
2022,20230101_38035_D01_S006,38035_D01_S006,San Miguel de Abona,1,6,30800.0,11053.0,15151.0,14350.0,1.0558188153310104,2023,20230101_38035_D01_S006,4.7,8.3,9.4,3.6,74.2,20220101_38035_D01_S006,81.0,35.0,157.0,394.0,667.0,632.0,12.816455696202532,24.841772151898734,20220101_38035_D01_S006,24.0,39.0,25.0,0.0,579.0,667.0,86.80659670164917,9.5952023988006,baja
2022,20230101_38035_D01_S007,38035_D01_S007,San Miguel de Abona,1,7,38405.0,12735.0,17211.0,15750.0,1.0927619047619048,2023,20230101_38035_D01_S007,3.2,12.2,5.9,2.9,75.8,20220101_38035_D01_S007,234.0,52.0,111.0,568.0,965.0,913.0,25.629791894852136,12.157721796276013,20220101_38035_D01_S007,15.0,56.0,35.0,0.0,859.0,965.0,89.01554404145078,9.430051813471502,media-baja
2022,20230101_38035_D01_S008,38035_D01_S008,San Miguel de Abona,1,8,40169.0,13829.0,18492.0,16450.0,1.1241337386018238,2023,20230101_38035_D01_S008,2.6,18.9,6.6,2.4,69.5,20220101_38035_D01_S008,277.0,43.0,109.0,653.0,1082.0,1039.0,26.660250240615976,10.490856592877767,20220101_38035_D01_S008,14.0,37.0,32.0,0.0,999.0,1082.0,92.32902033271719,6.377079482439926,media-baja
2022,20230101_38035_D01_S009,38035_D01_S009,San Miguel de Abona,1,9,29883.0,10858.0,14767.0,14350.0,1.0290592334494773,2023,20230101_38035_D01_S009,4.0,9.5,10.8,4.1,71.7,20220101_38035_D01_S009,137.0,39.0,236.0,576.0,988.0,949.0,14.436248682824026,24.868282402528976,20220101_38035_D01_S009,48.0,59.0,41.0,0.0,840.0,988.0,85.02024291497976,10.121457489878543,baja
2022,20230101_38036_D01_S001,38036_D01_S001,San Sebastián de La Gomera,1,1,49749.0,19470.0,23916.0,20650.0,1.1581598062953995,2023,20230101_38036_D01_S001,2.7,15.2,19.5,1.4,61.2,20220101_38036_D01_S001,460.0,55.0,154.0,561.0,1230.0,1175.0,39.148936170212764,13.106382978723405,20220101_38036_D01_S001,28.0,87.0,35.0,0.0,1080.0,1230.0,87.8048780487805,9.91869918699187,media-alta
2022,20230101_38036_D01_S002,38036_D01_S002,San Sebastián de La Gomera,1,2,36180.0,14288.0,19597.0,18550.0,1.05644204851752,2023,20230101_38036_D01_S002,4.8,8.6,21.0,2.2,63.4,20220101_38036_D01_S002,189.0,46.0,133.0,439.0,807.0,761.0,24.83574244415243,17.47700394218134,20220101_38036_D01_S002,21.0,77.0,23.0,0.0,686.0,807.0,85.00619578686494,12.391573729863692,media-baja
2022,20230101_38036_D01_S003,38036_D01_S003,San Sebastián de La Gomera,1,3,40667.0,15386.0,20652.0,18550.0,1.1133153638814015,2023,20230101_38036_D01_S003,5.0,11.9,18.7,2.3,62.2,20220101_38036_D01_S003,84.0,11.0,51.0,165.0,311.0,300.0,28.0,17.0,20220101_38036_D01_S003,11.0,23.0,17.0,0.0,260.0,311.0,83.60128617363344,12.861736334405144,media-baja
2022,20230101_38036_D01_S005,38036_D01_S005,San Sebastián de La Gomera,1,5,42837.0,15502.0,20742.0,18550.0,1.118167115902965,2023,20230101_38036_D01_S005,3.2,9.7,15.5,2.2,69.3,20220101_38036_D01_S005,258.0,45.0,142.0,416.0,861.0,816.0,31.61764705882353,17.401960784313726,20220101_38036_D01_S005,32.0,79.0,27.0,1.0,722.0,860.0,83.95348837209302,12.325581395348838,media-baja
2022,20230101_38036_D01_S006,38036_D01_S006,San Sebastián de La Gomera,1,6,40890.0,16542.0,20886.0,18550.0,1.1259299191374663,2023,20230101_38036_D01_S006,3.7,11.2,19.8,2.2,63.2,20220101_38036_D01_S006,199.0,27.0,74.0,263.0,563.0,536.0,37.12686567164179,13.805970149253731,20220101_38036_D01_S006,15.0,47.0,20.0,0.0,481.0,563.0,85.43516873889875,11.900532859680284,media-alta
2022,20230101_38036_D01_S007,38036_D01_S007,San Sebastián de La Gomera,1,7,38204.0,13152.0,17697.0,17150.0,1.0318950437317784,2023,20230101_38036_D01_S007,5.2,7.3,16.5,3.4,67.7,20220101_38036_D01_S007,75.0,11.0,87.0,192.0,365.0,354.0,21.1864406779661,24.576271186440678,20220101_38036_D01_S007,11.0,38.0,17.0,0.0,299.0,365.0,81.91780821917808,15.068493150684931,media-baja
2022,20230101_38036_D01_S008,38036_D01_S008,San Sebastián de La Gomera,1,8,43899.0,16530.0,20887.0,18550.0,1.1259838274932614,2023,20230101_38036_D01_S008,2.9,9.1,9.7,1.7,76.7,,,,,,,,,,20220101_38036_D01_S008,0.0,0.0,0.0,0.0,0.0,0.0,,,media-alta
2022,20230101_38037_D01_S001,38037_D01_S001,Santa Cruz de La Palma,1,1,48145.0,19088.0,25365.0,19950.0,1.2714285714285714,2023,20230101_38037_D01_S001,2.6,18.5,21.3,1.8,55.8,20220101_38037_D01_S001,175.0,25.0,48.0,253.0,501.0,476.0,36.76470588235294,10.084033613445378,20220101_38037_D01_S001,15.0,23.0,15.0,1.0,447.0,500.0,89.4,7.6,media-alta
2022,20230101_38037_D01_S002,38037_D01_S002,Santa Cruz de La Palma,1,2,34823.0,13417.0,18462.0,15750.0,1.1721904761904762,2023,20230101_38037_D01_S002,4.8,6.5,24.5,2.8,61.4,20220101_38037_D01_S002,103.0,16.0,85.0,211.0,415.0,399.0,25.81453634085213,21.303258145363408,20220101_38037_D01_S002,12.0,34.0,14.0,0.0,355.0,415.0,85.5421686746988,11.566265060240964,media-baja
2022,20230101_38037_D01_S003,38037_D01_S003,Santa Cruz de La Palma,1,3,44616.0,17265.0,22874.0,18550.0,1.233099730458221,2023,20230101_38037_D01_S003,3.1,13.6,20.9,1.9,60.4,20220101_38037_D01_S003,322.0,35.0,105.0,398.0,860.0,825.0,39.03030303030303,12.727272727272727,20220101_38037_D01_S003,16.0,46.0,18.0,0.0,780.0,860.0,90.69767441860465,7.441860465116279,media-alta
2022,20230101_38037_D02_S001,38037_D02_S001,Santa Cruz de La Palma,2,1,49926.0,19698.0,25867.0,20650.0,1.252639225181598,2023,20230101_38037_D02_S001,2.0,19.8,25.5,1.5,51.2,20220101_38037_D02_S001,133.0,10.0,34.0,144.0,321.0,311.0,42.765273311897104,10.932475884244372,20220101_38037_D02_S001,9.0,11.0,8.0,1.0,292.0,320.0,91.25,5.9375,media-alta
2022,20230101_38037_D02_S002,38037_D02_S002,Santa Cruz de La Palma,2,2,45647.0,16562.0,22464.0,18550.0,1.2109973045822102,2023,20230101_38037_D02_S002,4.0,12.8,27.6,2.4,53.2,20220101_38037_D02_S002,202.0,24.0,67.0,251.0,544.0,520.0,38.84615384615385,12.884615384615385,20220101_38037_D02_S002,11.0,33.0,21.0,1.0,478.0,543.0,88.02946593001842,9.94475138121547,media-alta
2022,20230101_38037_D02_S003,38037_D02_S003,Santa Cruz de La Palma,2,3,37554.0,13571.0,19229.0,16450.0,1.1689361702127659,2023,20230101_38037_D02_S003,4.3,6.3,30.3,2.6,56.5,20220101_38037_D02_S003,357.0,54.0,107.0,491.0,1009.0,955.0,37.382198952879584,11.204188481675393,20220101_38037_D02_S003,19.0,56.0,33.0,0.0,901.0,1009.0,89.29633300297324,8.820614469772051,media-baja
2022,20230101_38037_D02_S005,38037_D02_S005,Santa Cruz de La Palma,2,5,52387.0,18465.0,25199.0,20650.0,1.2202905569007263,2023,20230101_38037_D02_S005,3.4,13.0,18.2,1.8,63.7,20220101_38037_D02_S005,8.0,2.0,4.0,19.0,33.0,31.0,25.806451612903224,12.903225806451612,20220101_38037_D02_S005,1.0,2.0,0.0,0.0,30.0,33.0,90.9090909090909,6.0606060606060606,media-alta
2022,20230101_38037_D03_S001,38037_D03_S001,Santa Cruz de La Palma,3,1,49095.0,17658.0,24161.0,19950.0,1.211077694235589,2023,20230101_38037_D03_S001,3.3,11.4,17.7,1.5,66.1,20220101_38037_D03_S001,185.0,17.0,55.0,187.0,444.0,427.0,43.32552693208431,12.880562060889929,20220101_38037_D03_S001,10.0,19.0,10.0,0.0,405.0,444.0,91.21621621621621,6.531531531531532,media-alta
2022,20230101_38037_D03_S002,38037_D03_S002,Santa Cruz de La Palma,3,2,40675.0,15135.0,20647.0,17150.0,1.2039067055393586,2023,20230101_38037_D03_S002,4.2,8.7,26.6,2.3,58.3,20220101_38037_D03_S002,133.0,17.0,35.0,178.0,363.0,346.0,38.4393063583815,10.115606936416185,20220101_38037_D03_S002,13.0,19.0,16.0,0.0,315.0,363.0,86.77685950413223,9.641873278236915,media-baja
2022,20230101_38037_D03_S003,38037_D03_S003,Santa Cruz de La Palma,3,3,35435.0,12797.0,18019.0,16450.0,1.0953799392097265,2023,20230101_38037_D03_S003,5.6,3.6,31.5,3.3,56.0,20220101_38037_D03_S003,79.0,16.0,89.0,258.0,442.0,426.0,18.544600938967136,20.892018779342724,20220101_38037_D03_S003,5.0,32.0,19.0,0.0,386.0,442.0,87.33031674208145,11.538461538461538,media-baja
2022,20230101_38037_D03_S004,38037_D03_S004,Santa Cruz de La Palma,3,4,45515.0,15871.0,22176.0,18550.0,1.1954716981132076,2023,20230101_38037_D03_S004,3.0,12.0,25.2,2.0,57.7,20220101_38037_D03_S004,148.0,15.0,73.0,255.0,491.0,476.0,31.092436974789916,15.336134453781513,20220101_38037_D03_S004,23.0,45.0,22.0,0.0,401.0,491.0,81.67006109979633,13.64562118126273,media-baja
2022,20230101_38037_D03_S005,38037_D03_S005,Santa Cruz de La Palma,3,5,39987.0,13250.0,19105.0,17850.0,1.0703081232492997,2023,20230101_38037_D03_S005,4.7,9.5,22.8,2.9,60.1,20220101_38037_D03_S005,105.0,41.0,110.0,352.0,608.0,567.0,18.51851851851852,19.400352733686066,20220101_38037_D03_S005,14.0,62.0,33.0,0.0,499.0,608.0,82.07236842105263,15.625,media-baja
2022,20230101_38038_D01_S001,38038_D01_S001,Santa Cruz de Tenerife,1,1,77346.0,29679.0,34446.0,29750.0,1.1578487394957984,2023,20230101_38038_D01_S001,1.9,31.2,17.7,0.9,48.4,20220101_38038_D01_S001,384.0,37.0,24.0,203.0,648.0,611.0,62.84779050736498,3.927986906710311,20220101_38038_D01_S001,9.0,21.0,24.0,1.0,593.0,647.0,91.65378670788253,6.955177743431221,alta
2022,20230101_38038_D01_S002,38038_D01_S002,Santa Cruz de Tenerife,1,2,47183.0,17562.0,21567.0,19250.0,1.1203636363636365,2023,20230101_38038_D01_S002,4.3,13.1,19.0,1.8,61.8,20220101_38038_D01_S002,191.0,29.0,37.0,147.0,404.0,375.0,50.93333333333333,9.866666666666667,20220101_38038_D01_S002,2.0,12.0,10.0,0.0,380.0,404.0,94.05940594059406,5.445544554455446,media-alta
2022,20230101_38038_D01_S003,38038_D01_S003,Santa Cruz de Tenerife,1,3,49347.0,20818.0,24606.0,21350.0,1.1525058548009368,2023,20230101_38038_D01_S003,3.5,17.1,22.4,1.2,55.9,20220101_38038_D01_S003,301.0,43.0,29.0,252.0,625.0,582.0,51.718213058419245,4.982817869415808,20220101_38038_D01_S003,3.0,18.0,21.0,1.0,582.0,624.0,93.26923076923077,6.25,alta
2022,20230101_38038_D01_S004,38038_D01_S004,Santa Cruz de Tenerife,1,4,59872.0,24057.0,28188.0,24850.0,1.1343259557344065,2023,20230101_38038_D01_S004,3.5,26.7,19.2,1.4,49.2,20220101_38038_D01_S004,273.0,28.0,20.0,170.0,491.0,463.0,58.96328293736501,4.319654427645788,20220101_38038_D01_S004,7.0,12.0,10.0,0.0,462.0,491.0,94.09368635437882,4.480651731160896,alta
2022,20230101_38038_D01_S006,38038_D01_S006,Santa Cruz de Tenerife,1,6,48956.0,19856.0,24142.0,20650.0,1.1691041162227602,2023,20230101_38038_D01_S006,3.2,14.9,22.4,1.4,58.1,20220101_38038_D01_S006,423.0,37.0,49.0,307.0,816.0,779.0,54.30038510911425,6.290115532734275,20220101_38038_D01_S006,6.0,24.0,27.0,0.0,759.0,816.0,93.01470588235294,6.25,media-alta
2022,20230101_38038_D01_S007,38038_D01_S007,Santa Cruz de Tenerife,1,7,52099.0,21489.0,25479.0,24850.0,1.0253118712273641,2023,20230101_38038_D01_S007,4.0,19.1,21.7,1.2,54.1,20220101_38038_D01_S007,170.0,17.0,12.0,113.0,312.0,295.0,57.6271186440678,4.067796610169491,20220101_38038_D01_S007,1.0,7.0,11.0,0.0,293.0,312.0,93.91025641025641,5.769230769230769,alta
2022,20230101_38038_D01_S008,38038_D01_S008,Santa Cruz de Tenerife,1,8,102416.0,34334.0,40911.0,33250.0,1.230406015037594,2023,20230101_38038_D01_S008,2.2,33.8,15.7,0.7,47.7,20220101_38038_D01_S008,577.0,58.0,20.0,221.0,876.0,818.0,70.53789731051344,2.444987775061125,20220101_38038_D01_S008,7.0,23.0,40.0,0.0,806.0,876.0,92.00913242009132,7.191780821917808,alta
2022,20230101_38038_D01_S009,38038_D01_S009,Santa Cruz de Tenerife,1,9,73802.0,30789.0,34853.0,30450.0,1.1445977011494253,2023,20230101_38038_D01_S009,2.1,22.4,28.1,0.4,47.0,20220101_38038_D01_S009,284.0,20.0,7.0,128.0,439.0,419.0,67.78042959427208,1.6706443914081146,20220101_38038_D01_S009,3.0,13.0,20.0,1.0,402.0,438.0,91.78082191780823,7.534246575342466,alta
2022,20230101_38038_D01_S010,38038_D01_S010,Santa Cruz de Tenerife,1,10,72028.0,28619.0,33444.0,29750.0,1.1241680672268908,2023,20230101_38038_D01_S010,3.1,22.1,18.8,0.8,55.3,20220101_38038_D01_S010,409.0,36.0,23.0,176.0,644.0,608.0,67.26973684210526,3.7828947368421053,20220101_38038_D01_S010,2.0,14.0,16.0,1.0,611.0,643.0,95.02332814930016,4.665629860031104,alta
2022,20230101_38038_D01_S011,38038_D01_S011,Santa Cruz de Tenerife,1,11,68314.0,26697.0,30853.0,25550.0,1.2075538160469668,2023,20230101_38038_D01_S011,3.5,27.3,21.5,1.0,46.8,20220101_38038_D01_S011,265.0,17.0,12.0,108.0,402.0,385.0,68.83116883116882,3.116883116883117,20220101_38038_D01_S011,4.0,12.0,16.0,0.0,370.0,402.0,92.03980099502488,6.965174129353234,alta
2022,20230101_38038_D01_S012,38038_D01_S012,Santa Cruz de Tenerife,1,12,97805.0,34950.0,40520.0,33950.0,1.193519882179676,2023,20230101_38038_D01_S012,1.5,29.3,13.4,0.5,55.3,20220101_38038_D01_S012,585.0,43.0,10.0,171.0,809.0,766.0,76.37075718015666,1.3054830287206267,20220101_38038_D01_S012,2.0,29.0,30.0,1.0,747.0,808.0,92.45049504950495,7.301980198019802,alta
2022,20230101_38038_D02_S001,38038_D02_S001,Santa Cruz de Tenerife,2,1,58837.0,24097.0,28115.0,23450.0,1.1989339019189766,2023,20230101_38038_D02_S001,3.6,21.6,21.0,1.0,52.8,20220101_38038_D02_S001,267.0,24.0,17.0,183.0,491.0,467.0,57.17344753747324,3.640256959314775,20220101_38038_D02_S001,3.0,10.0,17.0,1.0,460.0,490.0,93.87755102040816,5.510204081632653,alta
2022,20230101_38038_D02_S002,38038_D02_S002,Santa Cruz de Tenerife,2,2,54284.0,24599.0,27651.0,24150.0,1.1449689440993789,2023,20230101_38038_D02_S002,2.4,25.7,16.5,1.0,54.4,20220101_38038_D02_S002,212.0,24.0,11.0,138.0,385.0,361.0,58.72576177285318,3.0470914127423825,20220101_38038_D02_S002,5.0,6.0,8.0,0.0,366.0,385.0,95.06493506493507,3.6363636363636362,alta
2022,20230101_38038_D02_S003,38038_D02_S003,Santa Cruz de Tenerife,2,3,54660.0,22242.0,26267.0,23450.0,1.1201279317697228,2023,20230101_38038_D02_S003,2.8,19.6,19.4,1.1,57.1,20220101_38038_D02_S003,320.0,24.0,23.0,215.0,582.0,558.0,57.34767025089606,4.121863799283154,20220101_38038_D02_S003,1.0,22.0,16.0,1.0,542.0,581.0,93.28743545611016,6.540447504302926,alta
2022,20230101_38038_D02_S004,38038_D02_S004,Santa Cruz de Tenerife,2,4,71005.0,26742.0,31485.0,26950.0,1.168274582560297,2023,20230101_38038_D02_S004,3.4,26.5,19.4,0.9,49.9,20220101_38038_D02_S004,213.0,13.0,19.0,99.0,344.0,331.0,64.35045317220543,5.740181268882175,20220101_38038_D02_S004,4.0,9.0,14.0,0.0,317.0,344.0,92.15116279069767,6.686046511627907,alta
2022,20230101_38038_D02_S005,38038_D02_S005,Santa Cruz de Tenerife,2,5,58532.0,24444.0,28279.0,24850.0,1.1379879275653924,2023,20230101_38038_D02_S005,3.5,19.5,19.9,1.0,56.0,20220101_38038_D02_S005,398.0,30.0,26.0,215.0,669.0,639.0,62.284820031298906,4.068857589984351,20220101_38038_D02_S005,3.0,17.0,16.0,1.0,632.0,668.0,94.61077844311377,4.940119760479042,alta
2022,20230101_38038_D02_S006,38038_D02_S006,Santa Cruz de Tenerife,2,6,61724.0,25964.0,29412.0,24150.0,1.2178881987577639,2023,20230101_38038_D02_S006,2.8,23.9,17.0,0.9,55.4,20220101_38038_D02_S006,388.0,36.0,34.0,239.0,697.0,661.0,58.69894099848714,5.143721633888048,20220101_38038_D02_S006,4.0,13.0,20.0,2.0,658.0,695.0,94.67625899280576,4.748201438848921,alta
2022,20230101_38038_D02_S007,38038_D02_S007,Santa Cruz de Tenerife,2,7,68119.0,27031.0,30598.0,23450.0,1.304818763326226,2023,20230101_38038_D02_S007,1.9,16.2,21.4,1.0,59.5,20220101_38038_D02_S007,209.0,16.0,10.0,95.0,330.0,314.0,66.56050955414013,3.1847133757961785,20220101_38038_D02_S007,0.0,9.0,10.0,1.0,310.0,329.0,94.22492401215806,5.775075987841945,alta
2022,20230101_38038_D02_S008,38038_D02_S008,Santa Cruz de Tenerife,2,8,68831.0,27979.0,32012.0,23450.0,1.3651172707889125,2023,20230101_38038_D02_S008,2.4,33.4,13.1,1.1,50.0,20220101_38038_D02_S008,276.0,25.0,18.0,176.0,495.0,470.0,58.723404255319146,3.8297872340425534,20220101_38038_D02_S008,3.0,17.0,15.0,0.0,460.0,495.0,92.92929292929293,6.4646464646464645,alta
2022,20230101_38038_D02_S009,38038_D02_S009,Santa Cruz de Tenerife,2,9,54690.0,23802.0,27860.0,25550.0,1.0904109589041096,2023,20230101_38038_D02_S009,3.7,14.2,22.4,1.4,58.4,20220101_38038_D02_S009,392.0,44.0,41.0,262.0,739.0,695.0,56.402877697841724,5.899280575539568,20220101_38038_D02_S009,2.0,18.0,16.0,1.0,702.0,738.0,95.1219512195122,4.607046070460704,alta
2022,20230101_38038_D03_S001,38038_D03_S001,Santa Cruz de Tenerife,3,1,79338.0,34060.0,37257.0,33250.0,1.1205112781954887,2023,20230101_38038_D03_S001,2.1,15.2,8.5,0.5,73.8,20220101_38038_D03_S001,907.0,64.0,27.0,433.0,1431.0,1367.0,66.34967081199707,1.9751280175566934,20220101_38038_D03_S001,8.0,45.0,43.0,0.0,1335.0,1431.0,93.29140461215933,6.149545772187282,alta
2022,20230101_38038_D03_S002,38038_D03_S002,Santa Cruz de Tenerife,3,2,51411.0,18541.0,23431.0,21350.0,1.0974707259953163,2023,20230101_38038_D03_S002,3.4,13.1,22.9,1.3,59.3,20220101_38038_D03_S002,179.0,27.0,19.0,168.0,393.0,366.0,48.90710382513661,5.191256830601093,20220101_38038_D03_S002,2.0,11.0,10.0,0.0,370.0,393.0,94.14758269720102,5.343511450381679,media-alta
2022,20230101_38038_D03_S003,38038_D03_S003,Santa Cruz de Tenerife,3,3,51264.0,20306.0,24235.0,22050.0,1.099092970521542,2023,20230101_38038_D03_S003,3.1,15.6,19.6,1.4,60.3,20220101_38038_D03_S003,318.0,23.0,39.0,230.0,610.0,587.0,54.173764906303234,6.6439522998296425,20220101_38038_D03_S003,2.0,14.0,15.0,0.0,579.0,610.0,94.91803278688525,4.754098360655738,alta
2022,20230101_38038_D03_S004,38038_D03_S004,Santa Cruz de Tenerife,3,4,36789.0,14967.0,18893.0,16450.0,1.1485106382978723,2023,20230101_38038_D03_S004,6.8,6.0,28.9,2.2,56.2,20220101_38038_D03_S004,105.0,12.0,28.0,123.0,268.0,256.0,41.015625,10.9375,20220101_38038_D03_S004,1.0,12.0,16.0,0.0,239.0,268.0,89.17910447761194,10.447761194029852,media-baja
2022,20230101_38038_D03_S005,38038_D03_S005,Santa Cruz de Tenerife,3,5,40187.0,16794.0,20527.0,18550.0,1.106576819407008,2023,20230101_38038_D03_S005,3.6,11.9,22.8,2.0,59.7,20220101_38038_D03_S005,234.0,24.0,54.0,248.0,560.0,536.0,43.656716417910445,10.074626865671641,20220101_38038_D03_S005,4.0,14.0,10.0,1.0,531.0,559.0,94.99105545617174,4.293381037567084,media-alta
2022,20230101_38038_D03_S006,38038_D03_S006,Santa Cruz de Tenerife,3,6,68085.0,25802.0,30430.0,28350.0,1.0733686067019401,2023,20230101_38038_D03_S006,2.0,15.3,24.3,1.0,57.5,20220101_38038_D03_S006,185.0,9.0,14.0,83.0,291.0,282.0,65.60283687943263,4.964539007092198,20220101_38038_D03_S006,0.0,10.0,5.0,0.0,276.0,291.0,94.84536082474227,5.154639175257732,alta
2022,20230101_38038_D03_S007,38038_D03_S007,Santa Cruz de Tenerife,3,7,38782.0,15416.0,19167.0,17150.0,1.117609329446064,2023,20230101_38038_D03_S007,4.2,8.9,28.7,1.7,56.5,20220101_38038_D03_S007,122.0,28.0,34.0,188.0,372.0,344.0,35.46511627906977,9.883720930232558,20220101_38038_D03_S007,4.0,8.0,21.0,0.0,339.0,372.0,91.12903225806451,7.795698924731183,media-baja
2022,20230101_38038_D03_S008,38038_D03_S008,Santa Cruz de Tenerife,3,8,49368.0,18387.0,22909.0,21350.0,1.0730210772833724,2023,20230101_38038_D03_S008,4.3,12.6,26.1,1.9,55.2,20220101_38038_D03_S008,217.0,23.0,19.0,198.0,457.0,434.0,50.0,4.377880184331797,20220101_38038_D03_S008,3.0,21.0,20.0,0.0,413.0,457.0,90.37199124726477,8.971553610503282,media-alta
2022,20230101_38038_D03_S009,38038_D03_S009,Santa Cruz de Tenerife,3,9,55353.0,20372.0,25191.0,23450.0,1.0742430703624732,2023,20230101_38038_D03_S009,4.7,11.5,14.4,1.4,68.0,20220101_38038_D03_S009,307.0,23.0,36.0,195.0,561.0,538.0,57.0631970260223,6.691449814126394,20220101_38038_D03_S009,4.0,17.0,26.0,0.0,514.0,561.0,91.62210338680927,7.664884135472371,alta
2022,20230101_38038_D03_S010,38038_D03_S010,Santa Cruz de Tenerife,3,10,41454.0,16940.0,21045.0,19250.0,1.0932467532467534,2023,20230101_38038_D03_S010,5.3,11.3,23.0,2.0,58.4,20220101_38038_D03_S010,141.0,17.0,31.0,165.0,354.0,337.0,41.839762611275965,9.198813056379821,20220101_38038_D03_S010,2.0,14.0,9.0,0.0,329.0,354.0,92.93785310734464,6.497175141242938,media-alta
2022,20230101_38038_D03_S011,38038_D03_S011,Santa Cruz de Tenerife,3,11,68177.0,26602.0,31186.0,25550.0,1.220587084148728,2023,20230101_38038_D03_S011,2.8,17.9,17.3,1.1,61.0,20220101_38038_D03_S011,315.0,16.0,26.0,139.0,496.0,480.0,65.625,5.416666666666667,20220101_38038_D03_S011,2.0,10.0,14.0,0.0,470.0,496.0,94.75806451612904,4.838709677419355,alta
2022,20230101_38038_D03_S013,38038_D03_S013,Santa Cruz de Tenerife,3,13,46326.0,20652.0,24111.0,21350.0,1.1293208430913348,2023,20230101_38038_D03_S013,2.5,11.5,22.9,1.3,61.9,20220101_38038_D03_S013,246.0,21.0,30.0,219.0,516.0,495.0,49.696969696969695,6.0606060606060606,20220101_38038_D03_S013,4.0,15.0,16.0,0.0,481.0,516.0,93.21705426356588,6.007751937984496,alta
2022,20230101_38038_D03_S014,38038_D03_S014,Santa Cruz de Tenerife,3,14,52684.0,20621.0,24847.0,22050.0,1.1268480725623582,2023,20230101_38038_D03_S014,3.5,13.2,32.4,1.4,49.4,20220101_38038_D03_S014,267.0,29.0,34.0,246.0,576.0,547.0,48.81170018281536,6.2157221206581355,20220101_38038_D03_S014,7.0,20.0,24.0,0.0,525.0,576.0,91.14583333333333,7.638888888888889,alta
2022,20230101_38038_D03_S015,38038_D03_S015,Santa Cruz de Tenerife,3,15,50322.0,19763.0,24064.0,20650.0,1.1653268765133171,2023,20230101_38038_D03_S015,3.8,12.8,28.2,1.3,53.9,20220101_38038_D03_S015,254.0,20.0,48.0,214.0,536.0,516.0,49.224806201550386,9.30232558139535,20220101_38038_D03_S015,7.0,24.0,20.0,0.0,485.0,536.0,90.48507462686567,8.208955223880597,media-alta
2022,20230101_38038_D03_S016,38038_D03_S016,Santa Cruz de Tenerife,3,16,41289.0,14873.0,18542.0,15750.0,1.1772698412698412,2023,20230101_38038_D03_S016,4.6,14.1,22.1,2.4,56.7,20220101_38038_D03_S016,128.0,12.0,52.0,155.0,347.0,335.0,38.208955223880594,15.522388059701493,20220101_38038_D03_S016,3.0,14.0,13.0,1.0,316.0,346.0,91.32947976878613,7.803468208092486,media-baja
2022,20230101_38038_D03_S017,38038_D03_S017,Santa Cruz de Tenerife,3,17,53365.0,20088.0,24967.0,19950.0,1.2514786967418547,2023,20230101_38038_D03_S017,2.8,16.3,17.5,1.6,61.7,20220101_38038_D03_S017,165.0,9.0,22.0,134.0,330.0,321.0,51.401869158878505,6.853582554517134,20220101_38038_D03_S017,1.0,12.0,10.0,0.0,307.0,330.0,93.03030303030303,6.666666666666667,alta
2022,20230101_38038_D03_S018,38038_D03_S018,Santa Cruz de Tenerife,3,18,37733.0,14684.0,18645.0,15750.0,1.1838095238095239,2023,20230101_38038_D03_S018,5.8,10.6,23.0,2.4,58.2,20220101_38038_D03_S018,107.0,16.0,40.0,154.0,317.0,301.0,35.548172757475086,13.289036544850498,20220101_38038_D03_S018,1.0,16.0,8.0,0.0,292.0,317.0,92.11356466876971,7.570977917981073,media-baja
2022,20230101_38038_D03_S019,38038_D03_S019,Santa Cruz de Tenerife,3,19,57460.0,21285.0,26312.0,25550.0,1.0298238747553816,2023,20230101_38038_D03_S019,2.6,13.4,31.7,1.1,51.2,20220101_38038_D03_S019,239.0,21.0,26.0,189.0,475.0,454.0,52.6431718061674,5.726872246696035,20220101_38038_D03_S019,4.0,20.0,16.0,0.0,435.0,475.0,91.57894736842105,7.578947368421052,alta
2022,20230101_38038_D03_S020,38038_D03_S020,Santa Cruz de Tenerife,3,20,74068.0,27389.0,32001.0,29750.0,1.0756638655462185,2023,20230101_38038_D03_S020,2.4,19.9,10.4,1.1,66.1,20220101_38038_D03_S020,405.0,33.0,39.0,231.0,708.0,675.0,60.0,5.777777777777778,20220101_38038_D03_S020,4.0,27.0,21.0,0.0,656.0,708.0,92.65536723163842,6.779661016949152,alta
2022,20230101_38038_D03_S021,38038_D03_S021,Santa Cruz de Tenerife,3,21,78507.0,30903.0,34620.0,30450.0,1.1369458128078818,2023,20230101_38038_D03_S021,1.9,16.8,9.0,0.7,71.6,,,,,,,,,,20220101_38038_D03_S021,0.0,0.0,0.0,0.0,0.0,0.0,,,alta
2022,20230101_38038_D04_S001,38038_D04_S001,Santa Cruz de Tenerife,4,1,27077.0,10768.0,14223.0,12950.0,1.0983011583011584,2023,20230101_38038_D04_S001,7.7,13.2,22.0,4.1,53.0,20220101_38038_D04_S001,51.0,15.0,31.0,103.0,200.0,185.0,27.56756756756757,16.756756756756758,20220101_38038_D04_S001,1.0,26.0,8.0,0.0,165.0,200.0,82.5,17.0,baja
2022,20230101_38038_D04_S002,38038_D04_S002,Santa Cruz de Tenerife,4,2,28074.0,10469.0,13796.0,12950.0,1.0653281853281853,2023,20230101_38038_D04_S002,7.0,6.2,26.0,3.4,57.4,20220101_38038_D04_S002,66.0,10.0,51.0,179.0,306.0,296.0,22.2972972972973,17.22972972972973,20220101_38038_D04_S002,2.0,30.0,12.0,0.0,262.0,306.0,85.62091503267973,13.72549019607843,baja
2022,20230101_38038_D04_S003,38038_D04_S003,Santa Cruz de Tenerife,4,3,30128.0,11274.0,14783.0,12250.0,1.2067755102040816,2023,20230101_38038_D04_S003,7.1,7.9,20.6,3.5,60.9,20220101_38038_D04_S003,115.0,27.0,81.0,247.0,470.0,443.0,25.959367945823928,18.284424379232505,20220101_38038_D04_S003,7.0,32.0,19.0,0.0,412.0,470.0,87.65957446808511,10.851063829787234,baja
2022,20230101_38038_D04_S004,38038_D04_S004,Santa Cruz de Tenerife,4,4,28653.0,11240.0,14468.0,12250.0,1.181061224489796,2023,20230101_38038_D04_S004,6.2,10.4,23.9,3.8,55.8,20220101_38038_D04_S004,76.0,17.0,65.0,204.0,362.0,345.0,22.028985507246375,18.840579710144926,20220101_38038_D04_S004,2.0,32.0,18.0,0.0,310.0,362.0,85.6353591160221,13.812154696132596,baja
2022,20230101_38038_D04_S005,38038_D04_S005,Santa Cruz de Tenerife,4,5,27239.0,10325.0,13737.0,12250.0,1.1213877551020408,2023,20230101_38038_D04_S005,6.7,10.7,23.6,4.1,55.0,20220101_38038_D04_S005,86.0,21.0,73.0,208.0,388.0,367.0,23.43324250681199,19.891008174386922,20220101_38038_D04_S005,10.0,31.0,12.0,0.0,335.0,388.0,86.34020618556701,11.082474226804123,baja
2022,20230101_38038_D04_S006,38038_D04_S006,Santa Cruz de Tenerife,4,6,26928.0,10432.0,13866.0,12250.0,1.1319183673469388,2023,20230101_38038_D04_S006,7.9,6.7,28.2,3.9,53.3,20220101_38038_D04_S006,90.0,21.0,75.0,237.0,423.0,402.0,22.388059701492537,18.65671641791045,20220101_38038_D04_S006,3.0,26.0,23.0,0.0,371.0,423.0,87.70685579196217,11.583924349881796,baja
2022,20230101_38038_D04_S007,38038_D04_S007,Santa Cruz de Tenerife,4,7,29075.0,11979.0,15838.0,15050.0,1.052358803986711,2023,20230101_38038_D04_S007,6.1,2.3,33.0,4.0,54.6,20220101_38038_D04_S007,68.0,20.0,48.0,186.0,322.0,302.0,22.516556291390728,15.894039735099337,20220101_38038_D04_S007,5.0,15.0,14.0,1.0,287.0,321.0,89.40809968847353,9.034267912772586,baja
2022,20230101_38038_D04_S009,38038_D04_S009,Santa Cruz de Tenerife,4,9,23535.0,10442.0,13633.0,12250.0,1.1128979591836734,2023,20230101_38038_D04_S009,8.2,2.8,33.1,4.1,51.8,20220101_38038_D04_S009,95.0,17.0,90.0,258.0,460.0,443.0,21.44469525959368,20.31602708803612,20220101_38038_D04_S009,8.0,29.0,21.0,0.0,402.0,460.0,87.3913043478261,10.869565217391305,baja
2022,20230101_38038_D04_S011,38038_D04_S011,Santa Cruz de Tenerife,4,11,25044.0,10496.0,14029.0,12250.0,1.1452244897959183,2023,20230101_38038_D04_S011,8.3,4.4,28.0,3.9,55.4,20220101_38038_D04_S011,73.0,18.0,66.0,223.0,380.0,362.0,20.165745856353592,18.23204419889503,20220101_38038_D04_S011,5.0,25.0,19.0,0.0,331.0,380.0,87.10526315789474,11.578947368421053,baja
2022,20230101_38038_D04_S012,38038_D04_S012,Santa Cruz de Tenerife,4,12,28025.0,11660.0,15273.0,14350.0,1.0643205574912893,2023,20230101_38038_D04_S012,7.8,3.3,34.4,3.4,51.1,20220101_38038_D04_S012,64.0,15.0,44.0,174.0,297.0,282.0,22.69503546099291,15.602836879432624,20220101_38038_D04_S012,2.0,16.0,14.0,0.0,265.0,297.0,89.22558922558923,10.1010101010101,baja
2022,20230101_38038_D04_S014,38038_D04_S014,Santa Cruz de Tenerife,4,14,29376.0,11912.0,15677.0,14350.0,1.0924738675958188,2023,20230101_38038_D04_S014,5.1,3.3,31.9,3.6,56.2,20220101_38038_D04_S014,59.0,17.0,49.0,142.0,267.0,250.0,23.6,19.6,20220101_38038_D04_S014,0.0,12.0,14.0,0.0,241.0,267.0,90.2621722846442,9.737827715355806,baja
2022,20230101_38038_D04_S015,38038_D04_S015,Santa Cruz de Tenerife,4,15,23365.0,8881.0,12316.0,10850.0,1.135115207373272,2023,20230101_38038_D04_S015,10.7,3.7,26.0,7.5,52.2,20220101_38038_D04_S015,33.0,7.0,40.0,153.0,233.0,226.0,14.601769911504425,17.699115044247787,20220101_38038_D04_S015,3.0,31.0,8.0,0.0,191.0,233.0,81.97424892703863,16.738197424892704,baja
2022,20230101_38038_D05_S001,38038_D05_S001,Santa Cruz de Tenerife,5,1,93907.0,33372.0,40268.0,33250.0,1.2110676691729323,2023,20230101_38038_D05_S001,2.5,40.1,15.1,0.5,41.8,20220101_38038_D05_S001,417.0,25.0,12.0,156.0,610.0,585.0,71.28205128205128,2.051282051282051,20220101_38038_D05_S001,12.0,19.0,19.0,0.0,560.0,610.0,91.80327868852459,6.229508196721311,alta
2022,20230101_38038_D05_S002,38038_D05_S002,Santa Cruz de Tenerife,5,2,63121.0,24289.0,29027.0,24850.0,1.1680885311871227,2023,20230101_38038_D05_S002,3.0,26.7,17.8,1.2,51.4,20220101_38038_D05_S002,401.0,32.0,46.0,217.0,696.0,664.0,60.39156626506024,6.927710843373494,20220101_38038_D05_S002,7.0,23.0,15.0,0.0,651.0,696.0,93.53448275862068,5.459770114942529,alta
2022,20230101_38038_D05_S003,38038_D05_S003,Santa Cruz de Tenerife,5,3,53429.0,21735.0,25858.0,22750.0,1.1366153846153846,2023,20230101_38038_D05_S003,3.4,20.4,20.9,1.2,54.1,20220101_38038_D05_S003,270.0,35.0,39.0,175.0,519.0,484.0,55.78512396694215,8.057851239669422,20220101_38038_D05_S003,7.0,12.0,23.0,0.0,477.0,519.0,91.90751445086705,6.74373795761079,alta
2022,20230101_38038_D05_S004,38038_D05_S004,Santa Cruz de Tenerife,5,4,52415.0,20853.0,24730.0,20650.0,1.1975786924939467,2023,20230101_38038_D05_S004,2.7,20.5,18.4,1.6,56.7,20220101_38038_D05_S004,223.0,20.0,33.0,135.0,411.0,391.0,57.033248081841435,8.439897698209718,20220101_38038_D05_S004,6.0,12.0,12.0,0.0,381.0,411.0,92.7007299270073,5.839416058394161,alta
2022,20230101_38038_D05_S005,38038_D05_S005,Santa Cruz de Tenerife,5,5,50499.0,20666.0,24905.0,22050.0,1.1294784580498867,2023,20230101_38038_D05_S005,2.8,17.2,21.5,1.4,57.2,20220101_38038_D05_S005,309.0,27.0,49.0,211.0,596.0,569.0,54.30579964850615,8.611599297012303,20220101_38038_D05_S005,0.0,18.0,16.0,0.0,562.0,596.0,94.29530201342281,5.704697986577181,alta
2022,20230101_38038_D05_S006,38038_D05_S006,Santa Cruz de Tenerife,5,6,47462.0,19165.0,23295.0,19950.0,1.1676691729323307,2023,20230101_38038_D05_S006,3.3,18.4,21.1,1.7,55.5,20220101_38038_D05_S006,253.0,31.0,47.0,209.0,540.0,509.0,49.70530451866405,9.233791748526523,20220101_38038_D05_S006,7.0,19.0,20.0,0.0,494.0,540.0,91.48148148148148,7.222222222222222,media-alta
2022,20230101_38038_D05_S007,38038_D05_S007,Santa Cruz de Tenerife,5,7,48651.0,18715.0,22760.0,19250.0,1.1823376623376622,2023,20230101_38038_D05_S007,3.6,17.2,21.9,2.0,55.3,20220101_38038_D05_S007,253.0,40.0,48.0,191.0,532.0,492.0,51.422764227642276,9.75609756097561,20220101_38038_D05_S007,4.0,22.0,17.0,1.0,488.0,531.0,91.90207156308851,7.344632768361582,media-alta
2022,20230101_38038_D05_S008,38038_D05_S008,Santa Cruz de Tenerife,5,8,52696.0,20627.0,25100.0,22750.0,1.1032967032967034,2023,20230101_38038_D05_S008,3.3,20.5,21.5,1.4,53.3,20220101_38038_D05_S008,322.0,20.0,46.0,198.0,586.0,566.0,56.890459363957596,8.12720848056537,20220101_38038_D05_S008,4.0,21.0,22.0,0.0,539.0,586.0,91.97952218430034,7.337883959044369,alta
2022,20230101_38038_D05_S009,38038_D05_S009,Santa Cruz de Tenerife,5,9,102293.0,35085.0,41501.0,30450.0,1.3629228243021347,2023,20230101_38038_D05_S009,1.4,44.0,13.0,0.6,41.0,20220101_38038_D05_S009,275.0,28.0,29.0,127.0,459.0,431.0,63.80510440835267,6.728538283062645,20220101_38038_D05_S009,10.0,19.0,14.0,0.0,416.0,459.0,90.6318082788671,7.189542483660131,alta
2022,20230101_38038_D05_S010,38038_D05_S010,Santa Cruz de Tenerife,5,10,109791.0,36807.0,42009.0,33250.0,1.2634285714285713,2023,20230101_38038_D05_S010,1.7,41.6,14.6,0.4,41.8,20220101_38038_D05_S010,478.0,43.0,18.0,162.0,701.0,658.0,72.64437689969606,2.735562310030395,20220101_38038_D05_S010,13.0,38.0,14.0,0.0,636.0,701.0,90.72753209700429,7.417974322396576,alta
2022,20230101_38038_D05_S011,38038_D05_S011,Santa Cruz de Tenerife,5,11,49021.0,19863.0,24579.0,22050.0,1.1146938775510205,2023,20230101_38038_D05_S011,4.0,15.4,28.0,1.5,51.1,20220101_38038_D05_S011,163.0,14.0,33.0,117.0,327.0,313.0,52.07667731629393,10.543130990415335,20220101_38038_D05_S011,3.0,4.0,7.0,0.0,313.0,327.0,95.71865443425077,3.363914373088685,media-alta
2022,20230101_38038_D05_S012,38038_D05_S012,Santa Cruz de Tenerife,5,12,72102.0,27002.0,31865.0,26250.0,1.2139047619047618,2023,20230101_38038_D05_S012,2.5,23.3,17.6,0.8,55.8,20220101_38038_D05_S012,452.0,45.0,34.0,235.0,766.0,721.0,62.690707350901526,4.715672676837725,20220101_38038_D05_S012,9.0,14.0,18.0,0.0,725.0,766.0,94.64751958224544,4.177545691906006,alta
2022,20230101_38038_D05_S013,38038_D05_S013,Santa Cruz de Tenerife,5,13,45135.0,16571.0,20913.0,17150.0,1.2194169096209913,2023,20230101_38038_D05_S013,4.3,14.9,23.3,2.1,55.5,20220101_38038_D05_S013,215.0,20.0,40.0,181.0,456.0,436.0,49.31192660550459,9.174311926605505,20220101_38038_D05_S013,9.0,16.0,7.0,0.0,424.0,456.0,92.98245614035088,5.043859649122807,media-alta
2022,20230101_38038_D05_S014,38038_D05_S014,Santa Cruz de Tenerife,5,14,42591.0,17068.0,20553.0,17850.0,1.1514285714285715,2023,20230101_38038_D05_S014,4.4,11.8,21.3,2.1,60.4,20220101_38038_D05_S014,234.0,39.0,66.0,215.0,554.0,515.0,45.43689320388349,12.815533980582524,20220101_38038_D05_S014,6.0,21.0,14.0,0.0,513.0,554.0,92.59927797833934,6.317689530685921,media-alta
2022,20230101_38038_D05_S015,38038_D05_S015,Santa Cruz de Tenerife,5,15,49190.0,20557.0,24727.0,22050.0,1.12140589569161,2023,20230101_38038_D05_S015,2.7,18.7,24.7,1.3,52.6,20220101_38038_D05_S015,185.0,13.0,24.0,110.0,332.0,319.0,57.99373040752351,7.523510971786834,20220101_38038_D05_S015,2.0,11.0,10.0,0.0,309.0,332.0,93.07228915662651,6.325301204819277,alta
2022,20230101_38038_D06_S001,38038_D06_S001,Santa Cruz de Tenerife,6,1,50623.0,20188.0,23699.0,20650.0,1.1476513317191284,2023,20230101_38038_D06_S001,2.7,17.0,18.8,1.8,59.7,20220101_38038_D06_S001,295.0,38.0,50.0,217.0,600.0,562.0,52.49110320284697,8.896797153024911,20220101_38038_D06_S001,7.0,21.0,10.0,1.0,561.0,599.0,93.65609348914857,5.175292153589315,alta
2022,20230101_38038_D06_S002,38038_D06_S002,Santa Cruz de Tenerife,6,2,63923.0,25075.0,29155.0,26250.0,1.1106666666666667,2023,20230101_38038_D06_S002,2.0,17.8,23.2,1.2,55.9,20220101_38038_D06_S002,195.0,7.0,3.0,96.0,301.0,294.0,66.3265306122449,1.0204081632653061,20220101_38038_D06_S002,2.0,5.0,10.0,0.0,284.0,301.0,94.35215946843854,4.983388704318937,alta
2022,20230101_38038_D06_S003,38038_D06_S003,Santa Cruz de Tenerife,6,3,27401.0,13107.0,15866.0,13650.0,1.1623443223443224,2023,20230101_38038_D06_S003,5.5,9.1,25.6,2.9,57.0,20220101_38038_D06_S003,104.0,26.0,57.0,222.0,409.0,383.0,27.154046997389035,14.882506527415144,20220101_38038_D06_S003,8.0,19.0,18.0,0.0,364.0,409.0,88.99755501222494,9.04645476772616,media-baja
2022,20230101_38038_D06_S004,38038_D06_S004,Santa Cruz de Tenerife,6,4,28932.0,11650.0,15249.0,12950.0,1.1775289575289576,2023,20230101_38038_D06_S004,7.8,4.7,28.2,2.6,56.7,20220101_38038_D06_S004,65.0,22.0,83.0,153.0,323.0,301.0,21.59468438538206,27.574750830564785,20220101_38038_D06_S004,9.0,18.0,12.0,0.0,284.0,323.0,87.92569659442725,9.287925696594428,baja
2022,20230101_38038_D06_S005,38038_D06_S005,Santa Cruz de Tenerife,6,5,41555.0,15713.0,19391.0,17850.0,1.0863305322128851,2023,20230101_38038_D06_S005,4.1,8.2,28.8,2.1,56.8,20220101_38038_D06_S005,167.0,18.0,36.0,181.0,402.0,384.0,43.489583333333336,9.375,20220101_38038_D06_S005,1.0,19.0,15.0,1.0,366.0,401.0,91.2718204488778,8.478802992518704,media-baja
2022,20230101_38038_D06_S006,38038_D06_S006,Santa Cruz de Tenerife,6,6,77109.0,26370.0,31543.0,27650.0,1.1407956600361664,2023,20230101_38038_D06_S006,2.4,21.9,21.6,0.8,53.3,20220101_38038_D06_S006,159.0,11.0,8.0,87.0,265.0,254.0,62.59842519685039,3.1496062992125986,20220101_38038_D06_S006,1.0,13.0,14.0,0.0,237.0,265.0,89.43396226415095,10.18867924528302,alta
2022,20230101_38038_D06_S007,38038_D06_S007,Santa Cruz de Tenerife,6,7,49650.0,17666.0,22394.0,21350.0,1.0488992974238875,2023,20230101_38038_D06_S007,3.5,11.5,20.3,2.1,62.7,20220101_38038_D06_S007,375.0,64.0,72.0,410.0,921.0,857.0,43.75729288214703,8.401400233372229,20220101_38038_D06_S007,6.0,35.0,34.0,0.0,846.0,921.0,91.85667752442997,7.49185667752443,media-alta
2022,20230101_38038_D06_S008,38038_D06_S008,Santa Cruz de Tenerife,6,8,76420.0,26879.0,32030.0,26250.0,1.2201904761904763,2023,20230101_38038_D06_S008,3.2,28.0,18.9,1.0,48.9,20220101_38038_D06_S008,227.0,24.0,23.0,142.0,416.0,392.0,57.90816326530612,5.86734693877551,20220101_38038_D06_S008,3.0,19.0,16.0,0.0,378.0,416.0,90.86538461538461,8.413461538461538,alta
2022,20230101_38038_D06_S010,38038_D06_S010,Santa Cruz de Tenerife,6,10,38151.0,15029.0,18919.0,15750.0,1.2012063492063492,2023,20230101_38038_D06_S010,5.7,9.8,18.3,2.9,63.3,20220101_38038_D06_S010,151.0,19.0,23.0,215.0,408.0,389.0,38.81748071979435,5.912596401028278,20220101_38038_D06_S010,2.0,16.0,23.0,0.0,367.0,408.0,89.95098039215686,9.558823529411764,media-baja
2022,20230101_38038_D06_S011,38038_D06_S011,Santa Cruz de Tenerife,6,11,37599.0,14307.0,17928.0,15750.0,1.1382857142857143,2023,20230101_38038_D06_S011,5.1,9.5,21.5,2.6,61.3,20220101_38038_D06_S011,142.0,14.0,58.0,190.0,404.0,390.0,36.41025641025641,14.871794871794872,20220101_38038_D06_S011,2.0,19.0,10.0,0.0,373.0,404.0,92.32673267326733,7.178217821782178,media-baja
2022,20230101_38038_D06_S012,38038_D06_S012,Santa Cruz de Tenerife,6,12,46225.0,18612.0,22865.0,20650.0,1.1072639225181597,2023,20230101_38038_D06_S012,3.7,11.4,27.1,1.5,56.3,20220101_38038_D06_S012,279.0,32.0,44.0,249.0,604.0,572.0,48.77622377622377,7.6923076923076925,20220101_38038_D06_S012,4.0,21.0,17.0,0.0,562.0,604.0,93.04635761589404,6.291390728476821,media-alta
2022,20230101_38038_D06_S013,38038_D06_S013,Santa Cruz de Tenerife,6,13,55282.0,23649.0,27811.0,24150.0,1.1515942028985506,2023,20230101_38038_D06_S013,3.9,17.9,25.8,1.3,51.2,20220101_38038_D06_S013,215.0,20.0,21.0,116.0,372.0,352.0,61.07954545454545,5.965909090909091,20220101_38038_D06_S013,6.0,16.0,11.0,0.0,339.0,372.0,91.12903225806451,7.258064516129032,alta
2022,20230101_38038_D06_S014,38038_D06_S014,Santa Cruz de Tenerife,6,14,57807.0,17296.0,23220.0,22050.0,1.0530612244897959,2023,20230101_38038_D06_S014,4.3,9.4,28.2,1.9,56.2,20220101_38038_D06_S014,170.0,24.0,31.0,185.0,410.0,386.0,44.04145077720207,8.031088082901555,20220101_38038_D06_S014,5.0,26.0,18.0,0.0,361.0,410.0,88.04878048780488,10.731707317073171,media-alta
2022,20230101_38038_D06_S016,38038_D06_S016,Santa Cruz de Tenerife,6,16,23904.0,9970.0,13380.0,12250.0,1.0922448979591837,2023,20230101_38038_D06_S016,8.6,2.7,32.1,4.6,52.0,20220101_38038_D06_S016,34.0,11.0,74.0,174.0,293.0,282.0,12.056737588652481,26.24113475177305,20220101_38038_D06_S016,2.0,28.0,8.0,0.0,255.0,293.0,87.03071672354949,12.286689419795222,baja
2022,20230101_38038_D06_S017,38038_D06_S017,Santa Cruz de Tenerife,6,17,33036.0,13320.0,16765.0,13650.0,1.2282051282051283,2023,20230101_38038_D06_S017,6.5,10.2,32.0,2.6,48.7,20220101_38038_D06_S017,117.0,18.0,66.0,233.0,434.0,416.0,28.125,15.865384615384615,20220101_38038_D06_S017,6.0,25.0,17.0,0.0,386.0,434.0,88.94009216589862,9.67741935483871,media-baja
2022,20230101_38038_D06_S018,38038_D06_S018,Santa Cruz de Tenerife,6,18,39929.0,17666.0,21620.0,20650.0,1.0469733656174334,2023,20230101_38038_D06_S018,3.9,7.0,33.6,1.6,53.9,20220101_38038_D06_S018,151.0,26.0,30.0,183.0,390.0,364.0,41.48351648351648,8.241758241758241,20220101_38038_D06_S018,1.0,15.0,9.0,0.0,365.0,390.0,93.58974358974359,6.153846153846154,media-alta
2022,20230101_38038_D06_S019,38038_D06_S019,Santa Cruz de Tenerife,6,19,43225.0,17512.0,20976.0,17150.0,1.2230903790087464,2023,20230101_38038_D06_S019,3.4,13.1,21.3,1.7,60.6,20220101_38038_D06_S019,176.0,7.0,33.0,186.0,402.0,395.0,44.55696202531646,8.354430379746836,20220101_38038_D06_S019,4.0,14.0,17.0,0.0,367.0,402.0,91.29353233830845,7.711442786069652,media-alta
2022,20230101_38038_D06_S020,38038_D06_S020,Santa Cruz de Tenerife,6,20,34984.0,12805.0,16578.0,14350.0,1.155261324041812,2023,20230101_38038_D06_S020,5.6,8.8,24.0,2.8,58.8,20220101_38038_D06_S020,143.0,16.0,60.0,189.0,408.0,392.0,36.47959183673469,15.306122448979592,20220101_38038_D06_S020,2.0,33.0,12.0,0.0,361.0,408.0,88.48039215686275,11.029411764705882,media-baja
2022,20230101_38038_D06_S021,38038_D06_S021,Santa Cruz de Tenerife,6,21,38071.0,15243.0,18909.0,15750.0,1.2005714285714286,2023,20230101_38038_D06_S021,5.5,9.3,30.1,2.0,53.1,20220101_38038_D06_S021,180.0,33.0,61.0,286.0,560.0,527.0,34.15559772296015,11.574952561669829,20220101_38038_D06_S021,3.0,32.0,20.0,0.0,505.0,560.0,90.17857142857143,9.285714285714286,media-baja
2022,20230101_38038_D06_S022,38038_D06_S022,Santa Cruz de Tenerife,6,22,49240.0,20296.0,24045.0,22750.0,1.0569230769230769,2023,20230101_38038_D06_S022,3.1,12.0,26.7,1.4,56.8,20220101_38038_D06_S022,436.0,59.0,35.0,344.0,874.0,815.0,53.49693251533742,4.294478527607362,20220101_38038_D06_S022,4.0,21.0,31.0,0.0,818.0,874.0,93.59267734553775,5.949656750572083,alta
2022,20230101_38038_D06_S023,38038_D06_S023,Santa Cruz de Tenerife,6,23,32394.0,12642.0,16197.0,13650.0,1.1865934065934065,2023,20230101_38038_D06_S023,6.7,3.8,34.9,3.2,51.4,20220101_38038_D06_S023,87.0,16.0,70.0,161.0,334.0,318.0,27.358490566037737,22.0125786163522,20220101_38038_D06_S023,4.0,14.0,7.0,0.0,309.0,334.0,92.51497005988024,6.287425149700598,media-baja
2022,20230101_38038_D06_S025,38038_D06_S025,Santa Cruz de Tenerife,6,25,71176.0,25435.0,30624.0,29050.0,1.054182444061962,2023,20230101_38038_D06_S025,3.7,15.5,24.6,0.8,55.3,20220101_38038_D06_S025,512.0,60.0,17.0,268.0,857.0,797.0,64.2409033877039,2.132998745294856,20220101_38038_D06_S025,8.0,30.0,38.0,0.0,781.0,857.0,91.13185530921821,7.934655775962661,alta
2022,20230101_38038_D06_S026,38038_D06_S026,Santa Cruz de Tenerife,6,26,23708.0,10622.0,13653.0,12250.0,1.114530612244898,2023,20230101_38038_D06_S026,8.0,4.0,32.9,4.7,50.4,20220101_38038_D06_S026,50.0,7.0,41.0,159.0,257.0,250.0,20.0,16.4,20220101_38038_D06_S026,3.0,19.0,6.0,0.0,229.0,257.0,89.10505836575875,9.727626459143968,baja
2022,20230101_38038_D06_S028,38038_D06_S028,Santa Cruz de Tenerife,6,28,44158.0,18097.0,21882.0,20650.0,1.0596610169491525,2023,20230101_38038_D06_S028,4.1,6.1,27.4,1.7,60.7,20220101_38038_D06_S028,274.0,29.0,44.0,307.0,654.0,625.0,43.84,7.04,20220101_38038_D06_S028,4.0,17.0,25.0,0.0,608.0,654.0,92.96636085626912,6.422018348623853,media-alta
2022,20230101_38038_D06_S029,38038_D06_S029,Santa Cruz de Tenerife,6,29,52737.0,19904.0,24594.0,22750.0,1.0810549450549451,2023,20230101_38038_D06_S029,2.8,11.3,30.2,1.2,54.6,20220101_38038_D06_S029,77.0,7.0,6.0,38.0,128.0,121.0,63.63636363636363,4.958677685950414,20220101_38038_D06_S029,1.0,4.0,2.0,0.0,121.0,128.0,94.53125,4.6875,media-alta
2022,20230101_38038_D07_S001,38038_D07_S001,Santa Cruz de Tenerife,7,1,46666.0,16921.0,21323.0,19250.0,1.1076883116883116,2023,20230101_38038_D07_S001,4.3,8.7,12.5,2.2,72.4,20220101_38038_D07_S001,261.0,36.0,67.0,359.0,723.0,687.0,37.99126637554585,9.75254730713246,20220101_38038_D07_S001,7.0,20.0,41.0,0.0,655.0,723.0,90.59474412171508,8.437067773167358,media-alta
2022,20230101_38038_D07_S002,38038_D07_S002,Santa Cruz de Tenerife,7,2,34848.0,13082.0,17227.0,15750.0,1.0937777777777777,2023,20230101_38038_D07_S002,5.6,8.3,26.6,2.8,56.8,20220101_38038_D07_S002,119.0,25.0,104.0,328.0,576.0,551.0,21.59709618874773,18.874773139745916,20220101_38038_D07_S002,11.0,25.0,31.0,0.0,509.0,576.0,88.36805555555556,9.722222222222221,media-baja
2022,20230101_38038_D07_S003,38038_D07_S003,Santa Cruz de Tenerife,7,3,33553.0,13860.0,17854.0,16450.0,1.0853495440729484,2023,20230101_38038_D07_S003,5.1,7.3,31.1,3.1,53.4,20220101_38038_D07_S003,151.0,27.0,103.0,366.0,647.0,620.0,24.35483870967742,16.612903225806452,20220101_38038_D07_S003,12.0,31.0,37.0,0.0,567.0,647.0,87.63523956723338,10.510046367851622,media-baja
2022,20230101_38038_D07_S004,38038_D07_S004,Santa Cruz de Tenerife,7,4,27948.0,10189.0,14126.0,13650.0,1.034871794871795,2023,20230101_38038_D07_S004,8.4,1.6,33.8,4.2,52.1,20220101_38038_D07_S004,30.0,7.0,54.0,136.0,227.0,220.0,13.636363636363637,24.545454545454547,20220101_38038_D07_S004,0.0,16.0,11.0,0.0,200.0,227.0,88.10572687224669,11.894273127753303,baja
2022,20230101_38038_D07_S005,38038_D07_S005,Santa Cruz de Tenerife,7,5,34114.0,12967.0,17083.0,15750.0,1.0846349206349206,2023,20230101_38038_D07_S005,4.5,5.9,26.0,2.5,61.1,20220101_38038_D07_S005,76.0,15.0,49.0,188.0,328.0,313.0,24.28115015974441,15.654952076677317,20220101_38038_D07_S005,0.0,24.0,23.0,0.0,281.0,328.0,85.67073170731707,14.329268292682928,media-baja
2022,20230101_38038_D07_S006,38038_D07_S006,Santa Cruz de Tenerife,7,6,25002.0,10778.0,14129.0,12250.0,1.1533877551020408,2023,20230101_38038_D07_S006,9.4,4.6,29.2,4.0,52.9,20220101_38038_D07_S006,108.0,18.0,86.0,213.0,425.0,407.0,26.535626535626534,21.13022113022113,20220101_38038_D07_S006,7.0,20.0,23.0,0.0,375.0,425.0,88.23529411764706,10.117647058823529,baja
2022,20230101_38038_D07_S007,38038_D07_S007,Santa Cruz de Tenerife,7,7,30691.0,12360.0,15981.0,14350.0,1.113658536585366,2023,20230101_38038_D07_S007,6.3,5.6,28.0,3.2,56.9,20220101_38038_D07_S007,100.0,18.0,90.0,277.0,485.0,467.0,21.41327623126338,19.271948608137045,20220101_38038_D07_S007,4.0,26.0,26.0,0.0,429.0,485.0,88.45360824742268,10.721649484536082,media-baja
2022,20230101_38038_D07_S009,38038_D07_S009,Santa Cruz de Tenerife,7,9,35083.0,14076.0,17868.0,15750.0,1.1344761904761904,2023,20230101_38038_D07_S009,4.3,5.6,27.2,2.8,60.1,20220101_38038_D07_S009,139.0,21.0,66.0,286.0,512.0,491.0,28.30957230142566,13.441955193482688,20220101_38038_D07_S009,7.0,20.0,33.0,0.0,452.0,512.0,88.28125,10.3515625,media-baja
2022,20230101_38038_D08_S001,38038_D08_S001,Santa Cruz de Tenerife,8,1,27210.0,12254.0,15608.0,14350.0,1.0876655052264808,2023,20230101_38038_D08_S001,4.9,5.5,33.5,3.2,52.9,20220101_38038_D08_S001,61.0,16.0,92.0,222.0,391.0,375.0,16.266666666666666,24.533333333333335,20220101_38038_D08_S001,17.0,49.0,23.0,0.0,302.0,391.0,77.2378516624041,18.414322250639387,media-baja
2022,20230101_38038_D09_S001,38038_D09_S001,Santa Cruz de Tenerife,9,1,26228.0,11677.0,15291.0,14350.0,1.065574912891986,2023,20230101_38038_D09_S001,7.1,5.0,26.1,3.4,58.3,20220101_38038_D09_S001,78.0,18.0,74.0,182.0,352.0,334.0,23.353293413173652,22.15568862275449,20220101_38038_D09_S001,4.0,24.0,13.0,1.0,310.0,351.0,88.31908831908832,10.54131054131054,baja
2022,20230101_38038_D09_S002,38038_D09_S002,Santa Cruz de Tenerife,9,2,26210.0,10859.0,13762.0,12250.0,1.1234285714285714,2023,20230101_38038_D09_S002,8.8,3.6,23.2,3.5,61.0,20220101_38038_D09_S002,50.0,14.0,54.0,123.0,241.0,227.0,22.026431718061673,23.788546255506606,20220101_38038_D09_S002,4.0,9.0,13.0,0.0,215.0,241.0,89.2116182572614,9.12863070539419,baja
2022,20230101_38038_D09_S003,38038_D09_S003,Santa Cruz de Tenerife,9,3,27562.0,11435.0,14894.0,13650.0,1.091135531135531,2023,20230101_38038_D09_S003,6.6,4.0,35.0,3.1,51.4,20220101_38038_D09_S003,74.0,13.0,65.0,221.0,373.0,360.0,20.555555555555557,18.055555555555557,20220101_38038_D09_S003,3.0,18.0,25.0,0.0,327.0,373.0,87.66756032171581,11.528150134048257,baja
2022,20230101_38038_D09_S006,38038_D09_S006,Santa Cruz de Tenerife,9,6,28906.0,12229.0,15598.0,13650.0,1.1427106227106227,2023,20230101_38038_D09_S006,6.4,4.0,28.5,3.4,57.7,20220101_38038_D09_S006,112.0,17.0,87.0,258.0,474.0,457.0,24.50765864332604,19.037199124726477,20220101_38038_D09_S006,5.0,30.0,21.0,0.0,418.0,474.0,88.18565400843882,10.759493670886076,media-baja
2022,20230101_38038_D09_S007,38038_D09_S007,Santa Cruz de Tenerife,9,7,30990.0,12396.0,16271.0,15750.0,1.033079365079365,2023,20230101_38038_D09_S007,6.4,7.8,21.0,3.3,61.6,20220101_38038_D09_S007,67.0,15.0,31.0,199.0,312.0,297.0,22.55892255892256,10.437710437710438,20220101_38038_D09_S007,1.0,21.0,15.0,0.0,275.0,312.0,88.14102564102564,11.538461538461538,media-baja
2022,20230101_38038_D09_S009,38038_D09_S009,Santa Cruz de Tenerife,9,9,26083.0,9813.0,13234.0,12250.0,1.080326530612245,2023,20230101_38038_D09_S009,9.2,4.0,26.5,4.0,56.3,20220101_38038_D09_S009,75.0,16.0,83.0,299.0,473.0,457.0,16.411378555798688,18.161925601750546,20220101_38038_D09_S009,2.0,29.0,16.0,0.0,426.0,473.0,90.06342494714588,9.513742071881607,baja
2022,20230101_38038_D09_S010,38038_D09_S010,Santa Cruz de Tenerife,9,10,26607.0,10262.0,13995.0,12950.0,1.0806949806949806,2023,20230101_38038_D09_S010,9.2,2.6,29.4,3.7,55.1,20220101_38038_D09_S010,54.0,14.0,105.0,227.0,400.0,386.0,13.989637305699482,27.202072538860104,20220101_38038_D09_S010,0.0,24.0,21.0,0.0,355.0,400.0,88.75,11.25,baja
2022,20230101_38038_D09_S011,38038_D09_S011,Santa Cruz de Tenerife,9,11,23854.0,9953.0,13111.0,12250.0,1.0702857142857143,2023,20230101_38038_D09_S011,8.1,2.1,30.6,4.5,54.7,20220101_38038_D09_S011,52.0,12.0,92.0,195.0,351.0,339.0,15.339233038348082,27.13864306784661,20220101_38038_D09_S011,4.0,25.0,22.0,0.0,300.0,351.0,85.47008547008546,13.39031339031339,baja
2022,20230101_38038_D09_S012,38038_D09_S012,Santa Cruz de Tenerife,9,12,31379.0,12179.0,15967.0,15750.0,1.0137777777777779,2023,20230101_38038_D09_S012,6.1,5.8,23.9,3.5,60.7,20220101_38038_D09_S012,121.0,22.0,100.0,380.0,623.0,601.0,20.133111480865225,16.638935108153078,20220101_38038_D09_S012,7.0,47.0,24.0,0.0,545.0,623.0,87.47993579454254,11.396468699839486,media-baja
2022,20230101_38038_D09_S014,38038_D09_S014,Santa Cruz de Tenerife,9,14,24074.0,10247.0,13462.0,12250.0,1.098938775510204,2023,20230101_38038_D09_S014,10.8,4.2,25.4,4.6,55.1,20220101_38038_D09_S014,41.0,15.0,50.0,155.0,261.0,246.0,16.666666666666668,20.32520325203252,20220101_38038_D09_S014,2.0,13.0,6.0,0.0,240.0,261.0,91.95402298850574,7.2796934865900385,baja
2022,20230101_38038_D09_S015,38038_D09_S015,Santa Cruz de Tenerife,9,15,27531.0,12072.0,15282.0,12950.0,1.18007722007722,2023,20230101_38038_D09_S015,7.8,4.0,35.0,3.3,49.9,20220101_38038_D09_S015,81.0,9.0,38.0,174.0,302.0,293.0,27.64505119453925,12.969283276450511,20220101_38038_D09_S015,1.0,12.0,14.0,0.0,275.0,302.0,91.05960264900662,8.609271523178808,media-baja
2022,20230101_38038_D09_S016,38038_D09_S016,Santa Cruz de Tenerife,9,16,28209.0,10904.0,14618.0,13650.0,1.070915750915751,2023,20230101_38038_D09_S016,7.9,2.2,33.6,3.5,52.8,20220101_38038_D09_S016,50.0,11.0,65.0,211.0,337.0,326.0,15.337423312883436,19.938650306748468,20220101_38038_D09_S016,3.0,17.0,12.0,0.0,305.0,337.0,90.50445103857567,8.6053412462908,baja
2022,20230101_38038_D09_S018,38038_D09_S018,Santa Cruz de Tenerife,9,18,29417.0,12452.0,15762.0,14350.0,1.098397212543554,2023,20230101_38038_D09_S018,5.5,7.1,37.6,3.4,46.4,20220101_38038_D09_S018,42.0,9.0,40.0,127.0,218.0,209.0,20.095693779904305,19.138755980861244,20220101_38038_D09_S018,4.0,5.0,13.0,0.0,196.0,218.0,89.90825688073394,8.256880733944953,media-baja
2022,20230101_38038_D09_S019,38038_D09_S019,Santa Cruz de Tenerife,9,19,32888.0,12857.0,16574.0,15050.0,1.1012624584717607,2023,20230101_38038_D09_S019,6.1,6.0,21.3,3.3,63.3,20220101_38038_D09_S019,134.0,26.0,83.0,328.0,571.0,545.0,24.587155963302752,15.229357798165138,20220101_38038_D09_S019,5.0,20.0,27.0,0.0,519.0,571.0,90.89316987740806,8.231173380035026,media-baja
2022,20230101_38038_D09_S021,38038_D09_S021,Santa Cruz de Tenerife,9,21,28748.0,12344.0,15666.0,14350.0,1.0917073170731708,2023,20230101_38038_D09_S021,5.5,4.3,34.1,2.8,53.3,20220101_38038_D09_S021,65.0,16.0,51.0,167.0,299.0,283.0,22.968197879858657,18.021201413427562,20220101_38038_D09_S021,3.0,21.0,14.0,0.0,261.0,299.0,87.29096989966555,11.705685618729097,media-baja
2022,20230101_38038_D09_S022,38038_D09_S022,Santa Cruz de Tenerife,9,22,24622.0,10216.0,13316.0,12250.0,1.0870204081632653,2023,20230101_38038_D09_S022,9.4,2.7,26.9,4.7,56.4,20220101_38038_D09_S022,82.0,19.0,81.0,248.0,430.0,411.0,19.951338199513383,19.708029197080293,20220101_38038_D09_S022,2.0,21.0,23.0,0.0,384.0,430.0,89.30232558139535,10.232558139534884,baja
2022,20230101_38038_D10_S001,38038_D10_S001,Santa Cruz de Tenerife,10,1,27111.0,11586.0,15111.0,13650.0,1.107032967032967,2023,20230101_38038_D10_S001,7.7,2.7,40.2,2.7,46.7,20220101_38038_D10_S001,53.0,21.0,39.0,167.0,280.0,259.0,20.463320463320464,15.057915057915057,20220101_38038_D10_S001,1.0,18.0,21.0,1.0,239.0,279.0,85.66308243727599,13.978494623655914,baja
2022,20230101_38038_D10_S002,38038_D10_S002,Santa Cruz de Tenerife,10,2,28750.0,11873.0,15381.0,13650.0,1.1268131868131868,2023,20230101_38038_D10_S002,7.1,5.6,34.2,2.7,50.5,20220101_38038_D10_S002,79.0,14.0,61.0,192.0,346.0,332.0,23.795180722891565,18.373493975903614,20220101_38038_D10_S002,2.0,26.0,16.0,0.0,302.0,346.0,87.28323699421965,12.138728323699421,baja
2022,20230101_38038_D10_S003,38038_D10_S003,Santa Cruz de Tenerife,10,3,29754.0,12288.0,16082.0,14350.0,1.1206968641114983,2023,20230101_38038_D10_S003,7.7,5.0,34.0,3.2,50.2,20220101_38038_D10_S003,84.0,12.0,50.0,211.0,357.0,345.0,24.347826086956523,14.492753623188406,20220101_38038_D10_S003,2.0,21.0,12.0,0.0,322.0,357.0,90.19607843137256,9.243697478991596,media-baja
2022,20230101_38038_D10_S004,38038_D10_S004,Santa Cruz de Tenerife,10,4,24650.0,11832.0,14841.0,14350.0,1.0342160278745645,2023,20230101_38038_D10_S004,7.6,2.6,35.5,2.6,51.8,20220101_38038_D10_S004,45.0,7.0,32.0,131.0,215.0,208.0,21.634615384615383,15.384615384615385,20220101_38038_D10_S004,0.0,11.0,15.0,0.0,189.0,215.0,87.90697674418605,12.093023255813954,baja
2022,20230101_38038_D10_S005,38038_D10_S005,Santa Cruz de Tenerife,10,5,26836.0,11999.0,15339.0,14350.0,1.0689198606271777,2023,20230101_38038_D10_S005,9.1,4.2,31.6,3.4,51.7,20220101_38038_D10_S005,53.0,14.0,51.0,145.0,263.0,249.0,21.285140562248998,20.481927710843372,20220101_38038_D10_S005,5.0,16.0,7.0,0.0,235.0,263.0,89.35361216730038,8.745247148288973,baja
2022,20230101_38038_D10_S006,38038_D10_S006,Santa Cruz de Tenerife,10,6,49340.0,18755.0,23016.0,19950.0,1.1536842105263159,2023,20230101_38038_D10_S006,3.9,15.2,28.0,1.7,51.2,20220101_38038_D10_S006,208.0,24.0,58.0,268.0,558.0,534.0,38.951310861423224,10.861423220973784,20220101_38038_D10_S006,7.0,25.0,20.0,0.0,506.0,558.0,90.68100358422939,8.064516129032258,media-alta
2022,20230101_38038_D10_S007,38038_D10_S007,Santa Cruz de Tenerife,10,7,38890.0,16219.0,20027.0,18550.0,1.0796226415094339,2023,20230101_38038_D10_S007,6.6,4.2,29.6,2.1,57.6,20220101_38038_D10_S007,126.0,10.0,40.0,139.0,315.0,305.0,41.31147540983606,13.114754098360656,20220101_38038_D10_S007,2.0,14.0,15.0,1.0,283.0,314.0,90.12738853503184,9.235668789808917,media-alta
2022,20230101_38038_D10_S008,38038_D10_S008,Santa Cruz de Tenerife,10,8,37598.0,15064.0,19056.0,18550.0,1.027277628032345,2023,20230101_38038_D10_S008,6.0,7.4,27.9,2.4,56.4,20220101_38038_D10_S008,89.0,13.0,51.0,194.0,347.0,334.0,26.646706586826348,15.269461077844312,20220101_38038_D10_S008,2.0,19.0,15.0,0.0,311.0,347.0,89.62536023054756,9.798270893371757,media-baja
2022,20230101_38038_D10_S009,38038_D10_S009,Santa Cruz de Tenerife,10,9,35741.0,13721.0,17868.0,16450.0,1.0862006079027355,2023,20230101_38038_D10_S009,6.7,7.4,35.1,2.5,48.3,20220101_38038_D10_S009,80.0,20.0,33.0,186.0,319.0,299.0,26.755852842809364,11.036789297658864,20220101_38038_D10_S009,3.0,12.0,15.0,0.0,289.0,319.0,90.59561128526646,8.463949843260188,media-baja
2022,20230101_38038_D10_S010,38038_D10_S010,Santa Cruz de Tenerife,10,10,31688.0,11625.0,15750.0,13650.0,1.1538461538461537,2023,20230101_38038_D10_S010,8.1,5.2,31.7,3.3,51.7,20220101_38038_D10_S010,54.0,8.0,52.0,128.0,242.0,234.0,23.076923076923077,22.22222222222222,20220101_38038_D10_S010,4.0,14.0,11.0,0.0,213.0,242.0,88.01652892561984,10.330578512396695,baja
2022,20230101_38038_D10_S011,38038_D10_S011,Santa Cruz de Tenerife,10,11,39106.0,15799.0,19622.0,17850.0,1.0992717086834733,2023,20230101_38038_D10_S011,4.6,5.2,23.8,1.9,64.6,20220101_38038_D10_S011,86.0,16.0,57.0,352.0,511.0,495.0,17.373737373737374,11.515151515151516,20220101_38038_D10_S011,2.0,18.0,17.0,0.0,474.0,511.0,92.75929549902153,6.8493150684931505,media-baja
2022,20230101_38038_D10_S012,38038_D10_S012,Santa Cruz de Tenerife,10,12,30073.0,11300.0,15247.0,14350.0,1.0625087108013938,2023,20230101_38038_D10_S012,6.6,4.5,31.0,4.2,53.8,20220101_38038_D10_S012,66.0,14.0,56.0,174.0,310.0,296.0,22.2972972972973,18.91891891891892,20220101_38038_D10_S012,4.0,13.0,17.0,0.0,276.0,310.0,89.03225806451613,9.67741935483871,baja
2022,20230101_38038_D10_S013,38038_D10_S013,Santa Cruz de Tenerife,10,13,32646.0,13814.0,17490.0,15750.0,1.1104761904761904,2023,20230101_38038_D10_S013,4.0,6.8,38.2,2.0,49.0,20220101_38038_D10_S013,66.0,11.0,18.0,112.0,207.0,196.0,33.673469387755105,9.183673469387756,20220101_38038_D10_S013,4.0,10.0,9.0,0.0,184.0,207.0,88.88888888888889,9.178743961352657,media-baja
2022,20230101_38038_D10_S014,38038_D10_S014,Santa Cruz de Tenerife,10,14,36737.0,14847.0,18627.0,17850.0,1.0435294117647058,2023,20230101_38038_D10_S014,5.1,5.3,31.9,2.6,55.1,20220101_38038_D10_S014,90.0,15.0,44.0,204.0,353.0,338.0,26.62721893491124,13.017751479289942,20220101_38038_D10_S014,3.0,25.0,10.0,0.0,315.0,353.0,89.23512747875354,9.91501416430595,media-baja
2022,20230101_38038_D10_S015,38038_D10_S015,Santa Cruz de Tenerife,10,15,43240.0,16501.0,20744.0,17850.0,1.1621288515406163,2023,20230101_38038_D10_S015,5.3,11.3,27.8,2.1,53.6,20220101_38038_D10_S015,176.0,20.0,56.0,188.0,440.0,420.0,41.904761904761905,13.333333333333334,20220101_38038_D10_S015,0.0,21.0,20.0,0.0,399.0,440.0,90.68181818181819,9.318181818181818,media-alta
2022,20230101_38038_D10_S016,38038_D10_S016,Santa Cruz de Tenerife,10,16,38474.0,16019.0,19701.0,17150.0,1.1487463556851312,2023,20230101_38038_D10_S016,4.1,7.3,25.8,2.1,60.7,20220101_38038_D10_S016,137.0,23.0,42.0,251.0,453.0,430.0,31.86046511627907,9.767441860465116,20220101_38038_D10_S016,2.0,20.0,19.0,0.0,412.0,453.0,90.94922737306844,8.609271523178808,media-alta
2022,20230101_38038_D11_S001,38038_D11_S001,Santa Cruz de Tenerife,11,1,28273.0,10634.0,14390.0,13650.0,1.0542124542124542,2023,20230101_38038_D11_S001,5.7,5.0,22.3,3.8,63.1,20220101_38038_D11_S001,113.0,25.0,104.0,368.0,610.0,585.0,19.316239316239315,17.77777777777778,20220101_38038_D11_S001,5.0,47.0,30.0,0.0,528.0,610.0,86.55737704918033,12.62295081967213,baja
2022,20230101_38038_D11_S002,38038_D11_S002,Santa Cruz de Tenerife,11,2,33317.0,12857.0,16773.0,15750.0,1.0649523809523809,2023,20230101_38038_D11_S002,4.3,7.2,13.2,3.0,72.4,20220101_38038_D11_S002,199.0,46.0,94.0,458.0,797.0,751.0,26.498002663115845,12.51664447403462,20220101_38038_D11_S002,6.0,43.0,57.0,0.0,691.0,797.0,86.70012547051444,12.547051442910917,media-baja
2022,20230101_38038_D11_S003,38038_D11_S003,Santa Cruz de Tenerife,11,3,36329.0,14200.0,18163.0,17150.0,1.059067055393586,2023,20230101_38038_D11_S003,4.3,5.9,11.1,2.5,76.3,20220101_38038_D11_S003,366.0,66.0,91.0,662.0,1185.0,1119.0,32.707774798927616,8.132260947274352,20220101_38038_D11_S003,2.0,56.0,54.0,0.0,1073.0,1185.0,90.54852320675106,9.282700421940929,media-baja
2022,20230101_38038_D11_S004,38038_D11_S004,Santa Cruz de Tenerife,11,4,29012.0,11216.0,15195.0,14350.0,1.0588850174216027,2023,20230101_38038_D11_S004,6.3,4.7,17.2,3.4,68.5,20220101_38038_D11_S004,166.0,39.0,135.0,526.0,866.0,827.0,20.072551390568318,16.324062877871825,20220101_38038_D11_S004,6.0,62.0,53.0,0.0,745.0,866.0,86.02771362586606,13.27944572748268,baja
2022,20230101_38038_D11_S005,38038_D11_S005,Santa Cruz de Tenerife,11,5,32686.0,12724.0,16421.0,15750.0,1.0426031746031745,2023,20230101_38038_D11_S005,4.5,4.4,18.4,2.9,69.7,20220101_38038_D11_S005,113.0,22.0,64.0,299.0,498.0,476.0,23.73949579831933,13.445378151260504,20220101_38038_D11_S005,2.0,34.0,45.0,0.0,417.0,498.0,83.73493975903614,15.863453815261044,media-baja
2022,20230101_38038_D11_S006,38038_D11_S006,Santa Cruz de Tenerife,11,6,31289.0,11719.0,15758.0,14350.0,1.0981184668989548,2023,20230101_38038_D11_S006,5.4,4.3,22.2,3.5,64.6,20220101_38038_D11_S006,135.0,28.0,143.0,427.0,733.0,705.0,19.148936170212767,20.28368794326241,20220101_38038_D11_S006,10.0,48.0,35.0,0.0,640.0,733.0,87.31241473396999,11.323328785811732,baja
2022,20230101_38038_D11_S007,38038_D11_S007,Santa Cruz de Tenerife,11,7,30170.0,11600.0,15522.0,14350.0,1.0816724738675958,2023,20230101_38038_D11_S007,6.2,6.3,14.9,3.4,69.4,20220101_38038_D11_S007,111.0,21.0,77.0,276.0,485.0,464.0,23.92241379310345,16.594827586206897,20220101_38038_D11_S007,1.0,46.0,27.0,0.0,411.0,485.0,84.74226804123711,15.051546391752577,baja
2022,20230101_38038_D11_S008,38038_D11_S008,Santa Cruz de Tenerife,11,8,36578.0,13692.0,17680.0,17150.0,1.0309037900874636,2023,20230101_38038_D11_S008,7.1,5.4,12.6,3.7,71.3,20220101_38038_D11_S008,179.0,34.0,47.0,346.0,606.0,572.0,31.293706293706293,8.216783216783217,20220101_38038_D11_S008,3.0,34.0,35.0,0.0,534.0,606.0,88.11881188118812,11.386138613861386,media-baja
2022,20230101_38038_D11_S009,38038_D11_S009,Santa Cruz de Tenerife,11,9,25837.0,10078.0,13336.0,12250.0,1.0886530612244898,2023,20230101_38038_D11_S009,10.4,3.2,18.1,4.6,63.7,20220101_38038_D11_S009,85.0,8.0,94.0,226.0,413.0,405.0,20.987654320987655,23.209876543209877,20220101_38038_D11_S009,4.0,19.0,16.0,0.0,374.0,413.0,90.55690072639226,8.474576271186441,baja
2022,20230101_38038_D11_S010,38038_D11_S010,Santa Cruz de Tenerife,11,10,31931.0,12128.0,16089.0,14350.0,1.121184668989547,2023,20230101_38038_D11_S010,6.6,8.2,18.0,3.2,64.0,20220101_38038_D11_S010,158.0,23.0,98.0,317.0,596.0,573.0,27.574171029668413,17.102966841186735,20220101_38038_D11_S010,7.0,36.0,31.0,0.0,522.0,596.0,87.58389261744966,11.241610738255034,media-baja
2022,20230101_38038_D11_S011,38038_D11_S011,Santa Cruz de Tenerife,11,11,20887.0,7744.0,10964.0,10150.0,1.0801970443349753,2023,20230101_38038_D11_S011,15.1,1.8,23.0,5.7,54.4,20220101_38038_D11_S011,33.0,11.0,97.0,186.0,327.0,316.0,10.443037974683545,30.696202531645568,20220101_38038_D11_S011,7.0,19.0,6.0,0.0,295.0,327.0,90.21406727828746,7.6452599388379205,baja
2022,20230101_38038_D11_S012,38038_D11_S012,Santa Cruz de Tenerife,11,12,22936.0,8488.0,11984.0,10850.0,1.104516129032258,2023,20230101_38038_D11_S012,14.5,1.8,17.9,5.3,60.5,20220101_38038_D11_S012,76.0,19.0,120.0,309.0,524.0,505.0,15.049504950495049,23.762376237623762,20220101_38038_D11_S012,3.0,35.0,24.0,0.0,462.0,524.0,88.16793893129771,11.259541984732824,baja
2022,20230101_38038_D11_S013,38038_D11_S013,Santa Cruz de Tenerife,11,13,36300.0,13388.0,17500.0,15750.0,1.1111111111111112,2023,20230101_38038_D11_S013,5.6,11.6,12.4,3.1,67.3,20220101_38038_D11_S013,201.0,42.0,76.0,402.0,721.0,679.0,29.60235640648012,11.192930780559646,20220101_38038_D11_S013,4.0,44.0,45.0,0.0,628.0,721.0,87.1012482662968,12.343966712898752,media-baja
2022,20230101_38038_D11_S014,38038_D11_S014,Santa Cruz de Tenerife,11,14,63682.0,20981.0,26801.0,25550.0,1.0489628180039139,2023,20230101_38038_D11_S014,3.0,11.4,10.2,1.4,74.0,20220101_38038_D11_S014,275.0,28.0,15.0,212.0,530.0,502.0,54.78087649402391,2.9880478087649402,20220101_38038_D11_S014,0.0,18.0,32.0,0.0,480.0,530.0,90.56603773584905,9.433962264150944,alta
2022,20230101_38038_D11_S015,38038_D11_S015,Santa Cruz de Tenerife,11,15,32618.0,12071.0,15835.0,14350.0,1.1034843205574913,2023,20230101_38038_D11_S015,5.1,5.5,15.0,3.2,71.2,20220101_38038_D11_S015,124.0,32.0,87.0,389.0,632.0,600.0,20.666666666666668,14.5,20220101_38038_D11_S015,3.0,46.0,32.0,0.0,551.0,632.0,87.18354430379746,12.341772151898734,media-baja
2022,20230101_38038_D11_S016,38038_D11_S016,Santa Cruz de Tenerife,11,16,29968.0,11103.0,14849.0,13650.0,1.0878388278388278,2023,20230101_38038_D11_S016,6.1,3.7,24.6,3.2,62.5,20220101_38038_D11_S016,64.0,13.0,73.0,188.0,338.0,325.0,19.692307692307693,22.46153846153846,20220101_38038_D11_S016,9.0,13.0,14.0,0.0,302.0,338.0,89.3491124260355,7.988165680473373,baja
2022,20230101_38038_D11_S017,38038_D11_S017,Santa Cruz de Tenerife,11,17,30938.0,11033.0,15031.0,13650.0,1.1011721611721612,2023,20230101_38038_D11_S017,7.5,4.0,24.6,4.6,59.3,20220101_38038_D11_S017,65.0,32.0,92.0,230.0,419.0,387.0,16.795865633074936,23.772609819121445,20220101_38038_D11_S017,4.0,22.0,22.0,0.0,371.0,419.0,88.54415274463007,10.501193317422434,baja
2022,20230101_38038_D11_S018,38038_D11_S018,Santa Cruz de Tenerife,11,18,39915.0,14577.0,18769.0,17150.0,1.094402332361516,2023,20230101_38038_D11_S018,3.9,6.5,11.5,2.6,75.4,20220101_38038_D11_S018,249.0,36.0,87.0,433.0,805.0,769.0,32.37971391417425,11.31339401820546,20220101_38038_D11_S018,2.0,28.0,39.0,0.0,736.0,805.0,91.42857142857143,8.322981366459627,media-baja
2022,20230101_38038_D11_S019,38038_D11_S019,Santa Cruz de Tenerife,11,19,28980.0,11012.0,14542.0,13650.0,1.0653479853479852,2023,20230101_38038_D11_S019,6.7,5.1,17.4,3.3,67.4,20220101_38038_D11_S019,108.0,18.0,70.0,280.0,476.0,458.0,23.580786026200872,15.283842794759826,20220101_38038_D11_S019,2.0,40.0,23.0,0.0,411.0,476.0,86.34453781512605,13.235294117647058,baja
2022,20230101_38038_D11_S020,38038_D11_S020,Santa Cruz de Tenerife,11,20,36419.0,13905.0,17885.0,15750.0,1.1355555555555557,2023,20230101_38038_D11_S020,4.5,8.5,9.6,2.9,74.6,20220101_38038_D11_S020,197.0,22.0,83.0,407.0,709.0,687.0,28.675400291120816,12.08151382823872,20220101_38038_D11_S020,4.0,34.0,31.0,0.0,640.0,709.0,90.26798307475318,9.16784203102962,media-baja
2022,20230101_38038_D11_S021,38038_D11_S021,Santa Cruz de Tenerife,11,21,64246.0,24059.0,29096.0,26950.0,1.0796289424860854,2023,20230101_38038_D11_S021,2.6,13.7,6.0,1.1,76.6,20220101_38038_D11_S021,550.0,50.0,30.0,410.0,1040.0,990.0,55.55555555555556,3.0303030303030303,20220101_38038_D11_S021,2.0,25.0,62.0,0.0,951.0,1040.0,91.4423076923077,8.365384615384615,alta
2022,20230101_38038_D12_S001,38038_D12_S001,Santa Cruz de Tenerife,12,1,42061.0,13804.0,18577.0,17150.0,1.0832069970845482,2023,20230101_38038_D12_S001,4.0,6.4,18.8,2.8,68.0,20220101_38038_D12_S001,182.0,40.0,84.0,392.0,698.0,658.0,27.659574468085108,12.76595744680851,20220101_38038_D12_S001,6.0,71.0,43.0,1.0,577.0,697.0,82.78335724533716,16.3558106169297,media-baja
2022,20230101_38038_D12_S002,38038_D12_S002,Santa Cruz de Tenerife,12,2,35555.0,12521.0,16908.0,15050.0,1.1234551495016611,2023,20230101_38038_D12_S002,5.3,8.1,20.3,3.0,63.2,20220101_38038_D12_S002,188.0,43.0,118.0,466.0,815.0,772.0,24.352331606217618,15.284974093264248,20220101_38038_D12_S002,8.0,43.0,59.0,0.0,705.0,815.0,86.50306748466258,12.515337423312884,media-baja
2022,20230101_38038_D12_S003,38038_D12_S003,Santa Cruz de Tenerife,12,3,25335.0,11254.0,14430.0,12950.0,1.1142857142857143,2023,20230101_38038_D12_S003,6.9,4.5,27.0,4.2,57.4,20220101_38038_D12_S003,59.0,17.0,57.0,199.0,332.0,315.0,18.73015873015873,18.095238095238095,20220101_38038_D12_S003,2.0,15.0,23.0,0.0,292.0,332.0,87.95180722891567,11.44578313253012,baja
2022,20230101_38038_D12_S004,38038_D12_S004,Santa Cruz de Tenerife,12,4,36460.0,12842.0,17189.0,15750.0,1.0913650793650793,2023,20230101_38038_D12_S004,6.2,8.2,25.7,3.3,56.6,20220101_38038_D12_S004,133.0,20.0,75.0,296.0,524.0,504.0,26.38888888888889,14.880952380952381,20220101_38038_D12_S004,4.0,30.0,29.0,1.0,460.0,523.0,87.95411089866157,11.281070745697896,media-baja
2022,20230101_38038_D12_S005,38038_D12_S005,Santa Cruz de Tenerife,12,5,38758.0,13204.0,17678.0,16450.0,1.0746504559270518,2023,20230101_38038_D12_S005,4.8,7.1,13.9,2.9,71.3,20220101_38038_D12_S005,266.0,47.0,115.0,567.0,995.0,948.0,28.059071729957807,12.130801687763713,20220101_38038_D12_S005,2.0,75.0,74.0,0.0,844.0,995.0,84.82412060301507,14.974874371859297,media-baja
2022,20230101_38038_D12_S006,38038_D12_S006,Santa Cruz de Tenerife,12,6,34992.0,12817.0,16883.0,15400.0,1.0962987012987013,2023,20230101_38038_D12_S006,5.7,5.9,13.7,4.1,70.6,20220101_38038_D12_S006,166.0,28.0,89.0,407.0,690.0,662.0,25.075528700906343,13.444108761329305,20220101_38038_D12_S006,2.0,41.0,38.0,0.0,609.0,690.0,88.26086956521739,11.44927536231884,media-baja
2022,20230101_38038_D12_S007,38038_D12_S007,Santa Cruz de Tenerife,12,7,34747.0,12718.0,17112.0,15750.0,1.0864761904761904,2023,20230101_38038_D12_S007,4.9,7.0,14.2,2.9,71.0,20220101_38038_D12_S007,92.0,15.0,43.0,231.0,381.0,366.0,25.136612021857925,11.748633879781421,20220101_38038_D12_S007,6.0,20.0,32.0,0.0,323.0,381.0,84.7769028871391,13.648293963254593,media-baja
2022,20230101_38038_D12_S008,38038_D12_S008,Santa Cruz de Tenerife,12,8,38541.0,14245.0,18492.0,17150.0,1.0782507288629737,2023,20230101_38038_D12_S008,4.8,6.3,11.4,2.7,74.9,20220101_38038_D12_S008,273.0,36.0,106.0,590.0,1005.0,969.0,28.173374613003094,10.939112487100104,20220101_38038_D12_S008,7.0,50.0,52.0,0.0,896.0,1005.0,89.1542288557214,10.149253731343284,media-baja
2022,20230101_38038_D12_S009,38038_D12_S009,Santa Cruz de Tenerife,12,9,42761.0,15170.0,19723.0,18550.0,1.063234501347709,2023,20230101_38038_D12_S009,3.5,5.2,8.8,2.8,79.8,20220101_38038_D12_S009,308.0,58.0,94.0,572.0,1032.0,974.0,31.62217659137577,9.650924024640657,20220101_38038_D12_S009,6.0,44.0,61.0,0.0,921.0,1032.0,89.24418604651163,10.174418604651162,media-baja
2022,20230101_38038_D12_S010,38038_D12_S010,Santa Cruz de Tenerife,12,10,39617.0,14262.0,18699.0,17150.0,1.090320699708455,2023,20230101_38038_D12_S010,4.6,6.7,5.4,2.4,81.0,20220101_38038_D12_S010,230.0,30.0,73.0,412.0,745.0,715.0,32.16783216783217,10.20979020979021,20220101_38038_D12_S010,4.0,31.0,34.0,0.0,676.0,745.0,90.73825503355705,8.724832214765101,media-baja
2022,20230101_38038_D12_S011,38038_D12_S011,Santa Cruz de Tenerife,12,11,31442.0,11772.0,15491.0,13650.0,1.1348717948717948,2023,20230101_38038_D12_S011,7.7,4.3,11.9,3.4,72.7,20220101_38038_D12_S011,218.0,28.0,125.0,462.0,833.0,805.0,27.080745341614907,15.527950310559007,20220101_38038_D12_S011,4.0,47.0,39.0,0.0,743.0,833.0,89.19567827130852,10.324129651860744,baja
2022,20230101_38039_D01_S001,38039_D01_S001,Santa Úrsula,1,1,28023.0,10820.0,14445.0,12950.0,1.1154440154440155,2023,20230101_38039_D01_S001,5.5,12.1,18.9,4.4,59.2,20220101_38039_D01_S001,156.0,30.0,108.0,448.0,742.0,712.0,21.910112359550563,15.168539325842696,20220101_38039_D01_S001,8.0,86.0,39.0,0.0,609.0,742.0,82.0754716981132,16.846361185983827,baja
2022,20230101_38039_D01_S002,38039_D01_S002,Santa Úrsula,1,2,27508.0,10423.0,14346.0,12950.0,1.107799227799228,2023,20230101_38039_D01_S002,6.4,13.1,21.4,4.6,54.6,20220101_38039_D01_S002,103.0,20.0,94.0,394.0,611.0,591.0,17.42808798646362,15.905245346869712,20220101_38039_D01_S002,14.0,94.0,20.0,0.0,483.0,611.0,79.050736497545,18.657937806873978,baja
2022,20230101_38039_D01_S003,38039_D01_S003,Santa Úrsula,1,3,28629.0,10214.0,14228.0,12950.0,1.0986872586872587,2023,20230101_38039_D01_S003,6.6,7.5,20.8,4.6,60.5,20220101_38039_D01_S003,98.0,13.0,106.0,280.0,497.0,484.0,20.24793388429752,21.90082644628099,20220101_38039_D01_S003,14.0,79.0,25.0,0.0,379.0,497.0,76.25754527162978,20.925553319919516,baja
2022,20230101_38039_D01_S004,38039_D01_S004,Santa Úrsula,1,4,41985.0,16500.0,20119.0,16450.0,1.2230395136778116,2023,20230101_38039_D01_S004,3.4,19.4,15.8,1.9,59.7,20220101_38039_D01_S004,297.0,32.0,54.0,363.0,746.0,714.0,41.596638655462186,7.563025210084033,20220101_38039_D01_S004,7.0,45.0,35.0,1.0,658.0,745.0,88.32214765100672,10.738255033557047,media-alta
2022,20230101_38039_D01_S005,38039_D01_S005,Santa Úrsula,1,5,30133.0,11392.0,15034.0,13650.0,1.1013919413919413,2023,20230101_38039_D01_S005,5.7,13.3,20.0,3.2,57.9,20220101_38039_D01_S005,118.0,24.0,54.0,314.0,510.0,486.0,24.279835390946502,11.11111111111111,20220101_38039_D01_S005,6.0,51.0,19.0,1.0,433.0,509.0,85.06876227897838,13.7524557956778,baja
2022,20230101_38039_D01_S006,38039_D01_S006,Santa Úrsula,1,6,32912.0,12901.0,16561.0,14350.0,1.1540766550522648,2023,20230101_38039_D01_S006,4.7,16.5,15.6,3.1,60.0,20220101_38039_D01_S006,189.0,34.0,85.0,428.0,736.0,702.0,26.923076923076923,12.108262108262108,20220101_38039_D01_S006,8.0,68.0,28.0,0.0,632.0,736.0,85.8695652173913,13.043478260869565,media-baja
2022,20230101_38039_D01_S007,38039_D01_S007,Santa Úrsula,1,7,34382.0,13144.0,16944.0,15050.0,1.1258471760797342,2023,20230101_38039_D01_S007,4.6,10.5,13.2,2.9,68.8,20220101_38039_D01_S007,217.0,35.0,93.0,443.0,788.0,753.0,28.818061088977423,12.350597609561753,20220101_38039_D01_S007,9.0,66.0,43.0,0.0,670.0,788.0,85.0253807106599,13.83248730964467,media-baja
2022,20230101_38039_D01_S008,38039_D01_S008,Santa Úrsula,1,8,33579.0,12384.0,16583.0,15050.0,1.101860465116279,2023,20230101_38039_D01_S008,4.6,11.5,19.4,2.9,61.6,20220101_38039_D01_S008,104.0,27.0,62.0,258.0,451.0,424.0,24.528301886792452,14.622641509433961,20220101_38039_D01_S008,6.0,42.0,24.0,1.0,378.0,450.0,84.0,14.666666666666666,media-baja
2022,20230101_38039_D01_S009,38039_D01_S009,Santa Úrsula,1,9,56925.0,22318.0,26870.0,23450.0,1.1458422174840086,2023,20230101_38039_D01_S009,2.7,26.4,10.1,1.4,59.3,20220101_38039_D01_S009,500.0,43.0,34.0,436.0,1013.0,970.0,51.54639175257732,3.5051546391752577,20220101_38039_D01_S009,8.0,39.0,41.0,0.0,925.0,1013.0,91.31293188548865,7.897334649555775,alta
2022,20230101_38040_D01_S001,38040_D01_S001,Santiago del Teide,1,1,34017.0,12171.0,16743.0,15750.0,1.063047619047619,2023,20230101_38040_D01_S001,4.3,10.8,19.9,3.1,61.9,20220101_38040_D01_S001,97.0,31.0,112.0,356.0,596.0,565.0,17.168141592920353,19.82300884955752,20220101_38040_D01_S001,25.0,44.0,35.0,0.0,492.0,596.0,82.5503355704698,13.25503355704698,media-baja
2022,20230101_38040_D01_S002,38040_D01_S002,Santiago del Teide,1,2,30454.0,11438.0,16124.0,14350.0,1.123623693379791,2023,20230101_38040_D01_S002,3.2,23.3,13.7,2.3,57.6,20220101_38040_D01_S002,256.0,59.0,143.0,593.0,1051.0,992.0,25.806451612903224,14.415322580645162,20220101_38040_D01_S002,36.0,54.0,17.0,0.0,944.0,1051.0,89.81921979067555,6.755470980019029,baja
2022,20230101_38040_D01_S003,38040_D01_S003,Santiago del Teide,1,3,34180.0,11620.0,16154.0,15050.0,1.0733554817275748,2023,20230101_38040_D01_S003,4.4,14.6,14.0,3.1,63.9,20220101_38040_D01_S003,195.0,38.0,253.0,637.0,1123.0,1085.0,17.972350230414747,23.317972350230416,20220101_38040_D01_S003,52.0,72.0,37.0,0.0,962.0,1123.0,85.6634016028495,9.706144256455921,baja
2022,20230101_38040_D01_S004,38040_D01_S004,Santiago del Teide,1,4,30323.0,11263.0,15721.0,13650.0,1.1517216117216118,2023,20230101_38040_D01_S004,3.3,21.6,16.9,2.6,55.6,20220101_38040_D01_S004,230.0,68.0,213.0,829.0,1340.0,1272.0,18.08176100628931,16.745283018867923,20220101_38040_D01_S004,35.0,64.0,35.0,0.0,1206.0,1340.0,90.0,7.388059701492537,baja
2022,20230101_38041_D01_S001,38041_D01_S001,El Sauzal,1,1,52047.0,19327.0,24174.0,19950.0,1.2117293233082707,2023,20230101_38041_D01_S001,3.2,19.5,17.3,1.4,58.6,20220101_38041_D01_S001,362.0,44.0,60.0,329.0,795.0,751.0,48.202396804260985,7.989347536617843,20220101_38041_D01_S001,7.0,55.0,35.0,0.0,698.0,795.0,87.79874213836477,11.320754716981131,media-alta
2022,20230101_38041_D01_S002,38041_D01_S002,El Sauzal,1,2,36648.0,12903.0,17370.0,15750.0,1.1028571428571428,2023,20230101_38041_D01_S002,5.0,6.4,21.8,3.4,63.5,20220101_38041_D01_S002,65.0,14.0,64.0,227.0,370.0,356.0,18.258426966292134,17.97752808988764,20220101_38041_D01_S002,9.0,41.0,39.0,0.0,281.0,370.0,75.94594594594595,21.62162162162162,media-baja
2022,20230101_38041_D01_S003,38041_D01_S003,El Sauzal,1,3,33289.0,11500.0,15715.0,14350.0,1.0951219512195123,2023,20230101_38041_D01_S003,4.4,7.1,24.2,3.4,60.9,20220101_38041_D01_S003,99.0,21.0,103.0,272.0,495.0,474.0,20.88607594936709,21.729957805907173,20220101_38041_D01_S003,14.0,64.0,33.0,0.0,384.0,495.0,77.57575757575758,19.595959595959595,baja
2022,20230101_38041_D01_S004,38041_D01_S004,El Sauzal,1,4,51949.0,19289.0,24279.0,22050.0,1.1010884353741497,2023,20230101_38041_D01_S004,3.4,19.3,21.0,1.5,54.9,20220101_38041_D01_S004,361.0,25.0,52.0,251.0,689.0,664.0,54.36746987951807,7.831325301204819,20220101_38041_D01_S004,8.0,48.0,27.0,0.0,606.0,689.0,87.95355587808417,10.88534107402032,media-alta
2022,20230101_38041_D01_S005,38041_D01_S005,El Sauzal,1,5,41587.0,15570.0,19699.0,17150.0,1.1486297376093295,2023,20230101_38041_D01_S005,4.5,10.3,15.2,2.1,67.9,20220101_38041_D01_S005,266.0,19.0,70.0,339.0,694.0,675.0,39.407407407407405,10.37037037037037,20220101_38041_D01_S005,5.0,52.0,37.0,0.0,600.0,694.0,86.45533141210375,12.82420749279539,media-baja
2022,20230101_38041_D01_S006,38041_D01_S006,El Sauzal,1,6,35379.0,12105.0,16448.0,15750.0,1.0443174603174603,2023,20230101_38041_D01_S006,6.3,4.3,18.9,4.0,66.6,20220101_38041_D01_S006,100.0,14.0,125.0,327.0,566.0,552.0,18.115942028985508,22.644927536231883,20220101_38041_D01_S006,26.0,64.0,53.0,0.0,423.0,566.0,74.73498233215548,20.671378091872793,media-baja
2022,20230101_38042_D01_S001,38042_D01_S001,Los Silos,1,1,36780.0,13321.0,17637.0,15050.0,1.1718936877076411,2023,20230101_38042_D01_S001,3.7,15.6,25.4,2.8,52.6,20220101_38042_D01_S001,146.0,29.0,82.0,227.0,484.0,455.0,32.08791208791209,18.021978021978022,20220101_38042_D01_S001,73.0,34.0,15.0,0.0,362.0,484.0,74.79338842975207,10.12396694214876,media-baja
2022,20230101_38042_D01_S002,38042_D01_S002,Los Silos,1,2,28818.0,10584.0,14811.0,13650.0,1.0850549450549452,2023,20230101_38042_D01_S002,4.9,12.1,28.6,3.3,51.2,20220101_38042_D01_S002,88.0,12.0,105.0,192.0,397.0,385.0,22.857142857142858,27.272727272727273,20220101_38042_D01_S002,78.0,33.0,16.0,1.0,269.0,396.0,67.92929292929293,12.373737373737374,baja
2022,20230101_38042_D01_S003,38042_D01_S003,Los Silos,1,3,30827.0,10974.0,15597.0,14700.0,1.0610204081632653,2023,20230101_38042_D01_S003,4.8,9.9,28.0,4.1,53.3,20220101_38042_D01_S003,65.0,15.0,112.0,167.0,359.0,344.0,18.8953488372093,32.55813953488372,20220101_38042_D01_S003,68.0,18.0,12.0,0.0,261.0,359.0,72.70194986072423,8.356545961002785,baja
2022,20230101_38042_D01_S004,38042_D01_S004,Los Silos,1,4,36601.0,11917.0,16639.0,13650.0,1.218974358974359,2023,20230101_38042_D01_S004,4.2,9.8,23.4,3.5,59.2,20220101_38042_D01_S004,63.0,9.0,141.0,154.0,367.0,358.0,17.59776536312849,39.385474860335194,20220101_38042_D01_S004,99.0,20.0,9.0,0.0,239.0,367.0,65.12261580381471,7.901907356948229,baja
2022,20230101_38043_D01_S001,38043_D01_S001,Tacoronte,1,1,40559.0,15861.0,19878.0,17150.0,1.159067055393586,2023,20230101_38043_D01_S001,3.8,14.7,17.0,2.4,62.1,20220101_38043_D01_S001,328.0,30.0,75.0,375.0,808.0,778.0,42.159383033419026,9.640102827763496,20220101_38043_D01_S001,13.0,47.0,38.0,0.0,710.0,808.0,87.87128712871286,10.51980198019802,media-baja
2022,20230101_38043_D01_S002,38043_D01_S002,Tacoronte,1,2,42671.0,16235.0,20585.0,16450.0,1.2513677811550152,2023,20230101_38043_D01_S002,3.8,13.0,22.2,1.6,59.4,20220101_38043_D01_S002,242.0,24.0,78.0,368.0,712.0,688.0,35.174418604651166,11.337209302325581,20220101_38043_D01_S002,29.0,71.0,44.0,0.0,568.0,712.0,79.7752808988764,16.151685393258425,media-alta
2022,20230101_38043_D01_S003,38043_D01_S003,Tacoronte,1,3,44819.0,15503.0,20257.0,17850.0,1.1348459383753502,2023,20230101_38043_D01_S003,4.1,13.6,17.8,2.1,62.4,20220101_38043_D01_S003,255.0,32.0,70.0,335.0,692.0,660.0,38.63636363636363,10.606060606060606,20220101_38043_D01_S003,17.0,50.0,37.0,0.0,588.0,692.0,84.97109826589596,12.572254335260116,media-baja
2022,20230101_38043_D01_S004,38043_D01_S004,Tacoronte,1,4,33191.0,11426.0,15895.0,14350.0,1.1076655052264808,2023,20230101_38043_D01_S004,6.6,5.6,27.1,3.4,57.3,20220101_38043_D01_S004,77.0,19.0,98.0,262.0,456.0,437.0,17.620137299771166,22.42562929061785,20220101_38043_D01_S004,7.0,51.0,33.0,0.0,365.0,456.0,80.04385964912281,18.42105263157895,baja
2022,20230101_38043_D01_S005,38043_D01_S005,Tacoronte,1,5,52168.0,17878.0,22206.0,16450.0,1.3499088145896656,2023,20230101_38043_D01_S005,3.8,17.4,18.1,2.1,58.6,20220101_38043_D01_S005,239.0,28.0,69.0,303.0,639.0,611.0,39.11620294599018,11.292962356792144,20220101_38043_D01_S005,15.0,72.0,34.0,0.0,518.0,639.0,81.0641627543036,16.588419405320813,media-alta
2022,20230101_38043_D01_S006,38043_D01_S006,Tacoronte,1,6,41152.0,15711.0,19722.0,17150.0,1.1499708454810496,2023,20230101_38043_D01_S006,3.1,9.0,20.7,2.0,65.3,20220101_38043_D01_S006,106.0,13.0,30.0,146.0,295.0,282.0,37.5886524822695,10.638297872340425,20220101_38043_D01_S006,6.0,24.0,15.0,0.0,250.0,295.0,84.7457627118644,13.220338983050848,media-baja
2022,20230101_38043_D01_S007,38043_D01_S007,Tacoronte,1,7,38481.0,13239.0,17678.0,15750.0,1.1224126984126983,2023,20230101_38043_D01_S007,4.7,9.1,19.5,3.7,63.0,20220101_38043_D01_S007,148.0,24.0,93.0,390.0,655.0,631.0,23.454833597464344,14.73851030110935,20220101_38043_D01_S007,11.0,65.0,45.0,0.0,534.0,655.0,81.52671755725191,16.793893129770993,media-baja
2022,20230101_38043_D01_S008,38043_D01_S008,Tacoronte,1,8,44393.0,16629.0,21129.0,18550.0,1.1390296495956873,2023,20230101_38043_D01_S008,3.8,13.8,20.2,2.0,60.3,20220101_38043_D01_S008,262.0,30.0,66.0,313.0,671.0,641.0,40.87363494539782,10.29641185647426,20220101_38043_D01_S008,15.0,44.0,37.0,0.0,575.0,671.0,85.69299552906111,12.071535022354695,media-alta
2022,20230101_38043_D01_S009,38043_D01_S009,Tacoronte,1,9,36504.0,14684.0,18221.0,15050.0,1.2106976744186047,2023,20230101_38043_D01_S009,4.7,14.1,15.5,3.3,62.4,20220101_38043_D01_S009,302.0,40.0,131.0,497.0,970.0,930.0,32.473118279569896,14.086021505376344,20220101_38043_D01_S009,57.0,87.0,51.0,1.0,774.0,969.0,79.87616099071208,14.241486068111454,media-baja
2022,20230101_38043_D01_S010,38043_D01_S010,Tacoronte,1,10,47274.0,17188.0,21676.0,18550.0,1.1685175202156335,2023,20230101_38043_D01_S010,3.1,13.2,14.2,1.7,67.8,20220101_38043_D01_S010,253.0,29.0,62.0,313.0,657.0,628.0,40.28662420382165,9.872611464968152,20220101_38043_D01_S010,10.0,50.0,30.0,0.0,567.0,657.0,86.3013698630137,12.1765601217656,media-alta
2022,20230101_38043_D01_S011,38043_D01_S011,Tacoronte,1,11,43387.0,15744.0,20076.0,17850.0,1.1247058823529412,2023,20230101_38043_D01_S011,3.2,10.0,18.4,2.3,66.2,20220101_38043_D01_S011,388.0,36.0,71.0,467.0,962.0,926.0,41.90064794816415,7.667386609071274,20220101_38043_D01_S011,5.0,61.0,38.0,0.0,858.0,962.0,89.1891891891892,10.29106029106029,media-baja
2022,20230101_38043_D01_S012,38043_D01_S012,Tacoronte,1,12,34536.0,11829.0,16033.0,14350.0,1.1172822299651568,2023,20230101_38043_D01_S012,5.6,7.3,24.2,3.6,59.3,20220101_38043_D01_S012,140.0,25.0,109.0,417.0,691.0,666.0,21.02102102102102,16.366366366366368,20220101_38043_D01_S012,12.0,94.0,50.0,0.0,535.0,691.0,77.42402315484804,20.839363241678726,baja
2022,20230101_38043_D01_S013,38043_D01_S013,Tacoronte,1,13,36421.0,12926.0,17048.0,15050.0,1.1327574750830565,2023,20230101_38043_D01_S013,5.3,11.3,20.7,2.3,60.5,20220101_38043_D01_S013,163.0,17.0,56.0,278.0,514.0,497.0,32.796780684104625,11.267605633802816,20220101_38043_D01_S013,9.0,53.0,34.0,0.0,418.0,514.0,81.32295719844358,16.926070038910506,media-baja
2022,20230101_38043_D01_S014,38043_D01_S014,Tacoronte,1,14,55587.0,19382.0,24191.0,21350.0,1.1330679156908665,2023,20230101_38043_D01_S014,3.6,13.6,16.4,1.4,64.9,20220101_38043_D01_S014,266.0,22.0,53.0,230.0,571.0,549.0,48.451730418943534,9.65391621129326,20220101_38043_D01_S014,10.0,30.0,33.0,0.0,498.0,571.0,87.215411558669,11.033274956217163,media-alta
2022,20230101_38043_D01_S015,38043_D01_S015,Tacoronte,1,15,40225.0,15570.0,19706.0,17150.0,1.1490379008746356,2023,20230101_38043_D01_S015,3.8,12.2,15.1,2.1,66.9,20220101_38043_D01_S015,222.0,23.0,52.0,294.0,591.0,568.0,39.08450704225352,9.154929577464788,20220101_38043_D01_S015,5.0,37.0,26.0,0.0,523.0,591.0,88.49407783417935,10.65989847715736,media-baja
2022,20230101_38044_D01_S001,38044_D01_S001,El Tanque,1,1,33587.0,11948.0,16206.0,14350.0,1.1293379790940767,2023,20230101_38044_D01_S001,4.3,14.3,20.7,3.8,56.9,20220101_38044_D01_S001,78.0,22.0,166.0,281.0,547.0,525.0,14.857142857142858,31.61904761904762,20220101_38044_D01_S001,36.0,63.0,16.0,0.0,432.0,547.0,78.9762340036563,14.442413162705668,baja
2022,20230101_38044_D01_S002,38044_D01_S002,El Tanque,1,2,29948.0,10621.0,14719.0,13650.0,1.0783150183150183,2023,20230101_38044_D01_S002,6.7,7.2,22.1,5.0,59.0,20220101_38044_D01_S002,53.0,18.0,153.0,226.0,450.0,432.0,12.268518518518519,35.416666666666664,20220101_38044_D01_S002,41.0,51.0,13.0,0.0,345.0,450.0,76.66666666666667,14.222222222222221,baja
2022,20230101_38045_D01_S001,38045_D01_S001,Tazacorte,1,1,31150.0,12815.0,17731.0,15050.0,1.178139534883721,2023,20230101_38045_D01_S001,5.1,11.3,23.0,5.4,55.2,20220101_38045_D01_S001,34.0,9.0,35.0,100.0,178.0,169.0,20.118343195266274,20.71005917159763,20220101_38045_D01_S001,16.0,22.0,8.0,1.0,131.0,177.0,74.01129943502825,16.949152542372882,media-baja
2022,20230101_38045_D01_S002,38045_D01_S002,Tazacorte,1,2,30223.0,13547.0,18471.0,15750.0,1.1727619047619047,2023,20230101_38045_D01_S002,6.6,13.8,20.6,4.8,54.2,20220101_38045_D01_S002,171.0,29.0,119.0,383.0,702.0,673.0,25.40861812778603,17.682020802377416,20220101_38045_D01_S002,58.0,48.0,28.0,0.0,568.0,702.0,80.91168091168092,10.826210826210826,media-baja
2022,20230101_38045_D01_S003,38045_D01_S003,Tazacorte,1,3,31235.0,12759.0,18038.0,15050.0,1.1985382059800664,2023,20230101_38045_D01_S003,9.4,15.4,18.8,6.3,50.1,20220101_38045_D01_S003,92.0,19.0,48.0,187.0,346.0,327.0,28.134556574923547,14.678899082568808,20220101_38045_D01_S003,34.0,29.0,13.0,0.0,270.0,346.0,78.03468208092485,12.138728323699421,media-baja
2022,20230101_38045_D01_S004,38045_D01_S004,Tazacorte,1,4,28236.0,11020.0,15639.0,14350.0,1.0898257839721255,2023,20230101_38045_D01_S004,5.8,9.3,24.5,7.1,53.3,20220101_38045_D01_S004,47.0,20.0,85.0,186.0,338.0,318.0,14.779874213836479,26.729559748427672,20220101_38045_D01_S004,41.0,33.0,8.0,0.0,256.0,338.0,75.7396449704142,12.1301775147929,baja
2022,20230101_38046_D01_S001,38046_D01_S001,Tegueste,1,1,53105.0,19548.0,23974.0,20650.0,1.1609685230024214,2023,20230101_38046_D01_S001,3.1,14.0,16.6,1.6,64.8,20220101_38046_D01_S001,430.0,47.0,70.0,373.0,920.0,873.0,49.25544100801833,8.018327605956472,20220101_38046_D01_S001,14.0,43.0,43.0,0.0,820.0,920.0,89.1304347826087,9.347826086956522,media-alta
2022,20230101_38046_D01_S002,38046_D01_S002,Tegueste,1,2,41679.0,15065.0,19731.0,17150.0,1.1504956268221573,2023,20230101_38046_D01_S002,3.2,9.8,23.1,2.4,61.6,20220101_38046_D01_S002,260.0,38.0,84.0,386.0,768.0,730.0,35.61643835616438,11.506849315068493,20220101_38046_D01_S002,20.0,50.0,55.0,0.0,643.0,768.0,83.72395833333333,13.671875,media-baja
2022,20230101_38046_D01_S003,38046_D01_S003,Tegueste,1,3,44148.0,15360.0,20058.0,18550.0,1.0812938005390835,2023,20230101_38046_D01_S003,4.3,10.6,19.6,2.4,63.1,20220101_38046_D01_S003,260.0,31.0,91.0,385.0,767.0,736.0,35.32608695652174,12.36413043478261,20220101_38046_D01_S003,25.0,57.0,46.0,0.0,639.0,767.0,83.3116036505867,13.428943937418513,media-baja
2022,20230101_38046_D01_S004,38046_D01_S004,Tegueste,1,4,47856.0,16967.0,21857.0,18550.0,1.1782749326145552,2023,20230101_38046_D01_S004,3.3,12.7,17.5,2.0,64.5,20220101_38046_D01_S004,401.0,45.0,114.0,420.0,980.0,935.0,42.88770053475936,12.192513368983958,20220101_38046_D01_S004,33.0,75.0,57.0,0.0,815.0,980.0,83.16326530612245,13.46938775510204,media-alta
2022,20230101_38046_D01_S005,38046_D01_S005,Tegueste,1,5,54216.0,18236.0,23100.0,19250.0,1.2,2023,20230101_38046_D01_S005,4.0,17.6,19.5,1.6,57.2,20220101_38046_D01_S005,186.0,19.0,38.0,204.0,447.0,428.0,43.45794392523364,8.878504672897197,20220101_38046_D01_S005,18.0,35.0,21.0,0.0,373.0,447.0,83.44519015659955,12.527964205816556,media-alta
2022,20230101_38046_D01_S006,38046_D01_S006,Tegueste,1,6,67713.0,23027.0,28120.0,24150.0,1.1643892339544513,2023,20230101_38046_D01_S006,2.8,14.0,25.3,1.4,56.4,20220101_38046_D01_S006,274.0,32.0,31.0,213.0,550.0,518.0,52.8957528957529,5.984555984555985,20220101_38046_D01_S006,8.0,38.0,33.0,0.0,471.0,550.0,85.63636363636364,12.909090909090908,alta
2022,20230101_38046_D01_S007,38046_D01_S007,Tegueste,1,7,41873.0,15481.0,19737.0,17850.0,1.1057142857142856,2023,20230101_38046_D01_S007,3.4,9.1,13.5,2.4,71.7,20220101_38046_D01_S007,204.0,37.0,67.0,319.0,627.0,590.0,34.57627118644068,11.35593220338983,20220101_38046_D01_S007,19.0,31.0,48.0,0.0,529.0,627.0,84.37001594896331,12.599681020733652,media-baja
2022,20230101_38047_D01_S001,38047_D01_S001,Tijarafe,1,1,33846.0,14086.0,19198.0,15750.0,1.218920634920635,2023,20230101_38047_D01_S001,4.2,20.9,19.3,3.7,51.8,20220101_38047_D01_S001,164.0,41.0,80.0,305.0,590.0,549.0,29.872495446265937,14.571948998178506,20220101_38047_D01_S001,48.0,92.0,20.0,0.0,430.0,590.0,72.88135593220339,18.983050847457626,media-baja
2022,20230101_38047_D01_S002,38047_D01_S002,Tijarafe,1,2,30796.0,12332.0,18197.0,15050.0,1.2091029900332226,2023,20230101_38047_D01_S002,3.9,28.5,23.5,2.9,41.1,20220101_38047_D01_S002,83.0,35.0,52.0,178.0,348.0,313.0,26.517571884984026,16.61341853035144,20220101_38047_D01_S002,70.0,33.0,13.0,0.0,232.0,348.0,66.66666666666667,13.218390804597702,media-baja
2022,20230101_38048_D01_S001,38048_D01_S001,Valverde,1,1,40268.0,16552.0,20464.0,17850.0,1.1464425770308124,2023,20230101_38048_D01_S001,3.3,11.3,22.2,2.3,60.8,20220101_38048_D01_S001,259.0,42.0,102.0,374.0,777.0,735.0,35.23809523809524,13.877551020408163,20220101_38048_D01_S001,20.0,59.0,33.0,0.0,665.0,777.0,85.58558558558559,11.840411840411841,media-alta
2022,20230101_38048_D01_S002,38048_D01_S002,Valverde,1,2,35187.0,14356.0,18512.0,15750.0,1.1753650793650794,2023,20230101_38048_D01_S002,4.2,9.3,20.9,2.8,62.8,20220101_38048_D01_S002,241.0,53.0,95.0,426.0,815.0,762.0,31.62729658792651,12.46719160104987,20220101_38048_D01_S002,50.0,65.0,52.0,0.0,648.0,815.0,79.50920245398773,14.355828220858896,media-baja
2022,20230101_38048_D01_S004,38048_D01_S004,Valverde,1,4,44058.0,20015.0,23678.0,21350.0,1.10903981264637,2023,20230101_38048_D01_S004,3.1,12.9,21.0,2.0,60.9,20220101_38048_D01_S004,213.0,22.0,33.0,201.0,469.0,447.0,47.651006711409394,7.382550335570469,20220101_38048_D01_S004,7.0,20.0,15.0,0.0,427.0,469.0,91.04477611940298,7.462686567164179,alta
2022,20230101_38049_D01_S001,38049_D01_S001,Valle Gran Rey,1,1,31753.0,12910.0,17745.0,14350.0,1.2365853658536585,2023,20230101_38049_D01_S001,3.7,24.4,17.8,2.5,51.6,20220101_38049_D01_S001,226.0,47.0,170.0,614.0,1057.0,1010.0,22.376237623762375,16.831683168316832,20220101_38049_D01_S001,33.0,59.0,21.0,0.0,944.0,1057.0,89.30936613055819,7.5685903500473035,media-baja
2022,20230101_38049_D01_S002,38049_D01_S002,Valle Gran Rey,1,2,28747.0,12007.0,16902.0,14350.0,1.1778397212543554,2023,20230101_38049_D01_S002,3.8,18.0,23.5,3.0,51.6,20220101_38049_D01_S002,111.0,16.0,85.0,370.0,582.0,566.0,19.6113074204947,15.017667844522968,20220101_38049_D01_S002,23.0,43.0,15.0,0.0,501.0,582.0,86.08247422680412,9.965635738831615,media-baja
2022,20230101_38050_D01_S001,38050_D01_S001,Vallehermoso,1,1,28002.0,12705.0,17025.0,15050.0,1.1312292358803986,2023,20230101_38050_D01_S001,4.1,13.1,26.8,3.5,52.6,20220101_38050_D01_S001,187.0,27.0,64.0,411.0,689.0,662.0,28.24773413897281,9.667673716012084,20220101_38050_D01_S001,38.0,66.0,31.0,0.0,554.0,689.0,80.40638606676343,14.078374455732947,media-baja
2022,20230101_38050_D03_S001,38050_D03_S001,Vallehermoso,3,1,22742.0,12677.0,15588.0,14350.0,1.0862717770034844,2023,20230101_38050_D03_S001,4.2,13.3,32.2,3.0,47.3,20220101_38050_D03_S001,48.0,13.0,90.0,149.0,300.0,287.0,16.72473867595819,31.358885017421603,20220101_38050_D03_S001,63.0,28.0,10.0,0.0,199.0,300.0,66.33333333333333,12.666666666666666,media-baja
2022,20230101_38051_D01_S001,38051_D01_S001,La Victoria de Acentejo,1,1,28793.0,11380.0,14928.0,12950.0,1.1527413127413126,2023,20230101_38051_D01_S001,5.6,11.6,24.0,3.7,55.1,20220101_38051_D01_S001,70.0,7.0,37.0,181.0,295.0,288.0,24.305555555555557,12.847222222222221,20220101_38051_D01_S001,9.0,55.0,10.0,0.0,221.0,295.0,74.91525423728814,22.033898305084747,baja
2022,20230101_38051_D01_S002,38051_D01_S002,La Victoria de Acentejo,1,2,34889.0,13186.0,16985.0,15050.0,1.1285714285714286,2023,20230101_38051_D01_S002,4.8,12.9,17.4,3.2,61.7,20220101_38051_D01_S002,133.0,18.0,40.0,278.0,469.0,451.0,29.490022172949,8.869179600886918,20220101_38051_D01_S002,7.0,52.0,31.0,0.0,379.0,469.0,80.81023454157783,17.69722814498934,media-baja
2022,20230101_38051_D01_S003,38051_D01_S003,La Victoria de Acentejo,1,3,27986.0,10223.0,13991.0,13650.0,1.024981684981685,2023,20230101_38051_D01_S003,6.2,8.4,24.1,4.8,56.5,20220101_38051_D01_S003,60.0,12.0,86.0,297.0,455.0,443.0,13.544018058690744,19.41309255079007,20220101_38051_D01_S003,17.0,100.0,24.0,0.0,314.0,455.0,69.01098901098901,27.252747252747252,baja
2022,20230101_38051_D01_S004,38051_D01_S004,La Victoria de Acentejo,1,4,26660.0,10057.0,13822.0,12950.0,1.0673359073359074,2023,20230101_38051_D01_S004,5.8,8.7,24.2,4.1,57.3,20220101_38051_D01_S004,64.0,13.0,58.0,186.0,321.0,308.0,20.77922077922078,18.83116883116883,20220101_38051_D01_S004,8.0,43.0,14.0,1.0,255.0,320.0,79.6875,17.8125,baja
2022,20230101_38051_D01_S005,38051_D01_S005,La Victoria de Acentejo,1,5,31760.0,11979.0,15842.0,14350.0,1.1039721254355401,2023,20230101_38051_D01_S005,5.0,10.5,17.9,3.0,63.8,20220101_38051_D01_S005,134.0,21.0,66.0,372.0,593.0,572.0,23.426573426573427,11.538461538461538,20220101_38051_D01_S005,8.0,64.0,48.0,0.0,473.0,593.0,79.76391231028668,18.887015177065766,baja
2022,20230101_38051_D01_S006,38051_D01_S006,La Victoria de Acentejo,1,6,31622.0,11918.0,15983.0,14350.0,1.1137979094076655,2023,20230101_38051_D01_S006,4.6,9.0,16.9,3.7,65.7,20220101_38051_D01_S006,190.0,21.0,103.0,471.0,785.0,764.0,24.869109947643977,13.481675392670157,20220101_38051_D01_S006,11.0,94.0,40.0,0.0,640.0,785.0,81.52866242038216,17.070063694267517,baja
2022,20230101_38051_D01_S007,38051_D01_S007,La Victoria de Acentejo,1,7,32527.0,12542.0,16419.0,14350.0,1.1441811846689895,2023,20230101_38051_D01_S007,4.6,14.1,21.9,2.8,56.6,20220101_38051_D01_S007,138.0,20.0,43.0,353.0,554.0,534.0,25.84269662921348,8.05243445692884,20220101_38051_D01_S007,5.0,66.0,32.0,0.0,451.0,554.0,81.40794223826715,17.689530685920577,media-baja
2022,20230101_38052_D01_S001,38052_D01_S001,Vilaflor de Chasna,1,1,34019.0,13615.0,17412.0,15750.0,1.1055238095238096,2023,20230101_38052_D01_S001,3.2,14.7,22.8,3.3,56.0,20220101_38052_D01_S001,149.0,37.0,130.0,412.0,728.0,691.0,21.562952243125906,18.81331403762663,20220101_38052_D01_S001,26.0,36.0,56.0,2.0,608.0,726.0,83.7465564738292,12.672176308539944,media-baja
2022,20230101_38053_D01_S001,38053_D01_S001,Villa de Mazo,1,1,43058.0,16523.0,23016.0,18550.0,1.2407547169811322,2023,20230101_38053_D01_S001,4.2,18.0,16.1,1.9,59.9,20220101_38053_D01_S001,169.0,25.0,45.0,231.0,470.0,445.0,37.97752808988764,10.112359550561798,20220101_38053_D01_S001,19.0,33.0,18.0,0.0,400.0,470.0,85.1063829787234,10.851063829787234,media-alta
2022,20230101_38053_D01_S002,38053_D01_S002,Villa de Mazo,1,2,37781.0,14229.0,19567.0,16450.0,1.189483282674772,2023,20230101_38053_D01_S002,3.1,10.2,21.0,2.2,63.5,20220101_38053_D01_S002,107.0,11.0,68.0,212.0,398.0,387.0,27.64857881136951,17.57105943152455,20220101_38053_D01_S002,16.0,43.0,19.0,0.0,320.0,398.0,80.40201005025126,15.577889447236181,media-baja
2022,20230101_38053_D01_S003,38053_D01_S003,Villa de Mazo,1,3,40408.0,14629.0,20481.0,17150.0,1.1942274052478135,2023,20230101_38053_D01_S003,2.5,12.0,17.6,2.2,65.8,20220101_38053_D01_S003,122.0,21.0,80.0,247.0,470.0,449.0,27.171492204899778,17.817371937639198,20220101_38053_D01_S003,37.0,34.0,24.0,0.0,375.0,470.0,79.7872340425532,12.340425531914894,media-baja
2022,20230101_38053_D01_S004,38053_D01_S004,Villa de Mazo,1,4,32729.0,12749.0,17843.0,15750.0,1.1328888888888888,2023,20230101_38053_D01_S004,3.2,10.6,21.7,3.1,61.5,20220101_38053_D01_S004,78.0,12.0,59.0,167.0,316.0,304.0,25.657894736842106,19.407894736842106,20220101_38053_D01_S004,20.0,44.0,12.0,0.0,240.0,316.0,75.9493670886076,17.72151898734177,media-baja
2022,20230101_38053_D01_S005,38053_D01_S005,Villa de Mazo,1,5,32971.0,11978.0,17212.0,16450.0,1.046322188449848,2023,20230101_38053_D01_S005,3.9,9.8,22.7,3.1,60.5,20220101_38053_D01_S005,62.0,12.0,84.0,195.0,353.0,341.0,18.181818181818183,24.633431085043988,20220101_38053_D01_S005,28.0,52.0,23.0,0.0,250.0,353.0,70.8215297450425,21.246458923512748,baja
2022,20230101_38901_D01_S001,38901_D01_S001,El Pinar de El Hierro,1,1,33662.0,13691.0,17576.0,15750.0,1.115936507936508,2023,20230101_38901_D01_S001,3.8,12.8,20.7,2.8,60.0,20220101_38901_D01_S001,212.0,43.0,109.0,383.0,747.0,704.0,30.113636363636363,15.482954545454545,20220101_38901_D01_S001,77.0,60.0,35.0,0.0,575.0,747.0,76.97456492637215,12.717536813922356,media-baja
2023,20240101_38001_D01_S001,38001_D01_S001,Adeje,1,1,40516.0,14822.0,19133.0,17850.0,1.0718767507002802,2024,20240101_38001_D01_S001,2.8,17.1,13.0,2.6,64.5,20230101_38001_D01_S001,177.0,33.0,150.0,461.0,821.0,788.0,22.461928934010153,19.03553299492386,20230101_38001_D01_S001,5.0,43.0,21.0,0.0,742.0,811.0,91.49198520345253,7.891491985203452,media-baja
2023,20240101_38001_D01_S002,38001_D01_S002,Adeje,1,2,37425.0,12642.0,16791.0,16450.0,1.0207294832826748,2024,20240101_38001_D01_S002,3.6,8.1,10.9,3.5,73.8,20230101_38001_D01_S002,184.0,40.0,254.0,754.0,1232.0,1192.0,15.436241610738255,21.308724832214764,20230101_38001_D01_S002,11.0,53.0,20.0,0.0,1148.0,1232.0,93.18181818181819,5.925324675324675,media-baja
2023,20240101_38001_D01_S003,38001_D01_S003,Adeje,1,3,48975.0,16821.0,20955.0,15750.0,1.3304761904761904,2024,20240101_38001_D01_S003,2.5,30.2,9.8,1.7,55.8,20230101_38001_D01_S003,232.0,51.0,135.0,798.0,1216.0,1165.0,19.914163090128756,11.587982832618026,20230101_38001_D01_S003,21.0,44.0,20.0,0.0,1131.0,1216.0,93.00986842105263,5.2631578947368425,media-alta
2023,20240101_38001_D01_S004,38001_D01_S004,Adeje,1,4,34987.0,12433.0,16663.0,15750.0,1.057968253968254,2024,20240101_38001_D01_S004,4.3,9.7,15.7,2.6,67.8,20230101_38001_D01_S004,147.0,38.0,239.0,584.0,1008.0,970.0,15.154639175257731,24.63917525773196,20230101_38001_D01_S004,36.0,48.0,25.0,1.0,898.0,1007.0,89.17576961271102,7.249255213505462,media-baja
2023,20240101_38001_D01_S005,38001_D01_S005,Adeje,1,5,43456.0,14126.0,18812.0,17150.0,1.0969096209912537,2024,20240101_38001_D01_S005,2.7,16.0,16.0,2.3,62.9,20230101_38001_D01_S005,257.0,50.0,230.0,688.0,1225.0,1175.0,21.872340425531913,19.574468085106382,20230101_38001_D01_S005,49.0,59.0,46.0,0.0,1071.0,1225.0,87.42857142857143,8.571428571428571,media-baja
2023,20240101_38001_D01_S006,38001_D01_S006,Adeje,1,6,39473.0,12556.0,17186.0,17150.0,1.0020991253644316,2024,20240101_38001_D01_S006,3.9,7.8,14.9,3.3,70.1,20230101_38001_D01_S006,238.0,42.0,259.0,727.0,1266.0,1224.0,19.444444444444443,21.16013071895425,20230101_38001_D01_S006,27.0,54.0,42.0,0.0,1143.0,1266.0,90.28436018957346,7.5829383886255926,media-baja
2023,20240101_38001_D01_S007,38001_D01_S007,Adeje,1,7,29288.0,12334.0,14856.0,12950.0,1.147181467181467,2024,20240101_38001_D01_S007,2.3,22.6,13.6,2.1,59.3,20230101_38001_D01_S007,319.0,65.0,180.0,1050.0,1614.0,1549.0,20.593931568754034,11.620400258231117,20230101_38001_D01_S007,11.0,50.0,23.0,0.0,1530.0,1614.0,94.79553903345725,4.522924411400248,media-baja
2023,20240101_38001_D01_S008,38001_D01_S008,Adeje,1,8,37303.0,14967.0,17974.0,16450.0,1.092644376899696,2024,20240101_38001_D01_S008,2.4,26.4,14.0,1.7,55.6,20230101_38001_D01_S008,342.0,72.0,107.0,584.0,1105.0,1033.0,33.10745401742498,10.358180058083253,20230101_38001_D01_S008,6.0,62.0,20.0,0.0,1017.0,1105.0,92.03619909502262,7.420814479638009,media-baja
2023,20240101_38001_D01_S009,38001_D01_S009,Adeje,1,9,52506.0,17495.0,21861.0,19250.0,1.1356363636363636,2024,20240101_38001_D01_S009,2.2,22.6,8.3,1.7,65.2,20230101_38001_D01_S009,404.0,52.0,107.0,763.0,1326.0,1274.0,31.71114599686028,8.398744113029828,20230101_38001_D01_S009,11.0,46.0,33.0,1.0,1235.0,1325.0,93.20754716981132,5.962264150943396,media-alta
2023,20240101_38001_D01_S010,38001_D01_S010,Adeje,1,10,62234.0,17919.0,23549.0,21350.0,1.1029976580796252,2024,20240101_38001_D01_S010,3.1,17.9,13.1,1.9,64.0,20230101_38001_D01_S010,157.0,32.0,98.0,380.0,667.0,635.0,24.724409448818896,15.433070866141732,20230101_38001_D01_S010,9.0,27.0,27.0,0.0,604.0,667.0,90.55472263868066,8.095952023988007,media-alta
2023,20240101_38001_D01_S011,38001_D01_S011,Adeje,1,11,31699.0,13447.0,15773.0,12950.0,1.217992277992278,2024,20240101_38001_D01_S011,1.9,24.5,9.1,2.1,62.4,20230101_38001_D01_S011,390.0,75.0,188.0,1009.0,1662.0,1587.0,24.574669187145556,11.846250787649653,20230101_38001_D01_S011,39.0,73.0,24.0,0.0,1526.0,1662.0,91.81708784596871,5.836341756919374,media-baja
2023,20240101_38001_D01_S012,38001_D01_S012,Adeje,1,12,41070.0,13817.0,18173.0,17150.0,1.0596501457725946,2024,20240101_38001_D01_S012,2.7,17.5,12.0,2.4,65.4,20230101_38001_D01_S012,222.0,42.0,154.0,583.0,1001.0,959.0,23.149113660062564,16.05839416058394,20230101_38001_D01_S012,18.0,44.0,31.0,0.0,908.0,1001.0,90.70929070929071,7.492507492507492,media-baja
2023,20240101_38001_D01_S013,38001_D01_S013,Adeje,1,13,47646.0,16588.0,20819.0,16450.0,1.2655927051671731,2024,20240101_38001_D01_S013,2.0,31.1,8.5,1.3,57.1,20230101_38001_D01_S013,468.0,91.0,156.0,926.0,1641.0,1550.0,30.193548387096776,10.064516129032258,20230101_38001_D01_S013,6.0,73.0,25.0,1.0,1536.0,1640.0,93.65853658536585,5.975609756097561,media-alta
2023,20240101_38001_D01_S014,38001_D01_S014,Adeje,1,14,38502.0,13510.0,17452.0,15050.0,1.1596013289036544,2024,20240101_38001_D01_S014,3.5,13.1,12.6,3.4,67.4,20230101_38001_D01_S014,138.0,34.0,119.0,418.0,709.0,675.0,20.444444444444443,17.62962962962963,20230101_38001_D01_S014,7.0,26.0,7.0,0.0,669.0,709.0,94.35825105782793,4.65444287729196,media-baja
2023,20240101_38001_D01_S015,38001_D01_S015,Adeje,1,15,37708.0,12546.0,16741.0,15050.0,1.112358803986711,2024,20240101_38001_D01_S015,3.7,10.4,9.6,2.9,73.4,20230101_38001_D01_S015,181.0,39.0,197.0,614.0,1031.0,992.0,18.245967741935484,19.858870967741936,20230101_38001_D01_S015,9.0,40.0,23.0,0.0,959.0,1031.0,93.0164888457808,6.110572259941804,media-baja
2023,20240101_38001_D01_S016,38001_D01_S016,Adeje,1,16,42798.0,14608.0,18697.0,16450.0,1.136595744680851,2024,20240101_38001_D01_S016,3.3,17.8,9.3,2.1,67.5,20230101_38001_D01_S016,145.0,27.0,107.0,377.0,656.0,629.0,23.052464228934817,17.01112877583466,20230101_38001_D01_S016,12.0,34.0,15.0,0.0,595.0,656.0,90.70121951219512,7.469512195121951,media-baja
2023,20240101_38001_D01_S017,38001_D01_S017,Adeje,1,17,33065.0,13613.0,16296.0,14350.0,1.1356097560975609,2024,20240101_38001_D01_S017,2.6,20.0,11.4,2.2,63.8,20230101_38001_D01_S017,319.0,51.0,146.0,678.0,1194.0,1143.0,27.909011373578302,12.773403324584427,20230101_38001_D01_S017,16.0,53.0,17.0,0.0,1108.0,1194.0,92.79731993299832,5.8626465661641545,media-baja
2023,20240101_38001_D01_S018,38001_D01_S018,Adeje,1,18,45234.0,16914.0,20261.0,16450.0,1.2316717325227964,2024,20240101_38001_D01_S018,1.5,33.2,9.7,1.3,54.3,20230101_38001_D01_S018,549.0,90.0,103.0,1066.0,1808.0,1718.0,31.955762514551804,5.9953434225844005,20230101_38001_D01_S018,11.0,87.0,29.0,0.0,1681.0,1808.0,92.97566371681415,6.415929203539823,media-alta
2023,20240101_38002_D01_S001,38002_D01_S001,Agulo,1,1,37568.0,16826.0,20808.0,19250.0,1.0809350649350649,2024,20240101_38002_D01_S001,3.4,16.1,26.9,2.6,51.1,20230101_38002_D01_S001,114.0,20.0,79.0,199.0,412.0,392.0,29.081632653061224,20.153061224489797,20230101_38002_D01_S001,13.0,49.0,6.0,0.0,344.0,412.0,83.49514563106796,13.349514563106796,media-alta
2023,20240101_38003_D01_S001,38003_D01_S001,Alajeró,1,1,39053.0,16840.0,20500.0,19250.0,1.0649350649350648,2024,20240101_38003_D01_S001,4.0,10.8,21.2,1.9,62.2,20230101_38003_D01_S001,192.0,36.0,183.0,510.0,921.0,885.0,21.694915254237287,20.677966101694917,20230101_38003_D01_S001,23.0,91.0,30.0,0.0,777.0,921.0,84.36482084690553,13.137893593919653,media-alta
2023,20240101_38004_D01_S001,38004_D01_S001,Arafo,1,1,43062.0,16167.0,20466.0,18550.0,1.103288409703504,2024,20240101_38004_D01_S001,3.3,9.5,18.6,2.4,66.1,20230101_38004_D01_S001,276.0,32.0,107.0,484.0,899.0,867.0,31.833910034602077,12.341407151095732,20230101_38004_D01_S001,20.0,50.0,77.0,0.0,752.0,899.0,83.64849833147942,14.126807563959956,media-alta
2023,20240101_38004_D01_S002,38004_D01_S002,Arafo,1,2,40479.0,14130.0,18586.0,16450.0,1.1298480243161093,2024,20240101_38004_D01_S002,3.8,9.1,24.6,3.2,59.4,20230101_38004_D01_S002,171.0,24.0,109.0,389.0,693.0,669.0,25.56053811659193,16.292974588938716,20230101_38004_D01_S002,19.0,55.0,57.0,0.0,562.0,693.0,81.0966810966811,16.161616161616163,media-baja
2023,20240101_38004_D01_S003,38004_D01_S003,Arafo,1,3,45754.0,17149.0,21470.0,19250.0,1.1153246753246753,2024,20240101_38004_D01_S003,3.5,13.6,17.5,2.1,63.3,20230101_38004_D01_S003,273.0,35.0,98.0,449.0,855.0,820.0,33.292682926829265,11.951219512195122,20230101_38004_D01_S003,27.0,57.0,67.0,0.0,704.0,855.0,82.3391812865497,14.502923976608187,media-alta
2023,20240101_38005_D01_S001,38005_D01_S001,Arico,1,1,31696.0,12166.0,16018.0,15050.0,1.0643189368770765,2024,20240101_38005_D01_S001,4.7,12.5,22.1,3.3,57.4,20230101_38005_D01_S001,49.0,11.0,141.0,174.0,375.0,364.0,13.461538461538462,38.73626373626374,20230101_38005_D01_S001,108.0,20.0,28.0,0.0,219.0,375.0,58.4,12.8,media-baja
2023,20240101_38005_D01_S002,38005_D01_S002,Arico,1,2,35893.0,12929.0,17275.0,15750.0,1.096825396825397,2024,20240101_38005_D01_S002,3.6,7.1,19.3,3.9,66.1,20230101_38005_D01_S002,48.0,10.0,111.0,161.0,330.0,320.0,15.0,34.6875,20230101_38005_D01_S002,49.0,14.0,38.0,0.0,229.0,330.0,69.39393939393939,15.757575757575758,media-baja
2023,20240101_38005_D01_S003,38005_D01_S003,Arico,1,3,35715.0,13743.0,17723.0,17150.0,1.033411078717201,2024,20240101_38005_D01_S003,3.4,11.4,22.8,3.4,59.0,20230101_38005_D01_S003,115.0,21.0,96.0,272.0,504.0,483.0,23.80952380952381,19.875776397515526,20230101_38005_D01_S003,41.0,39.0,48.0,1.0,375.0,503.0,74.55268389662028,17.296222664015904,media-baja
2023,20240101_38005_D01_S004,38005_D01_S004,Arico,1,4,35502.0,15993.0,19125.0,17150.0,1.1151603498542273,2024,20240101_38005_D01_S004,3.8,12.6,20.7,2.4,60.6,20230101_38005_D01_S004,360.0,45.0,161.0,629.0,1195.0,1150.0,31.304347826086957,14.0,20230101_38005_D01_S004,34.0,84.0,102.0,0.0,975.0,1195.0,81.58995815899581,15.564853556485355,media-baja
2023,20240101_38005_D01_S005,38005_D01_S005,Arico,1,5,31184.0,13430.0,16745.0,15750.0,1.0631746031746032,2024,20240101_38005_D01_S005,3.5,9.2,16.3,3.8,67.2,20230101_38005_D01_S005,187.0,29.0,196.0,626.0,1038.0,1009.0,18.53320118929633,19.425173439048564,20230101_38005_D01_S005,51.0,92.0,93.0,0.0,802.0,1038.0,77.26396917148362,17.822736030828516,media-baja
2023,20240101_38005_D01_S006,38005_D01_S006,Arico,1,6,37055.0,13931.0,18256.0,17150.0,1.0644897959183675,2024,20240101_38005_D01_S006,3.5,8.1,21.8,3.2,63.5,20230101_38005_D01_S006,43.0,19.0,57.0,157.0,276.0,257.0,16.731517509727627,22.17898832684825,20230101_38005_D01_S006,25.0,16.0,42.0,0.0,193.0,276.0,69.92753623188406,21.014492753623188,media-baja
2023,20240101_38006_D01_S001,38006_D01_S001,Arona,1,1,40900.0,14293.0,18831.0,18550.0,1.0151482479784366,2024,20240101_38006_D01_S001,3.4,12.6,20.2,2.8,60.9,20230101_38006_D01_S001,99.0,25.0,101.0,303.0,528.0,503.0,19.681908548707753,20.07952286282306,20230101_38006_D01_S001,9.0,33.0,40.0,0.0,446.0,528.0,84.46969696969697,13.825757575757576,media-baja
2023,20240101_38006_D01_S002,38006_D01_S002,Arona,1,2,36475.0,13053.0,17164.0,15750.0,1.0897777777777777,2024,20240101_38006_D01_S002,4.4,11.4,18.8,2.7,62.7,20230101_38006_D01_S002,123.0,29.0,150.0,489.0,791.0,762.0,16.141732283464567,19.68503937007874,20230101_38006_D01_S002,14.0,49.0,28.0,0.0,700.0,791.0,88.49557522123894,9.734513274336283,media-baja
2023,20240101_38006_D01_S003,38006_D01_S003,Arona,1,3,40039.0,13826.0,18346.0,16450.0,1.115258358662614,2024,20240101_38006_D01_S003,4.2,15.9,14.9,2.6,62.4,20230101_38006_D01_S003,221.0,45.0,252.0,838.0,1356.0,1311.0,16.857360793287565,19.221967963386728,20230101_38006_D01_S003,16.0,98.0,56.0,0.0,1186.0,1356.0,87.46312684365782,11.35693215339233,media-baja
2023,20240101_38006_D01_S004,38006_D01_S004,Arona,1,4,36035.0,12408.0,16866.0,16450.0,1.025288753799392,2024,20240101_38006_D01_S004,5.1,8.3,17.4,2.9,66.4,20230101_38006_D01_S004,159.0,41.0,252.0,742.0,1194.0,1153.0,13.790112749349523,21.856027753686035,20230101_38006_D01_S004,18.0,84.0,45.0,0.0,1047.0,1194.0,87.68844221105527,10.804020100502512,media-baja
2023,20240101_38006_D01_S005,38006_D01_S005,Arona,1,5,33159.0,12894.0,16482.0,14350.0,1.1485714285714286,2024,20240101_38006_D01_S005,2.7,18.0,15.3,3.1,60.9,20230101_38006_D01_S005,153.0,32.0,174.0,606.0,965.0,933.0,16.39871382636656,18.64951768488746,20230101_38006_D01_S005,12.0,30.0,19.0,0.0,904.0,965.0,93.67875647668394,5.077720207253886,media-baja
2023,20240101_38006_D01_S006,38006_D01_S006,Arona,1,6,34487.0,16018.0,19195.0,15750.0,1.2187301587301587,2024,20240101_38006_D01_S006,2.7,26.2,18.9,1.7,50.5,20230101_38006_D01_S006,150.0,39.0,81.0,445.0,715.0,676.0,22.189349112426036,11.982248520710058,20230101_38006_D01_S006,4.0,26.0,10.0,0.0,675.0,715.0,94.4055944055944,5.034965034965035,media-alta
2023,20240101_38006_D01_S007,38006_D01_S007,Arona,1,7,28923.0,9535.0,13080.0,11550.0,1.1324675324675324,2024,20240101_38006_D01_S007,4.8,7.4,12.1,4.2,71.6,20230101_38006_D01_S007,83.0,36.0,308.0,475.0,902.0,866.0,9.584295612009237,35.56581986143187,20230101_38006_D01_S007,55.0,49.0,13.0,0.0,785.0,902.0,87.02882483370288,6.873614190687362,baja
2023,20240101_38006_D01_S008,38006_D01_S008,Arona,1,8,32795.0,12150.0,15732.0,14350.0,1.0963066202090592,2024,20240101_38006_D01_S008,3.4,15.5,14.6,3.4,63.1,20230101_38006_D01_S008,146.0,35.0,216.0,503.0,900.0,865.0,16.878612716763005,24.971098265895954,20230101_38006_D01_S008,51.0,52.0,18.0,0.0,779.0,900.0,86.55555555555556,7.777777777777778,media-baja
2023,20240101_38006_D01_S009,38006_D01_S009,Arona,1,9,35677.0,12853.0,16976.0,15750.0,1.0778412698412698,2024,20240101_38006_D01_S009,4.1,11.4,14.3,3.1,67.1,20230101_38006_D01_S009,194.0,32.0,251.0,784.0,1261.0,1229.0,15.78519121236778,20.423108218063465,20230101_38006_D01_S009,19.0,82.0,45.0,0.0,1115.0,1261.0,88.42188739095955,10.07137192704203,media-baja
2023,20240101_38006_D01_S010,38006_D01_S010,Arona,1,10,37171.0,13353.0,17752.0,17150.0,1.0351020408163265,2024,20240101_38006_D01_S010,4.0,10.5,15.6,2.7,67.2,20230101_38006_D01_S010,200.0,40.0,215.0,621.0,1076.0,1036.0,19.305019305019304,20.752895752895753,20230101_38006_D01_S010,16.0,58.0,65.0,0.0,937.0,1076.0,87.0817843866171,11.431226765799256,media-baja
2023,20240101_38006_D01_S011,38006_D01_S011,Arona,1,11,37250.0,14896.0,17765.0,14350.0,1.237979094076655,2024,20240101_38006_D01_S011,1.9,25.8,11.8,1.7,58.7,20230101_38006_D01_S011,335.0,56.0,207.0,1040.0,1638.0,1582.0,21.175726927939316,13.084702907711756,20230101_38006_D01_S011,8.0,46.0,21.0,0.0,1563.0,1638.0,95.42124542124542,4.09035409035409,media-baja
2023,20240101_38006_D01_S012,38006_D01_S012,Arona,1,12,34002.0,11350.0,15851.0,15050.0,1.0532225913621263,2024,20240101_38006_D01_S012,4.9,7.7,19.1,3.6,64.7,20230101_38006_D01_S012,57.0,19.0,129.0,346.0,551.0,532.0,10.714285714285714,24.24812030075188,20230101_38006_D01_S012,8.0,41.0,24.0,0.0,478.0,551.0,86.7513611615245,11.796733212341199,baja
2023,20240101_38006_D01_S013,38006_D01_S013,Arona,1,13,29940.0,9300.0,13050.0,12250.0,1.0653061224489795,2024,20240101_38006_D01_S013,6.7,6.9,12.7,3.8,70.0,20230101_38006_D01_S013,107.0,45.0,406.0,705.0,1263.0,1218.0,8.784893267651888,33.333333333333336,20230101_38006_D01_S013,98.0,76.0,36.0,0.0,1053.0,1263.0,83.3729216152019,8.867775138558986,baja
2023,20240101_38006_D01_S014,38006_D01_S014,Arona,1,14,39480.0,15542.0,19103.0,15750.0,1.212888888888889,2024,20240101_38006_D01_S014,3.7,26.2,12.3,2.4,55.4,20230101_38006_D01_S014,203.0,36.0,152.0,763.0,1154.0,1118.0,18.157423971377458,13.595706618962433,20230101_38006_D01_S014,16.0,38.0,22.0,0.0,1078.0,1154.0,93.41421143847487,5.1993067590987865,media-baja
2023,20240101_38006_D01_S015,38006_D01_S015,Arona,1,15,44846.0,16658.0,20701.0,16450.0,1.258419452887538,2024,20240101_38006_D01_S015,2.5,29.5,15.8,1.5,50.7,20230101_38006_D01_S015,275.0,42.0,92.0,676.0,1085.0,1043.0,26.366251198465964,8.820709491850431,20230101_38006_D01_S015,7.0,29.0,17.0,0.0,1032.0,1085.0,95.11520737327189,4.23963133640553,media-alta
2023,20240101_38006_D01_S016,38006_D01_S016,Arona,1,16,26791.0,12539.0,14851.0,13650.0,1.087985347985348,2024,20240101_38006_D01_S016,4.6,12.2,21.3,2.6,59.4,20230101_38006_D01_S016,385.0,80.0,258.0,987.0,1710.0,1630.0,23.619631901840492,15.828220858895705,20230101_38006_D01_S016,21.0,114.0,40.0,4.0,1531.0,1706.0,89.74208675263775,9.026963657678781,media-baja
2023,20240101_38006_D01_S017,38006_D01_S017,Arona,1,17,34478.0,14234.0,17470.0,15050.0,1.160797342192691,2024,20240101_38006_D01_S017,3.4,19.2,17.3,1.7,58.6,20230101_38006_D01_S017,71.0,12.0,70.0,246.0,399.0,387.0,18.34625322997416,18.087855297157624,20230101_38006_D01_S017,8.0,15.0,10.0,0.0,366.0,399.0,91.72932330827068,6.265664160401003,media-baja
2023,20240101_38006_D01_S018,38006_D01_S018,Arona,1,18,41578.0,13699.0,18057.0,17150.0,1.0528862973760933,2024,20240101_38006_D01_S018,2.9,13.1,11.6,2.6,69.8,20230101_38006_D01_S018,362.0,68.0,215.0,1115.0,1760.0,1692.0,21.39479905437352,12.706855791962175,20230101_38006_D01_S018,19.0,76.0,53.0,0.0,1612.0,1760.0,91.5909090909091,7.329545454545454,media-baja
2023,20240101_38006_D01_S019,38006_D01_S019,Arona,1,19,36396.0,15538.0,18608.0,14350.0,1.2967247386759582,2024,20240101_38006_D01_S019,3.7,28.5,17.0,2.0,48.8,20230101_38006_D01_S019,144.0,24.0,75.0,418.0,661.0,637.0,22.60596546310832,11.773940345368917,20230101_38006_D01_S019,7.0,22.0,13.0,0.0,619.0,661.0,93.64599092284418,5.295007564296521,media-baja
2023,20240101_38006_D01_S020,38006_D01_S020,Arona,1,20,36190.0,16603.0,18937.0,15750.0,1.2023492063492063,2024,20240101_38006_D01_S020,2.6,23.2,20.5,1.5,52.3,20230101_38006_D01_S020,281.0,78.0,119.0,820.0,1298.0,1220.0,23.0327868852459,9.754098360655737,20230101_38006_D01_S020,4.0,48.0,11.0,0.0,1235.0,1298.0,95.14637904468412,4.545454545454546,media-alta
2023,20240101_38006_D01_S021,38006_D01_S021,Arona,1,21,31519.0,11476.0,15380.0,14350.0,1.0717770034843206,2024,20240101_38006_D01_S021,3.9,9.3,11.7,3.7,71.4,20230101_38006_D01_S021,115.0,44.0,283.0,638.0,1080.0,1036.0,11.1003861003861,27.316602316602317,20230101_38006_D01_S021,61.0,66.0,42.0,0.0,911.0,1080.0,84.35185185185185,10.0,baja
2023,20240101_38006_D01_S022,38006_D01_S022,Arona,1,22,39495.0,13486.0,17818.0,17150.0,1.0389504373177842,2024,20240101_38006_D01_S022,3.7,13.7,12.4,2.5,67.8,20230101_38006_D01_S022,233.0,53.0,205.0,698.0,1189.0,1136.0,20.510563380281692,18.045774647887324,20230101_38006_D01_S022,38.0,74.0,33.0,0.0,1044.0,1189.0,87.8048780487805,8.999158957106813,media-baja
2023,20240101_38006_D01_S023,38006_D01_S023,Arona,1,23,30345.0,11250.0,14756.0,13650.0,1.081025641025641,2024,20240101_38006_D01_S023,4.4,9.9,12.3,4.2,69.2,20230101_38006_D01_S023,125.0,48.0,255.0,577.0,1005.0,957.0,13.061650992685475,26.645768025078368,20230101_38006_D01_S023,49.0,61.0,28.0,0.0,867.0,1005.0,86.26865671641791,8.855721393034825,baja
2023,20240101_38006_D01_S024,38006_D01_S024,Arona,1,24,37287.0,12587.0,16984.0,15750.0,1.0783492063492064,2024,20240101_38006_D01_S024,4.0,9.8,14.5,2.6,69.0,20230101_38006_D01_S024,148.0,28.0,176.0,587.0,939.0,911.0,16.245883644346872,19.319429198682766,20230101_38006_D01_S024,12.0,64.0,27.0,0.0,836.0,939.0,89.03088391906283,9.691160809371672,media-baja
2023,20240101_38006_D01_S025,38006_D01_S025,Arona,1,25,40324.0,14589.0,18911.0,17850.0,1.0594397759103642,2024,20240101_38006_D01_S025,3.3,13.5,17.9,2.4,63.0,20230101_38006_D01_S025,143.0,28.0,133.0,422.0,726.0,698.0,20.487106017191977,19.054441260744987,20230101_38006_D01_S025,13.0,46.0,30.0,0.0,637.0,726.0,87.74104683195593,10.46831955922865,media-baja
2023,20240101_38006_D01_S026,38006_D01_S026,Arona,1,26,41724.0,15729.0,19042.0,15750.0,1.209015873015873,2024,20240101_38006_D01_S026,1.9,28.0,11.4,2.0,56.7,20230101_38006_D01_S026,366.0,81.0,157.0,886.0,1490.0,1409.0,25.975869410929736,11.142654364797728,20230101_38006_D01_S026,8.0,61.0,30.0,0.0,1391.0,1490.0,93.35570469798658,6.10738255033557,media-baja
2023,20240101_38006_D01_S027,38006_D01_S027,Arona,1,27,35311.0,12508.0,16512.0,15750.0,1.0483809523809524,2024,20240101_38006_D01_S027,4.3,10.0,10.6,2.8,72.4,20230101_38006_D01_S027,180.0,50.0,257.0,804.0,1291.0,1241.0,14.5044319097502,20.70910556003223,20230101_38006_D01_S027,35.0,78.0,57.0,0.0,1121.0,1291.0,86.83191324554609,10.4570100697134,media-baja
2023,20240101_38006_D01_S028,38006_D01_S028,Arona,1,28,32423.0,10825.0,14624.0,13650.0,1.0713553113553114,2024,20240101_38006_D01_S028,4.1,10.8,9.8,3.2,72.1,20230101_38006_D01_S028,114.0,50.0,290.0,610.0,1064.0,1014.0,11.242603550295858,28.599605522682445,20230101_38006_D01_S028,60.0,64.0,32.0,0.0,908.0,1064.0,85.33834586466165,9.022556390977444,baja
2023,20240101_38006_D01_S029,38006_D01_S029,Arona,1,29,30048.0,9923.0,13750.0,12950.0,1.0617760617760619,2024,20240101_38006_D01_S029,5.2,8.4,11.1,3.8,71.5,20230101_38006_D01_S029,69.0,21.0,237.0,385.0,712.0,691.0,9.985528219971057,34.29811866859624,20230101_38006_D01_S029,60.0,44.0,19.0,0.0,589.0,712.0,82.7247191011236,8.848314606741573,baja
2023,20240101_38006_D01_S030,38006_D01_S030,Arona,1,30,33155.0,11766.0,15559.0,15050.0,1.0338205980066446,2024,20240101_38006_D01_S030,4.0,9.7,9.0,3.4,74.1,20230101_38006_D01_S030,148.0,65.0,240.0,746.0,1199.0,1134.0,13.051146384479718,21.164021164021165,20230101_38006_D01_S030,14.0,66.0,24.0,0.0,1095.0,1199.0,91.32610508757298,7.506255212677231,baja
2023,20240101_38006_D01_S031,38006_D01_S031,Arona,1,31,29249.0,9492.0,13055.0,12250.0,1.0657142857142856,2024,20240101_38006_D01_S031,5.4,8.4,10.9,4.7,70.7,20230101_38006_D01_S031,75.0,50.0,325.0,491.0,941.0,891.0,8.417508417508417,36.47586980920314,20230101_38006_D01_S031,61.0,65.0,20.0,0.0,795.0,941.0,84.4845908607864,9.032943676939427,baja
2023,20240101_38006_D01_S032,38006_D01_S032,Arona,1,32,29149.0,12274.0,15365.0,14350.0,1.0707317073170732,2024,20240101_38006_D01_S032,3.5,13.9,20.1,2.7,59.8,20230101_38006_D01_S032,188.0,40.0,125.0,553.0,906.0,866.0,21.709006928406467,14.434180138568129,20230101_38006_D01_S032,10.0,73.0,23.0,0.0,800.0,906.0,88.30022075055187,10.596026490066226,media-baja
2023,20240101_38006_D01_S033,38006_D01_S033,Arona,1,33,38576.0,17610.0,19780.0,16450.0,1.2024316109422493,2024,20240101_38006_D01_S033,2.0,23.8,15.0,1.5,57.7,20230101_38006_D01_S033,332.0,51.0,74.0,573.0,1030.0,979.0,33.912155260469866,7.558733401430031,20230101_38006_D01_S033,7.0,62.0,20.0,0.0,941.0,1030.0,91.35922330097087,7.961165048543689,media-alta
2023,20240101_38006_D01_S034,38006_D01_S034,Arona,1,34,34398.0,12353.0,16293.0,14350.0,1.1354006968641115,2024,20240101_38006_D01_S034,4.2,20.0,14.5,3.0,58.4,20230101_38006_D01_S034,103.0,32.0,124.0,348.0,607.0,575.0,17.91304347826087,21.565217391304348,20230101_38006_D01_S034,49.0,45.0,21.0,0.0,492.0,607.0,81.05436573311367,10.873146622734762,media-baja
2023,20240101_38007_D01_S001,38007_D01_S001,Barlovento,1,1,35588.0,13717.0,18344.0,15050.0,1.2188704318936876,2024,20240101_38007_D01_S001,3.7,21.0,23.0,2.5,49.9,20230101_38007_D01_S001,168.0,37.0,133.0,458.0,796.0,759.0,22.134387351778656,17.523056653491437,20230101_38007_D01_S001,108.0,84.0,45.0,1.0,558.0,795.0,70.18867924528301,16.22641509433962,media-baja
2023,20240101_38008_D01_S001,38008_D01_S001,Breña Alta,1,1,43016.0,15805.0,21472.0,17150.0,1.2520116618075803,2024,20240101_38008_D01_S001,3.2,14.8,18.2,2.0,61.9,20230101_38008_D01_S001,132.0,17.0,77.0,320.0,546.0,529.0,24.95274102079395,14.555765595463138,20230101_38008_D01_S001,27.0,44.0,23.0,0.0,452.0,546.0,82.78388278388279,12.271062271062272,media-baja
2023,20240101_38008_D01_S002,38008_D01_S002,Breña Alta,1,2,46891.0,17603.0,23939.0,19250.0,1.2435844155844156,2024,20240101_38008_D01_S002,3.0,17.6,19.5,2.3,57.7,20230101_38008_D01_S002,297.0,25.0,122.0,500.0,944.0,919.0,32.3177366702938,13.275299238302503,20230101_38008_D01_S002,38.0,93.0,47.0,2.0,764.0,942.0,81.104033970276,14.8619957537155,media-alta
2023,20240101_38008_D01_S003,38008_D01_S003,Breña Alta,1,3,51043.0,19104.0,25588.0,21350.0,1.1985011709601874,2024,20240101_38008_D01_S003,2.9,13.0,16.3,1.9,66.0,20230101_38008_D01_S003,350.0,36.0,114.0,537.0,1037.0,1001.0,34.96503496503497,11.38861138861139,20230101_38008_D01_S003,42.0,69.0,37.0,2.0,887.0,1035.0,85.70048309178743,10.241545893719806,media-alta
2023,20240101_38008_D01_S004,38008_D01_S004,Breña Alta,1,4,39199.0,14434.0,19898.0,17850.0,1.114733893557423,2024,20240101_38008_D01_S004,3.4,9.8,15.8,2.8,68.2,20230101_38008_D01_S004,154.0,30.0,138.0,429.0,751.0,721.0,21.359223300970875,19.14008321775312,20230101_38008_D01_S004,40.0,60.0,42.0,0.0,609.0,751.0,81.0918774966711,13.581890812250332,media-baja
2023,20240101_38009_D01_S001,38009_D01_S001,Breña Baja,1,1,48535.0,17847.0,24312.0,19950.0,1.2186466165413534,2024,20240101_38009_D01_S001,3.1,11.5,14.5,2.0,68.9,20230101_38009_D01_S001,366.0,47.0,126.0,516.0,1055.0,1008.0,36.30952380952381,12.5,20230101_38009_D01_S001,54.0,61.0,30.0,1.0,909.0,1054.0,86.24288425047439,8.633776091081593,media-alta
2023,20240101_38009_D01_S002,38009_D01_S002,Breña Baja,1,2,47539.0,17070.0,23136.0,20650.0,1.1203874092009685,2024,20240101_38009_D01_S002,3.4,10.8,15.8,2.1,68.0,20230101_38009_D01_S002,281.0,49.0,110.0,437.0,877.0,828.0,33.93719806763285,13.285024154589372,20230101_38009_D01_S002,41.0,71.0,32.0,2.0,731.0,875.0,83.54285714285714,11.771428571428572,media-alta
2023,20240101_38009_D01_S003,38009_D01_S003,Breña Baja,1,3,53138.0,22374.0,28796.0,24150.0,1.1923809523809523,2024,20240101_38009_D01_S003,3.2,15.3,17.1,1.7,62.8,20230101_38009_D01_S003,170.0,8.0,38.0,202.0,418.0,410.0,41.46341463414634,9.268292682926829,20230101_38009_D01_S003,10.0,20.0,6.0,0.0,382.0,418.0,91.38755980861244,6.220095693779904,alta
2023,20240101_38009_D01_S004,38009_D01_S004,Breña Baja,1,4,51287.0,20574.0,26960.0,21350.0,1.2627634660421545,2024,20240101_38009_D01_S004,2.5,19.4,15.4,1.8,60.9,20230101_38009_D01_S004,141.0,21.0,47.0,223.0,432.0,411.0,34.306569343065696,11.435523114355231,20230101_38009_D01_S004,21.0,35.0,19.0,0.0,357.0,432.0,82.63888888888889,12.5,alta
2023,20240101_38010_D01_S001,38010_D01_S001,Buenavista del Norte,1,1,37986.0,14642.0,19054.0,15750.0,1.2097777777777778,2024,20240101_38010_D01_S001,4.6,19.3,24.3,3.1,48.8,20230101_38010_D01_S001,113.0,22.0,131.0,216.0,482.0,460.0,24.565217391304348,28.47826086956522,20230101_38010_D01_S001,102.0,22.0,20.0,0.0,338.0,482.0,70.12448132780084,8.71369294605809,media-baja
2023,20240101_38010_D01_S002,38010_D01_S002,Buenavista del Norte,1,2,28646.0,10982.0,15268.0,14350.0,1.06397212543554,2024,20240101_38010_D01_S002,6.7,12.0,33.7,3.4,44.3,20230101_38010_D01_S002,28.0,13.0,59.0,157.0,257.0,244.0,11.475409836065573,24.18032786885246,20230101_38010_D01_S002,29.0,28.0,8.0,0.0,192.0,257.0,74.70817120622569,14.007782101167315,baja
2023,20240101_38010_D01_S003,38010_D01_S003,Buenavista del Norte,1,3,34158.0,12827.0,17085.0,15750.0,1.0847619047619048,2024,20240101_38010_D01_S003,4.2,11.4,25.2,3.3,56.0,20230101_38010_D01_S003,99.0,14.0,132.0,260.0,505.0,491.0,20.162932790224033,26.883910386965375,20230101_38010_D01_S003,102.0,19.0,10.0,0.0,374.0,505.0,74.05940594059406,5.742574257425742,media-baja
2023,20240101_38010_D01_S004,38010_D01_S004,Buenavista del Norte,1,4,35179.0,12948.0,17447.0,15750.0,1.1077460317460317,2024,20240101_38010_D01_S004,5.5,9.6,21.7,3.9,59.4,20230101_38010_D01_S004,98.0,20.0,146.0,278.0,542.0,522.0,18.773946360153257,27.96934865900383,20230101_38010_D01_S004,102.0,26.0,19.0,0.0,395.0,542.0,72.87822878228782,8.302583025830259,media-baja
2023,20240101_38011_D01_S001,38011_D01_S001,Candelaria,1,1,47519.0,16974.0,21639.0,19250.0,1.124103896103896,2024,20240101_38011_D01_S001,3.6,10.9,19.8,2.1,63.6,20230101_38011_D01_S001,266.0,47.0,95.0,430.0,838.0,791.0,33.6283185840708,12.010113780025284,20230101_38011_D01_S001,19.0,43.0,45.0,0.0,731.0,838.0,87.23150357995226,10.501193317422434,media-alta
2023,20240101_38011_D01_S002,38011_D01_S002,Candelaria,1,2,46340.0,16413.0,21085.0,19250.0,1.0953246753246753,2024,20240101_38011_D01_S002,3.6,11.1,17.4,1.9,66.1,20230101_38011_D01_S002,234.0,29.0,63.0,310.0,636.0,607.0,38.5502471169687,10.378912685337726,20230101_38011_D01_S002,4.0,31.0,40.0,0.0,561.0,636.0,88.20754716981132,11.163522012578616,media-alta
2023,20240101_38011_D01_S003,38011_D01_S003,Candelaria,1,3,41682.0,17868.0,21571.0,19250.0,1.1205714285714286,2024,20240101_38011_D01_S003,3.9,13.6,19.1,2.0,61.4,20230101_38011_D01_S003,367.0,33.0,97.0,648.0,1145.0,1112.0,33.00359712230216,8.723021582733812,20230101_38011_D01_S003,11.0,68.0,53.0,0.0,1013.0,1145.0,88.47161572052401,10.56768558951965,media-alta
2023,20240101_38011_D01_S004,38011_D01_S004,Candelaria,1,4,38905.0,16608.0,20172.0,17850.0,1.1300840336134454,2024,20240101_38011_D01_S004,5.4,9.9,19.6,2.1,63.0,20230101_38011_D01_S004,193.0,34.0,60.0,362.0,649.0,615.0,31.382113821138212,9.75609756097561,20230101_38011_D01_S004,5.0,22.0,33.0,0.0,589.0,649.0,90.75500770416025,8.474576271186441,media-alta
2023,20240101_38011_D01_S005,38011_D01_S005,Candelaria,1,5,49455.0,19527.0,23591.0,20650.0,1.1424213075060532,2024,20240101_38011_D01_S005,4.3,15.1,23.6,1.6,55.4,20230101_38011_D01_S005,164.0,14.0,38.0,230.0,446.0,432.0,37.96296296296296,8.796296296296296,20230101_38011_D01_S005,3.0,27.0,21.0,0.0,395.0,446.0,88.56502242152466,10.762331838565023,media-alta
2023,20240101_38011_D01_S006,38011_D01_S006,Candelaria,1,6,39917.0,18107.0,21380.0,19950.0,1.0716791979949876,2024,20240101_38011_D01_S006,3.3,9.5,14.1,2.2,70.8,20230101_38011_D01_S006,360.0,43.0,79.0,482.0,964.0,921.0,39.08794788273616,8.577633007600435,20230101_38011_D01_S006,2.0,41.0,48.0,0.0,873.0,964.0,90.56016597510373,9.232365145228215,media-alta
2023,20240101_38011_D01_S007,38011_D01_S007,Candelaria,1,7,42652.0,19563.0,22728.0,20650.0,1.1006295399515738,2024,20240101_38011_D01_S007,4.0,9.7,14.5,2.1,69.8,20230101_38011_D01_S007,429.0,49.0,63.0,551.0,1092.0,1043.0,41.1313518696069,6.040268456375839,20230101_38011_D01_S007,5.0,48.0,51.0,0.0,988.0,1092.0,90.47619047619048,9.065934065934066,media-alta
2023,20240101_38011_D01_S008,38011_D01_S008,Candelaria,1,8,40072.0,16469.0,20492.0,19250.0,1.0645194805194804,2024,20240101_38011_D01_S008,3.7,11.7,18.7,2.2,63.7,20230101_38011_D01_S008,155.0,20.0,53.0,269.0,497.0,477.0,32.494758909853246,11.11111111111111,20230101_38011_D01_S008,5.0,18.0,33.0,0.0,441.0,497.0,88.73239436619718,10.261569416498993,media-alta
2023,20240101_38011_D01_S009,38011_D01_S009,Candelaria,1,9,66240.0,22489.0,27411.0,26250.0,1.0442285714285715,2024,20240101_38011_D01_S009,2.7,13.6,16.1,1.3,66.4,20230101_38011_D01_S009,223.0,21.0,35.0,247.0,526.0,505.0,44.15841584158416,6.930693069306931,20230101_38011_D01_S009,2.0,32.0,33.0,0.0,459.0,526.0,87.26235741444867,12.357414448669202,alta
2023,20240101_38011_D01_S010,38011_D01_S010,Candelaria,1,10,38247.0,17287.0,20521.0,18550.0,1.1062533692722372,2024,20240101_38011_D01_S010,5.1,12.0,21.8,2.0,59.1,20230101_38011_D01_S010,151.0,22.0,48.0,293.0,514.0,492.0,30.691056910569106,9.75609756097561,20230101_38011_D01_S010,2.0,27.0,23.0,0.0,462.0,514.0,89.88326848249027,9.727626459143968,media-alta
2023,20240101_38011_D01_S011,38011_D01_S011,Candelaria,1,11,44862.0,19014.0,22873.0,21350.0,1.0713348946135832,2024,20240101_38011_D01_S011,5.1,10.5,19.1,1.7,63.5,20230101_38011_D01_S011,309.0,27.0,39.0,387.0,762.0,735.0,42.04081632653061,5.3061224489795915,20230101_38011_D01_S011,3.0,33.0,46.0,0.0,680.0,762.0,89.23884514435696,10.36745406824147,media-alta
2023,20240101_38011_D01_S012,38011_D01_S012,Candelaria,1,12,45283.0,21471.0,24573.0,22050.0,1.1144217687074829,2024,20240101_38011_D01_S012,3.3,12.5,18.5,1.4,64.2,20230101_38011_D01_S012,243.0,34.0,47.0,343.0,667.0,633.0,38.388625592417064,7.424960505529226,20230101_38011_D01_S012,7.0,34.0,31.0,0.0,595.0,667.0,89.20539730134932,9.745127436281859,alta
2023,20240101_38011_D02_S001,38011_D02_S001,Candelaria,2,1,50013.0,17439.0,22620.0,20650.0,1.0953995157384988,2024,20240101_38011_D02_S001,3.3,12.3,17.3,1.8,65.4,20230101_38011_D02_S001,298.0,24.0,76.0,417.0,815.0,791.0,37.67383059418458,9.608091024020228,20230101_38011_D02_S001,16.0,46.0,55.0,0.0,698.0,815.0,85.6441717791411,12.392638036809815,media-alta
2023,20240101_38011_D02_S002,38011_D02_S002,Candelaria,2,2,58220.0,20119.0,25377.0,22050.0,1.1508843537414966,2024,20240101_38011_D02_S002,3.6,16.6,19.1,1.5,59.2,20230101_38011_D02_S002,249.0,32.0,62.0,360.0,703.0,671.0,37.108792846497764,9.23994038748137,20230101_38011_D02_S002,13.0,40.0,39.0,0.0,611.0,703.0,86.91322901849217,11.2375533428165,alta
2023,20240101_38011_D02_S003,38011_D02_S003,Candelaria,2,3,44440.0,16025.0,20721.0,17850.0,1.1608403361344537,2024,20240101_38011_D02_S003,3.8,12.7,15.6,2.1,65.8,20230101_38011_D02_S003,321.0,35.0,99.0,475.0,930.0,895.0,35.865921787709496,11.061452513966481,20230101_38011_D02_S003,13.0,65.0,70.0,0.0,782.0,930.0,84.08602150537635,14.516129032258064,media-alta
2023,20240101_38011_D02_S004,38011_D02_S004,Candelaria,2,4,42796.0,16239.0,20565.0,18550.0,1.1086253369272236,2024,20240101_38011_D02_S004,3.8,10.3,19.7,1.8,64.5,20230101_38011_D02_S004,180.0,34.0,89.0,383.0,686.0,652.0,27.607361963190183,13.650306748466258,20230101_38011_D02_S004,6.0,50.0,55.0,0.0,575.0,686.0,83.8192419825073,15.306122448979592,media-alta
2023,20240101_38011_D02_S005,38011_D02_S005,Candelaria,2,5,80889.0,26689.0,31769.0,30450.0,1.0433169129720854,2024,20240101_38011_D02_S005,2.6,18.2,12.0,0.9,66.4,20230101_38011_D02_S005,417.0,38.0,20.0,299.0,774.0,736.0,56.65760869565217,2.717391304347826,20230101_38011_D02_S005,3.0,37.0,36.0,0.0,698.0,774.0,90.18087855297158,9.431524547803617,alta
2023,20240101_38012_D01_S001,38012_D01_S001,Fasnia,1,1,39531.0,16336.0,20434.0,18550.0,1.1015633423180593,2024,20240101_38012_D01_S001,3.5,9.2,24.3,2.4,60.7,20230101_38012_D01_S001,198.0,25.0,100.0,337.0,660.0,635.0,31.181102362204726,15.748031496062993,20230101_38012_D01_S001,21.0,45.0,27.0,0.0,567.0,660.0,85.9090909090909,10.909090909090908,media-alta
2023,20240101_38012_D01_S002,38012_D01_S002,Fasnia,1,2,34480.0,14885.0,18376.0,17150.0,1.0714868804664723,2024,20240101_38012_D01_S002,4.3,12.2,22.3,3.2,58.0,20230101_38012_D01_S002,151.0,21.0,74.0,309.0,555.0,534.0,28.277153558052433,13.857677902621722,20230101_38012_D01_S002,29.0,38.0,45.0,0.0,443.0,555.0,79.81981981981981,14.954954954954955,media-baja
2023,20240101_38013_D01_S001,38013_D01_S001,Frontera,1,1,39968.0,13934.0,18170.0,15750.0,1.1536507936507936,2024,20240101_38013_D01_S001,4.7,16.6,19.2,2.7,56.9,20230101_38013_D01_S001,234.0,43.0,106.0,495.0,878.0,835.0,28.023952095808383,12.694610778443113,20230101_38013_D01_S001,72.0,79.0,26.0,0.0,701.0,878.0,79.84054669703872,11.958997722095672,media-baja
2023,20240101_38013_D01_S002,38013_D01_S002,Frontera,1,2,39042.0,13667.0,17750.0,15750.0,1.126984126984127,2024,20240101_38013_D01_S002,3.8,15.0,18.6,3.0,59.7,20230101_38013_D01_S002,200.0,34.0,111.0,445.0,790.0,756.0,26.455026455026456,14.682539682539682,20230101_38013_D01_S002,57.0,58.0,59.0,0.0,616.0,790.0,77.9746835443038,14.810126582278482,media-baja
2023,20240101_38014_D01_S001,38014_D01_S001,Fuencaliente de La Palma,1,1,32757.0,13991.0,18335.0,17150.0,1.0690962099125365,2024,20240101_38014_D01_S001,4.4,13.1,24.4,2.9,55.2,20230101_38014_D01_S001,108.0,15.0,73.0,241.0,437.0,422.0,25.592417061611375,17.298578199052134,20230101_38014_D01_S001,36.0,37.0,24.0,0.0,340.0,437.0,77.80320366132723,13.958810068649885,media-baja
2023,20240101_38014_D01_S002,38014_D01_S002,Fuencaliente de La Palma,1,2,29193.0,13647.0,17525.0,15750.0,1.1126984126984127,2024,20240101_38014_D01_S002,4.0,15.1,21.7,3.1,56.1,20230101_38014_D01_S002,67.0,28.0,73.0,196.0,364.0,336.0,19.94047619047619,21.726190476190474,20230101_38014_D01_S002,45.0,34.0,19.0,1.0,265.0,363.0,73.00275482093664,14.600550964187327,media-baja
2023,20240101_38015_D01_S001,38015_D01_S001,Garachico,1,1,39609.0,14111.0,18465.0,16450.0,1.1224924012158055,2024,20240101_38015_D01_S001,4.3,11.0,27.9,2.5,54.4,20230101_38015_D01_S001,168.0,17.0,89.0,288.0,562.0,545.0,30.825688073394495,16.3302752293578,20230101_38015_D01_S001,44.0,41.0,26.0,0.0,451.0,562.0,80.2491103202847,11.921708185053381,media-baja
2023,20240101_38015_D01_S002,38015_D01_S002,Garachico,1,2,45179.0,17583.0,21587.0,17150.0,1.2587172011661807,2024,20240101_38015_D01_S002,4.0,11.6,32.4,1.8,50.3,20230101_38015_D01_S002,64.0,12.0,26.0,98.0,200.0,188.0,34.04255319148936,13.829787234042554,20230101_38015_D01_S002,19.0,9.0,8.0,0.0,164.0,200.0,82.0,8.5,media-alta
2023,20240101_38015_D02_S001,38015_D02_S001,Garachico,2,1,36651.0,12790.0,17090.0,14350.0,1.1909407665505227,2024,20240101_38015_D02_S001,5.5,14.1,21.0,2.8,56.5,20230101_38015_D02_S001,96.0,19.0,120.0,276.0,511.0,492.0,19.51219512195122,24.390243902439025,20230101_38015_D02_S001,79.0,35.0,15.0,0.0,382.0,511.0,74.75538160469668,9.784735812133073,media-baja
2023,20240101_38015_D02_S002,38015_D02_S002,Garachico,2,2,30532.0,11391.0,15312.0,14350.0,1.0670383275261324,2024,20240101_38015_D02_S002,6.0,6.7,24.5,4.3,58.6,20230101_38015_D02_S002,72.0,17.0,119.0,285.0,493.0,476.0,15.126050420168067,25.0,20230101_38015_D02_S002,26.0,59.0,16.0,0.0,392.0,493.0,79.5131845841785,15.212981744421906,baja
2023,20240101_38016_D01_S001,38016_D01_S001,Garafía,1,1,26264.0,11139.0,14713.0,12950.0,1.136138996138996,2024,20240101_38016_D01_S001,4.2,15.6,30.2,3.8,46.3,20230101_38016_D01_S001,130.0,24.0,88.0,308.0,550.0,526.0,24.714828897338403,16.730038022813687,20230101_38016_D01_S001,67.0,51.0,20.0,0.0,412.0,550.0,74.9090909090909,12.909090909090908,baja
2023,20240101_38017_D01_S001,38017_D01_S001,Granadilla de Abona,1,1,44937.0,14376.0,19660.0,17850.0,1.1014005602240897,2024,20240101_38017_D01_S001,3.9,11.9,18.3,3.3,62.7,20230101_38017_D01_S001,102.0,22.0,129.0,320.0,573.0,551.0,18.511796733212343,23.41197822141561,20230101_38017_D01_S001,17.0,44.0,39.0,0.0,473.0,573.0,82.54799301919721,14.485165794066317,media-baja
2023,20240101_38017_D01_S002,38017_D01_S002,Granadilla de Abona,1,2,44416.0,14176.0,19439.0,18550.0,1.0479245283018868,2024,20240101_38017_D01_S002,3.6,10.4,18.8,2.9,64.3,20230101_38017_D01_S002,79.0,14.0,86.0,301.0,480.0,466.0,16.952789699570815,18.454935622317596,20230101_38017_D01_S002,19.0,28.0,14.0,0.0,419.0,480.0,87.29166666666667,8.75,media-baja
2023,20240101_38017_D01_S003,38017_D01_S003,Granadilla de Abona,1,3,35014.0,11617.0,15763.0,15050.0,1.047375415282392,2024,20240101_38017_D01_S003,4.1,8.2,11.2,3.3,73.2,20230101_38017_D01_S003,119.0,26.0,205.0,504.0,854.0,828.0,14.371980676328503,24.758454106280194,20230101_38017_D01_S003,24.0,57.0,53.0,0.0,720.0,854.0,84.30913348946136,12.880562060889929,baja
2023,20240101_38017_D01_S004,38017_D01_S004,Granadilla de Abona,1,4,35435.0,12100.0,16461.0,15050.0,1.0937541528239203,2024,20240101_38017_D01_S004,3.8,11.5,25.1,3.1,56.6,20230101_38017_D01_S004,96.0,18.0,141.0,378.0,633.0,615.0,15.609756097560975,22.926829268292682,20230101_38017_D01_S004,33.0,56.0,30.0,0.0,514.0,633.0,81.20063191153238,13.58609794628752,media-baja
2023,20240101_38017_D01_S005,38017_D01_S005,Granadilla de Abona,1,5,37050.0,13533.0,17842.0,17150.0,1.0403498542274052,2024,20240101_38017_D01_S005,4.8,9.5,19.8,2.8,63.0,20230101_38017_D01_S005,57.0,18.0,93.0,192.0,360.0,342.0,16.666666666666668,27.19298245614035,20230101_38017_D01_S005,21.0,24.0,26.0,0.0,289.0,360.0,80.27777777777777,13.88888888888889,media-baja
2023,20240101_38017_D01_S006,38017_D01_S006,Granadilla de Abona,1,6,43552.0,14968.0,19053.0,16450.0,1.1582370820668693,2024,20240101_38017_D01_S006,3.5,15.1,20.0,2.7,58.6,20230101_38017_D01_S006,121.0,27.0,117.0,297.0,562.0,535.0,22.61682242990654,21.869158878504674,20230101_38017_D01_S006,22.0,44.0,36.0,0.0,460.0,562.0,81.85053380782918,14.234875444839858,media-baja
2023,20240101_38017_D01_S007,38017_D01_S007,Granadilla de Abona,1,7,38448.0,16640.0,19333.0,16450.0,1.175258358662614,2024,20240101_38017_D01_S007,3.2,18.4,12.6,2.3,63.6,20230101_38017_D01_S007,399.0,68.0,146.0,664.0,1277.0,1209.0,33.002481389578165,12.076095947063688,20230101_38017_D01_S007,12.0,68.0,50.0,0.0,1147.0,1277.0,89.81989036805011,9.240407204385278,media-alta
2023,20240101_38017_D01_S008,38017_D01_S008,Granadilla de Abona,1,8,33925.0,11564.0,15589.0,14350.0,1.0863414634146342,2024,20240101_38017_D01_S008,4.0,7.2,12.6,4.0,72.2,20230101_38017_D01_S008,103.0,23.0,169.0,399.0,694.0,671.0,15.350223546944859,25.18628912071535,20230101_38017_D01_S008,23.0,58.0,33.0,0.0,580.0,694.0,83.57348703170028,13.112391930835734,baja
2023,20240101_38017_D01_S009,38017_D01_S009,Granadilla de Abona,1,9,41560.0,13792.0,18543.0,17150.0,1.0812244897959185,2024,20240101_38017_D01_S009,4.0,14.8,15.6,2.8,62.8,20230101_38017_D01_S009,227.0,46.0,231.0,706.0,1210.0,1164.0,19.50171821305842,19.84536082474227,20230101_38017_D01_S009,26.0,79.0,64.0,0.0,1041.0,1210.0,86.03305785123968,11.818181818181818,media-baja
2023,20240101_38017_D01_S010,38017_D01_S010,Granadilla de Abona,1,10,37462.0,15064.0,18265.0,16450.0,1.1103343465045592,2024,20240101_38017_D01_S010,3.2,12.5,8.1,2.4,73.9,20230101_38017_D01_S010,379.0,55.0,167.0,788.0,1389.0,1334.0,28.41079460269865,12.518740629685157,20230101_38017_D01_S010,24.0,80.0,44.0,0.0,1241.0,1389.0,89.34485241180705,8.92728581713463,media-baja
2023,20240101_38017_D01_S011,38017_D01_S011,Granadilla de Abona,1,11,37031.0,10996.0,15356.0,15050.0,1.0203322259136212,2024,20240101_38017_D01_S011,5.1,7.4,9.0,3.0,75.4,20230101_38017_D01_S011,178.0,26.0,316.0,749.0,1269.0,1243.0,14.320193081255027,25.422365245374095,20230101_38017_D01_S011,29.0,96.0,48.0,0.0,1096.0,1269.0,86.36721828211189,11.347517730496454,baja
2023,20240101_38017_D01_S012,38017_D01_S012,Granadilla de Abona,1,12,42979.0,14165.0,19016.0,17850.0,1.0653221288515407,2024,20240101_38017_D01_S012,3.2,12.4,22.0,2.4,59.9,20230101_38017_D01_S012,81.0,27.0,135.0,348.0,591.0,564.0,14.361702127659575,23.93617021276596,20230101_38017_D01_S012,14.0,43.0,30.0,0.0,504.0,591.0,85.27918781725889,12.351945854483926,media-baja
2023,20240101_38017_D01_S013,38017_D01_S013,Granadilla de Abona,1,13,35165.0,11284.0,15479.0,14350.0,1.0786759581881533,2024,20240101_38017_D01_S013,4.1,8.2,11.8,4.3,71.6,20230101_38017_D01_S013,106.0,27.0,241.0,609.0,983.0,956.0,11.087866108786612,25.209205020920503,20230101_38017_D01_S013,33.0,65.0,34.0,0.0,851.0,983.0,86.57171922685656,10.07121057985758,baja
2023,20240101_38017_D01_S014,38017_D01_S014,Granadilla de Abona,1,14,39948.0,17853.0,20680.0,17850.0,1.1585434173669469,2024,20240101_38017_D01_S014,1.9,17.2,14.5,2.1,64.3,20230101_38017_D01_S014,375.0,53.0,129.0,639.0,1196.0,1143.0,32.808398950131235,11.286089238845145,20230101_38017_D01_S014,11.0,65.0,42.0,0.0,1078.0,1196.0,90.13377926421404,8.946488294314381,media-alta
2023,20240101_38017_D01_S015,38017_D01_S015,Granadilla de Abona,1,15,33546.0,10695.0,14832.0,14350.0,1.033588850174216,2024,20240101_38017_D01_S015,4.9,8.6,11.9,4.4,70.2,20230101_38017_D01_S015,104.0,28.0,234.0,473.0,839.0,811.0,12.82367447595561,28.853267570900123,20230101_38017_D01_S015,32.0,68.0,25.0,0.0,714.0,839.0,85.10131108462456,11.084624553039333,baja
2023,20240101_38017_D01_S016,38017_D01_S016,Granadilla de Abona,1,16,36733.0,13185.0,17461.0,15750.0,1.1086349206349206,2024,20240101_38017_D01_S016,4.1,10.3,19.7,3.5,62.4,20230101_38017_D01_S016,71.0,19.0,127.0,289.0,506.0,487.0,14.57905544147844,26.078028747433265,20230101_38017_D01_S016,16.0,33.0,19.0,0.0,438.0,506.0,86.56126482213439,10.276679841897232,media-baja
2023,20240101_38017_D01_S017,38017_D01_S017,Granadilla de Abona,1,17,44396.0,13493.0,18325.0,17850.0,1.026610644257703,2024,20240101_38017_D01_S017,3.1,11.7,11.0,2.8,71.5,20230101_38017_D01_S017,175.0,22.0,160.0,531.0,888.0,866.0,20.207852193995382,18.475750577367204,20230101_38017_D01_S017,20.0,66.0,34.0,0.0,768.0,888.0,86.48648648648648,11.26126126126126,media-baja
2023,20240101_38017_D01_S018,38017_D01_S018,Granadilla de Abona,1,18,56524.0,20292.0,23650.0,19950.0,1.1854636591478698,2024,20240101_38017_D01_S018,2.5,24.6,8.4,1.3,63.2,20230101_38017_D01_S018,211.0,32.0,65.0,325.0,633.0,601.0,35.108153078202996,10.8153078202995,20230101_38017_D01_S018,17.0,46.0,17.0,0.0,553.0,633.0,87.36176935229068,9.95260663507109,alta
2023,20240101_38017_D01_S019,38017_D01_S019,Granadilla de Abona,1,19,35537.0,12088.0,16109.0,15050.0,1.0703654485049834,2024,20240101_38017_D01_S019,4.4,11.6,11.1,3.5,69.5,20230101_38017_D01_S019,131.0,28.0,164.0,460.0,783.0,755.0,17.350993377483444,21.721854304635762,20230101_38017_D01_S019,22.0,52.0,36.0,0.0,673.0,783.0,85.9514687100894,11.23882503192848,media-baja
2023,20240101_38017_D01_S020,38017_D01_S020,Granadilla de Abona,1,20,37023.0,11517.0,15744.0,14350.0,1.0971428571428572,2024,20240101_38017_D01_S020,3.3,10.9,9.6,3.1,73.1,20230101_38017_D01_S020,175.0,46.0,350.0,756.0,1327.0,1281.0,13.66120218579235,27.3224043715847,20230101_38017_D01_S020,51.0,69.0,54.0,0.0,1153.0,1327.0,86.88771665410701,9.269027882441598,baja
2023,20240101_38017_D01_S021,38017_D01_S021,Granadilla de Abona,1,21,33920.0,13933.0,16919.0,14350.0,1.1790243902439024,2024,20240101_38017_D01_S021,3.8,13.3,12.3,2.9,67.7,20230101_38017_D01_S021,297.0,67.0,152.0,712.0,1228.0,1161.0,25.58139534883721,13.092161929371231,20230101_38017_D01_S021,24.0,75.0,44.0,0.0,1085.0,1228.0,88.35504885993485,9.690553745928339,media-baja
2023,20240101_38017_D01_S022,38017_D01_S022,Granadilla de Abona,1,22,42304.0,12673.0,17455.0,16450.0,1.061094224924012,2024,20240101_38017_D01_S022,4.1,8.2,8.5,3.0,76.3,20230101_38017_D01_S022,191.0,43.0,175.0,569.0,978.0,935.0,20.427807486631018,18.71657754010695,20230101_38017_D01_S022,31.0,52.0,37.0,0.0,858.0,978.0,87.73006134969326,9.100204498977504,media-baja
2023,20240101_38017_D01_S023,38017_D01_S023,Granadilla de Abona,1,23,35409.0,10963.0,15072.0,13650.0,1.1041758241758242,2024,20240101_38017_D01_S023,4.1,8.1,9.9,4.4,73.5,20230101_38017_D01_S023,111.0,38.0,264.0,544.0,957.0,919.0,12.078346028291621,28.726877040261154,20230101_38017_D01_S023,36.0,54.0,29.0,0.0,838.0,957.0,87.56530825496343,8.672936259143155,baja
2023,20240101_38017_D01_S024,38017_D01_S024,Granadilla de Abona,1,24,35704.0,10965.0,15250.0,15050.0,1.0132890365448506,2024,20240101_38017_D01_S024,4.9,7.1,7.9,3.4,76.8,20230101_38017_D01_S024,160.0,40.0,273.0,657.0,1130.0,1090.0,14.678899082568808,25.045871559633028,20230101_38017_D01_S024,23.0,64.0,42.0,0.0,1001.0,1130.0,88.58407079646018,9.380530973451327,baja
2023,20240101_38017_D01_S025,38017_D01_S025,Granadilla de Abona,1,25,34003.0,10797.0,14794.0,14350.0,1.0309407665505226,2024,20240101_38017_D01_S025,5.0,5.8,9.6,3.9,75.7,20230101_38017_D01_S025,119.0,34.0,256.0,599.0,1008.0,974.0,12.217659137577002,26.28336755646817,20230101_38017_D01_S025,52.0,72.0,38.0,1.0,845.0,1007.0,83.91261171797419,10.923535253227408,baja
2023,20240101_38017_D01_S026,38017_D01_S026,Granadilla de Abona,1,26,38370.0,11868.0,16165.0,15050.0,1.0740863787375414,2024,20240101_38017_D01_S026,3.1,10.8,12.1,3.6,70.6,20230101_38017_D01_S026,128.0,27.0,156.0,409.0,720.0,693.0,18.47041847041847,22.51082251082251,20230101_38017_D01_S026,27.0,52.0,23.0,0.0,618.0,720.0,85.83333333333333,10.416666666666666,baja
2023,20240101_38017_D01_S027,38017_D01_S027,Granadilla de Abona,1,27,63080.0,22331.0,26772.0,22750.0,1.1767912087912087,2024,20240101_38017_D01_S027,2.2,24.2,7.0,1.3,65.3,20230101_38017_D01_S027,454.0,62.0,61.0,486.0,1063.0,1001.0,45.354645354645356,6.093906093906094,20230101_38017_D01_S027,13.0,61.0,30.0,1.0,958.0,1062.0,90.20715630885122,8.568738229755178,alta
2023,20240101_38018_D01_S001,38018_D01_S001,La Guancha,1,1,37717.0,14114.0,18672.0,17850.0,1.0460504201680672,2024,20240101_38018_D01_S001,4.3,9.7,25.3,2.2,58.4,20230101_38018_D01_S001,130.0,11.0,67.0,296.0,504.0,493.0,26.36916835699797,13.59026369168357,20230101_38018_D01_S001,22.0,64.0,23.0,0.0,395.0,504.0,78.37301587301587,17.261904761904763,media-baja
2023,20240101_38018_D01_S002,38018_D01_S002,La Guancha,1,2,35532.0,12715.0,17209.0,15750.0,1.0926349206349206,2024,20240101_38018_D01_S002,4.7,8.7,23.4,2.9,60.4,20230101_38018_D01_S002,166.0,25.0,93.0,430.0,714.0,689.0,24.09288824383164,13.497822931785196,20230101_38018_D01_S002,41.0,75.0,22.0,0.0,576.0,714.0,80.67226890756302,13.585434173669467,media-baja
2023,20240101_38018_D01_S003,38018_D01_S003,La Guancha,1,3,37301.0,13460.0,18094.0,16450.0,1.0999392097264438,2024,20240101_38018_D01_S003,5.5,10.8,21.8,2.8,59.2,20230101_38018_D01_S003,253.0,22.0,121.0,531.0,927.0,905.0,27.955801104972377,13.370165745856353,20230101_38018_D01_S003,38.0,128.0,33.0,0.0,728.0,927.0,78.53290183387271,17.367853290183387,media-baja
2023,20240101_38019_D01_S001,38019_D01_S001,Guía de Isora,1,1,37910.0,13642.0,18261.0,17150.0,1.0647813411078717,2024,20240101_38019_D01_S001,4.1,10.0,20.9,2.9,62.2,20230101_38019_D01_S001,134.0,27.0,228.0,474.0,863.0,836.0,16.028708133971293,27.272727272727273,20230101_38019_D01_S001,48.0,55.0,38.0,0.0,722.0,863.0,83.66164542294322,10.776361529548089,media-baja
2023,20240101_38019_D01_S002,38019_D01_S002,Guía de Isora,1,2,38731.0,12619.0,17351.0,16450.0,1.0547720364741642,2024,20240101_38019_D01_S002,4.8,11.2,16.2,3.5,64.2,20230101_38019_D01_S002,176.0,45.0,312.0,546.0,1079.0,1034.0,17.02127659574468,30.174081237911025,20230101_38019_D01_S002,115.0,65.0,28.0,1.0,870.0,1078.0,80.70500927643785,8.62708719851577,media-baja
2023,20240101_38019_D01_S003,38019_D01_S003,Guía de Isora,1,3,37659.0,13660.0,18130.0,17150.0,1.0571428571428572,2024,20240101_38019_D01_S003,3.4,13.6,17.8,2.3,62.9,20230101_38019_D01_S003,148.0,33.0,178.0,501.0,860.0,827.0,17.896009673518744,21.523579201934705,20230101_38019_D01_S003,40.0,49.0,28.0,0.0,743.0,860.0,86.3953488372093,8.953488372093023,media-baja
2023,20240101_38019_D01_S004,38019_D01_S004,Guía de Isora,1,4,42410.0,13966.0,18735.0,17850.0,1.0495798319327732,2024,20240101_38019_D01_S004,3.0,11.7,11.8,2.6,70.9,20230101_38019_D01_S004,160.0,42.0,261.0,591.0,1054.0,1012.0,15.810276679841897,25.790513833992094,20230101_38019_D01_S004,108.0,52.0,26.0,0.0,868.0,1054.0,82.3529411764706,7.400379506641366,media-baja
2023,20240101_38019_D01_S005,38019_D01_S005,Guía de Isora,1,5,36529.0,13184.0,17036.0,16450.0,1.0356231003039513,2024,20240101_38019_D01_S005,3.3,16.1,14.9,2.8,62.9,20230101_38019_D01_S005,183.0,46.0,307.0,589.0,1125.0,1079.0,16.960148285449492,28.45227062094532,20230101_38019_D01_S005,102.0,55.0,19.0,0.0,949.0,1125.0,84.35555555555555,6.5777777777777775,media-baja
2023,20240101_38019_D01_S007,38019_D01_S007,Guía de Isora,1,7,39766.0,12710.0,17394.0,16450.0,1.057386018237082,2024,20240101_38019_D01_S007,4.1,9.6,16.9,3.2,66.2,20230101_38019_D01_S007,103.0,20.0,205.0,363.0,691.0,671.0,15.350223546944859,30.551415797317436,20230101_38019_D01_S007,83.0,48.0,25.0,0.0,535.0,691.0,77.42402315484804,10.5643994211288,media-baja
2023,20240101_38019_D01_S008,38019_D01_S008,Guía de Isora,1,8,38876.0,14946.0,18956.0,17150.0,1.1053061224489795,2024,20240101_38019_D01_S008,2.9,17.8,16.3,2.1,60.8,20230101_38019_D01_S008,143.0,40.0,222.0,414.0,819.0,779.0,18.35686777920411,28.498074454428753,20230101_38019_D01_S008,111.0,48.0,17.0,0.0,643.0,819.0,78.51037851037852,7.936507936507937,media-baja
2023,20240101_38019_D01_S009,38019_D01_S009,Guía de Isora,1,9,34759.0,13057.0,16868.0,15750.0,1.070984126984127,2024,20240101_38019_D01_S009,3.7,12.3,15.4,2.7,65.9,20230101_38019_D01_S009,123.0,57.0,238.0,459.0,877.0,820.0,15.0,29.024390243902438,20230101_38019_D01_S009,64.0,45.0,21.0,0.0,747.0,877.0,85.17673888255416,7.525655644241733,media-baja
2023,20240101_38019_D01_S010,38019_D01_S010,Guía de Isora,1,10,38249.0,13897.0,18060.0,17150.0,1.0530612244897959,2024,20240101_38019_D01_S010,3.4,13.5,16.3,2.5,64.3,20230101_38019_D01_S010,226.0,51.0,330.0,675.0,1282.0,1231.0,18.359057676685623,26.807473598700245,20230101_38019_D01_S010,88.0,63.0,20.0,0.0,1111.0,1282.0,86.66146645865835,6.4742589703588145,media-baja
2023,20240101_38019_D01_S011,38019_D01_S011,Guía de Isora,1,11,38339.0,13026.0,17657.0,15750.0,1.1210793650793651,2024,20240101_38019_D01_S011,4.0,10.3,17.0,3.0,65.8,20230101_38019_D01_S011,132.0,35.0,188.0,435.0,790.0,755.0,17.483443708609272,24.90066225165563,20230101_38019_D01_S011,37.0,43.0,29.0,0.0,681.0,790.0,86.20253164556962,9.113924050632912,media-baja
2023,20240101_38020_D01_S001,38020_D01_S001,Güímar,1,1,43478.0,16257.0,20509.0,17850.0,1.1489635854341738,2024,20240101_38020_D01_S001,2.9,12.1,13.2,2.3,69.5,20230101_38020_D01_S001,159.0,28.0,77.0,299.0,563.0,535.0,29.7196261682243,14.392523364485982,20230101_38020_D01_S001,27.0,30.0,42.0,0.0,464.0,563.0,82.41563055062167,12.788632326820604,media-alta
2023,20240101_38020_D01_S002,38020_D01_S002,Güímar,1,2,44775.0,15651.0,20429.0,18550.0,1.1012938005390835,2024,20240101_38020_D01_S002,3.0,10.9,18.7,2.5,64.8,20230101_38020_D01_S002,224.0,37.0,79.0,358.0,698.0,661.0,33.88804841149773,11.951588502269288,20230101_38020_D01_S002,22.0,49.0,50.0,0.0,577.0,698.0,82.6647564469914,14.183381088825215,media-baja
2023,20240101_38020_D01_S003,38020_D01_S003,Güímar,1,3,44146.0,16187.0,20653.0,18550.0,1.1133692722371968,2024,20240101_38020_D01_S003,4.0,10.1,20.3,2.3,63.3,20230101_38020_D01_S003,286.0,35.0,122.0,503.0,946.0,911.0,31.394072447859497,13.391877058177826,20230101_38020_D01_S003,40.0,57.0,51.0,0.0,798.0,946.0,84.35517970401692,11.416490486257928,media-alta
2023,20240101_38020_D01_S004,38020_D01_S004,Güímar,1,4,48220.0,15906.0,20738.0,18550.0,1.1179514824797843,2024,20240101_38020_D01_S004,3.5,12.9,20.2,2.4,61.0,20230101_38020_D01_S004,171.0,29.0,130.0,273.0,603.0,574.0,29.790940766550523,22.64808362369338,20230101_38020_D01_S004,105.0,43.0,38.0,0.0,417.0,603.0,69.1542288557214,13.432835820895523,media-baja
2023,20240101_38020_D01_S005,38020_D01_S005,Güímar,1,5,38473.0,13472.0,18106.0,15750.0,1.1495873015873015,2024,20240101_38020_D01_S005,4.9,3.6,26.4,3.0,62.1,20230101_38020_D01_S005,73.0,15.0,45.0,106.0,239.0,224.0,32.589285714285715,20.089285714285715,20230101_38020_D01_S005,11.0,13.0,17.0,0.0,198.0,239.0,82.84518828451883,12.552301255230125,media-baja
2023,20240101_38020_D01_S006,38020_D01_S006,Güímar,1,6,37454.0,12938.0,17399.0,16450.0,1.0576899696048632,2024,20240101_38020_D01_S006,4.9,7.7,24.5,3.6,59.3,20230101_38020_D01_S006,71.0,21.0,76.0,221.0,389.0,368.0,19.293478260869566,20.652173913043477,20230101_38020_D01_S006,14.0,36.0,31.0,0.0,308.0,389.0,79.17737789203085,17.223650385604113,media-baja
2023,20240101_38020_D01_S007,38020_D01_S007,Güímar,1,7,38364.0,16444.0,19902.0,17850.0,1.1149579831932772,2024,20240101_38020_D01_S007,3.9,10.3,20.7,2.7,62.5,20230101_38020_D01_S007,365.0,49.0,118.0,606.0,1138.0,1089.0,33.51698806244261,10.8356290174472,20230101_38020_D01_S007,31.0,84.0,63.0,0.0,960.0,1138.0,84.3585237258348,12.917398945518453,media-alta
2023,20240101_38020_D01_S008,38020_D01_S008,Güímar,1,8,39383.0,13062.0,17864.0,16450.0,1.0859574468085107,2024,20240101_38020_D01_S008,4.6,8.0,28.1,3.6,55.7,20230101_38020_D01_S008,85.0,17.0,48.0,197.0,347.0,330.0,25.757575757575758,14.545454545454545,20230101_38020_D01_S008,10.0,33.0,29.0,0.0,275.0,347.0,79.2507204610951,17.86743515850144,media-baja
2023,20240101_38020_D01_S009,38020_D01_S009,Güímar,1,9,28582.0,10486.0,14541.0,13650.0,1.0652747252747252,2024,20240101_38020_D01_S009,6.3,1.7,27.1,4.7,60.2,20230101_38020_D01_S009,59.0,12.0,105.0,247.0,423.0,411.0,14.355231143552311,25.547445255474454,20230101_38020_D01_S009,25.0,47.0,22.0,0.0,329.0,423.0,77.77777777777777,16.31205673758865,baja
2023,20240101_38020_D01_S010,38020_D01_S010,Güímar,1,10,56604.0,17921.0,23350.0,21350.0,1.0936768149882905,2024,20240101_38020_D01_S010,2.9,10.0,18.2,1.8,67.0,20230101_38020_D01_S010,159.0,21.0,50.0,280.0,510.0,489.0,32.515337423312886,10.224948875255624,20230101_38020_D01_S010,12.0,37.0,31.0,0.0,430.0,510.0,84.31372549019608,13.333333333333334,media-alta
2023,20240101_38020_D01_S011,38020_D01_S011,Güímar,1,11,37881.0,15461.0,19506.0,18550.0,1.0515363881401618,2024,20240101_38020_D01_S011,4.6,7.3,19.8,2.9,65.4,20230101_38020_D01_S011,113.0,21.0,52.0,208.0,394.0,373.0,30.29490616621984,13.941018766756033,20230101_38020_D01_S011,6.0,20.0,27.0,0.0,341.0,394.0,86.5482233502538,11.928934010152284,media-baja
2023,20240101_38020_D01_S012,38020_D01_S012,Güímar,1,12,42957.0,19916.0,23254.0,21350.0,1.0891803278688525,2024,20240101_38020_D01_S012,3.7,9.3,12.2,1.9,73.0,20230101_38020_D01_S012,378.0,43.0,74.0,526.0,1021.0,978.0,38.65030674846626,7.566462167689162,20230101_38020_D01_S012,6.0,55.0,62.0,0.0,898.0,1021.0,87.95298726738491,11.459353574926542,media-alta
2023,20240101_38020_D02_S001,38020_D02_S001,Güímar,2,1,42301.0,14125.0,18722.0,17150.0,1.091661807580175,2024,20240101_38020_D02_S001,3.6,7.5,18.9,2.7,67.3,20230101_38020_D02_S001,138.0,15.0,75.0,274.0,502.0,487.0,28.33675564681725,15.40041067761807,20230101_38020_D02_S001,32.0,40.0,31.0,0.0,399.0,502.0,79.4820717131474,14.143426294820717,media-baja
2023,20240101_38020_D02_S002,38020_D02_S002,Güímar,2,2,38975.0,14465.0,18680.0,16450.0,1.135562310030395,2024,20240101_38020_D02_S002,5.3,10.2,22.4,3.3,58.9,20230101_38020_D02_S002,89.0,13.0,71.0,180.0,353.0,340.0,26.176470588235293,20.88235294117647,20230101_38020_D02_S002,14.0,29.0,27.0,0.0,283.0,353.0,80.1699716713881,15.864022662889518,media-baja
2023,20240101_38020_D03_S001,38020_D03_S001,Güímar,3,1,34809.0,13913.0,17948.0,17150.0,1.0465306122448979,2024,20240101_38020_D03_S001,5.2,9.2,22.0,3.1,60.6,20230101_38020_D03_S001,117.0,22.0,79.0,334.0,552.0,530.0,22.07547169811321,14.90566037735849,20230101_38020_D03_S001,23.0,47.0,31.0,0.0,451.0,552.0,81.70289855072464,14.130434782608695,media-baja
2023,20240101_38020_D03_S002,38020_D03_S002,Güímar,3,2,33138.0,13616.0,17077.0,15050.0,1.1346843853820598,2024,20240101_38020_D03_S002,3.6,8.7,23.6,3.4,60.7,20230101_38020_D03_S002,143.0,25.0,70.0,305.0,543.0,518.0,27.606177606177607,13.513513513513514,20230101_38020_D03_S002,23.0,35.0,42.0,0.0,443.0,543.0,81.58379373848987,14.180478821362799,media-baja
2023,20240101_38021_D01_S001,38021_D01_S001,Hermigua,1,1,38024.0,15756.0,20274.0,18550.0,1.0929380053908355,2024,20240101_38021_D01_S001,3.8,12.2,23.0,3.1,57.9,20230101_38021_D01_S001,86.0,10.0,66.0,193.0,355.0,345.0,24.92753623188406,19.130434782608695,20230101_38021_D01_S001,18.0,61.0,5.0,0.0,271.0,355.0,76.33802816901408,18.591549295774648,media-baja
2023,20240101_38021_D02_S001,38021_D02_S001,Hermigua,2,1,38536.0,15868.0,19786.0,17850.0,1.1084593837535015,2024,20240101_38021_D02_S001,3.0,14.6,26.8,2.5,53.1,20230101_38021_D02_S001,122.0,12.0,57.0,211.0,402.0,390.0,31.28205128205128,14.615384615384615,20230101_38021_D02_S001,23.0,46.0,14.0,0.0,319.0,402.0,79.35323383084577,14.925373134328359,media-baja
2023,20240101_38022_D01_S001,38022_D01_S001,Icod de los Vinos,1,1,42189.0,15381.0,19700.0,15750.0,1.2507936507936508,2024,20240101_38022_D01_S001,4.9,16.4,28.6,2.3,47.7,20230101_38022_D01_S001,130.0,19.0,87.0,285.0,521.0,502.0,25.89641434262948,17.330677290836654,20230101_38022_D01_S001,21.0,49.0,28.0,0.0,423.0,521.0,81.19001919385796,14.779270633397314,media-baja
2023,20240101_38022_D01_S002,38022_D01_S002,Icod de los Vinos,1,2,37516.0,14378.0,18040.0,15750.0,1.1453968253968254,2024,20240101_38022_D01_S002,3.6,18.8,23.5,2.6,51.4,20230101_38022_D01_S002,163.0,24.0,73.0,310.0,570.0,546.0,29.853479853479854,13.36996336996337,20230101_38022_D01_S002,14.0,41.0,22.0,1.0,492.0,569.0,86.46748681898067,11.072056239015817,media-baja
2023,20240101_38022_D01_S003,38022_D01_S003,Icod de los Vinos,1,3,39823.0,16641.0,20203.0,17150.0,1.1780174927113702,2024,20240101_38022_D01_S003,4.1,20.3,23.8,1.7,50.0,20230101_38022_D01_S003,122.0,16.0,43.0,218.0,399.0,383.0,31.85378590078329,11.22715404699739,20230101_38022_D01_S003,8.0,27.0,17.0,0.0,347.0,399.0,86.96741854636592,11.027568922305765,media-alta
2023,20240101_38022_D01_S004,38022_D01_S004,Icod de los Vinos,1,4,37298.0,14516.0,18234.0,15050.0,1.21156146179402,2024,20240101_38022_D01_S004,6.1,12.6,22.1,2.4,56.8,20230101_38022_D01_S004,111.0,11.0,41.0,193.0,356.0,345.0,32.17391304347826,11.884057971014492,20230101_38022_D01_S004,9.0,25.0,13.0,0.0,309.0,356.0,86.79775280898876,10.674157303370787,media-baja
2023,20240101_38022_D01_S005,38022_D01_S005,Icod de los Vinos,1,5,35223.0,12580.0,16335.0,14350.0,1.1383275261324042,2024,20240101_38022_D01_S005,3.3,12.4,22.3,3.0,59.0,20230101_38022_D01_S005,83.0,14.0,44.0,188.0,329.0,315.0,26.349206349206348,13.968253968253968,20230101_38022_D01_S005,11.0,30.0,16.0,0.0,272.0,329.0,82.67477203647417,13.98176291793313,media-baja
2023,20240101_38022_D01_S006,38022_D01_S006,Icod de los Vinos,1,6,37639.0,14489.0,18555.0,16450.0,1.1279635258358662,2024,20240101_38022_D01_S006,5.2,12.9,21.9,2.7,57.2,20230101_38022_D01_S006,184.0,15.0,67.0,295.0,561.0,546.0,33.6996336996337,12.271062271062272,20230101_38022_D01_S006,18.0,48.0,31.0,0.0,464.0,561.0,82.70944741532976,14.081996434937611,media-baja
2023,20240101_38022_D02_S001,38022_D02_S001,Icod de los Vinos,2,1,28614.0,10598.0,14602.0,13650.0,1.0697435897435899,2024,20240101_38022_D02_S001,4.3,5.9,22.8,4.6,62.4,20230101_38022_D02_S001,40.0,15.0,168.0,289.0,512.0,497.0,8.048289738430583,33.80281690140845,20230101_38022_D02_S001,60.0,103.0,23.0,0.0,326.0,512.0,63.671875,24.609375,baja
2023,20240101_38022_D02_S002,38022_D02_S002,Icod de los Vinos,2,2,31111.0,10992.0,15246.0,14350.0,1.062439024390244,2024,20240101_38022_D02_S002,5.0,7.6,27.3,3.2,57.0,20230101_38022_D02_S002,83.0,16.0,106.0,271.0,476.0,460.0,18.043478260869566,23.043478260869566,20230101_38022_D02_S002,29.0,67.0,22.0,0.0,358.0,476.0,75.21008403361344,18.69747899159664,baja
2023,20240101_38022_D03_S001,38022_D03_S001,Icod de los Vinos,3,1,33078.0,11735.0,15903.0,15050.0,1.0566777408637873,2024,20240101_38022_D03_S001,5.1,9.4,22.4,4.4,58.7,20230101_38022_D03_S001,92.0,22.0,130.0,315.0,559.0,537.0,17.13221601489758,24.20856610800745,20230101_38022_D03_S001,27.0,95.0,30.0,0.0,407.0,559.0,72.80858676207514,22.361359570661897,baja
2023,20240101_38022_D03_S002,38022_D03_S002,Icod de los Vinos,3,2,32683.0,11393.0,15591.0,15050.0,1.0359468438538206,2024,20240101_38022_D03_S002,4.7,11.8,25.7,3.3,54.5,20230101_38022_D03_S002,62.0,15.0,79.0,227.0,383.0,368.0,16.847826086956523,21.467391304347824,20230101_38022_D03_S002,14.0,53.0,24.0,0.0,292.0,383.0,76.2402088772846,20.10443864229765,baja
2023,20240101_38022_D03_S003,38022_D03_S003,Icod de los Vinos,3,3,31760.0,11398.0,15505.0,15050.0,1.0302325581395348,2024,20240101_38022_D03_S003,6.8,8.2,26.9,2.9,55.2,20230101_38022_D03_S003,66.0,18.0,76.0,230.0,390.0,372.0,17.741935483870968,20.43010752688172,20230101_38022_D03_S003,25.0,49.0,25.0,0.0,291.0,390.0,74.61538461538461,18.974358974358974,baja
2023,20240101_38022_D03_S004,38022_D03_S004,Icod de los Vinos,3,4,32125.0,11493.0,15591.0,14350.0,1.0864808362369338,2024,20240101_38022_D03_S004,6.0,10.1,24.6,3.4,55.9,20230101_38022_D03_S004,79.0,17.0,77.0,271.0,444.0,427.0,18.501170960187352,18.0327868852459,20230101_38022_D03_S004,27.0,61.0,28.0,0.0,328.0,444.0,73.87387387387388,20.045045045045047,baja
2023,20240101_38022_D04_S001,38022_D04_S001,Icod de los Vinos,4,1,38126.0,12463.0,17179.0,15750.0,1.0907301587301588,2024,20240101_38022_D04_S001,4.6,11.7,20.1,3.6,59.9,20230101_38022_D04_S001,67.0,14.0,80.0,243.0,404.0,390.0,17.17948717948718,20.512820512820515,20230101_38022_D04_S001,24.0,37.0,22.0,0.0,321.0,404.0,79.45544554455445,14.603960396039604,media-baja
2023,20240101_38022_D04_S002,38022_D04_S002,Icod de los Vinos,4,2,35246.0,12883.0,17063.0,15750.0,1.0833650793650793,2024,20240101_38022_D04_S002,4.5,11.4,19.4,3.6,61.1,20230101_38022_D04_S002,158.0,23.0,92.0,395.0,668.0,645.0,24.496124031007753,14.263565891472869,20230101_38022_D04_S002,29.0,58.0,44.0,0.0,537.0,668.0,80.38922155688623,15.269461077844312,media-baja
2023,20240101_38022_D04_S003,38022_D04_S003,Icod de los Vinos,4,3,31667.0,11464.0,15370.0,14350.0,1.0710801393728222,2024,20240101_38022_D04_S003,6.1,10.3,17.6,3.8,62.3,20230101_38022_D04_S003,122.0,32.0,126.0,434.0,714.0,682.0,17.88856304985337,18.475073313782993,20230101_38022_D04_S003,36.0,82.0,42.0,1.0,553.0,713.0,77.55960729312763,17.391304347826086,baja
2023,20240101_38022_D04_S004,38022_D04_S004,Icod de los Vinos,4,4,37043.0,13069.0,17732.0,17150.0,1.033935860058309,2024,20240101_38022_D04_S004,4.2,11.4,21.6,3.4,59.4,20230101_38022_D04_S004,92.0,13.0,50.0,221.0,376.0,363.0,25.34435261707989,13.774104683195592,20230101_38022_D04_S004,15.0,39.0,20.0,0.0,302.0,376.0,80.31914893617021,15.691489361702128,media-baja
2023,20240101_38022_D05_S001,38022_D05_S001,Icod de los Vinos,5,1,27053.0,12156.0,14740.0,12950.0,1.1382239382239383,2024,20240101_38022_D05_S001,5.1,13.4,25.2,3.3,53.0,20230101_38022_D05_S001,76.0,10.0,46.0,160.0,292.0,282.0,26.95035460992908,16.31205673758865,20230101_38022_D05_S001,15.0,29.0,14.0,0.0,234.0,292.0,80.13698630136986,14.726027397260275,media-baja
2023,20240101_38022_D05_S002,38022_D05_S002,Icod de los Vinos,5,2,35359.0,12508.0,16579.0,14350.0,1.1553310104529617,2024,20240101_38022_D05_S002,5.3,11.0,18.0,3.3,62.5,20230101_38022_D05_S002,211.0,29.0,149.0,562.0,951.0,922.0,22.885032537960953,16.160520607375272,20230101_38022_D05_S002,46.0,95.0,35.0,0.0,775.0,951.0,81.4931650893796,13.669821240799159,media-baja
2023,20240101_38023_D01_S001,38023_D01_S001,San Cristóbal de La Laguna,1,1,65920.0,24343.0,28416.0,25200.0,1.1276190476190475,2024,20240101_38023_D01_S001,3.3,24.8,17.3,1.3,53.4,20230101_38023_D01_S001,251.0,18.0,18.0,122.0,409.0,391.0,64.19437340153452,4.603580562659847,20230101_38023_D01_S001,4.0,22.0,21.0,0.0,362.0,409.0,88.50855745721272,10.513447432762836,alta
2023,20240101_38023_D01_S002,38023_D01_S002,San Cristóbal de La Laguna,1,2,37861.0,17659.0,20821.0,18550.0,1.1224258760107817,2024,20240101_38023_D01_S002,3.5,10.7,24.2,2.4,59.3,20230101_38023_D01_S002,233.0,32.0,48.0,240.0,553.0,521.0,44.72168905950096,9.213051823416507,20230101_38023_D01_S002,3.0,19.0,23.0,0.0,508.0,553.0,91.8625678119349,7.594936708860759,media-alta
2023,20240101_38023_D01_S003,38023_D01_S003,San Cristóbal de La Laguna,1,3,47166.0,18714.0,22914.0,21350.0,1.073255269320843,2024,20240101_38023_D01_S003,3.6,9.6,17.8,1.8,67.2,20230101_38023_D01_S003,379.0,41.0,50.0,310.0,780.0,739.0,51.28552097428958,6.7658998646820026,20230101_38023_D01_S003,2.0,38.0,31.0,0.0,709.0,780.0,90.8974358974359,8.846153846153847,media-alta
2023,20240101_38023_D01_S004,38023_D01_S004,San Cristóbal de La Laguna,1,4,32472.0,11567.0,15575.0,14350.0,1.0853658536585367,2024,20240101_38023_D01_S004,6.8,5.3,31.6,2.8,53.6,20230101_38023_D01_S004,74.0,11.0,46.0,180.0,311.0,300.0,24.666666666666668,15.333333333333334,20230101_38023_D01_S004,5.0,17.0,13.0,0.0,276.0,311.0,88.7459807073955,9.646302250803858,baja
2023,20240101_38023_D01_S005,38023_D01_S005,San Cristóbal de La Laguna,1,5,62891.0,23621.0,28722.0,22050.0,1.3025850340136054,2024,20240101_38023_D01_S005,3.2,21.3,18.0,1.3,56.2,20230101_38023_D01_S005,332.0,30.0,39.0,248.0,649.0,619.0,53.63489499192246,6.30048465266559,20230101_38023_D01_S005,3.0,22.0,29.0,0.0,595.0,649.0,91.67950693374422,7.858243451463791,alta
2023,20240101_38023_D01_S006,38023_D01_S006,San Cristóbal de La Laguna,1,6,49621.0,18373.0,22847.0,21350.0,1.0701170960187354,2024,20240101_38023_D01_S006,4.6,11.0,19.2,1.9,63.3,20230101_38023_D01_S006,271.0,36.0,51.0,359.0,717.0,681.0,39.794419970631424,7.488986784140969,20230101_38023_D01_S006,9.0,46.0,33.0,0.0,629.0,717.0,87.72663877266388,11.01813110181311,media-alta
2023,20240101_38023_D01_S007,38023_D01_S007,San Cristóbal de La Laguna,1,7,44106.0,17950.0,21735.0,19250.0,1.1290909090909091,2024,20240101_38023_D01_S007,3.7,10.6,14.9,2.1,68.7,20230101_38023_D01_S007,387.0,37.0,48.0,392.0,864.0,827.0,46.7956469165659,5.804111245465538,20230101_38023_D01_S007,8.0,44.0,24.0,0.0,788.0,864.0,91.20370370370371,7.87037037037037,media-alta
2023,20240101_38023_D01_S008,38023_D01_S008,San Cristóbal de La Laguna,1,8,43743.0,18361.0,21580.0,18550.0,1.1633423180592992,2024,20240101_38023_D01_S008,4.6,13.5,21.9,1.8,58.3,20230101_38023_D01_S008,222.0,29.0,30.0,203.0,484.0,455.0,48.79120879120879,6.593406593406593,20230101_38023_D01_S008,5.0,14.0,16.0,0.0,449.0,484.0,92.76859504132231,6.198347107438017,media-alta
2023,20240101_38023_D01_S009,38023_D01_S009,San Cristóbal de La Laguna,1,9,55750.0,18349.0,23447.0,20650.0,1.1354479418886199,2024,20240101_38023_D01_S009,2.8,14.2,19.4,1.7,61.9,20230101_38023_D01_S009,205.0,18.0,39.0,219.0,481.0,463.0,44.27645788336933,8.423326133909287,20230101_38023_D01_S009,2.0,23.0,30.0,0.0,426.0,481.0,88.56548856548856,11.018711018711018,media-alta
2023,20240101_38023_D01_S010,38023_D01_S010,San Cristóbal de La Laguna,1,10,55572.0,19450.0,24085.0,21350.0,1.128103044496487,2024,20240101_38023_D01_S010,3.5,8.4,22.3,1.5,64.4,20230101_38023_D01_S010,285.0,32.0,56.0,280.0,653.0,621.0,45.893719806763286,9.017713365539452,20230101_38023_D01_S010,5.0,40.0,32.0,0.0,576.0,653.0,88.208269525268,11.0260336906585,media-alta
2023,20240101_38023_D01_S011,38023_D01_S011,San Cristóbal de La Laguna,1,11,45923.0,17916.0,22010.0,19250.0,1.1433766233766234,2024,20240101_38023_D01_S011,3.9,10.8,24.6,2.2,58.5,20230101_38023_D01_S011,138.0,11.0,25.0,123.0,297.0,286.0,48.25174825174825,8.741258741258742,20230101_38023_D01_S011,1.0,17.0,5.0,0.0,274.0,297.0,92.25589225589225,7.407407407407407,media-alta
2023,20240101_38023_D01_S012,38023_D01_S012,San Cristóbal de La Laguna,1,12,31043.0,15179.0,18178.0,16450.0,1.1050455927051672,2024,20240101_38023_D01_S012,4.5,4.9,23.6,2.7,64.3,20230101_38023_D01_S012,173.0,20.0,57.0,255.0,505.0,485.0,35.670103092783506,11.75257731958763,20230101_38023_D01_S012,1.0,22.0,22.0,0.0,460.0,505.0,91.08910891089108,8.712871287128714,media-baja
2023,20240101_38023_D01_S013,38023_D01_S013,San Cristóbal de La Laguna,1,13,61732.0,23672.0,27798.0,24850.0,1.1186317907444667,2024,20240101_38023_D01_S013,4.2,14.1,22.2,0.9,58.6,20230101_38023_D01_S013,250.0,25.0,20.0,179.0,474.0,449.0,55.67928730512249,4.4543429844097995,20230101_38023_D01_S013,2.0,16.0,12.0,0.0,444.0,474.0,93.67088607594937,5.9071729957805905,alta
2023,20240101_38023_D01_S014,38023_D01_S014,San Cristóbal de La Laguna,1,14,81150.0,25032.0,30710.0,24850.0,1.2358148893360161,2024,20240101_38023_D01_S014,2.8,17.9,15.2,1.2,63.0,20230101_38023_D01_S014,234.0,25.0,23.0,138.0,420.0,395.0,59.24050632911393,5.822784810126582,20230101_38023_D01_S014,2.0,19.0,28.0,0.0,371.0,420.0,88.33333333333333,11.19047619047619,alta
2023,20240101_38023_D01_S015,38023_D01_S015,San Cristóbal de La Laguna,1,15,105751.0,34445.0,40700.0,33250.0,1.2240601503759398,2024,20240101_38023_D01_S015,2.0,28.8,20.2,0.7,48.4,20230101_38023_D01_S015,386.0,23.0,22.0,128.0,559.0,536.0,72.01492537313433,4.104477611940299,20230101_38023_D01_S015,3.0,21.0,20.0,1.0,514.0,558.0,92.1146953405018,7.347670250896058,alta
2023,20240101_38023_D01_S016,38023_D01_S016,San Cristóbal de La Laguna,1,16,63709.0,25546.0,29282.0,25550.0,1.1460665362035225,2024,20240101_38023_D01_S016,2.9,19.0,20.7,1.2,56.3,20230101_38023_D01_S016,452.0,29.0,35.0,225.0,741.0,712.0,63.48314606741573,4.915730337078652,20230101_38023_D01_S016,5.0,16.0,21.0,0.0,699.0,741.0,94.33198380566802,4.993252361673414,alta
2023,20240101_38023_D01_S017,38023_D01_S017,San Cristóbal de La Laguna,1,17,53952.0,23744.0,27075.0,25550.0,1.0596868884540118,2024,20240101_38023_D01_S017,2.5,14.1,18.9,1.5,63.1,20230101_38023_D01_S017,374.0,37.0,27.0,225.0,663.0,626.0,59.7444089456869,4.313099041533547,20230101_38023_D01_S017,2.0,23.0,21.0,0.0,617.0,663.0,93.06184012066365,6.636500754147813,alta
2023,20240101_38023_D01_S018,38023_D01_S018,San Cristóbal de La Laguna,1,18,36143.0,13951.0,18047.0,16450.0,1.0970820668693009,2024,20240101_38023_D01_S018,5.3,6.5,29.4,2.6,56.2,20230101_38023_D01_S018,146.0,19.0,83.0,258.0,506.0,487.0,29.97946611909651,17.04312114989733,20230101_38023_D01_S018,3.0,30.0,28.0,0.0,445.0,506.0,87.94466403162055,11.462450592885375,media-baja
2023,20240101_38023_D01_S019,38023_D01_S019,San Cristóbal de La Laguna,1,19,53323.0,23976.0,26729.0,24150.0,1.1067908902691512,2024,20240101_38023_D01_S019,3.2,18.6,18.9,1.0,58.4,20230101_38023_D01_S019,239.0,19.0,14.0,120.0,392.0,373.0,64.07506702412869,3.753351206434316,20230101_38023_D01_S019,4.0,12.0,12.0,0.0,364.0,392.0,92.85714285714286,6.122448979591836,alta
2023,20240101_38023_D01_S020,38023_D01_S020,San Cristóbal de La Laguna,1,20,48609.0,21504.0,24861.0,22050.0,1.127482993197279,2024,20240101_38023_D01_S020,3.4,14.8,24.6,1.5,55.8,20230101_38023_D01_S020,214.0,15.0,17.0,155.0,401.0,386.0,55.44041450777202,4.404145077720207,20230101_38023_D01_S020,1.0,11.0,11.0,1.0,377.0,400.0,94.25,5.5,alta
2023,20240101_38023_D01_S021,38023_D01_S021,San Cristóbal de La Laguna,1,21,50800.0,21957.0,25484.0,23450.0,1.0867377398720681,2024,20240101_38023_D01_S021,3.0,12.7,20.7,1.3,62.3,20230101_38023_D01_S021,376.0,32.0,33.0,242.0,683.0,651.0,57.757296466973884,5.0691244239631335,20230101_38023_D01_S021,2.0,15.0,26.0,0.0,640.0,683.0,93.70424597364568,6.002928257686676,alta
2023,20240101_38023_D01_S022,38023_D01_S022,San Cristóbal de La Laguna,1,22,40220.0,16290.0,20086.0,17850.0,1.125266106442577,2024,20240101_38023_D01_S022,4.4,7.6,25.0,2.3,60.7,20230101_38023_D01_S022,250.0,20.0,39.0,222.0,531.0,511.0,48.923679060665364,7.632093933463796,20230101_38023_D01_S022,0.0,21.0,26.0,0.0,484.0,531.0,91.1487758945386,8.851224105461393,media-alta
2023,20240101_38023_D01_S023,38023_D01_S023,San Cristóbal de La Laguna,1,23,41646.0,19942.0,22282.0,20650.0,1.0790314769975786,2024,20240101_38023_D01_S023,3.4,10.7,17.6,2.0,66.4,20230101_38023_D01_S023,582.0,40.0,47.0,387.0,1056.0,1016.0,57.28346456692913,4.625984251968504,20230101_38023_D01_S023,5.0,37.0,42.0,0.0,972.0,1056.0,92.04545454545455,7.481060606060606,media-alta
2023,20240101_38023_D01_S024,38023_D01_S024,San Cristóbal de La Laguna,1,24,31513.0,12046.0,15827.0,15750.0,1.004888888888889,2024,20240101_38023_D01_S024,6.1,4.6,33.8,3.2,52.3,20230101_38023_D01_S024,71.0,15.0,67.0,158.0,311.0,296.0,23.986486486486488,22.635135135135137,20230101_38023_D01_S024,2.0,19.0,16.0,0.0,274.0,311.0,88.10289389067525,11.254019292604502,media-baja
2023,20240101_38023_D01_S025,38023_D01_S025,San Cristóbal de La Laguna,1,25,48376.0,16906.0,21592.0,19250.0,1.1216623376623376,2024,20240101_38023_D01_S025,3.6,10.2,17.8,2.0,66.4,20230101_38023_D01_S025,254.0,31.0,80.0,357.0,722.0,691.0,36.75832127351664,11.577424023154848,20230101_38023_D01_S025,6.0,51.0,40.0,0.0,625.0,722.0,86.56509695290859,12.60387811634349,media-alta
2023,20240101_38023_D01_S026,38023_D01_S026,San Cristóbal de La Laguna,1,26,57999.0,24641.0,28147.0,25550.0,1.1016438356164384,2024,20240101_38023_D01_S026,3.3,17.1,24.0,1.1,54.5,20230101_38023_D01_S026,301.0,23.0,24.0,164.0,512.0,489.0,61.554192229038854,4.9079754601226995,20230101_38023_D01_S026,2.0,14.0,17.0,0.0,479.0,512.0,93.5546875,6.0546875,alta
2023,20240101_38023_D01_S027,38023_D01_S027,San Cristóbal de La Laguna,1,27,40209.0,15947.0,20028.0,18550.0,1.0796765498652292,2024,20240101_38023_D01_S027,5.1,5.5,15.5,2.9,71.1,20230101_38023_D01_S027,184.0,32.0,52.0,294.0,562.0,530.0,34.716981132075475,9.81132075471698,20230101_38023_D01_S027,4.0,29.0,26.0,0.0,503.0,562.0,89.5017793594306,9.786476868327401,media-baja
2023,20240101_38023_D01_S028,38023_D01_S028,San Cristóbal de La Laguna,1,28,55747.0,22535.0,26429.0,25550.0,1.0344031311154598,2024,20240101_38023_D01_S028,2.6,9.5,16.3,1.6,70.1,20230101_38023_D01_S028,510.0,42.0,37.0,314.0,903.0,861.0,59.23344947735192,4.29732868757259,20230101_38023_D01_S028,3.0,33.0,42.0,0.0,825.0,903.0,91.36212624584718,8.305647840531561,alta
2023,20240101_38023_D01_S029,38023_D01_S029,San Cristóbal de La Laguna,1,29,61193.0,24232.0,28239.0,25550.0,1.1052446183953033,2024,20240101_38023_D01_S029,2.4,14.8,25.2,0.8,56.8,20230101_38023_D01_S029,266.0,16.0,26.0,141.0,449.0,433.0,61.43187066974596,6.0046189376443415,20230101_38023_D01_S029,3.0,17.0,8.0,0.0,421.0,449.0,93.76391982182628,5.567928730512249,alta
2023,20240101_38023_D01_S030,38023_D01_S030,San Cristóbal de La Laguna,1,30,93007.0,29463.0,34928.0,31850.0,1.096640502354788,2024,20240101_38023_D01_S030,1.6,23.9,18.3,0.7,55.5,20230101_38023_D01_S030,496.0,36.0,37.0,249.0,818.0,782.0,63.42710997442455,4.731457800511509,20230101_38023_D01_S030,10.0,36.0,27.0,0.0,745.0,818.0,91.0757946210269,7.701711491442543,alta
2023,20240101_38023_D01_S031,38023_D01_S031,San Cristóbal de La Laguna,1,31,79331.0,27162.0,32910.0,31150.0,1.0565008025682183,2024,20240101_38023_D01_S031,3.4,18.3,22.2,0.7,55.4,20230101_38023_D01_S031,502.0,28.0,20.0,168.0,718.0,690.0,72.7536231884058,2.898550724637681,20230101_38023_D01_S031,2.0,18.0,18.0,0.0,680.0,718.0,94.70752089136491,5.013927576601671,alta
2023,20240101_38023_D01_S032,38023_D01_S032,San Cristóbal de La Laguna,1,32,32507.0,12951.0,16534.0,15050.0,1.0986046511627907,2024,20240101_38023_D01_S032,6.9,5.3,16.1,3.5,68.2,20230101_38023_D01_S032,135.0,26.0,73.0,280.0,514.0,488.0,27.66393442622951,14.959016393442623,20230101_38023_D01_S032,5.0,29.0,31.0,0.0,449.0,514.0,87.35408560311284,11.673151750972762,media-baja
2023,20240101_38023_D01_S033,38023_D01_S033,San Cristóbal de La Laguna,1,33,46464.0,17053.0,21377.0,18550.0,1.152398921832884,2024,20240101_38023_D01_S033,4.7,12.1,22.0,2.0,59.2,20230101_38023_D01_S033,175.0,7.0,39.0,167.0,388.0,381.0,45.93175853018373,10.236220472440944,20230101_38023_D01_S033,2.0,21.0,18.0,0.0,347.0,388.0,89.43298969072166,10.051546391752577,media-alta
2023,20240101_38023_D02_S001,38023_D02_S001,San Cristóbal de La Laguna,2,1,32354.0,12774.0,16277.0,14350.0,1.1342857142857143,2024,20240101_38023_D02_S001,4.7,5.2,21.1,4.2,64.8,20230101_38023_D02_S001,131.0,24.0,73.0,256.0,484.0,460.0,28.47826086956522,15.869565217391305,20230101_38023_D02_S001,1.0,21.0,22.0,0.0,440.0,484.0,90.9090909090909,8.884297520661157,media-baja
2023,20240101_38023_D02_S002,38023_D02_S002,San Cristóbal de La Laguna,2,2,30208.0,11476.0,14881.0,12950.0,1.1491119691119691,2024,20240101_38023_D02_S002,5.5,8.2,21.7,3.5,61.2,20230101_38023_D02_S002,81.0,17.0,54.0,237.0,389.0,372.0,21.774193548387096,14.516129032258064,20230101_38023_D02_S002,10.0,21.0,11.0,0.0,347.0,389.0,89.20308483290488,8.226221079691516,baja
2023,20240101_38023_D02_S003,38023_D02_S003,San Cristóbal de La Laguna,2,3,37695.0,15203.0,19031.0,17850.0,1.0661624649859944,2024,20240101_38023_D02_S003,3.9,7.6,14.5,2.6,71.4,20230101_38023_D02_S003,145.0,18.0,44.0,237.0,444.0,426.0,34.03755868544601,10.328638497652582,20230101_38023_D02_S003,1.0,18.0,21.0,0.0,404.0,444.0,90.990990990991,8.783783783783784,media-baja
2023,20240101_38023_D02_S004,38023_D02_S004,San Cristóbal de La Laguna,2,4,37583.0,13937.0,17626.0,15750.0,1.1191111111111112,2024,20240101_38023_D02_S004,4.6,7.4,20.1,2.5,65.4,20230101_38023_D02_S004,139.0,18.0,52.0,279.0,488.0,470.0,29.574468085106382,11.063829787234043,20230101_38023_D02_S004,6.0,26.0,22.0,0.0,434.0,488.0,88.93442622950819,9.836065573770492,media-baja
2023,20240101_38023_D02_S005,38023_D02_S005,San Cristóbal de La Laguna,2,5,38101.0,15194.0,18962.0,17150.0,1.105655976676385,2024,20240101_38023_D02_S005,4.1,7.1,22.1,2.3,64.5,20230101_38023_D02_S005,209.0,27.0,64.0,310.0,610.0,583.0,35.84905660377358,10.977701543739279,20230101_38023_D02_S005,5.0,40.0,33.0,0.0,532.0,610.0,87.21311475409836,11.967213114754099,media-baja
2023,20240101_38023_D02_S006,38023_D02_S006,San Cristóbal de La Laguna,2,6,31844.0,11297.0,15137.0,13650.0,1.108937728937729,2024,20240101_38023_D02_S006,6.1,7.7,21.1,3.0,62.1,20230101_38023_D02_S006,100.0,14.0,102.0,298.0,514.0,500.0,20.0,20.4,20230101_38023_D02_S006,9.0,37.0,23.0,0.0,445.0,514.0,86.57587548638132,11.673151750972762,baja
2023,20240101_38023_D02_S007,38023_D02_S007,San Cristóbal de La Laguna,2,7,33756.0,13076.0,16796.0,15750.0,1.0664126984126985,2024,20240101_38023_D02_S007,4.1,7.7,19.1,3.3,65.8,20230101_38023_D02_S007,203.0,35.0,94.0,392.0,724.0,689.0,29.46298984034833,13.642960812772133,20230101_38023_D02_S007,6.0,37.0,30.0,0.0,651.0,724.0,89.9171270718232,9.25414364640884,media-baja
2023,20240101_38023_D02_S008,38023_D02_S008,San Cristóbal de La Laguna,2,8,30714.0,11327.0,15072.0,13650.0,1.1041758241758242,2024,20240101_38023_D02_S008,6.4,5.7,19.8,4.8,63.2,20230101_38023_D02_S008,91.0,27.0,55.0,274.0,447.0,420.0,21.666666666666668,13.095238095238095,20230101_38023_D02_S008,10.0,31.0,21.0,0.0,385.0,447.0,86.12975391498881,11.6331096196868,baja
2023,20240101_38023_D02_S009,38023_D02_S009,San Cristóbal de La Laguna,2,9,32464.0,12815.0,16525.0,15750.0,1.0492063492063493,2024,20240101_38023_D02_S009,6.1,4.1,22.3,3.6,63.9,20230101_38023_D02_S009,130.0,28.0,82.0,388.0,628.0,600.0,21.666666666666668,13.666666666666666,20230101_38023_D02_S009,2.0,31.0,27.0,1.0,567.0,627.0,90.43062200956938,9.250398724082935,media-baja
2023,20240101_38023_D02_S010,38023_D02_S010,San Cristóbal de La Laguna,2,10,32217.0,12126.0,15881.0,14350.0,1.1066898954703832,2024,20240101_38023_D02_S010,6.1,6.7,20.0,3.3,63.9,20230101_38023_D02_S010,223.0,26.0,129.0,602.0,980.0,954.0,23.37526205450734,13.522012578616351,20230101_38023_D02_S010,7.0,57.0,44.0,0.0,872.0,980.0,88.9795918367347,10.306122448979592,media-baja
2023,20240101_38023_D02_S011,38023_D02_S011,San Cristóbal de La Laguna,2,11,59056.0,21116.0,26324.0,23450.0,1.1225586353944563,2024,20240101_38023_D02_S011,3.7,10.8,23.2,1.6,60.7,20230101_38023_D02_S011,289.0,27.0,32.0,209.0,557.0,530.0,54.528301886792455,6.037735849056604,20230101_38023_D02_S011,2.0,17.0,25.0,0.0,513.0,557.0,92.10053859964093,7.540394973070018,alta
2023,20240101_38023_D02_S012,38023_D02_S012,San Cristóbal de La Laguna,2,12,44783.0,17983.0,21753.0,19950.0,1.090375939849624,2024,20240101_38023_D02_S012,4.9,10.7,14.1,1.5,68.9,20230101_38023_D02_S012,341.0,39.0,41.0,324.0,745.0,706.0,48.30028328611898,5.807365439093484,20230101_38023_D02_S012,5.0,24.0,23.0,0.0,693.0,745.0,93.02013422818791,6.308724832214765,media-alta
2023,20240101_38023_D02_S013,38023_D02_S013,San Cristóbal de La Laguna,2,13,37762.0,13488.0,17673.0,16450.0,1.0743465045592706,2024,20240101_38023_D02_S013,4.9,10.0,16.0,2.7,66.4,20230101_38023_D02_S013,211.0,28.0,92.0,462.0,793.0,765.0,27.58169934640523,12.026143790849673,20230101_38023_D02_S013,2.0,57.0,49.0,0.0,685.0,793.0,86.38083228247163,13.366960907944515,media-baja
2023,20240101_38023_D02_S014,38023_D02_S014,San Cristóbal de La Laguna,2,14,43156.0,15557.0,20138.0,18550.0,1.0856064690026954,2024,20240101_38023_D02_S014,5.0,10.7,21.5,2.4,60.4,20230101_38023_D02_S014,177.0,23.0,89.0,360.0,649.0,626.0,28.27476038338658,14.217252396166135,20230101_38023_D02_S014,7.0,45.0,40.0,0.0,557.0,649.0,85.82434514637904,13.097072419106317,media-baja
2023,20240101_38023_D02_S015,38023_D02_S015,San Cristóbal de La Laguna,2,15,33646.0,12460.0,16213.0,15050.0,1.0772757475083057,2024,20240101_38023_D02_S015,4.4,6.9,17.0,3.1,68.6,20230101_38023_D02_S015,142.0,34.0,96.0,362.0,634.0,600.0,23.666666666666668,16.0,20230101_38023_D02_S015,9.0,32.0,24.0,0.0,569.0,634.0,89.74763406940063,8.832807570977918,media-baja
2023,20240101_38023_D02_S016,38023_D02_S016,San Cristóbal de La Laguna,2,16,44172.0,17012.0,21075.0,19250.0,1.094805194805195,2024,20240101_38023_D02_S016,3.5,11.5,15.9,1.9,67.2,20230101_38023_D02_S016,677.0,76.0,111.0,815.0,1679.0,1603.0,42.233312538989395,6.924516531503431,20230101_38023_D02_S016,10.0,70.0,78.0,0.0,1521.0,1679.0,90.58963668850507,8.81477069684336,media-alta
2023,20240101_38023_D02_S017,38023_D02_S017,San Cristóbal de La Laguna,2,17,36039.0,14050.0,17869.0,16450.0,1.0862613981762919,2024,20240101_38023_D02_S017,4.5,8.6,18.2,2.9,65.9,20230101_38023_D02_S017,222.0,40.0,112.0,482.0,856.0,816.0,27.205882352941178,13.72549019607843,20230101_38023_D02_S017,5.0,39.0,40.0,0.0,772.0,856.0,90.18691588785046,9.228971962616823,media-baja
2023,20240101_38023_D02_S018,38023_D02_S018,San Cristóbal de La Laguna,2,18,32526.0,12116.0,15937.0,14350.0,1.1105923344947735,2024,20240101_38023_D02_S018,7.0,6.7,20.0,2.8,63.5,20230101_38023_D02_S018,145.0,27.0,83.0,335.0,590.0,563.0,25.75488454706927,14.742451154529308,20230101_38023_D02_S018,1.0,40.0,25.0,0.0,524.0,590.0,88.8135593220339,11.016949152542374,media-baja
2023,20240101_38023_D02_S019,38023_D02_S019,San Cristóbal de La Laguna,2,19,34789.0,14402.0,17692.0,15750.0,1.1233015873015872,2024,20240101_38023_D02_S019,4.6,8.9,18.6,2.8,65.1,20230101_38023_D02_S019,188.0,21.0,66.0,301.0,576.0,555.0,33.873873873873876,11.891891891891891,20230101_38023_D02_S019,2.0,25.0,20.0,0.0,529.0,576.0,91.84027777777777,7.8125,media-baja
2023,20240101_38023_D02_S020,38023_D02_S020,San Cristóbal de La Laguna,2,20,35476.0,12999.0,17034.0,15750.0,1.0815238095238096,2024,20240101_38023_D02_S020,4.9,5.1,19.8,3.1,67.1,20230101_38023_D02_S020,105.0,17.0,48.0,231.0,401.0,384.0,27.34375,12.5,20230101_38023_D02_S020,4.0,25.0,23.0,0.0,349.0,401.0,87.03241895261846,11.970074812967582,media-baja
2023,20240101_38023_D02_S021,38023_D02_S021,San Cristóbal de La Laguna,2,21,58817.0,21683.0,25881.0,23450.0,1.1036673773987207,2024,20240101_38023_D02_S021,3.0,8.1,14.0,1.6,73.3,20230101_38023_D02_S021,459.0,37.0,38.0,353.0,887.0,850.0,54.0,4.470588235294118,20230101_38023_D02_S021,6.0,32.0,38.0,0.0,811.0,887.0,91.43179255918828,7.891770011273957,alta
2023,20240101_38023_D02_S022,38023_D02_S022,San Cristóbal de La Laguna,2,22,37581.0,15386.0,19013.0,16450.0,1.15580547112462,2024,20240101_38023_D02_S022,5.2,6.5,21.7,2.5,64.1,20230101_38023_D02_S022,180.0,34.0,80.0,285.0,579.0,545.0,33.027522935779814,14.678899082568808,20230101_38023_D02_S022,4.0,30.0,19.0,0.0,526.0,579.0,90.84628670120898,8.46286701208981,media-baja
2023,20240101_38023_D02_S023,38023_D02_S023,San Cristóbal de La Laguna,2,23,41854.0,16446.0,20200.0,17850.0,1.1316526610644257,2024,20240101_38023_D02_S023,3.7,10.5,17.9,2.1,65.9,20230101_38023_D02_S023,231.0,29.0,63.0,323.0,646.0,617.0,37.439222042139384,10.210696920583468,20230101_38023_D02_S023,3.0,31.0,31.0,0.0,581.0,646.0,89.93808049535603,9.597523219814242,media-alta
2023,20240101_38023_D02_S024,38023_D02_S024,San Cristóbal de La Laguna,2,24,38858.0,14232.0,18242.0,17150.0,1.0636734693877552,2024,20240101_38023_D02_S024,3.9,9.0,17.9,2.8,66.5,20230101_38023_D02_S024,95.0,19.0,34.0,188.0,336.0,317.0,29.968454258675077,10.725552050473187,20230101_38023_D02_S024,0.0,22.0,31.0,0.0,283.0,336.0,84.22619047619048,15.773809523809524,media-baja
2023,20240101_38023_D03_S001,38023_D03_S001,San Cristóbal de La Laguna,3,1,34737.0,13048.0,16455.0,14350.0,1.1466898954703832,2024,20240101_38023_D03_S001,5.2,8.0,21.6,3.7,61.6,20230101_38023_D03_S001,69.0,16.0,63.0,206.0,354.0,338.0,20.414201183431953,18.63905325443787,20230101_38023_D03_S001,4.0,33.0,20.0,0.0,297.0,354.0,83.89830508474576,14.971751412429379,media-baja
2023,20240101_38023_D03_S002,38023_D03_S002,San Cristóbal de La Laguna,3,2,49038.0,19052.0,23215.0,22050.0,1.0528344671201815,2024,20240101_38023_D03_S002,2.6,8.5,20.3,1.5,67.1,20230101_38023_D03_S002,251.0,30.0,68.0,259.0,608.0,578.0,43.42560553633218,11.764705882352942,20230101_38023_D03_S002,1.0,27.0,50.0,0.0,530.0,608.0,87.17105263157895,12.664473684210526,media-alta
2023,20240101_38023_D03_S003,38023_D03_S003,San Cristóbal de La Laguna,3,3,66029.0,23976.0,29213.0,26950.0,1.0839703153988869,2024,20240101_38023_D03_S003,2.6,12.0,22.9,1.0,61.5,20230101_38023_D03_S003,357.0,28.0,26.0,244.0,655.0,627.0,56.9377990430622,4.146730462519936,20230101_38023_D03_S003,1.0,27.0,32.0,0.0,595.0,655.0,90.83969465648855,9.007633587786259,alta
2023,20240101_38023_D03_S004,38023_D03_S004,San Cristóbal de La Laguna,3,4,31578.0,11299.0,15427.0,14350.0,1.0750522648083625,2024,20240101_38023_D03_S004,7.2,4.6,22.1,4.6,61.6,20230101_38023_D03_S004,132.0,29.0,173.0,538.0,872.0,843.0,15.658362989323843,20.52194543297746,20230101_38023_D03_S004,8.0,75.0,59.0,0.0,730.0,872.0,83.71559633027523,15.36697247706422,baja
2023,20240101_38023_D03_S005,38023_D03_S005,San Cristóbal de La Laguna,3,5,31777.0,11760.0,15758.0,15050.0,1.0470431893687708,2024,20240101_38023_D03_S005,6.2,7.6,19.5,3.4,63.2,20230101_38023_D03_S005,128.0,28.0,118.0,423.0,697.0,669.0,19.13303437967115,17.638266068759343,20230101_38023_D03_S005,7.0,46.0,38.0,0.0,606.0,697.0,86.94404591104734,12.051649928263988,baja
2023,20240101_38023_D03_S006,38023_D03_S006,San Cristóbal de La Laguna,3,6,61247.0,22858.0,27626.0,24850.0,1.1117102615694165,2024,20240101_38023_D03_S006,3.0,14.0,22.0,1.2,59.8,20230101_38023_D03_S006,507.0,42.0,43.0,370.0,962.0,920.0,55.108695652173914,4.673913043478261,20230101_38023_D03_S006,5.0,41.0,39.0,0.0,877.0,962.0,91.16424116424116,8.316008316008316,alta
2023,20240101_38023_D03_S007,38023_D03_S007,San Cristóbal de La Laguna,3,7,30496.0,13582.0,16501.0,15750.0,1.0476825396825398,2024,20240101_38023_D03_S007,4.2,6.3,24.2,2.9,62.5,20230101_38023_D03_S007,69.0,7.0,51.0,192.0,319.0,312.0,22.115384615384617,16.346153846153847,20230101_38023_D03_S007,1.0,21.0,16.0,0.0,281.0,319.0,88.08777429467085,11.598746081504702,media-baja
2023,20240101_38023_D03_S008,38023_D03_S008,San Cristóbal de La Laguna,3,8,31672.0,11991.0,15648.0,15050.0,1.039734219269103,2024,20240101_38023_D03_S008,4.9,8.3,18.9,4.1,63.7,20230101_38023_D03_S008,112.0,25.0,92.0,320.0,549.0,524.0,21.374045801526716,17.557251908396946,20230101_38023_D03_S008,11.0,36.0,23.0,0.0,479.0,549.0,87.2495446265938,10.746812386156648,baja
2023,20240101_38023_D03_S009,38023_D03_S009,San Cristóbal de La Laguna,3,9,31908.0,11954.0,16025.0,15050.0,1.064784053156146,2024,20240101_38023_D03_S009,7.2,4.4,25.2,2.9,60.3,20230101_38023_D03_S009,67.0,16.0,81.0,216.0,380.0,364.0,18.406593406593405,22.252747252747252,20230101_38023_D03_S009,6.0,26.0,15.0,0.0,333.0,380.0,87.63157894736842,10.789473684210526,baja
2023,20240101_38023_D03_S010,38023_D03_S010,San Cristóbal de La Laguna,3,10,27695.0,11760.0,15227.0,15050.0,1.0117607973421927,2024,20240101_38023_D03_S010,7.4,4.1,26.4,3.3,58.9,20230101_38023_D03_S010,60.0,12.0,61.0,195.0,328.0,316.0,18.9873417721519,19.303797468354432,20230101_38023_D03_S010,4.0,17.0,22.0,0.0,285.0,328.0,86.89024390243902,11.890243902439025,baja
2023,20240101_38023_D03_S011,38023_D03_S011,San Cristóbal de La Laguna,3,11,27986.0,11872.0,15299.0,14350.0,1.0661324041811846,2024,20240101_38023_D03_S011,6.2,4.4,23.6,4.4,61.5,20230101_38023_D03_S011,124.0,19.0,110.0,377.0,630.0,611.0,20.29459901800327,18.00327332242226,20230101_38023_D03_S011,5.0,44.0,44.0,0.0,537.0,630.0,85.23809523809524,13.968253968253968,baja
2023,20240101_38023_D03_S012,38023_D03_S012,San Cristóbal de La Laguna,3,12,31135.0,11189.0,14905.0,13650.0,1.0919413919413918,2024,20240101_38023_D03_S012,6.2,7.1,19.2,4.1,63.5,20230101_38023_D03_S012,134.0,23.0,136.0,409.0,702.0,679.0,19.734904270986746,20.029455081001473,20230101_38023_D03_S012,17.0,65.0,40.0,0.0,580.0,702.0,82.62108262108262,14.957264957264957,baja
2023,20240101_38023_D03_S013,38023_D03_S013,San Cristóbal de La Laguna,3,13,29711.0,10716.0,14206.0,12950.0,1.096988416988417,2024,20240101_38023_D03_S013,6.1,9.9,19.4,3.6,61.0,20230101_38023_D03_S013,126.0,27.0,153.0,475.0,781.0,754.0,16.71087533156499,20.29177718832891,20230101_38023_D03_S013,27.0,74.0,43.0,0.0,637.0,781.0,81.56209987195902,14.98079385403329,baja
2023,20240101_38023_D03_S014,38023_D03_S014,San Cristóbal de La Laguna,3,14,30618.0,10515.0,14720.0,14350.0,1.0257839721254356,2024,20240101_38023_D03_S014,6.0,4.7,27.4,4.8,57.2,20230101_38023_D03_S014,42.0,14.0,53.0,149.0,258.0,244.0,17.21311475409836,21.721311475409838,20230101_38023_D03_S014,4.0,27.0,22.0,0.0,205.0,258.0,79.45736434108527,18.992248062015506,baja
2023,20240101_38023_D03_S015,38023_D03_S015,San Cristóbal de La Laguna,3,15,27792.0,10754.0,14291.0,13650.0,1.046959706959707,2024,20240101_38023_D03_S015,6.8,7.0,17.8,3.9,64.5,20230101_38023_D03_S015,114.0,20.0,108.0,329.0,571.0,551.0,20.689655172413794,19.600725952813068,20230101_38023_D03_S015,9.0,41.0,31.0,0.0,490.0,571.0,85.81436077057793,12.609457092819614,baja
2023,20240101_38023_D03_S016,38023_D03_S016,San Cristóbal de La Laguna,3,16,32146.0,11743.0,15831.0,14350.0,1.103205574912892,2024,20240101_38023_D03_S016,6.0,7.0,21.8,3.5,61.7,20230101_38023_D03_S016,120.0,24.0,125.0,460.0,729.0,705.0,17.02127659574468,17.73049645390071,20230101_38023_D03_S016,6.0,43.0,39.0,0.0,641.0,729.0,87.92866941015089,11.248285322359397,baja
2023,20240101_38023_D03_S017,38023_D03_S017,San Cristóbal de La Laguna,3,17,29639.0,11219.0,14757.0,13650.0,1.0810989010989012,2024,20240101_38023_D03_S017,6.3,6.8,19.2,3.9,63.8,20230101_38023_D03_S017,94.0,15.0,84.0,283.0,476.0,461.0,20.390455531453362,18.22125813449024,20230101_38023_D03_S017,13.0,36.0,35.0,0.0,392.0,476.0,82.3529411764706,14.915966386554622,baja
2023,20240101_38023_D03_S018,38023_D03_S018,San Cristóbal de La Laguna,3,18,32681.0,11384.0,15429.0,15050.0,1.0251827242524918,2024,20240101_38023_D03_S018,7.4,4.6,28.4,3.9,55.7,20230101_38023_D03_S018,52.0,19.0,53.0,163.0,287.0,268.0,19.402985074626866,19.776119402985074,20230101_38023_D03_S018,5.0,32.0,18.0,1.0,231.0,286.0,80.76923076923077,17.482517482517483,baja
2023,20240101_38023_D03_S019,38023_D03_S019,San Cristóbal de La Laguna,3,19,40927.0,16116.0,20001.0,18550.0,1.0782210242587602,2024,20240101_38023_D03_S019,3.7,9.2,9.8,2.5,74.9,20230101_38023_D03_S019,242.0,28.0,62.0,396.0,728.0,700.0,34.57142857142857,8.857142857142858,20230101_38023_D03_S019,4.0,41.0,34.0,0.0,649.0,728.0,89.14835164835165,10.302197802197803,media-alta
2023,20240101_38023_D03_S020,38023_D03_S020,San Cristóbal de La Laguna,3,20,43692.0,15700.0,20418.0,17850.0,1.1438655462184875,2024,20240101_38023_D03_S020,4.6,9.9,15.9,2.9,66.8,20230101_38023_D03_S020,129.0,23.0,51.0,208.0,411.0,388.0,33.24742268041237,13.144329896907216,20230101_38023_D03_S020,3.0,31.0,35.0,0.0,342.0,411.0,83.21167883211679,16.05839416058394,media-baja
2023,20240101_38023_D03_S021,38023_D03_S021,San Cristóbal de La Laguna,3,21,41318.0,14507.0,19037.0,17150.0,1.1100291545189505,2024,20240101_38023_D03_S021,5.1,9.5,17.4,2.9,65.1,20230101_38023_D03_S021,128.0,19.0,53.0,272.0,472.0,453.0,28.2560706401766,11.699779249448124,20230101_38023_D03_S021,6.0,27.0,50.0,0.0,389.0,472.0,82.41525423728814,16.3135593220339,media-baja
2023,20240101_38023_D03_S022,38023_D03_S022,San Cristóbal de La Laguna,3,22,96645.0,31478.0,37530.0,33250.0,1.1287218045112781,2024,20240101_38023_D03_S022,2.1,20.9,23.2,0.8,52.9,20230101_38023_D03_S022,250.0,17.0,10.0,102.0,379.0,362.0,69.06077348066299,2.7624309392265194,20230101_38023_D03_S022,1.0,14.0,8.0,0.0,356.0,379.0,93.93139841688654,5.804749340369393,alta
2023,20240101_38023_D03_S023,38023_D03_S023,San Cristóbal de La Laguna,3,23,29111.0,10883.0,14644.0,13650.0,1.0728205128205128,2024,20240101_38023_D03_S023,8.2,3.6,23.3,3.6,61.4,20230101_38023_D03_S023,92.0,15.0,92.0,291.0,490.0,475.0,19.36842105263158,19.36842105263158,20230101_38023_D03_S023,9.0,34.0,26.0,0.0,421.0,490.0,85.91836734693878,12.244897959183673,baja
2023,20240101_38023_D03_S024,38023_D03_S024,San Cristóbal de La Laguna,3,24,33831.0,12970.0,16633.0,15050.0,1.1051827242524916,2024,20240101_38023_D03_S024,5.4,5.6,14.3,2.6,72.1,20230101_38023_D03_S024,109.0,17.0,54.0,252.0,432.0,415.0,26.265060240963855,13.012048192771084,20230101_38023_D03_S024,2.0,26.0,35.0,0.0,369.0,432.0,85.41666666666667,14.12037037037037,media-baja
2023,20240101_38023_D03_S025,38023_D03_S025,San Cristóbal de La Laguna,3,25,40356.0,14601.0,18650.0,16450.0,1.1337386018237081,2024,20240101_38023_D03_S025,6.1,5.1,11.3,2.7,74.8,20230101_38023_D03_S025,288.0,38.0,112.0,472.0,910.0,872.0,33.027522935779814,12.844036697247706,20230101_38023_D03_S025,3.0,59.0,50.0,0.0,798.0,910.0,87.6923076923077,11.978021978021978,media-baja
2023,20240101_38023_D03_S026,38023_D03_S026,San Cristóbal de La Laguna,3,26,49324.0,18137.0,22726.0,20650.0,1.1005326876513317,2024,20240101_38023_D03_S026,4.3,9.2,15.7,1.8,69.0,20230101_38023_D03_S026,215.0,25.0,47.0,292.0,579.0,554.0,38.808664259927795,8.483754512635379,20230101_38023_D03_S026,3.0,39.0,33.0,0.0,504.0,579.0,87.04663212435233,12.435233160621761,media-alta
2023,20240101_38023_D03_S027,38023_D03_S027,San Cristóbal de La Laguna,3,27,40932.0,16221.0,20008.0,17850.0,1.1208963585434173,2024,20240101_38023_D03_S027,4.3,9.9,11.1,1.8,73.0,20230101_38023_D03_S027,222.0,33.0,61.0,330.0,646.0,613.0,36.215334420880914,9.951060358890702,20230101_38023_D03_S027,2.0,28.0,31.0,0.0,585.0,646.0,90.55727554179566,9.13312693498452,media-alta
2023,20240101_38023_D03_S028,38023_D03_S028,San Cristóbal de La Laguna,3,28,37953.0,14833.0,18890.0,17150.0,1.1014577259475218,2024,20240101_38023_D03_S028,4.8,11.0,16.7,2.7,64.8,20230101_38023_D03_S028,177.0,25.0,59.0,302.0,563.0,538.0,32.899628252788105,10.966542750929367,20230101_38023_D03_S028,5.0,28.0,31.0,0.0,499.0,563.0,88.63232682060391,10.479573712255773,media-baja
2023,20240101_38023_D03_S029,38023_D03_S029,San Cristóbal de La Laguna,3,29,34011.0,12455.0,16353.0,15050.0,1.086578073089701,2024,20240101_38023_D03_S029,5.8,6.8,18.3,3.2,66.0,20230101_38023_D03_S029,140.0,21.0,90.0,425.0,676.0,655.0,21.374045801526716,13.740458015267176,20230101_38023_D03_S029,6.0,43.0,31.0,0.0,596.0,676.0,88.16568047337279,10.946745562130177,media-baja
2023,20240101_38023_D04_S001,38023_D04_S001,San Cristóbal de La Laguna,4,1,62183.0,20808.0,26421.0,22750.0,1.1613626373626373,2024,20240101_38023_D04_S001,3.3,12.1,13.4,1.6,69.6,20230101_38023_D04_S001,406.0,32.0,70.0,359.0,867.0,835.0,48.622754491017965,8.383233532934131,20230101_38023_D04_S001,7.0,52.0,54.0,0.0,754.0,867.0,86.96655132641291,12.226066897347174,alta
2023,20240101_38023_D04_S002,38023_D04_S002,San Cristóbal de La Laguna,4,2,43129.0,16253.0,20476.0,18550.0,1.1038274932614556,2024,20240101_38023_D04_S002,4.9,8.4,15.5,2.4,68.8,20230101_38023_D04_S002,276.0,31.0,60.0,402.0,769.0,738.0,37.39837398373984,8.130081300813009,20230101_38023_D04_S002,4.0,38.0,47.0,0.0,680.0,769.0,88.42652795838751,11.053315994798439,media-alta
2023,20240101_38023_D04_S003,38023_D04_S003,San Cristóbal de La Laguna,4,3,51465.0,17293.0,22100.0,19250.0,1.148051948051948,2024,20240101_38023_D04_S003,3.5,9.0,17.1,1.8,68.6,20230101_38023_D04_S003,303.0,25.0,87.0,427.0,842.0,817.0,37.086903304773564,10.648714810281518,20230101_38023_D04_S003,11.0,57.0,50.0,0.0,724.0,842.0,85.98574821852732,12.707838479809975,media-alta
2023,20240101_38023_D04_S004,38023_D04_S004,San Cristóbal de La Laguna,4,4,50983.0,18494.0,23397.0,21350.0,1.0958782201405153,2024,20240101_38023_D04_S004,3.2,14.0,25.9,2.2,54.8,20230101_38023_D04_S004,153.0,18.0,52.0,194.0,417.0,399.0,38.34586466165413,13.032581453634085,20230101_38023_D04_S004,5.0,38.0,26.0,1.0,347.0,416.0,83.41346153846153,15.384615384615385,media-alta
2023,20240101_38023_D04_S005,38023_D04_S005,San Cristóbal de La Laguna,4,5,73515.0,24266.0,29624.0,25550.0,1.1594520547945206,2024,20240101_38023_D04_S005,2.7,21.0,21.6,1.4,53.3,20230101_38023_D04_S005,229.0,21.0,33.0,156.0,439.0,418.0,54.78468899521531,7.894736842105263,20230101_38023_D04_S005,3.0,22.0,25.0,0.0,389.0,439.0,88.61047835990888,10.70615034168565,alta
2023,20240101_38023_D04_S006,38023_D04_S006,San Cristóbal de La Laguna,4,6,46818.0,15657.0,20514.0,19250.0,1.0656623376623378,2024,20240101_38023_D04_S006,4.6,12.1,21.6,2.4,59.3,20230101_38023_D04_S006,168.0,25.0,89.0,340.0,622.0,597.0,28.14070351758794,14.90787269681742,20230101_38023_D04_S006,7.0,58.0,37.0,0.0,520.0,622.0,83.60128617363344,15.27331189710611,media-baja
2023,20240101_38023_D04_S007,38023_D04_S007,San Cristóbal de La Laguna,4,7,55988.0,18598.0,23636.0,20650.0,1.1446004842615012,2024,20240101_38023_D04_S007,4.1,12.6,18.9,1.5,63.0,20230101_38023_D04_S007,327.0,31.0,54.0,340.0,752.0,721.0,45.35367545076283,7.489597780859917,20230101_38023_D04_S007,8.0,65.0,34.0,0.0,645.0,752.0,85.77127659574468,13.164893617021276,media-alta
2023,20240101_38023_D04_S008,38023_D04_S008,San Cristóbal de La Laguna,4,8,49429.0,16596.0,21639.0,19950.0,1.0846616541353384,2024,20240101_38023_D04_S008,4.4,9.8,19.9,1.8,64.1,20230101_38023_D04_S008,121.0,17.0,41.0,202.0,381.0,364.0,33.24175824175824,11.263736263736265,20230101_38023_D04_S008,7.0,23.0,24.0,0.0,327.0,381.0,85.8267716535433,12.335958005249344,media-alta
2023,20240101_38023_D05_S001,38023_D05_S001,San Cristóbal de La Laguna,5,1,37079.0,12668.0,17034.0,15750.0,1.0815238095238096,2024,20240101_38023_D05_S001,5.7,7.4,23.9,3.3,59.8,20230101_38023_D05_S001,104.0,23.0,106.0,249.0,482.0,459.0,22.657952069716774,23.093681917211327,20230101_38023_D05_S001,65.0,64.0,33.0,0.0,320.0,482.0,66.39004149377594,20.12448132780083,media-baja
2023,20240101_38023_D05_S002,38023_D05_S002,San Cristóbal de La Laguna,5,2,37236.0,13169.0,17782.0,16450.0,1.0809726443768997,2024,20240101_38023_D05_S002,4.9,9.1,21.0,2.9,62.0,20230101_38023_D05_S002,119.0,17.0,111.0,351.0,598.0,581.0,20.481927710843372,19.10499139414802,20230101_38023_D05_S002,88.0,59.0,37.0,0.0,414.0,598.0,69.23076923076923,16.05351170568562,media-baja
2023,20240101_38023_D05_S003,38023_D05_S003,San Cristóbal de La Laguna,5,3,43532.0,14591.0,19232.0,17850.0,1.077422969187675,2024,20240101_38023_D05_S003,3.8,10.7,22.0,2.5,61.0,20230101_38023_D05_S003,114.0,13.0,81.0,258.0,466.0,453.0,25.165562913907284,17.880794701986755,20230101_38023_D05_S003,40.0,34.0,36.0,0.0,356.0,466.0,76.39484978540773,15.021459227467812,media-baja
2023,20240101_38023_D05_S004,38023_D05_S004,San Cristóbal de La Laguna,5,4,39222.0,13750.0,18299.0,16450.0,1.112401215805471,2024,20240101_38023_D05_S004,4.6,11.9,20.2,3.1,60.3,20230101_38023_D05_S004,94.0,12.0,67.0,216.0,389.0,377.0,24.93368700265252,17.77188328912467,20230101_38023_D05_S004,32.0,37.0,27.0,0.0,293.0,389.0,75.32133676092545,16.452442159383033,media-baja
2023,20240101_38023_D05_S005,38023_D05_S005,San Cristóbal de La Laguna,5,5,41052.0,15591.0,19726.0,18550.0,1.0633962264150942,2024,20240101_38023_D05_S005,4.3,9.8,20.7,2.7,62.5,20230101_38023_D05_S005,281.0,31.0,120.0,437.0,869.0,838.0,33.53221957040573,14.319809069212411,20230101_38023_D05_S005,46.0,59.0,69.0,0.0,695.0,869.0,79.97698504027618,14.729574223245109,media-baja
2023,20240101_38023_D05_S006,38023_D05_S006,San Cristóbal de La Laguna,5,6,45374.0,16500.0,20764.0,18550.0,1.1193530997304582,2024,20240101_38023_D05_S006,3.6,14.5,20.3,2.3,59.4,20230101_38023_D05_S006,156.0,21.0,52.0,280.0,509.0,488.0,31.9672131147541,10.655737704918034,20230101_38023_D05_S006,26.0,43.0,25.0,0.0,415.0,509.0,81.53241650294696,13.359528487229863,media-alta
2023,20240101_38023_D05_S007,38023_D05_S007,San Cristóbal de La Laguna,5,7,39067.0,17481.0,20536.0,17850.0,1.1504761904761904,2024,20240101_38023_D05_S007,4.1,13.3,18.8,2.0,61.9,20230101_38023_D05_S007,261.0,26.0,67.0,355.0,709.0,683.0,38.21376281112738,9.809663250366032,20230101_38023_D05_S007,20.0,33.0,43.0,1.0,612.0,708.0,86.44067796610169,10.734463276836157,media-alta
2023,20240101_38023_D05_S008,38023_D05_S008,San Cristóbal de La Laguna,5,8,35278.0,13042.0,17303.0,15750.0,1.0986031746031746,2024,20240101_38023_D05_S008,5.3,6.9,22.2,3.8,61.9,20230101_38023_D05_S008,81.0,18.0,86.0,223.0,408.0,390.0,20.76923076923077,22.05128205128205,20230101_38023_D05_S008,48.0,42.0,27.0,0.0,291.0,408.0,71.32352941176471,16.91176470588235,media-baja
2023,20240101_38023_D05_S009,38023_D05_S009,San Cristóbal de La Laguna,5,9,37798.0,18483.0,21313.0,19250.0,1.1071688311688312,2024,20240101_38023_D05_S009,4.1,13.8,15.3,2.1,64.7,20230101_38023_D05_S009,336.0,27.0,57.0,337.0,757.0,730.0,46.02739726027397,7.808219178082192,20230101_38023_D05_S009,15.0,37.0,37.0,0.0,668.0,757.0,88.24306472919419,9.775429326287979,media-alta
2023,20240101_38023_D05_S010,38023_D05_S010,San Cristóbal de La Laguna,5,10,40642.0,14470.0,18936.0,17150.0,1.104139941690962,2024,20240101_38023_D05_S010,5.0,8.3,21.3,2.6,62.8,20230101_38023_D05_S010,216.0,34.0,115.0,423.0,788.0,754.0,28.647214854111407,15.251989389920425,20230101_38023_D05_S010,55.0,77.0,54.0,0.0,602.0,788.0,76.39593908629442,16.624365482233504,media-baja
2023,20240101_38023_D05_S011,38023_D05_S011,San Cristóbal de La Laguna,5,11,41889.0,14227.0,19073.0,16450.0,1.159452887537994,2024,20240101_38023_D05_S011,2.8,11.3,23.6,3.1,59.2,20230101_38023_D05_S011,118.0,10.0,62.0,194.0,384.0,374.0,31.550802139037433,16.577540106951872,20230101_38023_D05_S011,34.0,36.0,25.0,0.0,289.0,384.0,75.26041666666667,15.885416666666666,media-baja
2023,20240101_38023_D05_S012,38023_D05_S012,San Cristóbal de La Laguna,5,12,40670.0,13651.0,18318.0,16450.0,1.1135562310030396,2024,20240101_38023_D05_S012,4.0,9.3,22.7,2.9,61.1,20230101_38023_D05_S012,122.0,24.0,116.0,327.0,589.0,565.0,21.5929203539823,20.530973451327434,20230101_38023_D05_S012,55.0,72.0,33.0,0.0,429.0,589.0,72.83531409168081,17.826825127334466,media-baja
2023,20240101_38023_D05_S013,38023_D05_S013,San Cristóbal de La Laguna,5,13,33930.0,14023.0,17791.0,17150.0,1.0373760932944607,2024,20240101_38023_D05_S013,4.4,9.1,28.1,2.5,56.0,20230101_38023_D05_S013,89.0,13.0,56.0,181.0,339.0,326.0,27.300613496932517,17.177914110429448,20230101_38023_D05_S013,36.0,26.0,14.0,0.0,263.0,339.0,77.5811209439528,11.799410029498524,media-baja
2023,20240101_38023_D05_S014,38023_D05_S014,San Cristóbal de La Laguna,5,14,36685.0,14067.0,18047.0,16450.0,1.0970820668693009,2024,20240101_38023_D05_S014,4.6,6.9,17.6,2.8,68.3,20230101_38023_D05_S014,180.0,28.0,99.0,387.0,694.0,666.0,27.027027027027028,14.864864864864865,20230101_38023_D05_S014,44.0,53.0,51.0,0.0,546.0,694.0,78.6743515850144,14.985590778097983,media-baja
2023,20240101_38023_D05_S015,38023_D05_S015,San Cristóbal de La Laguna,5,15,41486.0,18187.0,21153.0,18550.0,1.140323450134771,2024,20240101_38023_D05_S015,2.6,16.5,17.6,2.4,60.9,20230101_38023_D05_S015,210.0,22.0,41.0,219.0,492.0,470.0,44.680851063829785,8.72340425531915,20230101_38023_D05_S015,9.0,24.0,25.0,0.0,434.0,492.0,88.21138211382114,9.959349593495935,media-alta
2023,20240101_38023_D06_S001,38023_D06_S001,San Cristóbal de La Laguna,6,1,50486.0,16039.0,21199.0,19950.0,1.0626065162907268,2024,20240101_38023_D06_S001,3.2,7.1,22.6,2.1,65.0,20230101_38023_D06_S001,183.0,24.0,86.0,312.0,605.0,581.0,31.497418244406195,14.802065404475043,20230101_38023_D06_S001,6.0,32.0,44.0,0.0,523.0,605.0,86.44628099173553,12.561983471074381,media-alta
2023,20240101_38023_D06_S002,38023_D06_S002,San Cristóbal de La Laguna,6,2,78126.0,24197.0,30314.0,28350.0,1.0692768959435626,2024,20240101_38023_D06_S002,2.3,17.9,20.3,1.3,58.3,20230101_38023_D06_S002,401.0,25.0,28.0,241.0,695.0,670.0,59.850746268656714,4.17910447761194,20230101_38023_D06_S002,10.0,23.0,22.0,0.0,640.0,695.0,92.0863309352518,6.474820143884892,alta
2023,20240101_38023_D06_S003,38023_D06_S003,San Cristóbal de La Laguna,6,3,44332.0,16318.0,21016.0,19250.0,1.0917402597402597,2024,20240101_38023_D06_S003,4.2,10.9,19.6,1.9,63.5,20230101_38023_D06_S003,164.0,35.0,68.0,265.0,532.0,497.0,32.99798792756539,13.682092555331993,20230101_38023_D06_S003,8.0,44.0,31.0,0.0,449.0,532.0,84.3984962406015,14.097744360902256,media-alta
2023,20240101_38023_D06_S004,38023_D06_S004,San Cristóbal de La Laguna,6,4,40005.0,14886.0,19260.0,17150.0,1.1230320699708454,2024,20240101_38023_D06_S004,4.8,11.6,19.7,2.2,61.8,20230101_38023_D06_S004,125.0,30.0,56.0,300.0,511.0,481.0,25.987525987525988,11.642411642411643,20230101_38023_D06_S004,8.0,40.0,49.0,0.0,414.0,511.0,81.01761252446184,17.416829745596868,media-baja
2023,20240101_38024_D01_S001,38024_D01_S001,Los Llanos de Aridane,1,1,45979.0,16261.0,22149.0,17850.0,1.2408403361344538,2024,20240101_38024_D01_S001,3.7,21.8,15.5,3.6,55.3,20230101_38024_D01_S001,354.0,53.0,148.0,520.0,1075.0,1022.0,34.63796477495108,14.481409001956948,20230101_38024_D01_S001,81.0,90.0,28.0,1.0,875.0,1074.0,81.47113594040968,10.986964618249534,media-alta
2023,20240101_38024_D01_S002,38024_D01_S002,Los Llanos de Aridane,1,2,39653.0,14406.0,19750.0,16450.0,1.2006079027355623,2024,20240101_38024_D01_S002,3.7,16.2,13.9,4.2,62.1,20230101_38024_D01_S002,210.0,35.0,111.0,407.0,763.0,728.0,28.846153846153847,15.247252747252746,20230101_38024_D01_S002,64.0,59.0,36.0,0.0,604.0,763.0,79.16120576671035,12.450851900393184,media-baja
2023,20240101_38024_D01_S003,38024_D01_S003,Los Llanos de Aridane,1,3,38531.0,13504.0,18941.0,15750.0,1.2026031746031747,2024,20240101_38024_D01_S003,4.7,19.0,18.5,4.3,53.6,20230101_38024_D01_S003,190.0,42.0,141.0,394.0,767.0,725.0,26.20689655172414,19.448275862068964,20230101_38024_D01_S003,99.0,73.0,29.0,2.0,564.0,765.0,73.72549019607843,13.333333333333334,media-baja
2023,20240101_38024_D01_S004,38024_D01_S004,Los Llanos de Aridane,1,4,38961.0,14218.0,19518.0,15050.0,1.2968770764119602,2024,20240101_38024_D01_S004,5.1,16.1,15.0,3.6,60.3,20230101_38024_D01_S004,124.0,24.0,92.0,235.0,475.0,451.0,27.494456762749447,20.39911308203991,20230101_38024_D01_S004,38.0,46.0,15.0,0.0,376.0,475.0,79.15789473684211,12.842105263157896,media-baja
2023,20240101_38024_D01_S005,38024_D01_S005,Los Llanos de Aridane,1,5,48550.0,17612.0,23961.0,19950.0,1.2010526315789474,2024,20240101_38024_D01_S005,3.9,24.1,17.7,2.9,51.4,20230101_38024_D01_S005,169.0,24.0,56.0,220.0,469.0,445.0,37.97752808988764,12.584269662921349,20230101_38024_D01_S005,43.0,24.0,16.0,1.0,385.0,468.0,82.26495726495726,8.547008547008547,media-alta
2023,20240101_38024_D01_S006,38024_D01_S006,Los Llanos de Aridane,1,6,42236.0,15112.0,20944.0,15750.0,1.3297777777777777,2024,20240101_38024_D01_S006,5.0,18.8,20.1,3.2,52.9,20230101_38024_D01_S006,189.0,32.0,108.0,330.0,659.0,627.0,30.14354066985646,17.22488038277512,20230101_38024_D01_S006,68.0,42.0,22.0,3.0,524.0,656.0,79.8780487804878,9.75609756097561,media-baja
2023,20240101_38024_D01_S007,38024_D01_S007,Los Llanos de Aridane,1,7,34564.0,12585.0,17633.0,15750.0,1.1195555555555556,2024,20240101_38024_D01_S007,6.2,11.7,18.3,4.1,59.8,20230101_38024_D01_S007,139.0,25.0,130.0,387.0,681.0,656.0,21.1890243902439,19.817073170731707,20230101_38024_D01_S007,63.0,78.0,21.0,1.0,518.0,680.0,76.17647058823529,14.558823529411764,media-baja
2023,20240101_38024_D01_S008,38024_D01_S008,Los Llanos de Aridane,1,8,43014.0,15287.0,21138.0,17150.0,1.232536443148688,2024,20240101_38024_D01_S008,5.5,16.0,17.9,3.4,57.2,20230101_38024_D01_S008,219.0,33.0,119.0,342.0,713.0,680.0,32.205882352941174,17.5,20230101_38024_D01_S008,49.0,58.0,23.0,0.0,583.0,713.0,81.7671809256662,11.360448807854137,media-baja
2023,20240101_38024_D02_S001,38024_D02_S001,Los Llanos de Aridane,2,1,38937.0,14197.0,19600.0,16450.0,1.1914893617021276,2024,20240101_38024_D02_S001,3.9,16.1,16.3,3.2,60.6,20230101_38024_D02_S001,182.0,23.0,96.0,291.0,592.0,569.0,31.985940246045693,16.87170474516696,20230101_38024_D02_S001,57.0,50.0,17.0,0.0,468.0,592.0,79.05405405405405,11.317567567567568,media-baja
2023,20240101_38024_D02_S002,38024_D02_S002,Los Llanos de Aridane,2,2,37040.0,13046.0,18215.0,15750.0,1.1565079365079365,2024,20240101_38024_D02_S002,5.3,15.4,17.0,4.7,57.6,20230101_38024_D02_S002,161.0,25.0,103.0,341.0,630.0,605.0,26.611570247933884,17.024793388429753,20230101_38024_D02_S002,66.0,72.0,30.0,0.0,462.0,630.0,73.33333333333333,16.19047619047619,media-baja
2023,20240101_38024_D03_S001,38024_D03_S001,Los Llanos de Aridane,3,1,37505.0,13288.0,18759.0,16450.0,1.1403647416413374,2024,20240101_38024_D03_S001,6.3,16.9,21.8,4.0,51.0,20230101_38024_D03_S001,191.0,43.0,146.0,430.0,810.0,767.0,24.902216427640155,19.035202086049544,20230101_38024_D03_S001,97.0,69.0,34.0,0.0,610.0,810.0,75.30864197530865,12.716049382716049,media-baja
2023,20240101_38024_D03_S002,38024_D03_S002,Los Llanos de Aridane,3,2,34573.0,14440.0,19266.0,15750.0,1.2232380952380952,2024,20240101_38024_D03_S002,8.2,15.4,17.9,6.3,52.2,20230101_38024_D03_S002,178.0,35.0,95.0,299.0,607.0,572.0,31.11888111888112,16.60839160839161,20230101_38024_D03_S002,58.0,43.0,14.0,1.0,491.0,606.0,81.02310231023102,9.405940594059405,media-baja
2023,20240101_38024_D03_S003,38024_D03_S003,Los Llanos de Aridane,3,3,36717.0,14182.0,19596.0,16450.0,1.1912462006079028,2024,20240101_38024_D03_S003,5.1,20.0,21.6,4.6,48.7,20230101_38024_D03_S003,103.0,24.0,84.0,253.0,464.0,440.0,23.40909090909091,19.09090909090909,20230101_38024_D03_S003,54.0,47.0,18.0,0.0,345.0,464.0,74.35344827586206,14.008620689655173,media-baja
2023,20240101_38025_D01_S001,38025_D01_S001,La Matanza de Acentejo,1,1,40912.0,13007.0,17836.0,16450.0,1.0842553191489361,2024,20240101_38025_D01_S001,5.1,7.7,18.8,2.9,65.6,20230101_38025_D01_S001,205.0,23.0,134.0,556.0,918.0,895.0,22.905027932960895,14.972067039106145,20230101_38025_D01_S001,14.0,142.0,48.0,0.0,714.0,918.0,77.77777777777777,20.697167755991284,media-baja
2023,20240101_38025_D01_S002,38025_D01_S002,La Matanza de Acentejo,1,2,40482.0,13538.0,18315.0,16450.0,1.1133738601823708,2024,20240101_38025_D01_S002,4.0,10.8,17.1,2.9,65.2,20230101_38025_D01_S002,165.0,21.0,103.0,385.0,674.0,653.0,25.267993874425727,15.773353751914241,20230101_38025_D01_S002,9.0,80.0,36.0,0.0,549.0,674.0,81.4540059347181,17.2106824925816,media-baja
2023,20240101_38025_D01_S003,38025_D01_S003,La Matanza de Acentejo,1,3,40070.0,14963.0,19259.0,17150.0,1.1229737609329447,2024,20240101_38025_D01_S003,4.1,11.5,14.9,3.3,66.3,20230101_38025_D01_S003,298.0,21.0,102.0,546.0,967.0,946.0,31.50105708245243,10.782241014799155,20230101_38025_D01_S003,9.0,95.0,36.0,0.0,827.0,967.0,85.52223371251293,13.547052740434333,media-baja
2023,20240101_38025_D01_S004,38025_D01_S004,La Matanza de Acentejo,1,4,43279.0,16475.0,20022.0,17150.0,1.1674635568513119,2024,20240101_38025_D01_S004,4.3,13.7,15.8,2.9,63.4,20230101_38025_D01_S004,326.0,27.0,100.0,511.0,964.0,937.0,34.79188900747065,10.672358591248665,20230101_38025_D01_S004,12.0,93.0,47.0,1.0,811.0,963.0,84.21599169262721,14.537902388369679,media-alta
2023,20240101_38025_D01_S005,38025_D01_S005,La Matanza de Acentejo,1,5,37112.0,14300.0,18318.0,16450.0,1.1135562310030396,2024,20240101_38025_D01_S005,4.6,13.7,22.4,2.6,56.6,20230101_38025_D01_S005,85.0,16.0,55.0,187.0,343.0,327.0,25.99388379204893,16.819571865443425,20230101_38025_D01_S005,9.0,60.0,11.0,0.0,263.0,343.0,76.67638483965014,20.699708454810494,media-baja
2023,20240101_38026_D01_S001,38026_D01_S001,La Orotava,1,1,50456.0,19384.0,23758.0,18550.0,1.280754716981132,2024,20240101_38026_D01_S001,3.7,22.4,22.1,1.4,50.5,20230101_38026_D01_S001,267.0,26.0,58.0,251.0,602.0,576.0,46.354166666666664,10.069444444444445,20230101_38026_D01_S001,14.0,27.0,25.0,1.0,535.0,601.0,89.01830282861897,8.6522462562396,media-alta
2023,20240101_38026_D01_S002,38026_D01_S002,La Orotava,1,2,54358.0,18245.0,23150.0,21350.0,1.0843091334894615,2024,20240101_38026_D01_S002,3.5,11.6,24.2,1.7,59.1,20230101_38026_D01_S002,336.0,31.0,47.0,310.0,724.0,693.0,48.484848484848484,6.782106782106782,20230101_38026_D01_S002,12.0,40.0,24.0,0.0,648.0,724.0,89.50276243093923,8.839779005524862,media-alta
2023,20240101_38026_D01_S004,38026_D01_S004,La Orotava,1,4,42427.0,15513.0,19839.0,17850.0,1.1114285714285714,2024,20240101_38026_D01_S004,4.7,14.0,27.8,1.8,51.7,20230101_38026_D01_S004,247.0,29.0,54.0,344.0,674.0,645.0,38.29457364341085,8.372093023255815,20230101_38026_D01_S004,10.0,29.0,32.0,0.0,603.0,674.0,89.46587537091987,9.050445103857566,media-baja
2023,20240101_38026_D02_S001,38026_D02_S001,La Orotava,2,1,37190.0,14442.0,17996.0,16450.0,1.0939817629179331,2024,20240101_38026_D02_S001,5.6,17.7,22.2,2.5,52.1,20230101_38026_D02_S001,196.0,22.0,76.0,335.0,629.0,607.0,32.28995057660626,12.520593080724877,20230101_38026_D02_S001,11.0,40.0,25.0,0.0,553.0,629.0,87.91732909379968,10.333863275039745,media-baja
2023,20240101_38026_D02_S002,38026_D02_S002,La Orotava,2,2,34831.0,12546.0,16972.0,15750.0,1.0775873015873016,2024,20240101_38026_D02_S002,5.4,7.3,20.7,2.9,63.7,20230101_38026_D02_S002,114.0,18.0,65.0,314.0,511.0,493.0,23.123732251521297,13.184584178498985,20230101_38026_D02_S002,5.0,50.0,22.0,0.0,434.0,511.0,84.93150684931507,14.090019569471623,media-baja
2023,20240101_38026_D02_S003,38026_D02_S003,La Orotava,2,3,40553.0,13761.0,18263.0,17150.0,1.0648979591836734,2024,20240101_38026_D02_S003,4.0,9.7,10.6,2.4,73.3,20230101_38026_D02_S003,273.0,31.0,110.0,600.0,1014.0,983.0,27.772126144455747,11.190233977619531,20230101_38026_D02_S003,13.0,88.0,53.0,0.0,860.0,1014.0,84.81262327416174,13.905325443786982,media-baja
2023,20240101_38026_D02_S004,38026_D02_S004,La Orotava,2,4,36028.0,13978.0,18240.0,17150.0,1.0635568513119533,2024,20240101_38026_D02_S004,4.2,11.9,23.7,2.3,57.8,20230101_38026_D02_S004,143.0,16.0,39.0,233.0,431.0,415.0,34.45783132530121,9.397590361445783,20230101_38026_D02_S004,5.0,26.0,18.0,0.0,382.0,431.0,88.63109048723898,10.208816705336426,media-baja
2023,20240101_38026_D03_S001,38026_D03_S001,La Orotava,3,1,35587.0,12338.0,17060.0,16450.0,1.0370820668693008,2024,20240101_38026_D03_S001,6.1,8.8,20.6,2.9,61.6,20230101_38026_D03_S001,113.0,23.0,107.0,349.0,592.0,569.0,19.85940246045694,18.804920913884008,20230101_38026_D03_S001,22.0,75.0,31.0,0.0,464.0,592.0,78.37837837837837,17.905405405405407,media-baja
2023,20240101_38026_D03_S002,38026_D03_S002,La Orotava,3,2,40970.0,14291.0,18618.0,15750.0,1.182095238095238,2024,20240101_38026_D03_S002,3.4,16.5,21.9,2.3,56.0,20230101_38026_D03_S002,128.0,20.0,59.0,275.0,482.0,462.0,27.705627705627705,12.770562770562771,20230101_38026_D03_S002,10.0,43.0,32.0,0.0,397.0,482.0,82.36514522821577,15.560165975103734,media-baja
2023,20240101_38026_D03_S003,38026_D03_S003,La Orotava,3,3,54104.0,19794.0,24320.0,20650.0,1.17772397094431,2024,20240101_38026_D03_S003,2.3,24.5,21.1,1.4,50.7,20230101_38026_D03_S003,317.0,25.0,52.0,340.0,734.0,709.0,44.71086036671368,7.3342736248236955,20230101_38026_D03_S003,12.0,54.0,26.0,0.0,642.0,734.0,87.46594005449592,10.899182561307901,media-alta
2023,20240101_38026_D03_S004,38026_D03_S004,La Orotava,3,4,39150.0,14164.0,18540.0,17150.0,1.0810495626822156,2024,20240101_38026_D03_S004,4.6,10.1,10.2,2.3,72.8,20230101_38026_D03_S004,288.0,30.0,85.0,480.0,883.0,853.0,33.76318874560375,9.964830011723329,20230101_38026_D03_S004,17.0,77.0,37.0,0.0,752.0,883.0,85.16421291053227,12.910532276330692,media-baja
2023,20240101_38026_D03_S005,38026_D03_S005,La Orotava,3,5,34858.0,12357.0,16791.0,16450.0,1.0207294832826748,2024,20240101_38026_D03_S005,5.2,8.8,24.2,3.1,58.6,20230101_38026_D03_S005,98.0,15.0,66.0,279.0,458.0,443.0,22.121896162528216,14.89841986455982,20230101_38026_D03_S005,12.0,36.0,29.0,1.0,380.0,457.0,83.15098468271334,14.223194748358862,media-baja
2023,20240101_38026_D03_S006,38026_D03_S006,La Orotava,3,6,43559.0,15712.0,20304.0,17850.0,1.1374789915966386,2024,20240101_38026_D03_S006,3.5,10.2,25.7,2.3,58.3,20230101_38026_D03_S006,243.0,26.0,68.0,446.0,783.0,757.0,32.1003963011889,8.982826948480845,20230101_38026_D03_S006,11.0,59.0,36.0,0.0,677.0,783.0,86.46232439335887,12.132822477650064,media-baja
2023,20240101_38026_D03_S007,38026_D03_S007,La Orotava,3,7,37498.0,13619.0,18190.0,17150.0,1.0606413994169097,2024,20240101_38026_D03_S007,4.9,7.4,15.3,2.6,69.8,20230101_38026_D03_S007,146.0,16.0,83.0,326.0,571.0,555.0,26.306306306306308,14.954954954954955,20230101_38026_D03_S007,5.0,57.0,24.0,0.0,485.0,571.0,84.93870402802102,14.185639229422067,media-baja
2023,20240101_38026_D04_S001,38026_D04_S001,La Orotava,4,1,52375.0,19205.0,22975.0,18550.0,1.238544474393531,2024,20240101_38026_D04_S001,2.9,24.6,15.1,1.7,55.7,20230101_38026_D04_S001,350.0,45.0,81.0,482.0,958.0,913.0,38.33515881708653,8.871851040525739,20230101_38026_D04_S001,20.0,57.0,26.0,0.0,855.0,958.0,89.24843423799582,8.663883089770355,media-alta
2023,20240101_38026_D04_S002,38026_D04_S002,La Orotava,4,2,45882.0,15329.0,20157.0,18550.0,1.0866307277628033,2024,20240101_38026_D04_S002,3.2,11.3,13.7,2.3,69.5,20230101_38026_D04_S002,161.0,20.0,67.0,349.0,597.0,577.0,27.902946273830157,11.611785095320624,20230101_38026_D04_S002,11.0,58.0,27.0,0.0,501.0,597.0,83.91959798994975,14.23785594639866,media-baja
2023,20240101_38026_D04_S003,38026_D04_S003,La Orotava,4,3,54999.0,19497.0,24000.0,19250.0,1.2467532467532467,2024,20240101_38026_D04_S003,2.8,22.2,21.0,1.9,52.1,20230101_38026_D04_S003,160.0,15.0,35.0,212.0,422.0,407.0,39.31203931203931,8.5995085995086,20230101_38026_D04_S003,11.0,26.0,22.0,0.0,363.0,422.0,86.01895734597156,11.374407582938389,media-alta
2023,20240101_38026_D04_S004,38026_D04_S004,La Orotava,4,4,34243.0,11622.0,15935.0,14350.0,1.1104529616724739,2024,20240101_38026_D04_S004,6.3,8.3,23.0,3.3,59.1,20230101_38026_D04_S004,69.0,8.0,37.0,166.0,280.0,272.0,25.36764705882353,13.602941176470589,20230101_38026_D04_S004,4.0,16.0,16.0,0.0,244.0,280.0,87.14285714285714,11.428571428571429,baja
2023,20240101_38026_D04_S005,38026_D04_S005,La Orotava,4,5,50307.0,18213.0,22437.0,19250.0,1.1655584415584415,2024,20240101_38026_D04_S005,3.2,15.8,17.1,2.0,62.0,20230101_38026_D04_S005,313.0,30.0,45.0,400.0,788.0,758.0,41.29287598944591,5.936675461741425,20230101_38026_D04_S005,14.0,33.0,33.0,0.0,708.0,788.0,89.84771573604061,8.375634517766498,media-alta
2023,20240101_38026_D05_S001,38026_D05_S001,La Orotava,5,1,35958.0,12732.0,17199.0,15750.0,1.092,2024,20240101_38026_D05_S001,4.9,9.9,16.2,3.1,65.9,20230101_38026_D05_S001,148.0,29.0,128.0,486.0,791.0,762.0,19.42257217847769,16.79790026246719,20230101_38026_D05_S001,18.0,111.0,39.0,0.0,623.0,791.0,78.76106194690266,18.963337547408344,media-baja
2023,20240101_38026_D05_S002,38026_D05_S002,La Orotava,5,2,37937.0,12913.0,17334.0,16450.0,1.0537386018237083,2024,20240101_38026_D05_S002,5.1,10.7,19.5,2.7,62.0,20230101_38026_D05_S002,117.0,19.0,73.0,278.0,487.0,468.0,25.0,15.598290598290598,20230101_38026_D05_S002,17.0,58.0,35.0,0.0,377.0,487.0,77.41273100616016,19.096509240246405,media-baja
2023,20240101_38026_D05_S003,38026_D05_S003,La Orotava,5,3,35304.0,12447.0,16817.0,15750.0,1.0677460317460317,2024,20240101_38026_D05_S003,4.9,10.7,21.1,2.8,60.6,20230101_38026_D05_S003,160.0,36.0,127.0,446.0,769.0,733.0,21.828103683492497,17.32605729877217,20230101_38026_D05_S003,17.0,101.0,48.0,0.0,603.0,769.0,78.41352405721716,19.375812743823147,media-baja
2023,20240101_38026_D05_S004,38026_D05_S004,La Orotava,5,4,26726.0,10008.0,13835.0,12950.0,1.0683397683397684,2024,20240101_38026_D05_S004,7.9,3.0,31.8,4.5,52.8,20230101_38026_D05_S004,57.0,5.0,83.0,230.0,375.0,370.0,15.405405405405405,22.43243243243243,20230101_38026_D05_S004,8.0,44.0,14.0,0.0,309.0,375.0,82.4,15.466666666666667,baja
2023,20240101_38026_D05_S005,38026_D05_S005,La Orotava,5,5,35829.0,12820.0,17452.0,16450.0,1.0609118541033435,2024,20240101_38026_D05_S005,4.7,9.4,13.2,2.7,70.1,20230101_38026_D05_S005,159.0,18.0,90.0,447.0,714.0,696.0,22.844827586206897,12.931034482758621,20230101_38026_D05_S005,11.0,82.0,45.0,0.0,576.0,714.0,80.67226890756302,17.787114845938376,media-baja
2023,20240101_38026_D06_S001,38026_D06_S001,La Orotava,6,1,32870.0,11072.0,15306.0,14350.0,1.0666202090592334,2024,20240101_38026_D06_S001,6.1,5.7,25.6,3.5,59.1,20230101_38026_D06_S001,39.0,10.0,81.0,204.0,334.0,324.0,12.037037037037036,25.0,20230101_38026_D06_S001,20.0,63.0,5.0,0.0,246.0,334.0,73.65269461077844,20.35928143712575,baja
2023,20240101_38026_D06_S002,38026_D06_S002,La Orotava,6,2,32312.0,11106.0,15297.0,14350.0,1.065993031358885,2024,20240101_38026_D06_S002,6.0,7.5,25.2,3.4,57.9,20230101_38026_D06_S002,52.0,20.0,114.0,271.0,457.0,437.0,11.899313501144166,26.08695652173913,20230101_38026_D06_S002,20.0,81.0,26.0,0.0,330.0,457.0,72.21006564551422,23.41356673960613,baja
2023,20240101_38026_D06_S003,38026_D06_S003,La Orotava,6,3,31737.0,11399.0,15446.0,14350.0,1.076376306620209,2024,20240101_38026_D06_S003,6.7,9.9,19.8,3.2,60.4,20230101_38026_D06_S003,99.0,18.0,101.0,402.0,620.0,602.0,16.44518272425249,16.777408637873755,20230101_38026_D06_S003,8.0,113.0,32.0,0.0,467.0,620.0,75.3225806451613,23.387096774193548,baja
2023,20240101_38026_D06_S004,38026_D06_S004,La Orotava,6,4,36612.0,10866.0,15678.0,15050.0,1.0417275747508306,2024,20240101_38026_D06_S004,5.9,10.4,17.9,3.4,62.4,20230101_38026_D06_S004,57.0,40.0,188.0,372.0,657.0,617.0,9.238249594813615,30.47001620745543,20230101_38026_D06_S004,82.0,162.0,24.0,0.0,389.0,657.0,59.208523592085236,28.310502283105023,baja
2023,20240101_38027_D01_S001,38027_D01_S001,El Paso,1,1,42672.0,14435.0,20337.0,17850.0,1.139327731092437,2024,20240101_38027_D01_S001,4.3,18.0,17.7,3.7,56.4,20230101_38027_D01_S001,170.0,29.0,73.0,351.0,623.0,594.0,28.61952861952862,12.289562289562289,20230101_38027_D01_S001,53.0,68.0,32.0,1.0,469.0,622.0,75.40192926045016,16.077170418006432,media-baja
2023,20240101_38027_D02_S001,38027_D02_S001,El Paso,2,1,42464.0,14785.0,20717.0,17150.0,1.20798833819242,2024,20240101_38027_D02_S001,4.5,16.4,18.4,4.1,56.7,20230101_38027_D02_S001,284.0,48.0,199.0,569.0,1100.0,1052.0,26.99619771863118,18.916349809885933,20230101_38027_D02_S001,101.0,95.0,45.0,1.0,858.0,1099.0,78.07097361237489,12.738853503184714,media-baja
2023,20240101_38027_D03_S001,38027_D03_S001,El Paso,3,1,50073.0,18051.0,24477.0,17850.0,1.3712605042016808,2024,20240101_38027_D03_S001,3.5,27.2,19.4,2.7,47.2,20230101_38027_D03_S001,160.0,24.0,86.0,258.0,528.0,504.0,31.746031746031747,17.063492063492063,20230101_38027_D03_S001,51.0,51.0,18.0,1.0,407.0,527.0,77.22960151802657,13.092979127134726,media-alta
2023,20240101_38027_D03_S002,38027_D03_S002,El Paso,3,2,44636.0,16652.0,22435.0,17850.0,1.2568627450980392,2024,20240101_38027_D03_S002,3.4,24.3,20.8,2.8,48.8,20230101_38027_D03_S002,177.0,28.0,80.0,258.0,543.0,515.0,34.36893203883495,15.533980582524272,20230101_38027_D03_S002,54.0,48.0,17.0,0.0,424.0,543.0,78.08471454880295,11.970534069981584,media-alta
2023,20240101_38027_D04_S001,38027_D04_S001,El Paso,4,1,38404.0,13835.0,19347.0,17150.0,1.1281049562682215,2024,20240101_38027_D04_S001,4.3,18.1,19.2,3.9,54.6,20230101_38027_D04_S001,143.0,26.0,83.0,296.0,548.0,522.0,27.39463601532567,15.900383141762452,20230101_38027_D04_S001,67.0,50.0,22.0,0.0,409.0,548.0,74.63503649635037,13.138686131386862,media-baja
2023,20240101_38028_D01_S001,38028_D01_S001,Puerto de La Cruz,1,1,30505.0,15309.0,17817.0,15050.0,1.1838538205980067,2024,20240101_38028_D01_S001,6.1,18.2,29.5,2.0,44.2,20230101_38028_D01_S001,113.0,11.0,26.0,208.0,358.0,347.0,32.564841498559076,7.492795389048991,20230101_38028_D01_S001,1.0,10.0,12.0,0.0,335.0,358.0,93.57541899441341,6.145251396648045,media-baja
2023,20240101_38028_D01_S002,38028_D01_S002,Puerto de La Cruz,1,2,28873.0,14852.0,16860.0,13650.0,1.2351648351648352,2024,20240101_38028_D01_S002,4.9,18.9,29.3,2.3,44.6,20230101_38028_D01_S002,201.0,41.0,61.0,366.0,669.0,628.0,32.00636942675159,9.713375796178344,20230101_38028_D01_S002,7.0,21.0,16.0,0.0,625.0,669.0,93.42301943198804,5.530642750373692,media-baja
2023,20240101_38028_D01_S003,38028_D01_S003,Puerto de La Cruz,1,3,47614.0,23617.0,25697.0,19950.0,1.2880701754385966,2024,20240101_38028_D01_S003,2.2,29.9,27.6,1.2,39.1,20230101_38028_D01_S003,493.0,58.0,54.0,491.0,1096.0,1038.0,47.49518304431599,5.202312138728324,20230101_38028_D01_S003,19.0,39.0,31.0,0.0,1007.0,1096.0,91.87956204379562,6.386861313868613,alta
2023,20240101_38028_D01_S004,38028_D01_S004,Puerto de La Cruz,1,4,53002.0,22948.0,26431.0,22050.0,1.1986848072562357,2024,20240101_38028_D01_S004,2.7,25.3,17.5,1.2,53.4,20230101_38028_D01_S004,471.0,46.0,46.0,391.0,954.0,908.0,51.87224669603524,5.066079295154185,20230101_38028_D01_S004,2.0,35.0,23.0,0.0,894.0,954.0,93.71069182389937,6.079664570230608,alta
2023,20240101_38028_D02_S001,38028_D02_S001,Puerto de La Cruz,2,1,36155.0,18365.0,20932.0,17150.0,1.220524781341108,2024,20240101_38028_D02_S001,3.2,23.3,30.8,1.8,40.9,20230101_38028_D02_S001,119.0,12.0,19.0,188.0,338.0,326.0,36.50306748466258,5.828220858895706,20230101_38028_D02_S001,3.0,12.0,8.0,0.0,315.0,338.0,93.19526627218934,5.9171597633136095,media-alta
2023,20240101_38028_D02_S002,38028_D02_S002,Puerto de La Cruz,2,2,34228.0,16838.0,19827.0,15750.0,1.258857142857143,2024,20240101_38028_D02_S002,5.0,20.0,27.2,1.6,46.2,20230101_38028_D02_S002,94.0,12.0,28.0,129.0,263.0,251.0,37.45019920318725,11.155378486055778,20230101_38028_D02_S002,1.0,8.0,8.0,0.0,246.0,263.0,93.5361216730038,6.083650190114068,media-alta
2023,20240101_38028_D02_S003,38028_D02_S003,Puerto de La Cruz,2,3,45953.0,20530.0,23840.0,19250.0,1.2384415584415585,2024,20240101_38028_D02_S003,3.1,26.4,20.1,1.7,48.7,20230101_38028_D02_S003,213.0,17.0,32.0,237.0,499.0,482.0,44.190871369294605,6.639004149377594,20230101_38028_D02_S003,7.0,18.0,18.0,0.0,456.0,499.0,91.38276553106212,7.214428857715431,alta
2023,20240101_38028_D02_S004,38028_D02_S004,Puerto de La Cruz,2,4,43403.0,17722.0,21453.0,17850.0,1.2018487394957984,2024,20240101_38028_D02_S004,3.4,18.1,21.4,1.9,55.2,20230101_38028_D02_S004,363.0,40.0,68.0,425.0,896.0,856.0,42.40654205607477,7.94392523364486,20230101_38028_D02_S004,5.0,36.0,20.0,0.0,835.0,896.0,93.19196428571429,6.25,media-alta
2023,20240101_38028_D02_S005,38028_D02_S005,Puerto de La Cruz,2,5,46186.0,16121.0,20691.0,17150.0,1.206472303206997,2024,20240101_38028_D02_S005,3.8,19.1,17.4,2.3,57.4,20230101_38028_D02_S005,214.0,27.0,110.0,427.0,778.0,751.0,28.495339547270305,14.647137150466046,20230101_38028_D02_S005,10.0,36.0,32.0,0.0,700.0,778.0,89.97429305912597,8.740359897172237,media-alta
2023,20240101_38028_D03_S001,38028_D03_S001,Puerto de La Cruz,3,1,36204.0,15967.0,19125.0,17150.0,1.1151603498542273,2024,20240101_38028_D03_S001,5.2,17.3,26.7,2.4,48.5,20230101_38028_D03_S001,132.0,12.0,30.0,210.0,384.0,372.0,35.483870967741936,8.064516129032258,20230101_38028_D03_S001,1.0,15.0,9.0,0.0,359.0,384.0,93.48958333333333,6.25,media-baja
2023,20240101_38028_D03_S002,38028_D03_S002,Puerto de La Cruz,3,2,32872.0,14950.0,18080.0,15750.0,1.147936507936508,2024,20240101_38028_D03_S002,4.0,13.0,34.2,2.2,46.6,20230101_38028_D03_S002,111.0,14.0,51.0,224.0,400.0,386.0,28.756476683937823,13.212435233160623,20230101_38028_D03_S002,5.0,21.0,15.0,0.0,359.0,400.0,89.75,9.0,media-baja
2023,20240101_38028_D03_S003,38028_D03_S003,Puerto de La Cruz,3,3,29676.0,12948.0,16373.0,15750.0,1.0395555555555556,2024,20240101_38028_D03_S003,6.0,5.4,28.2,2.7,57.7,20230101_38028_D03_S003,76.0,18.0,54.0,190.0,338.0,320.0,23.75,16.875,20230101_38028_D03_S003,2.0,7.0,19.0,0.0,310.0,338.0,91.71597633136095,7.6923076923076925,media-baja
2023,20240101_38028_D03_S004,38028_D03_S004,Puerto de La Cruz,3,4,32792.0,14942.0,18049.0,15750.0,1.1459682539682539,2024,20240101_38028_D03_S004,4.5,14.0,29.9,2.4,49.3,20230101_38028_D03_S004,157.0,26.0,55.0,306.0,544.0,518.0,30.30888030888031,10.617760617760618,20230101_38028_D03_S004,6.0,27.0,15.0,0.0,496.0,544.0,91.17647058823529,7.720588235294118,media-baja
2023,20240101_38028_D03_S005,38028_D03_S005,Puerto de La Cruz,3,5,34331.0,13794.0,17620.0,17150.0,1.027405247813411,2024,20240101_38028_D03_S005,4.5,6.4,33.8,2.4,53.0,20230101_38028_D03_S005,91.0,10.0,63.0,254.0,418.0,408.0,22.30392156862745,15.441176470588236,20230101_38028_D03_S005,1.0,15.0,13.0,0.0,389.0,418.0,93.0622009569378,6.698564593301436,media-baja
2023,20240101_38028_D03_S006,38028_D03_S006,Puerto de La Cruz,3,6,31010.0,14385.0,17710.0,15750.0,1.1244444444444444,2024,20240101_38028_D03_S006,6.0,10.4,35.8,2.4,45.3,20230101_38028_D03_S006,83.0,16.0,51.0,241.0,391.0,375.0,22.133333333333333,13.6,20230101_38028_D03_S006,6.0,13.0,12.0,0.0,360.0,391.0,92.07161125319693,6.3938618925831205,media-baja
2023,20240101_38028_D04_S001,38028_D04_S001,Puerto de La Cruz,4,1,32990.0,11751.0,15990.0,15750.0,1.0152380952380953,2024,20240101_38028_D04_S001,6.4,9.5,28.6,3.5,52.1,20230101_38028_D04_S001,100.0,21.0,68.0,300.0,489.0,468.0,21.367521367521366,14.52991452991453,20230101_38028_D04_S001,6.0,32.0,15.0,0.0,436.0,489.0,89.16155419222903,9.611451942740286,baja
2023,20240101_38028_D04_S002,38028_D04_S002,Puerto de La Cruz,4,2,33482.0,11561.0,15833.0,14350.0,1.1033449477351915,2024,20240101_38028_D04_S002,8.0,7.0,21.7,3.8,59.5,20230101_38028_D04_S002,78.0,18.0,79.0,242.0,417.0,399.0,19.548872180451127,19.79949874686717,20230101_38028_D04_S002,8.0,30.0,14.0,0.0,365.0,417.0,87.52997601918466,10.551558752997602,baja
2023,20240101_38028_D04_S003,38028_D04_S003,Puerto de La Cruz,4,3,36813.0,12527.0,16935.0,15050.0,1.125249169435216,2024,20240101_38028_D04_S003,5.1,10.6,21.4,2.8,60.0,20230101_38028_D04_S003,133.0,24.0,122.0,472.0,751.0,727.0,18.29436038514443,16.781292984869324,20230101_38028_D04_S003,13.0,46.0,30.0,0.0,662.0,751.0,88.1491344873502,10.119840213049267,media-baja
2023,20240101_38028_D04_S004,38028_D04_S004,Puerto de La Cruz,4,4,44449.0,18441.0,21433.0,17850.0,1.2007282913165267,2024,20240101_38028_D04_S004,4.1,20.3,22.5,1.7,51.4,20230101_38028_D04_S004,229.0,29.0,55.0,318.0,631.0,602.0,38.03986710963455,9.136212624584717,20230101_38028_D04_S004,8.0,24.0,20.0,1.0,578.0,630.0,91.74603174603175,6.984126984126984,media-alta
2023,20240101_38028_D04_S005,38028_D04_S005,Puerto de La Cruz,4,5,31357.0,10740.0,15034.0,14350.0,1.047665505226481,2024,20240101_38028_D04_S005,8.7,4.7,31.0,3.7,51.9,20230101_38028_D04_S005,39.0,9.0,51.0,180.0,279.0,270.0,14.444444444444445,18.88888888888889,20230101_38028_D04_S005,3.0,19.0,7.0,0.0,250.0,279.0,89.60573476702508,9.31899641577061,baja
2023,20240101_38029_D01_S001,38029_D01_S001,Puntagorda,1,1,32686.0,11849.0,16419.0,13650.0,1.2028571428571428,2024,20240101_38029_D01_S001,4.2,21.8,19.6,4.3,50.2,20230101_38029_D01_S001,94.0,21.0,72.0,233.0,420.0,399.0,23.55889724310777,18.045112781954888,20230101_38029_D01_S001,50.0,73.0,17.0,0.0,280.0,420.0,66.66666666666667,21.428571428571427,baja
2023,20240101_38029_D01_S002,38029_D01_S002,Puntagorda,1,2,35066.0,11978.0,16693.0,14350.0,1.1632752613240418,2024,20240101_38029_D01_S002,3.5,17.9,20.9,2.6,55.0,20230101_38029_D01_S002,96.0,24.0,56.0,243.0,419.0,395.0,24.303797468354432,14.177215189873417,20230101_38029_D01_S002,46.0,49.0,24.0,0.0,300.0,419.0,71.59904534606206,17.422434367541765,baja
2023,20240101_38030_D01_S001,38030_D01_S001,Puntallana,1,1,42331.0,15114.0,20811.0,18550.0,1.1218867924528302,2024,20240101_38030_D01_S001,4.2,14.2,19.1,2.5,59.9,20230101_38030_D01_S001,155.0,29.0,79.0,342.0,605.0,576.0,26.90972222222222,13.715277777777779,20230101_38030_D01_S001,42.0,56.0,24.0,0.0,483.0,605.0,79.83471074380165,13.223140495867769,media-baja
2023,20240101_38030_D01_S002,38030_D01_S002,Puntallana,1,2,42804.0,14998.0,21069.0,17850.0,1.1803361344537815,2024,20240101_38030_D01_S002,2.5,14.7,22.9,1.8,58.0,20230101_38030_D01_S002,143.0,28.0,69.0,236.0,476.0,448.0,31.919642857142858,15.401785714285714,20230101_38030_D01_S002,54.0,39.0,25.0,0.0,358.0,476.0,75.21008403361344,13.445378151260504,media-baja
2023,20240101_38031_D01_S001,38031_D01_S001,Los Realejos,1,1,38311.0,14298.0,18777.0,16450.0,1.1414589665653496,2024,20240101_38031_D01_S001,4.3,18.5,20.9,3.0,53.3,20230101_38031_D01_S001,89.0,10.0,66.0,198.0,363.0,353.0,25.21246458923513,18.69688385269122,20230101_38031_D01_S001,9.0,35.0,15.0,0.0,304.0,363.0,83.7465564738292,13.774104683195592,media-baja
2023,20240101_38031_D01_S002,38031_D01_S002,Los Realejos,1,2,42775.0,14950.0,19380.0,17150.0,1.1300291545189505,2024,20240101_38031_D01_S002,4.4,15.3,17.1,2.5,60.7,20230101_38031_D01_S002,270.0,38.0,94.0,546.0,948.0,910.0,29.67032967032967,10.32967032967033,20230101_38031_D01_S002,9.0,57.0,55.0,0.0,827.0,948.0,87.23628691983123,11.814345991561181,media-baja
2023,20240101_38031_D01_S003,38031_D01_S003,Los Realejos,1,3,38293.0,14185.0,18348.0,17150.0,1.0698542274052478,2024,20240101_38031_D01_S003,4.9,10.0,18.2,2.8,64.1,20230101_38031_D01_S003,253.0,32.0,82.0,496.0,863.0,831.0,30.445246690734056,9.867629362214199,20230101_38031_D01_S003,9.0,59.0,35.0,0.0,760.0,863.0,88.0648899188876,10.89223638470452,media-baja
2023,20240101_38031_D01_S004,38031_D01_S004,Los Realejos,1,4,34600.0,13782.0,17402.0,15750.0,1.1048888888888888,2024,20240101_38031_D01_S004,4.1,8.9,20.6,2.9,63.5,20230101_38031_D01_S004,259.0,33.0,134.0,580.0,1006.0,973.0,26.618705035971225,13.771839671120247,20230101_38031_D01_S004,19.0,59.0,37.0,0.0,891.0,1006.0,88.56858846918489,9.542743538767395,media-baja
2023,20240101_38031_D01_S005,38031_D01_S005,Los Realejos,1,5,36031.0,12511.0,16847.0,15750.0,1.0696507936507937,2024,20240101_38031_D01_S005,4.7,7.7,19.9,3.3,64.4,20230101_38031_D01_S005,157.0,24.0,107.0,447.0,735.0,711.0,22.081575246132207,15.049226441631506,20230101_38031_D01_S005,18.0,71.0,41.0,0.0,605.0,735.0,82.31292517006803,15.238095238095237,media-baja
2023,20240101_38031_D01_S006,38031_D01_S006,Los Realejos,1,6,36702.0,14582.0,18361.0,16450.0,1.1161702127659574,2024,20240101_38031_D01_S006,3.7,16.8,16.3,2.2,61.0,20230101_38031_D01_S006,141.0,23.0,64.0,321.0,549.0,526.0,26.806083650190114,12.167300380228136,20230101_38031_D01_S006,10.0,37.0,25.0,0.0,477.0,549.0,86.88524590163935,11.293260473588342,media-baja
2023,20240101_38031_D01_S007,38031_D01_S007,Los Realejos,1,7,35561.0,11675.0,16380.0,15750.0,1.04,2024,20240101_38031_D01_S007,5.5,6.2,21.4,3.5,63.5,20230101_38031_D01_S007,78.0,7.0,85.0,282.0,452.0,445.0,17.528089887640448,19.10112359550562,20230101_38031_D01_S007,9.0,69.0,28.0,0.0,346.0,452.0,76.54867256637168,21.460176991150444,baja
2023,20240101_38031_D01_S008,38031_D01_S008,Los Realejos,1,8,38725.0,13897.0,18139.0,17150.0,1.057667638483965,2024,20240101_38031_D01_S008,3.9,10.9,13.7,2.4,69.1,20230101_38031_D01_S008,192.0,18.0,80.0,411.0,701.0,683.0,28.111273792093705,11.71303074670571,20230101_38031_D01_S008,17.0,44.0,37.0,0.0,603.0,701.0,86.01997146932953,11.554921540656206,media-baja
2023,20240101_38031_D02_S001,38031_D02_S001,Los Realejos,2,1,39036.0,14230.0,18577.0,16450.0,1.1293009118541033,2024,20240101_38031_D02_S001,4.7,12.2,19.7,2.6,60.9,20230101_38031_D02_S001,220.0,27.0,80.0,386.0,713.0,686.0,32.06997084548105,11.661807580174926,20230101_38031_D02_S001,20.0,68.0,39.0,0.0,586.0,713.0,82.18793828892005,15.007012622720898,media-baja
2023,20240101_38031_D02_S002,38031_D02_S002,Los Realejos,2,2,39515.0,12851.0,17723.0,16450.0,1.077386018237082,2024,20240101_38031_D02_S002,4.5,8.0,18.9,2.8,65.8,20230101_38031_D02_S002,158.0,20.0,65.0,367.0,610.0,590.0,26.779661016949152,11.016949152542374,20230101_38031_D02_S002,9.0,72.0,31.0,0.0,498.0,610.0,81.63934426229508,16.885245901639344,media-baja
2023,20240101_38031_D02_S003,38031_D02_S003,Los Realejos,2,3,35673.0,11618.0,16165.0,15050.0,1.0740863787375414,2024,20240101_38031_D02_S003,5.5,6.6,24.4,3.4,60.1,20230101_38031_D02_S003,108.0,16.0,94.0,322.0,540.0,524.0,20.610687022900763,17.938931297709924,20230101_38031_D02_S003,13.0,64.0,34.0,0.0,429.0,540.0,79.44444444444444,18.14814814814815,baja
2023,20240101_38031_D03_S001,38031_D03_S001,Los Realejos,3,1,35856.0,12516.0,16865.0,15750.0,1.0707936507936509,2024,20240101_38031_D03_S001,5.4,12.6,20.1,3.2,58.7,20230101_38031_D03_S001,106.0,29.0,84.0,400.0,619.0,590.0,17.966101694915253,14.23728813559322,20230101_38031_D03_S001,16.0,68.0,26.0,0.0,509.0,619.0,82.22940226171244,15.18578352180937,media-baja
2023,20240101_38031_D03_S002,38031_D03_S002,Los Realejos,3,2,40886.0,13695.0,18419.0,16450.0,1.119696048632219,2024,20240101_38031_D03_S002,3.0,15.8,21.4,2.6,57.2,20230101_38031_D03_S002,84.0,24.0,76.0,264.0,448.0,424.0,19.81132075471698,17.92452830188679,20230101_38031_D03_S002,15.0,49.0,30.0,0.0,354.0,448.0,79.01785714285714,17.633928571428573,media-baja
2023,20240101_38031_D03_S003,38031_D03_S003,Los Realejos,3,3,32820.0,11380.0,15712.0,15050.0,1.043986710963455,2024,20240101_38031_D03_S003,6.1,6.2,22.5,4.6,60.6,20230101_38031_D03_S003,110.0,18.0,124.0,376.0,628.0,610.0,18.0327868852459,20.327868852459016,20230101_38031_D03_S003,26.0,70.0,25.0,0.0,507.0,628.0,80.73248407643312,15.127388535031848,baja
2023,20240101_38031_D03_S004,38031_D03_S004,Los Realejos,3,4,42538.0,14941.0,19439.0,17150.0,1.133469387755102,2024,20240101_38031_D03_S004,3.9,10.9,16.4,2.2,66.6,20230101_38031_D03_S004,176.0,16.0,43.0,307.0,542.0,526.0,33.460076045627375,8.17490494296578,20230101_38031_D03_S004,9.0,31.0,19.0,0.0,483.0,542.0,89.11439114391143,9.22509225092251,media-baja
2023,20240101_38031_D03_S005,38031_D03_S005,Los Realejos,3,5,36314.0,12614.0,17214.0,16450.0,1.0464437689969606,2024,20240101_38031_D03_S005,4.9,8.4,24.8,3.0,58.8,20230101_38031_D03_S005,129.0,23.0,82.0,412.0,646.0,623.0,20.70626003210273,13.162118780096309,20230101_38031_D03_S005,25.0,66.0,25.0,0.0,530.0,646.0,82.04334365325077,14.086687306501547,media-baja
2023,20240101_38031_D04_S001,38031_D04_S001,Los Realejos,4,1,34492.0,14576.0,18223.0,16450.0,1.1077811550151975,2024,20240101_38031_D04_S001,4.4,12.6,20.1,3.6,59.3,20230101_38031_D04_S001,172.0,27.0,74.0,340.0,613.0,586.0,29.351535836177476,12.627986348122867,20230101_38031_D04_S001,9.0,40.0,15.0,0.0,549.0,613.0,89.55954323001632,8.97226753670473,media-baja
2023,20240101_38031_D04_S002,38031_D04_S002,Los Realejos,4,2,43137.0,17348.0,20802.0,17850.0,1.1653781512605041,2024,20240101_38031_D04_S002,2.6,18.4,15.0,2.2,61.9,20230101_38031_D04_S002,253.0,28.0,64.0,409.0,754.0,726.0,34.84848484848485,8.81542699724518,20230101_38031_D04_S002,10.0,42.0,28.0,0.0,674.0,754.0,89.38992042440319,9.283819628647215,media-alta
2023,20240101_38031_D04_S003,38031_D04_S003,Los Realejos,4,3,49127.0,19604.0,23604.0,19950.0,1.1831578947368422,2024,20240101_38031_D04_S003,2.7,19.7,22.4,1.6,53.6,20230101_38031_D04_S003,220.0,16.0,43.0,245.0,524.0,508.0,43.30708661417323,8.464566929133857,20230101_38031_D04_S003,7.0,26.0,25.0,0.0,466.0,524.0,88.93129770992367,9.732824427480915,media-alta
2023,20240101_38031_D04_S004,38031_D04_S004,Los Realejos,4,4,33955.0,14045.0,17645.0,15750.0,1.1203174603174604,2024,20240101_38031_D04_S004,4.2,16.1,22.4,2.9,54.4,20230101_38031_D04_S004,146.0,17.0,84.0,341.0,588.0,571.0,25.569176882661996,14.711033274956216,20230101_38031_D04_S004,19.0,36.0,18.0,1.0,514.0,587.0,87.56388415672913,9.199318568994888,media-baja
2023,20240101_38031_D05_S001,38031_D05_S001,Los Realejos,5,1,37785.0,11055.0,16071.0,15750.0,1.0203809523809524,2024,20240101_38031_D05_S001,5.2,4.5,26.8,4.3,59.2,20230101_38031_D05_S001,59.0,14.0,106.0,239.0,418.0,404.0,14.603960396039604,26.237623762376238,20230101_38031_D05_S001,19.0,79.0,11.0,0.0,309.0,418.0,73.92344497607655,21.5311004784689,baja
2023,20240101_38031_D05_S002,38031_D05_S002,Los Realejos,5,2,35381.0,11417.0,16359.0,15750.0,1.0386666666666666,2024,20240101_38031_D05_S002,6.4,5.0,26.8,4.3,57.5,20230101_38031_D05_S002,48.0,16.0,124.0,231.0,419.0,403.0,11.910669975186105,30.76923076923077,20230101_38031_D05_S002,41.0,100.0,17.0,0.0,261.0,419.0,62.29116945107398,27.9236276849642,baja
2023,20240101_38031_D05_S003,38031_D05_S003,Los Realejos,5,3,37129.0,11439.0,16396.0,15750.0,1.041015873015873,2024,20240101_38031_D05_S003,4.8,7.4,21.8,5.2,60.8,20230101_38031_D05_S003,47.0,10.0,95.0,212.0,364.0,354.0,13.27683615819209,26.836158192090394,20230101_38031_D05_S003,19.0,74.0,16.0,0.0,255.0,364.0,70.05494505494505,24.725274725274726,baja
2023,20240101_38031_D06_S001,38031_D06_S001,Los Realejos,6,1,37679.0,10765.0,15735.0,14350.0,1.0965156794425086,2024,20240101_38031_D06_S001,7.6,7.8,21.5,4.6,58.6,20230101_38031_D06_S001,54.0,11.0,131.0,258.0,454.0,443.0,12.18961625282167,29.571106094808126,20230101_38031_D06_S001,34.0,97.0,32.0,0.0,291.0,454.0,64.09691629955947,28.41409691629956,baja
2023,20240101_38031_D06_S002,38031_D06_S002,Los Realejos,6,2,38348.0,10894.0,16004.0,15050.0,1.063388704318937,2024,20240101_38031_D06_S002,6.8,9.3,22.2,3.5,58.3,20230101_38031_D06_S002,74.0,16.0,141.0,353.0,584.0,568.0,13.028169014084508,24.823943661971832,20230101_38031_D06_S002,66.0,133.0,25.0,0.0,360.0,584.0,61.64383561643836,27.054794520547944,baja
2023,20240101_38032_D01_S001,38032_D01_S001,El Rosario,1,1,50162.0,16898.0,21813.0,18550.0,1.1759029649595687,2024,20240101_38032_D01_S001,4.0,13.1,18.4,1.7,62.9,20230101_38032_D01_S001,116.0,13.0,43.0,174.0,346.0,333.0,34.83483483483484,12.912912912912914,20230101_38032_D01_S001,2.0,26.0,22.0,0.0,296.0,346.0,85.54913294797687,13.872832369942197,media-alta
2023,20240101_38032_D01_S002,38032_D01_S002,El Rosario,1,2,44033.0,14830.0,19788.0,18550.0,1.0667385444743935,2024,20240101_38032_D01_S002,4.1,9.2,22.0,2.5,62.2,20230101_38032_D01_S002,65.0,12.0,59.0,169.0,305.0,293.0,22.18430034129693,20.13651877133106,20230101_38032_D01_S002,6.0,17.0,31.0,0.0,251.0,305.0,82.29508196721312,15.737704918032787,media-baja
2023,20240101_38032_D01_S003,38032_D01_S003,El Rosario,1,3,50570.0,16875.0,21599.0,19250.0,1.122025974025974,2024,20240101_38032_D01_S003,3.2,11.4,20.5,2.1,62.9,20230101_38032_D01_S003,266.0,34.0,99.0,406.0,805.0,771.0,34.50064850843061,12.84046692607004,20230101_38032_D01_S003,10.0,62.0,54.0,0.0,679.0,805.0,84.34782608695652,14.409937888198758,media-alta
2023,20240101_38032_D01_S004,38032_D01_S004,El Rosario,1,4,54473.0,24582.0,27540.0,23450.0,1.174413646055437,2024,20240101_38032_D01_S004,2.5,16.5,11.2,1.3,68.5,20230101_38032_D01_S004,460.0,41.0,37.0,409.0,947.0,906.0,50.77262693156733,4.083885209713024,20230101_38032_D01_S004,2.0,43.0,43.0,1.0,858.0,946.0,90.69767441860465,9.090909090909092,alta
2023,20240101_38032_D01_S005,38032_D01_S005,El Rosario,1,5,40970.0,14347.0,19002.0,17850.0,1.0645378151260505,2024,20240101_38032_D01_S005,4.7,9.0,23.0,3.4,59.8,20230101_38032_D01_S005,58.0,13.0,62.0,188.0,321.0,308.0,18.83116883116883,20.12987012987013,20230101_38032_D01_S005,12.0,32.0,23.0,0.0,254.0,321.0,79.12772585669782,17.133956386292834,media-baja
2023,20240101_38032_D01_S006,38032_D01_S006,El Rosario,1,6,66922.0,27818.0,31586.0,28350.0,1.1141446208112875,2024,20240101_38032_D01_S006,2.5,19.0,11.8,1.1,65.6,20230101_38032_D01_S006,586.0,50.0,24.0,347.0,1007.0,957.0,61.23301985370951,2.5078369905956115,20230101_38032_D01_S006,5.0,40.0,39.0,0.0,923.0,1007.0,91.6583912611718,7.845084409136048,alta
2023,20240101_38032_D01_S007,38032_D01_S007,El Rosario,1,7,47912.0,15356.0,20607.0,19250.0,1.0704935064935064,2024,20240101_38032_D01_S007,3.9,10.7,21.7,1.9,61.8,20230101_38032_D01_S007,183.0,20.0,56.0,365.0,624.0,604.0,30.29801324503311,9.271523178807946,20230101_38032_D01_S007,4.0,42.0,50.0,0.0,528.0,624.0,84.61538461538461,14.743589743589743,media-baja
2023,20240101_38032_D01_S008,38032_D01_S008,El Rosario,1,8,68821.0,23986.0,28845.0,26250.0,1.0988571428571428,2024,20240101_38032_D01_S008,2.8,12.1,19.0,0.8,65.2,20230101_38032_D01_S008,403.0,40.0,20.0,294.0,757.0,717.0,56.206415620641565,2.789400278940028,20230101_38032_D01_S008,3.0,34.0,26.0,0.0,694.0,757.0,91.6776750330251,7.926023778071334,alta
2023,20240101_38032_D01_S009,38032_D01_S009,El Rosario,1,9,52012.0,16198.0,21644.0,20650.0,1.048135593220339,2024,20240101_38032_D01_S009,4.3,9.9,22.4,2.6,60.8,20230101_38032_D01_S009,99.0,10.0,51.0,155.0,315.0,305.0,32.459016393442624,16.721311475409838,20230101_38032_D01_S009,4.0,28.0,18.0,0.0,265.0,315.0,84.12698412698413,14.603174603174603,media-alta
2023,20240101_38032_D01_S010,38032_D01_S010,El Rosario,1,10,48348.0,15980.0,20717.0,18550.0,1.1168194070080864,2024,20240101_38032_D01_S010,3.7,11.4,22.4,2.5,60.1,20230101_38032_D01_S010,189.0,24.0,102.0,383.0,698.0,674.0,28.041543026706233,15.13353115727003,20230101_38032_D01_S010,12.0,51.0,71.0,0.0,564.0,698.0,80.80229226361031,17.478510028653297,media-baja
2023,20240101_38032_D01_S011,38032_D01_S011,El Rosario,1,11,71310.0,26641.0,31277.0,26950.0,1.160556586270872,2024,20240101_38032_D01_S011,2.7,19.3,9.4,1.1,67.5,20230101_38032_D01_S011,454.0,55.0,33.0,353.0,895.0,840.0,54.04761904761905,3.9285714285714284,20230101_38032_D01_S011,4.0,53.0,35.0,0.0,803.0,895.0,89.72067039106145,9.832402234636872,alta
2023,20240101_38032_D01_S012,38032_D01_S012,El Rosario,1,12,86230.0,34122.0,38085.0,30450.0,1.2507389162561577,2024,20240101_38032_D01_S012,2.1,23.9,11.7,0.7,61.7,20230101_38032_D01_S012,392.0,32.0,12.0,227.0,663.0,631.0,62.12361331220285,1.901743264659271,20230101_38032_D01_S012,5.0,28.0,30.0,0.0,600.0,663.0,90.49773755656109,8.74811463046757,alta
2023,20240101_38032_D01_S013,38032_D01_S013,El Rosario,1,13,67798.0,24190.0,29066.0,26250.0,1.1072761904761905,2024,20240101_38032_D01_S013,2.3,16.8,11.1,1.1,68.7,20230101_38032_D01_S013,263.0,29.0,39.0,187.0,518.0,489.0,53.78323108384458,7.975460122699387,20230101_38032_D01_S013,1.0,26.0,33.0,0.0,458.0,518.0,88.41698841698842,11.38996138996139,alta
2023,20240101_38033_D01_S001,38033_D01_S001,San Andrés y Sauces,1,1,40870.0,14781.0,20527.0,16450.0,1.2478419452887537,2024,20240101_38033_D01_S001,4.5,15.8,23.2,2.4,54.2,20230101_38033_D01_S001,136.0,36.0,71.0,279.0,522.0,486.0,27.983539094650205,14.609053497942387,20230101_38033_D01_S001,67.0,46.0,26.0,0.0,383.0,522.0,73.37164750957854,13.793103448275861,media-baja
2023,20240101_38033_D01_S002,38033_D01_S002,San Andrés y Sauces,1,2,40445.0,15586.0,21094.0,17150.0,1.2299708454810496,2024,20240101_38033_D01_S002,4.0,20.4,17.2,2.3,56.2,20230101_38033_D01_S002,70.0,19.0,36.0,178.0,303.0,284.0,24.64788732394366,12.67605633802817,20230101_38033_D01_S002,33.0,16.0,18.0,1.0,235.0,302.0,77.81456953642385,11.258278145695364,media-baja
2023,20240101_38033_D01_S003,38033_D01_S003,San Andrés y Sauces,1,3,43450.0,15806.0,22379.0,17850.0,1.2537254901960784,2024,20240101_38033_D01_S003,3.8,23.9,21.7,2.1,48.5,20230101_38033_D01_S003,135.0,51.0,91.0,291.0,568.0,517.0,26.11218568665377,17.60154738878143,20230101_38033_D01_S003,78.0,44.0,41.0,0.0,405.0,568.0,71.30281690140845,14.964788732394366,media-baja
2023,20240101_38033_D02_S001,38033_D02_S001,San Andrés y Sauces,2,1,41523.0,15304.0,21130.0,18550.0,1.1390835579514824,2024,20240101_38033_D02_S001,4.0,13.1,27.7,1.6,53.7,20230101_38033_D02_S001,127.0,40.0,83.0,268.0,518.0,478.0,26.569037656903767,17.364016736401673,20230101_38033_D02_S001,88.0,35.0,27.0,2.0,366.0,516.0,70.93023255813954,12.015503875968992,media-baja
2023,20240101_38034_D01_S001,38034_D01_S001,San Juan de la Rambla,1,1,44193.0,16729.0,21338.0,18550.0,1.1502964959568733,2024,20240101_38034_D01_S001,4.4,13.7,24.6,1.9,55.4,20230101_38034_D01_S001,189.0,12.0,57.0,230.0,488.0,476.0,39.705882352941174,11.974789915966387,20230101_38034_D01_S001,20.0,29.0,14.0,0.0,425.0,488.0,87.09016393442623,8.811475409836065,media-alta
2023,20240101_38034_D01_S002,38034_D01_S002,San Juan de la Rambla,1,2,35221.0,12564.0,17162.0,16450.0,1.0432826747720365,2024,20240101_38034_D01_S002,5.1,6.6,16.1,3.4,68.8,20230101_38034_D01_S002,131.0,30.0,132.0,442.0,735.0,705.0,18.581560283687942,18.72340425531915,20230101_38034_D01_S002,41.0,80.0,25.0,0.0,589.0,735.0,80.1360544217687,14.285714285714286,media-baja
2023,20240101_38034_D01_S003,38034_D01_S003,San Juan de la Rambla,1,3,32498.0,11451.0,15613.0,15750.0,0.9913015873015874,2024,20240101_38034_D01_S003,3.9,6.6,22.5,3.8,63.2,20230101_38034_D01_S003,38.0,9.0,42.0,186.0,275.0,266.0,14.285714285714286,15.789473684210526,20230101_38034_D01_S003,16.0,51.0,8.0,0.0,200.0,275.0,72.72727272727273,21.454545454545453,baja
2023,20240101_38034_D01_S004,38034_D01_S004,San Juan de la Rambla,1,4,31061.0,12031.0,15961.0,15050.0,1.060531561461794,2024,20240101_38034_D01_S004,5.0,7.1,17.9,3.5,66.6,20230101_38034_D01_S004,58.0,14.0,97.0,298.0,467.0,453.0,12.803532008830022,21.41280353200883,20230101_38034_D01_S004,37.0,91.0,21.0,0.0,318.0,467.0,68.09421841541756,23.98286937901499,media-baja
2023,20240101_38035_D01_S001,38035_D01_S001,San Miguel de Abona,1,1,47731.0,16243.0,21056.0,18550.0,1.1350943396226416,2024,20240101_38035_D01_S001,3.2,19.8,16.1,2.3,58.6,20230101_38035_D01_S001,260.0,40.0,152.0,615.0,1067.0,1027.0,25.31645569620253,14.800389483933788,20230101_38035_D01_S001,19.0,80.0,54.0,0.0,914.0,1067.0,85.66073102155576,12.558575445173384,media-alta
2023,20240101_38035_D01_S002,38035_D01_S002,San Miguel de Abona,1,2,41221.0,13947.0,18825.0,17150.0,1.097667638483965,2024,20240101_38035_D01_S002,3.4,13.9,18.2,2.7,61.9,20230101_38035_D01_S002,172.0,29.0,142.0,534.0,877.0,848.0,20.28301886792453,16.745283018867923,20230101_38035_D01_S002,29.0,52.0,32.0,0.0,764.0,877.0,87.115165336374,9.578107183580387,media-baja
2023,20240101_38035_D01_S003,38035_D01_S003,San Miguel de Abona,1,3,45158.0,15136.0,19960.0,17850.0,1.1182072829131653,2024,20240101_38035_D01_S003,3.2,16.9,15.6,2.3,62.0,20230101_38035_D01_S003,209.0,36.0,145.0,654.0,1044.0,1008.0,20.734126984126984,14.384920634920634,20230101_38035_D01_S003,26.0,69.0,61.0,0.0,888.0,1044.0,85.05747126436782,12.452107279693486,media-baja
2023,20240101_38035_D01_S004,38035_D01_S004,San Miguel de Abona,1,4,33149.0,12921.0,16122.0,14350.0,1.1234843205574914,2024,20240101_38035_D01_S004,2.8,18.5,13.8,2.1,62.8,20230101_38035_D01_S004,535.0,117.0,310.0,1433.0,2395.0,2278.0,23.485513608428445,13.608428446005268,20230101_38035_D01_S004,33.0,133.0,62.0,2.0,2165.0,2393.0,90.47221061429168,8.148767237776848,media-baja
2023,20240101_38035_D01_S005,38035_D01_S005,San Miguel de Abona,1,5,42017.0,13611.0,18580.0,17150.0,1.0833819241982507,2024,20240101_38035_D01_S005,4.1,15.4,15.4,2.8,62.3,20230101_38035_D01_S005,81.0,12.0,80.0,255.0,428.0,416.0,19.471153846153847,19.23076923076923,20230101_38035_D01_S005,16.0,24.0,38.0,0.0,350.0,428.0,81.77570093457943,14.485981308411215,media-baja
2023,20240101_38035_D01_S006,38035_D01_S006,San Miguel de Abona,1,6,34327.0,12313.0,16472.0,15750.0,1.0458412698412698,2024,20240101_38035_D01_S006,4.3,6.9,10.7,3.0,75.1,20230101_38035_D01_S006,80.0,26.0,162.0,439.0,707.0,681.0,11.747430249632894,23.788546255506606,20230101_38035_D01_S006,24.0,47.0,20.0,0.0,616.0,707.0,87.12871287128714,9.476661951909477,media-baja
2023,20240101_38035_D01_S007,38035_D01_S007,San Miguel de Abona,1,7,44709.0,14485.0,19127.0,17850.0,1.0715406162464987,2024,20240101_38035_D01_S007,3.2,13.2,6.4,2.0,75.1,20230101_38035_D01_S007,256.0,46.0,99.0,655.0,1056.0,1010.0,25.346534653465348,9.801980198019802,20230101_38035_D01_S007,16.0,60.0,37.0,0.0,943.0,1056.0,89.29924242424242,9.18560606060606,media-baja
2023,20240101_38035_D01_S008,38035_D01_S008,San Miguel de Abona,1,8,45865.0,15618.0,19994.0,17850.0,1.1201120448179271,2024,20240101_38035_D01_S008,3.2,19.5,6.8,2.1,68.4,20230101_38035_D01_S008,286.0,49.0,109.0,690.0,1134.0,1085.0,26.359447004608295,10.046082949308756,20230101_38035_D01_S008,17.0,47.0,36.0,0.0,1034.0,1134.0,91.18165784832452,7.319223985890653,media-baja
2023,20240101_38035_D01_S009,38035_D01_S009,San Miguel de Abona,1,9,33406.0,11904.0,15912.0,15050.0,1.0572757475083057,2024,20240101_38035_D01_S009,3.8,8.6,10.4,3.6,73.5,20230101_38035_D01_S009,130.0,39.0,253.0,622.0,1044.0,1005.0,12.935323383084578,25.17412935323383,20230101_38035_D01_S009,50.0,72.0,47.0,0.0,875.0,1044.0,83.81226053639847,11.398467432950191,baja
2023,20240101_38036_D01_S001,38036_D01_S001,San Sebastián de La Gomera,1,1,53375.0,20731.0,24897.0,21350.0,1.166135831381733,2024,20240101_38036_D01_S001,2.8,14.8,19.3,1.5,61.6,20230101_38036_D01_S001,251.0,30.0,68.0,301.0,650.0,620.0,40.483870967741936,10.96774193548387,20230101_38036_D01_S001,11.0,51.0,20.0,0.0,568.0,650.0,87.38461538461539,10.923076923076923,alta
2023,20240101_38036_D01_S002,38036_D01_S002,San Sebastián de La Gomera,1,2,42269.0,16565.0,21152.0,19250.0,1.098805194805195,2024,20240101_38036_D01_S002,4.2,9.9,20.9,2.0,63.0,20230101_38036_D01_S002,192.0,44.0,142.0,464.0,842.0,798.0,24.06015037593985,17.794486215538846,20230101_38036_D01_S002,31.0,74.0,26.0,0.0,711.0,842.0,84.44180522565321,11.876484560570072,media-alta
2023,20240101_38036_D01_S003,38036_D01_S003,San Sebastián de La Gomera,1,3,47021.0,17499.0,22170.0,19250.0,1.1516883116883117,2024,20240101_38036_D01_S003,4.4,12.0,19.8,1.8,62.0,20230101_38036_D01_S003,82.0,11.0,52.0,189.0,334.0,323.0,25.386996904024766,16.09907120743034,20230101_38036_D01_S003,13.0,30.0,15.0,0.0,276.0,334.0,82.63473053892216,13.47305389221557,media-alta
2023,20240101_38036_D01_S005,38036_D01_S005,San Sebastián de La Gomera,1,5,47917.0,17459.0,22168.0,19950.0,1.1111779448621555,2024,20240101_38036_D01_S005,3.2,9.8,16.4,1.9,68.7,20230101_38036_D01_S005,261.0,42.0,129.0,440.0,872.0,830.0,31.44578313253012,15.542168674698795,20230101_38036_D01_S005,27.0,75.0,29.0,2.0,739.0,870.0,84.94252873563218,11.954022988505747,media-alta
2023,20240101_38036_D01_S006,38036_D01_S006,San Sebastián de La Gomera,1,6,46130.0,17811.0,22165.0,19950.0,1.1110275689223057,2024,20240101_38036_D01_S006,3.9,11.0,20.1,1.9,63.0,20230101_38036_D01_S006,204.0,22.0,90.0,275.0,591.0,569.0,35.85237258347979,15.817223198594025,20230101_38036_D01_S006,18.0,46.0,19.0,1.0,507.0,590.0,85.9322033898305,11.016949152542374,media-alta
2023,20240101_38036_D01_S007,38036_D01_S007,San Sebastián de La Gomera,1,7,42609.0,14708.0,19583.0,18550.0,1.0556873315363882,2024,20240101_38036_D01_S007,5.0,8.2,16.4,2.7,67.7,20230101_38036_D01_S007,68.0,15.0,89.0,197.0,369.0,354.0,19.2090395480226,25.141242937853107,20230101_38036_D01_S007,12.0,48.0,17.0,0.0,292.0,369.0,79.13279132791328,17.615176151761517,media-baja
2023,20240101_38036_D01_S008,38036_D01_S008,San Sebastián de La Gomera,1,8,48717.0,18317.0,22779.0,19950.0,1.1418045112781956,2024,20240101_38036_D01_S008,2.4,10.9,9.8,1.7,75.2,20230101_38036_D01_S008,224.0,27.0,79.0,316.0,646.0,619.0,36.18739903069467,12.762520193861066,20230101_38036_D01_S008,12.0,40.0,18.0,0.0,576.0,646.0,89.16408668730651,8.978328173374614,media-alta
2023,20240101_38037_D01_S001,38037_D01_S001,Santa Cruz de La Palma,1,1,51583.0,20666.0,26372.0,21350.0,1.2352224824355973,2024,20240101_38037_D01_S001,2.9,19.5,21.4,1.6,54.6,20230101_38037_D01_S001,192.0,25.0,72.0,287.0,576.0,551.0,34.84573502722323,13.067150635208712,20230101_38037_D01_S001,25.0,28.0,16.0,0.0,507.0,576.0,88.02083333333333,7.638888888888889,alta
2023,20240101_38037_D01_S002,38037_D01_S002,Santa Cruz de La Palma,1,2,36997.0,14063.0,19116.0,17150.0,1.1146355685131195,2024,20240101_38037_D01_S002,4.5,7.9,23.0,3.1,61.6,20230101_38037_D01_S002,107.0,17.0,99.0,245.0,468.0,451.0,23.725055432372507,21.951219512195124,20230101_38037_D01_S002,20.0,43.0,16.0,0.0,389.0,468.0,83.11965811965813,12.606837606837606,media-baja
2023,20240101_38037_D01_S003,38037_D01_S003,Santa Cruz de La Palma,1,3,47801.0,18195.0,23895.0,20650.0,1.1571428571428573,2024,20240101_38037_D01_S003,2.8,10.6,22.0,1.7,62.9,20230101_38037_D01_S003,333.0,31.0,124.0,441.0,929.0,898.0,37.08240534521158,13.808463251670378,20230101_38037_D01_S003,25.0,63.0,19.0,0.0,822.0,929.0,88.48223896663079,8.82669537136706,media-alta
2023,20240101_38037_D02_S001,38037_D02_S001,Santa Cruz de La Palma,2,1,56771.0,22390.0,28405.0,22750.0,1.2485714285714287,2024,20240101_38037_D02_S001,2.6,21.1,23.1,1.3,52.0,20230101_38037_D02_S001,145.0,9.0,38.0,156.0,348.0,339.0,42.772861356932154,11.2094395280236,20230101_38037_D02_S001,9.0,13.0,6.0,1.0,319.0,347.0,91.93083573487031,5.475504322766571,alta
2023,20240101_38037_D02_S002,38037_D02_S002,Santa Cruz de La Palma,2,2,47821.0,17513.0,23402.0,19250.0,1.2156883116883117,2024,20240101_38037_D02_S002,4.0,12.6,27.8,1.7,54.0,20230101_38037_D02_S002,227.0,18.0,74.0,263.0,582.0,564.0,40.248226950354606,13.120567375886525,20230101_38037_D02_S002,21.0,33.0,17.0,0.0,511.0,582.0,87.80068728522336,8.59106529209622,media-alta
2023,20240101_38037_D02_S003,38037_D02_S003,Santa Cruz de La Palma,2,3,50398.0,18128.0,24505.0,20650.0,1.186682808716707,2024,20240101_38037_D02_S003,3.6,11.5,21.3,2.1,61.5,20230101_38037_D02_S003,353.0,39.0,124.0,528.0,1044.0,1005.0,35.124378109452735,12.338308457711443,20230101_38037_D02_S003,36.0,53.0,35.0,0.0,920.0,1044.0,88.12260536398468,8.42911877394636,media-alta
2023,20240101_38037_D02_S005,38037_D02_S005,Santa Cruz de La Palma,2,5,35576.0,13655.0,18614.0,17150.0,1.0853644314868804,2024,20240101_38037_D02_S005,3.3,5.1,31.6,4.4,55.5,20230101_38037_D02_S005,10.0,3.0,11.0,19.0,43.0,40.0,25.0,27.5,20230101_38037_D02_S005,3.0,4.0,1.0,0.0,35.0,43.0,81.3953488372093,11.627906976744185,media-baja
2023,20240101_38037_D03_S001,38037_D03_S001,Santa Cruz de La Palma,3,1,53641.0,19209.0,26105.0,22750.0,1.1474725274725275,2024,20240101_38037_D03_S001,3.0,12.9,18.5,1.7,63.9,20230101_38037_D03_S001,202.0,20.0,54.0,211.0,487.0,467.0,43.25481798715204,11.563169164882227,20230101_38037_D03_S001,10.0,21.0,16.0,0.0,440.0,487.0,90.34907597535934,7.597535934291581,media-alta
2023,20240101_38037_D03_S002,38037_D03_S002,Santa Cruz de La Palma,3,2,45322.0,16672.0,22436.0,18550.0,1.2094878706199461,2024,20240101_38037_D03_S002,4.2,10.9,27.2,2.6,55.2,20230101_38037_D03_S002,127.0,16.0,55.0,182.0,380.0,364.0,34.89010989010989,15.10989010989011,20230101_38037_D03_S002,25.0,23.0,11.0,0.0,321.0,380.0,84.47368421052632,8.947368421052632,media-alta
2023,20240101_38037_D03_S003,38037_D03_S003,Santa Cruz de La Palma,3,3,36713.0,13505.0,18761.0,16450.0,1.1404863221884498,2024,20240101_38037_D03_S003,5.3,4.4,32.2,3.9,54.3,20230101_38037_D03_S003,80.0,13.0,101.0,269.0,463.0,450.0,17.77777777777778,22.444444444444443,20230101_38037_D03_S003,21.0,44.0,23.0,0.0,375.0,463.0,80.99352051835854,14.47084233261339,media-baja
2023,20240101_38037_D03_S004,38037_D03_S004,Santa Cruz de La Palma,3,4,46228.0,16502.0,22555.0,19250.0,1.1716883116883117,2024,20240101_38037_D03_S004,3.5,9.2,27.4,2.0,58.0,20230101_38037_D03_S004,150.0,23.0,89.0,265.0,527.0,504.0,29.761904761904763,17.658730158730158,20230101_38037_D03_S004,34.0,44.0,25.0,1.0,423.0,526.0,80.41825095057034,13.11787072243346,media-alta
2023,20240101_38037_D03_S005,38037_D03_S005,Santa Cruz de La Palma,3,5,42418.0,14016.0,19892.0,18550.0,1.0723450134770889,2024,20240101_38037_D03_S005,4.3,8.1,23.5,3.7,60.4,20230101_38037_D03_S005,102.0,33.0,137.0,376.0,648.0,615.0,16.585365853658537,22.276422764227643,20230101_38037_D03_S005,37.0,56.0,32.0,0.0,523.0,648.0,80.70987654320987,13.580246913580247,media-baja
2023,20240101_38038_D01_S001,38038_D01_S001,Santa Cruz de Tenerife,1,1,85024.0,32147.0,36231.0,31150.0,1.1631139646869983,2024,20240101_38038_D01_S001,2.1,31.2,16.5,0.7,49.6,20230101_38038_D01_S001,389.0,28.0,23.0,207.0,647.0,619.0,62.84329563812601,3.715670436187399,20230101_38038_D01_S001,7.0,25.0,24.0,1.0,590.0,646.0,91.3312693498452,7.585139318885449,alta
2023,20240101_38038_D01_S002,38038_D01_S002,Santa Cruz de Tenerife,1,2,50706.0,18810.0,22467.0,19250.0,1.1671168831168832,2024,20240101_38038_D01_S002,4.3,14.5,19.2,2.0,59.9,20230101_38038_D01_S002,204.0,21.0,36.0,165.0,426.0,405.0,50.370370370370374,8.88888888888889,20230101_38038_D01_S002,2.0,10.0,8.0,0.0,406.0,426.0,95.30516431924883,4.225352112676056,media-alta
2023,20240101_38038_D01_S003,38038_D01_S003,Santa Cruz de Tenerife,1,3,53973.0,22329.0,26086.0,23450.0,1.112409381663113,2024,20240101_38038_D01_S003,3.3,16.1,21.3,1.0,58.4,20230101_38038_D01_S003,322.0,38.0,24.0,256.0,640.0,602.0,53.48837209302326,3.9867109634551494,20230101_38038_D01_S003,3.0,17.0,19.0,1.0,600.0,639.0,93.89671361502347,5.633802816901408,alta
2023,20240101_38038_D01_S004,38038_D01_S004,Santa Cruz de Tenerife,1,4,62410.0,23942.0,28144.0,24150.0,1.1653830227743271,2024,20240101_38038_D01_S004,3.8,23.9,18.9,1.2,52.2,20230101_38038_D01_S004,266.0,18.0,18.0,167.0,469.0,451.0,58.980044345898,3.991130820399113,20230101_38038_D01_S004,7.0,15.0,5.0,0.0,442.0,469.0,94.24307036247335,4.264392324093817,alta
2023,20240101_38038_D01_S006,38038_D01_S006,Santa Cruz de Tenerife,1,6,54131.0,21493.0,25239.0,22400.0,1.1267410714285715,2024,20240101_38038_D01_S006,3.1,16.2,21.8,1.2,57.7,20230101_38038_D01_S006,454.0,36.0,51.0,301.0,842.0,806.0,56.32754342431762,6.327543424317618,20230101_38038_D01_S006,4.0,18.0,20.0,0.0,800.0,842.0,95.01187648456057,4.513064133016627,alta
2023,20240101_38038_D01_S007,38038_D01_S007,Santa Cruz de Tenerife,1,7,57084.0,23634.0,27762.0,25550.0,1.0865753424657534,2024,20240101_38038_D01_S007,3.7,18.2,19.8,1.4,56.9,20230101_38038_D01_S007,175.0,19.0,14.0,118.0,326.0,307.0,57.00325732899023,4.5602605863192185,20230101_38038_D01_S007,1.0,8.0,12.0,0.0,305.0,326.0,93.55828220858896,6.134969325153374,alta
2023,20240101_38038_D01_S008,38038_D01_S008,Santa Cruz de Tenerife,1,8,104916.0,35443.0,40529.0,34650.0,1.1696681096681096,2024,20240101_38038_D01_S008,2.4,30.0,16.2,0.6,50.9,20230101_38038_D01_S008,585.0,56.0,23.0,231.0,895.0,839.0,69.7258641239571,2.7413587604290823,20230101_38038_D01_S008,5.0,27.0,44.0,0.0,819.0,895.0,91.50837988826815,7.932960893854749,alta
2023,20240101_38038_D01_S009,38038_D01_S009,Santa Cruz de Tenerife,1,9,79716.0,32663.0,36504.0,33250.0,1.0978646616541354,2024,20240101_38038_D01_S009,2.0,22.6,27.1,0.5,47.7,20230101_38038_D01_S009,292.0,23.0,10.0,133.0,458.0,435.0,67.1264367816092,2.2988505747126435,20230101_38038_D01_S009,3.0,12.0,19.0,0.0,424.0,458.0,92.5764192139738,6.7685589519650655,alta
2023,20240101_38038_D01_S010,38038_D01_S010,Santa Cruz de Tenerife,1,10,78294.0,30843.0,35140.0,31150.0,1.1280898876404495,2024,20240101_38038_D01_S010,2.7,22.6,19.3,0.7,54.8,20230101_38038_D01_S010,421.0,42.0,21.0,183.0,667.0,625.0,67.36,3.36,20230101_38038_D01_S010,3.0,15.0,22.0,1.0,626.0,666.0,93.993993993994,5.555555555555555,alta
2023,20240101_38038_D01_S011,38038_D01_S011,Santa Cruz de Tenerife,1,11,74782.0,29557.0,33622.0,26950.0,1.247569573283859,2024,20240101_38038_D01_S011,2.9,26.7,21.4,1.0,48.1,20230101_38038_D01_S011,257.0,18.0,13.0,123.0,411.0,393.0,65.39440203562341,3.3078880407124682,20230101_38038_D01_S011,5.0,13.0,19.0,0.0,374.0,411.0,90.99756690997567,7.785888077858881,alta
2023,20240101_38038_D01_S012,38038_D01_S012,Santa Cruz de Tenerife,1,12,107446.0,38487.0,42860.0,35350.0,1.2124469589816125,2024,20240101_38038_D01_S012,1.4,27.5,13.7,0.5,56.9,20230101_38038_D01_S012,597.0,35.0,12.0,180.0,824.0,789.0,75.66539923954373,1.520912547528517,20230101_38038_D01_S012,3.0,26.0,32.0,1.0,762.0,823.0,92.58809234507898,7.047387606318347,alta
2023,20240101_38038_D02_S001,38038_D02_S001,Santa Cruz de Tenerife,2,1,62280.0,25009.0,28298.0,25550.0,1.1075538160469667,2024,20240101_38038_D02_S001,4.0,24.2,19.6,1.3,50.9,20230101_38038_D02_S001,261.0,23.0,23.0,176.0,483.0,460.0,56.73913043478261,5.0,20230101_38038_D02_S001,4.0,10.0,16.0,1.0,452.0,482.0,93.7759336099585,5.394190871369295,alta
2023,20240101_38038_D02_S002,38038_D02_S002,Santa Cruz de Tenerife,2,2,61891.0,27082.0,30244.0,25550.0,1.1837181996086106,2024,20240101_38038_D02_S002,2.5,28.3,13.9,1.0,54.4,20230101_38038_D02_S002,236.0,24.0,13.0,145.0,418.0,394.0,59.898477157360404,3.299492385786802,20230101_38038_D02_S002,4.0,8.0,9.0,0.0,397.0,418.0,94.97607655502392,4.0669856459330145,alta
2023,20240101_38038_D02_S003,38038_D02_S003,Santa Cruz de Tenerife,2,3,62240.0,25092.0,28773.0,25550.0,1.1261448140900197,2024,20240101_38038_D02_S003,2.8,21.4,17.5,0.8,57.5,20230101_38038_D02_S003,321.0,26.0,26.0,213.0,586.0,560.0,57.32142857142857,4.642857142857143,20230101_38038_D02_S003,3.0,22.0,16.0,1.0,544.0,585.0,92.99145299145299,6.495726495726496,alta
2023,20240101_38038_D02_S004,38038_D02_S004,Santa Cruz de Tenerife,2,4,78313.0,30025.0,34278.0,30450.0,1.1257142857142857,2024,20240101_38038_D02_S004,2.6,27.2,18.8,0.7,50.8,20230101_38038_D02_S004,219.0,14.0,24.0,109.0,366.0,352.0,62.21590909090909,6.818181818181818,20230101_38038_D02_S004,3.0,15.0,12.0,0.0,336.0,366.0,91.80327868852459,7.377049180327869,alta
2023,20240101_38038_D02_S005,38038_D02_S005,Santa Cruz de Tenerife,2,5,64882.0,26810.0,30588.0,25550.0,1.1971819960861056,2024,20240101_38038_D02_S005,3.3,21.9,19.1,1.0,54.8,20230101_38038_D02_S005,400.0,33.0,27.0,229.0,689.0,656.0,60.97560975609756,4.115853658536586,20230101_38038_D02_S005,2.0,22.0,17.0,2.0,646.0,687.0,94.0320232896652,5.676855895196507,alta
2023,20240101_38038_D02_S006,38038_D02_S006,Santa Cruz de Tenerife,2,6,66630.0,27290.0,30728.0,26250.0,1.1705904761904762,2024,20240101_38038_D02_S006,2.9,21.8,17.6,0.9,56.7,20230101_38038_D02_S006,427.0,39.0,31.0,260.0,757.0,718.0,59.47075208913649,4.3175487465181055,20230101_38038_D02_S006,4.0,15.0,21.0,1.0,716.0,756.0,94.70899470899471,4.761904761904762,alta
2023,20240101_38038_D02_S007,38038_D02_S007,Santa Cruz de Tenerife,2,7,71806.0,28723.0,31968.0,26250.0,1.2178285714285715,2024,20240101_38038_D02_S007,2.2,17.0,21.2,1.1,58.5,20230101_38038_D02_S007,207.0,19.0,15.0,96.0,337.0,318.0,65.09433962264151,4.716981132075472,20230101_38038_D02_S007,0.0,9.0,10.0,0.0,318.0,337.0,94.3620178041543,5.637982195845697,alta
2023,20240101_38038_D02_S008,38038_D02_S008,Santa Cruz de Tenerife,2,8,67846.0,27576.0,31014.0,23450.0,1.3225586353944563,2024,20240101_38038_D02_S008,2.7,31.2,13.1,0.8,52.2,20230101_38038_D02_S008,292.0,20.0,20.0,189.0,521.0,501.0,58.28343313373254,3.992015968063872,20230101_38038_D02_S008,4.0,12.0,13.0,0.0,492.0,521.0,94.43378119001919,4.798464491362764,alta
2023,20240101_38038_D02_S009,38038_D02_S009,Santa Cruz de Tenerife,2,9,57706.0,25166.0,28663.0,25550.0,1.121839530332681,2024,20240101_38038_D02_S009,3.5,15.9,20.3,1.2,59.3,20230101_38038_D02_S009,431.0,32.0,41.0,285.0,789.0,757.0,56.935270805812415,5.416116248348745,20230101_38038_D02_S009,2.0,21.0,16.0,0.0,750.0,789.0,95.05703422053232,4.689480354879595,alta
2023,20240101_38038_D03_S001,38038_D03_S001,Santa Cruz de Tenerife,3,1,87004.0,36766.0,39435.0,35350.0,1.1155586987270156,2024,20240101_38038_D03_S001,2.3,18.9,9.2,0.6,69.0,20230101_38038_D03_S001,425.0,30.0,8.0,171.0,634.0,604.0,70.36423841059603,1.3245033112582782,20230101_38038_D03_S001,2.0,29.0,25.0,0.0,578.0,634.0,91.16719242902208,8.517350157728707,alta
2023,20240101_38038_D03_S002,38038_D03_S002,Santa Cruz de Tenerife,3,2,56994.0,20082.0,25047.0,22750.0,1.100967032967033,2024,20240101_38038_D03_S002,3.3,13.8,22.4,1.4,59.2,20230101_38038_D03_S002,178.0,20.0,21.0,180.0,399.0,379.0,46.96569920844327,5.54089709762533,20230101_38038_D03_S002,4.0,12.0,6.0,0.0,377.0,399.0,94.48621553884712,4.511278195488722,alta
2023,20240101_38038_D03_S003,38038_D03_S003,Santa Cruz de Tenerife,3,3,56625.0,22961.0,26879.0,23450.0,1.146226012793177,2024,20240101_38038_D03_S003,3.3,17.2,18.8,1.5,59.2,20230101_38038_D03_S003,335.0,27.0,36.0,236.0,634.0,607.0,55.18945634266886,5.930807248764415,20230101_38038_D03_S003,1.0,13.0,14.0,0.0,606.0,634.0,95.58359621451105,4.2586750788643535,alta
2023,20240101_38038_D03_S004,38038_D03_S004,Santa Cruz de Tenerife,3,4,41494.0,16786.0,21144.0,18550.0,1.1398382749326146,2024,20240101_38038_D03_S004,6.6,6.4,26.6,1.7,58.7,20230101_38038_D03_S004,109.0,10.0,30.0,141.0,290.0,280.0,38.92857142857143,10.714285714285714,20230101_38038_D03_S004,4.0,10.0,15.0,0.0,261.0,290.0,90.0,8.620689655172415,media-alta
2023,20240101_38038_D03_S005,38038_D03_S005,Santa Cruz de Tenerife,3,5,44922.0,18486.0,21970.0,19950.0,1.1012531328320803,2024,20240101_38038_D03_S005,3.5,12.8,22.3,1.7,59.7,20230101_38038_D03_S005,250.0,22.0,57.0,262.0,591.0,569.0,43.936731107205624,10.017574692442881,20230101_38038_D03_S005,3.0,17.0,14.0,1.0,556.0,590.0,94.23728813559322,5.254237288135593,media-alta
2023,20240101_38038_D03_S006,38038_D03_S006,Santa Cruz de Tenerife,3,6,76402.0,27294.0,32343.0,31150.0,1.038298555377207,2024,20240101_38038_D03_S006,2.1,16.0,22.8,0.9,58.1,20230101_38038_D03_S006,191.0,13.0,8.0,84.0,296.0,283.0,67.49116607773851,2.8268551236749118,20230101_38038_D03_S006,0.0,6.0,5.0,1.0,284.0,295.0,96.27118644067797,3.7288135593220337,alta
2023,20240101_38038_D03_S007,38038_D03_S007,Santa Cruz de Tenerife,3,7,42187.0,17260.0,21081.0,19250.0,1.0951168831168832,2024,20240101_38038_D03_S007,4.1,8.9,27.2,1.6,58.3,20230101_38038_D03_S007,133.0,28.0,29.0,188.0,378.0,350.0,38.0,8.285714285714286,20230101_38038_D03_S007,3.0,11.0,19.0,0.0,345.0,378.0,91.26984126984127,7.936507936507937,media-alta
2023,20240101_38038_D03_S008,38038_D03_S008,Santa Cruz de Tenerife,3,8,53404.0,20647.0,24885.0,23450.0,1.0611940298507463,2024,20240101_38038_D03_S008,3.8,13.3,24.6,1.5,56.9,20230101_38038_D03_S008,221.0,20.0,22.0,210.0,473.0,453.0,48.78587196467991,4.856512141280353,20230101_38038_D03_S008,3.0,21.0,19.0,0.0,430.0,473.0,90.9090909090909,8.456659619450317,alta
2023,20240101_38038_D03_S009,38038_D03_S009,Santa Cruz de Tenerife,3,9,60474.0,22379.0,27113.0,24850.0,1.0910663983903421,2024,20240101_38038_D03_S009,4.6,11.8,15.7,1.5,66.4,20230101_38038_D03_S009,310.0,21.0,35.0,206.0,572.0,551.0,56.261343012704174,6.352087114337568,20230101_38038_D03_S009,3.0,28.0,20.0,0.0,521.0,572.0,91.08391608391608,8.391608391608392,alta
2023,20240101_38038_D03_S010,38038_D03_S010,Santa Cruz de Tenerife,3,10,47416.0,18855.0,22775.0,21350.0,1.0667447306791569,2024,20240101_38038_D03_S010,5.4,10.2,21.2,1.9,61.3,20230101_38038_D03_S010,139.0,15.0,31.0,154.0,339.0,324.0,42.901234567901234,9.567901234567902,20230101_38038_D03_S010,2.0,16.0,10.0,0.0,311.0,339.0,91.74041297935104,7.669616519174041,media-alta
2023,20240101_38038_D03_S011,38038_D03_S011,Santa Cruz de Tenerife,3,11,70425.0,27969.0,32009.0,26250.0,1.2193904761904761,2024,20240101_38038_D03_S011,3.1,19.4,17.6,0.8,59.1,20230101_38038_D03_S011,297.0,21.0,23.0,134.0,475.0,454.0,65.41850220264317,5.066079295154185,20230101_38038_D03_S011,2.0,9.0,13.0,0.0,451.0,475.0,94.94736842105263,4.631578947368421,alta
2023,20240101_38038_D03_S013,38038_D03_S013,Santa Cruz de Tenerife,3,13,48832.0,21541.0,24664.0,22050.0,1.118548752834467,2024,20240101_38038_D03_S013,3.0,11.8,22.9,1.5,60.9,20230101_38038_D03_S013,255.0,20.0,28.0,217.0,520.0,500.0,51.0,5.6,20230101_38038_D03_S013,3.0,17.0,13.0,0.0,487.0,520.0,93.65384615384616,5.769230769230769,alta
2023,20240101_38038_D03_S014,38038_D03_S014,Santa Cruz de Tenerife,3,14,56391.0,22143.0,26446.0,24150.0,1.095072463768116,2024,20240101_38038_D03_S014,3.4,13.7,31.5,1.1,50.3,20230101_38038_D03_S014,286.0,25.0,39.0,256.0,606.0,581.0,49.225473321858864,6.712564543889845,20230101_38038_D03_S014,7.0,19.0,23.0,0.0,557.0,606.0,91.91419141914191,6.930693069306931,alta
2023,20240101_38038_D03_S015,38038_D03_S015,Santa Cruz de Tenerife,3,15,53136.0,21254.0,25139.0,21350.0,1.177470725995316,2024,20240101_38038_D03_S015,3.7,13.3,26.0,1.3,55.7,20230101_38038_D03_S015,286.0,19.0,42.0,219.0,566.0,547.0,52.285191956124315,7.678244972577697,20230101_38038_D03_S015,9.0,22.0,18.0,0.0,517.0,566.0,91.34275618374558,7.067137809187279,alta
2023,20240101_38038_D03_S016,38038_D03_S016,Santa Cruz de Tenerife,3,16,45550.0,15978.0,19905.0,17850.0,1.115126050420168,2024,20240101_38038_D03_S016,4.6,10.5,22.6,2.3,59.9,20230101_38038_D03_S016,134.0,10.0,55.0,172.0,371.0,361.0,37.119113573407205,15.23545706371191,20230101_38038_D03_S016,2.0,20.0,9.0,1.0,339.0,370.0,91.62162162162163,7.837837837837838,media-baja
2023,20240101_38038_D03_S017,38038_D03_S017,Santa Cruz de Tenerife,3,17,53142.0,20258.0,24379.0,20650.0,1.1805811138014528,2024,20240101_38038_D03_S017,2.9,14.8,18.8,1.9,61.6,20230101_38038_D03_S017,165.0,12.0,26.0,149.0,352.0,340.0,48.529411764705884,7.647058823529412,20230101_38038_D03_S017,2.0,12.0,13.0,0.0,325.0,352.0,92.32954545454545,7.1022727272727275,alta
2023,20240101_38038_D03_S018,38038_D03_S018,Santa Cruz de Tenerife,3,18,43490.0,16436.0,20626.0,17850.0,1.155518207282913,2024,20240101_38038_D03_S018,6.1,12.9,22.4,2.4,56.3,20230101_38038_D03_S018,109.0,17.0,40.0,170.0,336.0,319.0,34.1692789968652,12.539184952978056,20230101_38038_D03_S018,1.0,13.0,8.0,0.0,314.0,336.0,93.45238095238095,6.25,media-alta
2023,20240101_38038_D03_S019,38038_D03_S019,Santa Cruz de Tenerife,3,19,59637.0,22574.0,27414.0,25550.0,1.0729549902152642,2024,20240101_38038_D03_S019,2.5,13.4,31.6,1.2,51.3,20230101_38038_D03_S019,248.0,13.0,20.0,190.0,471.0,458.0,54.148471615720524,4.366812227074236,20230101_38038_D03_S019,2.0,19.0,20.0,0.0,430.0,471.0,91.29511677282377,8.280254777070065,alta
2023,20240101_38038_D03_S020,38038_D03_S020,Santa Cruz de Tenerife,3,20,77131.0,29508.0,33597.0,29750.0,1.129310924369748,2024,20240101_38038_D03_S020,2.4,19.1,10.1,1.1,67.3,20230101_38038_D03_S020,437.0,31.0,30.0,231.0,729.0,698.0,62.607449856733524,4.2979942693409745,20230101_38038_D03_S020,1.0,22.0,20.0,0.0,686.0,729.0,94.10150891632374,5.761316872427984,alta
2023,20240101_38038_D03_S021,38038_D03_S021,Santa Cruz de Tenerife,3,21,85116.0,33101.0,36901.0,32550.0,1.1336712749615976,2024,20240101_38038_D03_S021,2.0,18.9,9.3,0.8,69.1,20230101_38038_D03_S021,507.0,38.0,11.0,254.0,810.0,772.0,65.67357512953367,1.4248704663212435,20230101_38038_D03_S021,4.0,23.0,23.0,1.0,759.0,809.0,93.8195302843016,5.686032138442521,alta
2023,20240101_38038_D04_S001,38038_D04_S001,Santa Cruz de Tenerife,4,1,26830.0,11094.0,14196.0,12250.0,1.1588571428571428,2024,20240101_38038_D04_S001,8.3,10.1,23.1,3.5,55.0,20230101_38038_D04_S001,43.0,9.0,35.0,107.0,194.0,185.0,23.243243243243242,18.91891891891892,20230101_38038_D04_S001,2.0,24.0,9.0,0.0,159.0,194.0,81.95876288659794,17.010309278350515,baja
2023,20240101_38038_D04_S002,38038_D04_S002,Santa Cruz de Tenerife,4,2,31256.0,11255.0,14822.0,13650.0,1.085860805860806,2024,20240101_38038_D04_S002,6.4,5.8,25.0,3.6,59.2,20230101_38038_D04_S002,69.0,15.0,60.0,185.0,329.0,314.0,21.97452229299363,19.10828025477707,20230101_38038_D04_S002,1.0,36.0,12.0,0.0,280.0,329.0,85.1063829787234,14.589665653495441,baja
2023,20240101_38038_D04_S003,38038_D04_S003,Santa Cruz de Tenerife,4,3,32239.0,11818.0,15545.0,13650.0,1.1388278388278388,2024,20240101_38038_D04_S003,7.7,8.0,20.4,3.5,60.4,20230101_38038_D04_S003,126.0,17.0,88.0,255.0,486.0,469.0,26.865671641791046,18.763326226012794,20230101_38038_D04_S003,13.0,36.0,16.0,0.0,421.0,486.0,86.62551440329219,10.699588477366255,baja
2023,20240101_38038_D04_S004,38038_D04_S004,Santa Cruz de Tenerife,4,4,31284.0,12107.0,15668.0,14350.0,1.0918466898954704,2024,20240101_38038_D04_S004,6.3,10.4,21.2,3.2,59.0,20230101_38038_D04_S004,92.0,16.0,60.0,230.0,398.0,382.0,24.083769633507853,15.706806282722512,20230101_38038_D04_S004,7.0,31.0,16.0,0.0,344.0,398.0,86.4321608040201,11.809045226130653,media-baja
2023,20240101_38038_D04_S005,38038_D04_S005,Santa Cruz de Tenerife,4,5,31607.0,11870.0,15269.0,12950.0,1.179073359073359,2024,20240101_38038_D04_S005,6.9,10.7,24.6,3.8,54.1,20230101_38038_D04_S005,97.0,23.0,74.0,221.0,415.0,392.0,24.744897959183675,18.877551020408163,20230101_38038_D04_S005,5.0,42.0,17.0,0.0,351.0,415.0,84.57831325301204,14.216867469879517,baja
2023,20240101_38038_D04_S006,38038_D04_S006,Santa Cruz de Tenerife,4,6,29906.0,11193.0,14811.0,13650.0,1.0850549450549452,2024,20240101_38038_D04_S006,8.4,5.2,26.9,4.2,55.4,20230101_38038_D04_S006,99.0,18.0,68.0,263.0,448.0,430.0,23.023255813953487,15.813953488372093,20230101_38038_D04_S006,8.0,30.0,23.0,0.0,387.0,448.0,86.38392857142857,11.830357142857142,baja
2023,20240101_38038_D04_S007,38038_D04_S007,Santa Cruz de Tenerife,4,7,30877.0,12655.0,16337.0,15750.0,1.0372698412698413,2024,20240101_38038_D04_S007,6.4,2.3,31.6,3.9,55.8,20230101_38038_D04_S007,79.0,21.0,39.0,209.0,348.0,327.0,24.159021406727827,11.926605504587156,20230101_38038_D04_S007,4.0,19.0,16.0,0.0,309.0,348.0,88.79310344827586,10.057471264367816,media-baja
2023,20240101_38038_D04_S009,38038_D04_S009,Santa Cruz de Tenerife,4,9,25511.0,10931.0,14069.0,12950.0,1.0864092664092664,2024,20240101_38038_D04_S009,8.1,3.1,31.1,3.8,53.9,20230101_38038_D04_S009,91.0,12.0,89.0,295.0,487.0,475.0,19.157894736842106,18.736842105263158,20230101_38038_D04_S009,5.0,32.0,22.0,0.0,428.0,487.0,87.88501026694045,11.08829568788501,baja
2023,20240101_38038_D04_S011,38038_D04_S011,Santa Cruz de Tenerife,4,11,28009.0,11847.0,15322.0,13650.0,1.1224908424908424,2024,20240101_38038_D04_S011,8.3,6.9,26.8,3.6,54.4,20230101_38038_D04_S011,74.0,17.0,65.0,250.0,406.0,389.0,19.02313624678663,16.709511568123393,20230101_38038_D04_S011,5.0,25.0,18.0,0.0,358.0,406.0,88.17733990147784,10.591133004926109,baja
2023,20240101_38038_D04_S012,38038_D04_S012,Santa Cruz de Tenerife,4,12,30326.0,12197.0,16088.0,15050.0,1.068970099667774,2024,20240101_38038_D04_S012,7.8,3.8,33.8,3.0,51.6,20230101_38038_D04_S012,70.0,12.0,46.0,198.0,326.0,314.0,22.29299363057325,14.64968152866242,20230101_38038_D04_S012,2.0,18.0,14.0,0.0,292.0,326.0,89.57055214723927,9.815950920245399,media-baja
2023,20240101_38038_D04_S014,38038_D04_S014,Santa Cruz de Tenerife,4,14,31888.0,12913.0,16543.0,15750.0,1.0503492063492064,2024,20240101_38038_D04_S014,5.4,3.8,31.2,3.7,56.0,20230101_38038_D04_S014,63.0,17.0,50.0,153.0,283.0,266.0,23.68421052631579,18.796992481203006,20230101_38038_D04_S014,1.0,17.0,11.0,0.0,254.0,283.0,89.75265017667844,9.89399293286219,media-baja
2023,20240101_38038_D04_S015,38038_D04_S015,Santa Cruz de Tenerife,4,15,25167.0,9750.0,13272.0,12250.0,1.0834285714285714,2024,20240101_38038_D04_S015,10.6,3.9,26.6,6.0,52.9,20230101_38038_D04_S015,29.0,10.0,40.0,170.0,249.0,239.0,12.133891213389122,16.736401673640167,20230101_38038_D04_S015,3.0,34.0,5.0,0.0,207.0,249.0,83.13253012048193,15.662650602409638,baja
2023,20240101_38038_D05_S001,38038_D05_S001,Santa Cruz de Tenerife,5,1,101346.0,36362.0,42946.0,36750.0,1.1685986394557824,2024,20240101_38038_D05_S001,2.6,38.8,15.0,0.5,43.2,20230101_38038_D05_S001,417.0,23.0,11.0,158.0,609.0,586.0,71.160409556314,1.8771331058020477,20230101_38038_D05_S001,9.0,18.0,19.0,0.0,563.0,609.0,92.44663382594418,6.075533661740558,alta
2023,20240101_38038_D05_S002,38038_D05_S002,Santa Cruz de Tenerife,5,2,68819.0,26188.0,30533.0,26250.0,1.1631619047619048,2024,20240101_38038_D05_S002,3.2,26.5,17.5,1.0,51.8,20230101_38038_D05_S002,408.0,34.0,47.0,230.0,719.0,685.0,59.56204379562044,6.861313868613139,20230101_38038_D05_S002,9.0,18.0,19.0,0.0,673.0,719.0,93.60222531293464,5.1460361613351875,alta
2023,20240101_38038_D05_S003,38038_D05_S003,Santa Cruz de Tenerife,5,3,57131.0,23194.0,26875.0,23450.0,1.1460554371002132,2024,20240101_38038_D05_S003,3.0,18.4,20.4,1.1,57.1,20230101_38038_D05_S003,277.0,36.0,45.0,186.0,544.0,508.0,54.52755905511811,8.858267716535433,20230101_38038_D05_S003,11.0,14.0,24.0,0.0,495.0,544.0,90.99264705882354,6.985294117647059,alta
2023,20240101_38038_D05_S004,38038_D05_S004,Santa Cruz de Tenerife,5,4,59483.0,22989.0,26876.0,22750.0,1.1813626373626374,2024,20240101_38038_D05_S004,2.6,21.3,19.6,1.4,55.1,20230101_38038_D05_S004,223.0,22.0,34.0,153.0,432.0,410.0,54.390243902439025,8.292682926829269,20230101_38038_D05_S004,7.0,14.0,18.0,0.0,393.0,432.0,90.97222222222223,7.407407407407407,alta
2023,20240101_38038_D05_S005,38038_D05_S005,Santa Cruz de Tenerife,5,5,54620.0,22877.0,26537.0,24150.0,1.098840579710145,2024,20240101_38038_D05_S005,2.5,17.0,21.0,1.1,58.5,20230101_38038_D05_S005,322.0,24.0,49.0,229.0,624.0,600.0,53.666666666666664,8.166666666666666,20230101_38038_D05_S005,1.0,20.0,16.0,0.0,587.0,624.0,94.07051282051282,5.769230769230769,alta
2023,20240101_38038_D05_S006,38038_D05_S006,Santa Cruz de Tenerife,5,6,50877.0,19867.0,23613.0,20650.0,1.1434866828087167,2024,20240101_38038_D05_S006,3.2,16.6,21.7,1.5,57.1,20230101_38038_D05_S006,270.0,24.0,49.0,232.0,575.0,551.0,49.00181488203267,8.892921960072595,20230101_38038_D05_S006,6.0,16.0,23.0,0.0,530.0,575.0,92.17391304347827,6.782608695652174,media-alta
2023,20240101_38038_D05_S007,38038_D05_S007,Santa Cruz de Tenerife,5,7,53759.0,20064.0,23509.0,19950.0,1.1783959899749374,2024,20240101_38038_D05_S007,3.9,19.2,22.0,1.6,53.3,20230101_38038_D05_S007,257.0,36.0,42.0,208.0,543.0,507.0,50.69033530571992,8.284023668639053,20230101_38038_D05_S007,3.0,25.0,19.0,1.0,495.0,542.0,91.32841328413284,8.118081180811808,alta
2023,20240101_38038_D05_S008,38038_D05_S008,Santa Cruz de Tenerife,5,8,56503.0,22352.0,26513.0,23450.0,1.1306183368869935,2024,20240101_38038_D05_S008,3.2,21.4,20.0,1.3,54.2,20230101_38038_D05_S008,331.0,22.0,42.0,207.0,602.0,580.0,57.06896551724138,7.241379310344827,20230101_38038_D05_S008,5.0,22.0,22.0,0.0,553.0,602.0,91.86046511627907,7.308970099667774,alta
2023,20240101_38038_D05_S009,38038_D05_S009,Santa Cruz de Tenerife,5,9,124345.0,42862.0,48743.0,31850.0,1.530392464678179,2024,20240101_38038_D05_S009,1.1,39.9,11.6,0.3,47.1,20230101_38038_D05_S009,294.0,29.0,30.0,128.0,481.0,452.0,65.04424778761062,6.6371681415929205,20230101_38038_D05_S009,12.0,21.0,14.0,0.0,434.0,481.0,90.22869022869023,7.276507276507276,alta
2023,20240101_38038_D05_S010,38038_D05_S010,Santa Cruz de Tenerife,5,10,113744.0,37405.0,42610.0,33950.0,1.255081001472754,2024,20240101_38038_D05_S010,1.4,38.3,15.6,0.5,44.3,20230101_38038_D05_S010,471.0,37.0,16.0,152.0,676.0,639.0,73.70892018779342,2.503912363067293,20230101_38038_D05_S010,10.0,32.0,19.0,0.0,615.0,676.0,90.97633136094674,7.544378698224852,alta
2023,20240101_38038_D05_S011,38038_D05_S011,Santa Cruz de Tenerife,5,11,53670.0,22061.0,26022.0,24850.0,1.0471629778672031,2024,20240101_38038_D05_S011,3.8,16.2,26.4,1.7,52.0,20230101_38038_D05_S011,180.0,17.0,27.0,128.0,352.0,335.0,53.73134328358209,8.059701492537313,20230101_38038_D05_S011,2.0,7.0,7.0,0.0,336.0,352.0,95.45454545454545,3.977272727272727,alta
2023,20240101_38038_D05_S012,38038_D05_S012,Santa Cruz de Tenerife,5,12,77351.0,28281.0,32779.0,27650.0,1.185497287522604,2024,20240101_38038_D05_S012,2.4,22.0,17.4,0.8,57.5,20230101_38038_D05_S012,474.0,46.0,40.0,247.0,807.0,761.0,62.28646517739816,5.256241787122208,20230101_38038_D05_S012,9.0,17.0,16.0,0.0,765.0,807.0,94.79553903345725,4.089219330855019,alta
2023,20240101_38038_D05_S013,38038_D05_S013,Santa Cruz de Tenerife,5,13,48306.0,17940.0,21978.0,18550.0,1.1847978436657682,2024,20240101_38038_D05_S013,4.2,15.2,22.8,1.6,56.2,20230101_38038_D05_S013,224.0,15.0,45.0,186.0,470.0,455.0,49.23076923076923,9.89010989010989,20230101_38038_D05_S013,7.0,24.0,10.0,0.0,429.0,470.0,91.27659574468085,7.23404255319149,media-alta
2023,20240101_38038_D05_S014,38038_D05_S014,Santa Cruz de Tenerife,5,14,46018.0,18177.0,21856.0,19250.0,1.1353766233766234,2024,20240101_38038_D05_S014,3.4,12.5,21.3,2.4,60.4,20230101_38038_D05_S014,229.0,38.0,59.0,227.0,553.0,515.0,44.46601941747573,11.45631067961165,20230101_38038_D05_S014,9.0,22.0,13.0,0.0,509.0,553.0,92.04339963833635,6.329113924050633,media-alta
2023,20240101_38038_D05_S015,38038_D05_S015,Santa Cruz de Tenerife,5,15,50850.0,21434.0,24671.0,22750.0,1.0844395604395605,2024,20240101_38038_D05_S015,2.5,17.0,24.6,1.1,54.7,20230101_38038_D05_S015,188.0,17.0,19.0,110.0,334.0,317.0,59.305993690851736,5.993690851735016,20230101_38038_D05_S015,0.0,9.0,6.0,0.0,319.0,334.0,95.50898203592814,4.491017964071856,alta
2023,20240101_38038_D06_S001,38038_D06_S001,Santa Cruz de Tenerife,6,1,54461.0,21834.0,25598.0,22050.0,1.160907029478458,2024,20240101_38038_D06_S001,2.8,17.5,17.2,1.9,60.6,20230101_38038_D06_S001,304.0,28.0,43.0,221.0,596.0,568.0,53.521126760563384,7.570422535211268,20230101_38038_D06_S001,2.0,21.0,12.0,0.0,561.0,596.0,94.12751677852349,5.5369127516778525,alta
2023,20240101_38038_D06_S002,38038_D06_S002,Santa Cruz de Tenerife,6,2,69919.0,26383.0,30577.0,29050.0,1.052564543889845,2024,20240101_38038_D06_S002,2.4,19.1,22.6,0.8,55.2,20230101_38038_D06_S002,191.0,10.0,8.0,100.0,309.0,299.0,63.87959866220736,2.6755852842809364,20230101_38038_D06_S002,2.0,4.0,9.0,0.0,294.0,309.0,95.14563106796116,4.207119741100324,alta
2023,20240101_38038_D06_S003,38038_D06_S003,Santa Cruz de Tenerife,6,3,30672.0,13606.0,16392.0,14350.0,1.1422996515679442,2024,20240101_38038_D06_S003,6.3,9.0,25.0,3.1,56.6,20230101_38038_D06_S003,121.0,18.0,62.0,232.0,433.0,415.0,29.156626506024097,14.939759036144578,20230101_38038_D06_S003,8.0,23.0,18.0,0.0,384.0,433.0,88.68360277136259,9.468822170900692,media-baja
2023,20240101_38038_D06_S004,38038_D06_S004,Santa Cruz de Tenerife,6,4,31877.0,13033.0,16502.0,14350.0,1.1499651567944251,2024,20240101_38038_D06_S004,7.9,6.4,29.1,2.5,54.1,20230101_38038_D06_S004,57.0,21.0,68.0,199.0,345.0,324.0,17.59259259259259,20.987654320987655,20230101_38038_D06_S004,13.0,19.0,12.0,0.0,301.0,345.0,87.2463768115942,8.985507246376812,media-baja
2023,20240101_38038_D06_S005,38038_D06_S005,Santa Cruz de Tenerife,6,5,45317.0,16994.0,20773.0,19250.0,1.0791168831168831,2024,20240101_38038_D06_S005,3.9,8.0,27.7,1.8,58.6,20230101_38038_D06_S005,184.0,13.0,37.0,187.0,421.0,408.0,45.09803921568628,9.068627450980392,20230101_38038_D06_S005,3.0,18.0,14.0,0.0,386.0,421.0,91.68646080760095,7.600950118764845,media-alta
2023,20240101_38038_D06_S006,38038_D06_S006,Santa Cruz de Tenerife,6,6,90426.0,29855.0,35467.0,30450.0,1.1647619047619047,2024,20240101_38038_D06_S006,2.6,24.6,20.0,0.8,52.0,20230101_38038_D06_S006,156.0,10.0,6.0,94.0,266.0,256.0,60.9375,2.34375,20230101_38038_D06_S006,1.0,11.0,16.0,0.0,238.0,266.0,89.47368421052632,10.150375939849624,alta
2023,20240101_38038_D06_S007,38038_D06_S007,Santa Cruz de Tenerife,6,7,57083.0,20365.0,24838.0,20650.0,1.2028087167070218,2024,20240101_38038_D06_S007,3.2,13.8,19.1,1.6,62.4,20230101_38038_D06_S007,382.0,53.0,70.0,433.0,938.0,885.0,43.163841807909606,7.909604519774011,20230101_38038_D06_S007,3.0,37.0,34.0,0.0,864.0,938.0,92.11087420042644,7.569296375266524,alta
2023,20240101_38038_D06_S008,38038_D06_S008,Santa Cruz de Tenerife,6,8,82304.0,28705.0,33965.0,27650.0,1.228390596745027,2024,20240101_38038_D06_S008,2.9,28.8,17.4,0.9,50.0,20230101_38038_D06_S008,232.0,20.0,24.0,155.0,431.0,411.0,56.447688564476884,5.839416058394161,20230101_38038_D06_S008,4.0,22.0,15.0,0.0,390.0,431.0,90.48723897911833,8.584686774941995,alta
2023,20240101_38038_D06_S010,38038_D06_S010,Santa Cruz de Tenerife,6,10,40734.0,15986.0,19617.0,16450.0,1.1925227963525835,2024,20240101_38038_D06_S010,5.5,10.1,18.2,2.1,64.2,20230101_38038_D06_S010,154.0,12.0,33.0,216.0,415.0,403.0,38.21339950372209,8.188585607940446,20230101_38038_D06_S010,1.0,20.0,17.0,0.0,377.0,415.0,90.8433734939759,8.91566265060241,media-baja
2023,20240101_38038_D06_S011,38038_D06_S011,Santa Cruz de Tenerife,6,11,39810.0,15156.0,18763.0,15750.0,1.1913015873015873,2024,20240101_38038_D06_S011,4.6,12.6,20.6,2.9,59.3,20230101_38038_D06_S011,142.0,11.0,55.0,199.0,407.0,396.0,35.85858585858586,13.88888888888889,20230101_38038_D06_S011,4.0,21.0,10.0,0.0,372.0,407.0,91.4004914004914,7.616707616707616,media-baja
2023,20240101_38038_D06_S012,38038_D06_S012,Santa Cruz de Tenerife,6,12,51159.0,20678.0,24797.0,22050.0,1.1245804988662131,2024,20240101_38038_D06_S012,3.5,10.4,28.2,1.7,56.2,20230101_38038_D06_S012,278.0,29.0,44.0,269.0,620.0,591.0,47.03891708967851,7.4450084602368864,20230101_38038_D06_S012,5.0,22.0,16.0,1.0,576.0,619.0,93.05331179321486,6.138933764135703,alta
2023,20240101_38038_D06_S013,38038_D06_S013,Santa Cruz de Tenerife,6,13,60914.0,25484.0,29865.0,26250.0,1.1377142857142857,2024,20240101_38038_D06_S013,3.6,20.0,23.5,1.5,51.4,20230101_38038_D06_S013,215.0,17.0,26.0,136.0,394.0,377.0,57.02917771883289,6.896551724137931,20230101_38038_D06_S013,5.0,21.0,10.0,1.0,357.0,393.0,90.83969465648855,7.888040712468193,alta
2023,20240101_38038_D06_S014,38038_D06_S014,Santa Cruz de Tenerife,6,14,63901.0,19324.0,25467.0,24850.0,1.0248289738430583,2024,20240101_38038_D06_S014,3.7,10.8,27.3,1.8,56.5,20230101_38038_D06_S014,185.0,23.0,33.0,219.0,460.0,437.0,42.33409610983982,7.551487414187643,20230101_38038_D06_S014,4.0,29.0,18.0,0.0,409.0,460.0,88.91304347826087,10.217391304347826,media-alta
2023,20240101_38038_D06_S016,38038_D06_S016,Santa Cruz de Tenerife,6,16,27215.0,11010.0,14726.0,13650.0,1.0788278388278387,2024,20240101_38038_D06_S016,8.7,4.8,31.6,4.5,50.4,20230101_38038_D06_S016,36.0,14.0,75.0,174.0,299.0,285.0,12.631578947368421,26.31578947368421,20230101_38038_D06_S016,5.0,30.0,8.0,0.0,256.0,299.0,85.61872909698997,12.709030100334449,baja
2023,20240101_38038_D06_S017,38038_D06_S017,Santa Cruz de Tenerife,6,17,36122.0,14600.0,18231.0,15050.0,1.2113621262458472,2024,20240101_38038_D06_S017,6.2,10.5,31.4,2.1,49.8,20230101_38038_D06_S017,122.0,25.0,72.0,246.0,465.0,440.0,27.727272727272727,16.363636363636363,20230101_38038_D06_S017,8.0,30.0,13.0,0.0,414.0,465.0,89.03225806451613,9.24731182795699,media-baja
2023,20240101_38038_D06_S018,38038_D06_S018,Santa Cruz de Tenerife,6,18,44508.0,19576.0,23315.0,21350.0,1.0920374707259952,2024,20240101_38038_D06_S018,4.5,7.2,33.8,1.3,53.3,20230101_38038_D06_S018,153.0,23.0,32.0,190.0,398.0,375.0,40.8,8.533333333333333,20230101_38038_D06_S018,1.0,14.0,13.0,0.0,370.0,398.0,92.96482412060301,6.78391959798995,media-alta
2023,20240101_38038_D06_S019,38038_D06_S019,Santa Cruz de Tenerife,6,19,45601.0,17923.0,21234.0,17850.0,1.189579831932773,2024,20240101_38038_D06_S019,3.3,11.5,22.0,1.6,61.6,20230101_38038_D06_S019,177.0,9.0,52.0,185.0,423.0,414.0,42.7536231884058,12.560386473429952,20230101_38038_D06_S019,7.0,17.0,17.0,0.0,382.0,423.0,90.30732860520095,8.037825059101655,media-alta
2023,20240101_38038_D06_S020,38038_D06_S020,Santa Cruz de Tenerife,6,20,39019.0,14178.0,18146.0,16450.0,1.1031003039513678,2024,20240101_38038_D06_S020,4.9,9.6,21.1,3.3,61.1,20230101_38038_D06_S020,124.0,8.0,54.0,203.0,389.0,381.0,32.54593175853018,14.173228346456693,20230101_38038_D06_S020,3.0,24.0,13.0,0.0,349.0,389.0,89.7172236503856,9.511568123393316,media-baja
2023,20240101_38038_D06_S021,38038_D06_S021,Santa Cruz de Tenerife,6,21,41100.0,16490.0,20275.0,17150.0,1.1822157434402332,2024,20240101_38038_D06_S021,5.3,10.0,29.3,1.9,53.5,20230101_38038_D06_S021,200.0,28.0,61.0,278.0,567.0,539.0,37.105751391465674,11.317254174397032,20230101_38038_D06_S021,2.0,36.0,20.0,0.0,509.0,567.0,89.77072310405644,9.876543209876543,media-alta
2023,20240101_38038_D06_S022,38038_D06_S022,Santa Cruz de Tenerife,6,22,51231.0,21086.0,24809.0,23450.0,1.057953091684435,2024,20240101_38038_D06_S022,2.9,9.8,29.0,1.2,57.0,20230101_38038_D06_S022,407.0,59.0,36.0,364.0,866.0,807.0,50.43370508054523,4.4609665427509295,20230101_38038_D06_S022,3.0,24.0,28.0,0.0,811.0,866.0,93.64896073903002,6.0046189376443415,alta
2023,20240101_38038_D06_S023,38038_D06_S023,Santa Cruz de Tenerife,6,23,34709.0,13826.0,17569.0,15050.0,1.167375415282392,2024,20240101_38038_D06_S023,6.7,4.3,32.1,3.1,53.8,20230101_38038_D06_S023,86.0,16.0,67.0,197.0,366.0,350.0,24.571428571428573,19.142857142857142,20230101_38038_D06_S023,4.0,16.0,10.0,0.0,336.0,366.0,91.80327868852459,7.103825136612022,media-baja
2023,20240101_38038_D06_S025,38038_D06_S025,Santa Cruz de Tenerife,6,25,77087.0,27747.0,33103.0,30450.0,1.0871264367816091,2024,20240101_38038_D06_S025,3.8,15.9,24.5,0.8,55.1,20230101_38038_D06_S025,516.0,48.0,27.0,294.0,885.0,837.0,61.64874551971326,3.225806451612903,20230101_38038_D06_S025,9.0,34.0,31.0,0.0,811.0,885.0,91.63841807909604,7.344632768361582,alta
2023,20240101_38038_D06_S026,38038_D06_S026,Santa Cruz de Tenerife,6,26,25210.0,11409.0,14485.0,12950.0,1.1185328185328185,2024,20240101_38038_D06_S026,9.1,3.5,31.7,4.3,51.3,20230101_38038_D06_S026,56.0,2.0,34.0,158.0,250.0,248.0,22.580645161290324,13.709677419354838,20230101_38038_D06_S026,1.0,15.0,7.0,0.0,227.0,250.0,90.8,8.8,baja
2023,20240101_38038_D06_S028,38038_D06_S028,Santa Cruz de Tenerife,6,28,49203.0,19336.0,23342.0,22050.0,1.05859410430839,2024,20240101_38038_D06_S028,4.3,8.0,28.4,1.7,57.7,20230101_38038_D06_S028,262.0,41.0,61.0,315.0,679.0,638.0,41.06583072100314,9.561128526645769,20230101_38038_D06_S028,9.0,19.0,27.0,0.0,624.0,679.0,91.899852724595,6.774668630338733,media-alta
2023,20240101_38038_D06_S029,38038_D06_S029,Santa Cruz de Tenerife,6,29,60633.0,21420.0,27029.0,25550.0,1.0578864970645792,2024,20240101_38038_D06_S029,2.4,18.7,30.0,1.3,47.6,20230101_38038_D06_S029,81.0,4.0,5.0,42.0,132.0,128.0,63.28125,3.90625,20230101_38038_D06_S029,2.0,4.0,2.0,0.0,124.0,132.0,93.93939393939394,4.545454545454546,alta
2023,20240101_38038_D07_S001,38038_D07_S001,Santa Cruz de Tenerife,7,1,50533.0,18476.0,22920.0,21350.0,1.073536299765808,2024,20240101_38038_D07_S001,3.6,10.3,12.3,1.8,72.0,20230101_38038_D07_S001,286.0,34.0,78.0,369.0,767.0,733.0,39.017735334242836,10.641200545702592,20230101_38038_D07_S001,4.0,19.0,44.0,0.0,700.0,767.0,91.26466753585397,8.213820078226858,media-alta
2023,20240101_38038_D07_S002,38038_D07_S002,Santa Cruz de Tenerife,7,2,38277.0,13999.0,18242.0,17150.0,1.0636734693877552,2024,20240101_38038_D07_S002,5.6,8.3,25.9,2.6,57.5,20230101_38038_D07_S002,128.0,25.0,96.0,336.0,585.0,560.0,22.857142857142858,17.142857142857142,20230101_38038_D07_S002,15.0,31.0,32.0,0.0,507.0,585.0,86.66666666666667,10.76923076923077,media-baja
2023,20240101_38038_D07_S003,38038_D07_S003,Santa Cruz de Tenerife,7,3,37211.0,15351.0,19536.0,17150.0,1.139125364431487,2024,20240101_38038_D07_S003,5.2,7.5,30.1,2.7,54.5,20230101_38038_D07_S003,152.0,36.0,93.0,391.0,672.0,636.0,23.89937106918239,14.622641509433961,20230101_38038_D07_S003,10.0,27.0,39.0,0.0,596.0,672.0,88.69047619047619,9.821428571428571,media-baja
2023,20240101_38038_D07_S004,38038_D07_S004,Santa Cruz de Tenerife,7,4,31378.0,11526.0,15876.0,15050.0,1.0548837209302326,2024,20240101_38038_D07_S004,8.8,2.7,32.6,3.7,52.2,20230101_38038_D07_S004,39.0,6.0,63.0,137.0,245.0,239.0,16.317991631799163,26.359832635983263,20230101_38038_D07_S004,1.0,18.0,12.0,0.0,214.0,245.0,87.34693877551021,12.244897959183673,baja
2023,20240101_38038_D07_S005,38038_D07_S005,Santa Cruz de Tenerife,7,5,35807.0,13423.0,17672.0,16450.0,1.0742857142857143,2024,20240101_38038_D07_S005,4.7,7.3,26.2,2.2,59.6,20230101_38038_D07_S005,75.0,8.0,58.0,199.0,340.0,332.0,22.59036144578313,17.46987951807229,20230101_38038_D07_S005,0.0,27.0,26.0,1.0,286.0,339.0,84.36578171091445,15.634218289085545,media-baja
2023,20240101_38038_D07_S006,38038_D07_S006,Santa Cruz de Tenerife,7,6,27025.0,11785.0,15099.0,13650.0,1.106153846153846,2024,20240101_38038_D07_S006,9.3,4.3,28.3,3.5,54.6,20230101_38038_D07_S006,107.0,17.0,78.0,233.0,435.0,418.0,25.598086124401913,18.660287081339714,20230101_38038_D07_S006,6.0,23.0,21.0,0.0,385.0,435.0,88.50574712643679,10.114942528735632,baja
2023,20240101_38038_D07_S007,38038_D07_S007,Santa Cruz de Tenerife,7,7,32215.0,13151.0,16911.0,15050.0,1.1236544850498338,2024,20240101_38038_D07_S007,6.3,5.4,27.0,3.1,58.3,20230101_38038_D07_S007,97.0,15.0,89.0,277.0,478.0,463.0,20.950323974082075,19.22246220302376,20230101_38038_D07_S007,7.0,27.0,22.0,0.0,422.0,478.0,88.28451882845188,10.251046025104603,media-baja
2023,20240101_38038_D07_S009,38038_D07_S009,Santa Cruz de Tenerife,7,9,38540.0,15410.0,19317.0,17150.0,1.1263556851311953,2024,20240101_38038_D07_S009,3.7,5.6,26.7,2.8,61.2,20230101_38038_D07_S009,134.0,25.0,65.0,281.0,505.0,480.0,27.916666666666668,13.541666666666666,20230101_38038_D07_S009,5.0,16.0,35.0,0.0,449.0,505.0,88.91089108910892,10.099009900990099,media-baja
2023,20240101_38038_D08_S001,38038_D08_S001,Santa Cruz de Tenerife,8,1,29449.0,13184.0,16643.0,15750.0,1.0566984126984127,2024,20240101_38038_D08_S001,5.5,6.0,32.4,3.2,53.0,20230101_38038_D08_S001,63.0,15.0,81.0,228.0,387.0,372.0,16.93548387096774,21.774193548387096,20230101_38038_D08_S001,11.0,45.0,26.0,0.0,305.0,387.0,78.81136950904393,18.34625322997416,media-baja
2023,20240101_38038_D09_S001,38038_D09_S001,Santa Cruz de Tenerife,9,1,29895.0,12971.0,16506.0,16450.0,1.003404255319149,2024,20240101_38038_D09_S001,7.0,5.2,26.6,2.5,58.8,20230101_38038_D09_S001,85.0,12.0,78.0,203.0,378.0,366.0,23.224043715846996,21.311475409836067,20230101_38038_D09_S001,4.0,26.0,13.0,0.0,335.0,378.0,88.62433862433862,10.317460317460318,media-baja
2023,20240101_38038_D09_S002,38038_D09_S002,Santa Cruz de Tenerife,9,2,28392.0,10804.0,14253.0,12250.0,1.1635102040816327,2024,20240101_38038_D09_S002,9.4,4.5,22.3,3.6,60.2,20230101_38038_D09_S002,55.0,10.0,46.0,146.0,257.0,247.0,22.267206477732792,18.62348178137652,20230101_38038_D09_S002,1.0,14.0,13.0,0.0,229.0,257.0,89.10505836575875,10.505836575875486,baja
2023,20240101_38038_D09_S003,38038_D09_S003,Santa Cruz de Tenerife,9,3,29548.0,12232.0,15650.0,14350.0,1.0905923344947734,2024,20240101_38038_D09_S003,6.4,3.9,33.6,2.8,53.3,20230101_38038_D09_S003,82.0,15.0,62.0,242.0,401.0,386.0,21.243523316062177,16.06217616580311,20230101_38038_D09_S003,2.0,27.0,24.0,0.0,348.0,401.0,86.78304239401496,12.718204488778055,media-baja
2023,20240101_38038_D09_S006,38038_D09_S006,Santa Cruz de Tenerife,9,6,32171.0,12879.0,16366.0,14700.0,1.1133333333333333,2024,20240101_38038_D09_S006,6.2,4.0,27.1,3.3,59.5,20230101_38038_D09_S006,106.0,15.0,80.0,263.0,464.0,449.0,23.608017817371937,17.817371937639198,20230101_38038_D09_S006,6.0,32.0,21.0,0.0,405.0,464.0,87.28448275862068,11.422413793103448,media-baja
2023,20240101_38038_D09_S007,38038_D09_S007,Santa Cruz de Tenerife,9,7,32961.0,12999.0,16975.0,16450.0,1.0319148936170213,2024,20240101_38038_D09_S007,6.9,7.1,21.2,3.2,61.5,20230101_38038_D09_S007,70.0,14.0,43.0,205.0,332.0,318.0,22.0125786163522,13.522012578616351,20230101_38038_D09_S007,2.0,26.0,18.0,0.0,286.0,332.0,86.144578313253,13.25301204819277,media-baja
2023,20240101_38038_D09_S009,38038_D09_S009,Santa Cruz de Tenerife,9,9,28708.0,11094.0,14711.0,13650.0,1.0777289377289376,2024,20240101_38038_D09_S009,9.5,5.5,25.5,4.2,55.3,20230101_38038_D09_S009,78.0,15.0,98.0,305.0,496.0,481.0,16.216216216216218,20.374220374220375,20230101_38038_D09_S009,4.0,27.0,19.0,0.0,446.0,496.0,89.91935483870968,9.274193548387096,baja
2023,20240101_38038_D09_S010,38038_D09_S010,Santa Cruz de Tenerife,9,10,28715.0,11232.0,15072.0,14350.0,1.0503135888501742,2024,20240101_38038_D09_S010,9.8,2.9,28.2,3.6,55.6,20230101_38038_D09_S010,58.0,17.0,94.0,246.0,415.0,398.0,14.57286432160804,23.618090452261306,20230101_38038_D09_S010,0.0,25.0,22.0,0.0,368.0,415.0,88.67469879518072,11.325301204819278,baja
2023,20240101_38038_D09_S011,38038_D09_S011,Santa Cruz de Tenerife,9,11,26127.0,10923.0,14360.0,12950.0,1.108880308880309,2024,20240101_38038_D09_S011,8.7,2.2,27.5,4.1,57.5,20230101_38038_D09_S011,60.0,12.0,95.0,205.0,372.0,360.0,16.666666666666668,26.38888888888889,20230101_38038_D09_S011,6.0,20.0,22.0,0.0,324.0,372.0,87.09677419354838,11.290322580645162,baja
2023,20240101_38038_D09_S012,38038_D09_S012,Santa Cruz de Tenerife,9,12,33974.0,13142.0,16900.0,16450.0,1.027355623100304,2024,20240101_38038_D09_S012,6.4,5.2,23.5,3.0,61.9,20230101_38038_D09_S012,128.0,26.0,82.0,390.0,626.0,600.0,21.333333333333332,13.666666666666666,20230101_38038_D09_S012,6.0,47.0,26.0,0.0,547.0,626.0,87.38019169329074,11.661341853035143,media-baja
2023,20240101_38038_D09_S014,38038_D09_S014,Santa Cruz de Tenerife,9,14,27235.0,11553.0,14970.0,13650.0,1.0967032967032968,2024,20240101_38038_D09_S014,10.4,4.9,25.6,3.5,55.5,20230101_38038_D09_S014,47.0,15.0,52.0,170.0,284.0,269.0,17.472118959107807,19.33085501858736,20230101_38038_D09_S014,1.0,19.0,7.0,0.0,257.0,284.0,90.49295774647888,9.154929577464788,baja
2023,20240101_38038_D09_S015,38038_D09_S015,Santa Cruz de Tenerife,9,15,30384.0,12857.0,16218.0,14350.0,1.1301742160278745,2024,20240101_38038_D09_S015,8.0,4.4,32.8,3.4,51.4,20230101_38038_D09_S015,86.0,7.0,44.0,190.0,327.0,320.0,26.875,13.75,20230101_38038_D09_S015,3.0,15.0,13.0,0.0,296.0,327.0,90.51987767584097,8.562691131498472,media-baja
2023,20240101_38038_D09_S016,38038_D09_S016,Santa Cruz de Tenerife,9,16,30204.0,12110.0,15972.0,14350.0,1.1130313588850174,2024,20240101_38038_D09_S016,8.5,4.7,33.5,3.2,50.1,20230101_38038_D09_S016,52.0,10.0,68.0,234.0,364.0,354.0,14.689265536723164,19.2090395480226,20230101_38038_D09_S016,5.0,26.0,10.0,0.0,323.0,364.0,88.73626373626374,9.89010989010989,media-baja
2023,20240101_38038_D09_S018,38038_D09_S018,Santa Cruz de Tenerife,9,18,96186.0,12704.0,20351.0,20650.0,0.9855205811138015,2024,20240101_38038_D09_S018,5.0,3.4,40.0,2.7,49.0,20230101_38038_D09_S018,44.0,14.0,43.0,132.0,233.0,219.0,20.091324200913242,19.634703196347033,20230101_38038_D09_S018,3.0,10.0,15.0,0.0,205.0,233.0,87.98283261802575,10.729613733905579,media-baja
2023,20240101_38038_D09_S019,38038_D09_S019,Santa Cruz de Tenerife,9,19,35615.0,13776.0,17653.0,15750.0,1.1208253968253967,2024,20240101_38038_D09_S019,6.7,6.5,21.3,2.8,62.7,20230101_38038_D09_S019,133.0,30.0,73.0,348.0,584.0,554.0,24.0072202166065,13.176895306859207,20230101_38038_D09_S019,5.0,29.0,25.0,0.0,525.0,584.0,89.8972602739726,9.246575342465754,media-baja
2023,20240101_38038_D09_S021,38038_D09_S021,Santa Cruz de Tenerife,9,21,31809.0,13441.0,17089.0,15750.0,1.085015873015873,2024,20240101_38038_D09_S021,5.6,4.1,33.4,3.1,53.8,20230101_38038_D09_S021,58.0,10.0,51.0,187.0,306.0,296.0,19.594594594594593,17.22972972972973,20230101_38038_D09_S021,4.0,22.0,16.0,0.0,264.0,306.0,86.27450980392157,12.418300653594772,media-baja
2023,20240101_38038_D09_S022,38038_D09_S022,Santa Cruz de Tenerife,9,22,26631.0,11210.0,14448.0,12950.0,1.1156756756756756,2024,20240101_38038_D09_S022,9.2,4.5,25.5,4.1,56.7,20230101_38038_D09_S022,82.0,17.0,91.0,257.0,447.0,430.0,19.069767441860463,21.162790697674417,20230101_38038_D09_S022,3.0,27.0,20.0,0.0,397.0,447.0,88.81431767337807,10.51454138702461,baja
2023,20240101_38038_D10_S001,38038_D10_S001,Santa Cruz de Tenerife,10,1,31149.0,12575.0,16540.0,15750.0,1.05015873015873,2024,20240101_38038_D10_S001,7.5,3.4,37.2,2.0,50.0,20230101_38038_D10_S001,54.0,11.0,39.0,183.0,287.0,276.0,19.565217391304348,14.130434782608695,20230101_38038_D10_S001,2.0,21.0,21.0,0.0,243.0,287.0,84.66898954703832,14.634146341463415,media-baja
2023,20240101_38038_D10_S002,38038_D10_S002,Santa Cruz de Tenerife,10,2,30929.0,12761.0,16299.0,15050.0,1.0829900332225915,2024,20240101_38038_D10_S002,7.2,6.4,31.7,2.4,52.2,20230101_38038_D10_S002,79.0,10.0,59.0,195.0,343.0,333.0,23.723723723723722,17.71771771771772,20230101_38038_D10_S002,1.0,22.0,15.0,0.0,305.0,343.0,88.92128279883381,10.787172011661808,media-baja
2023,20240101_38038_D10_S003,38038_D10_S003,Santa Cruz de Tenerife,10,3,31968.0,13104.0,16882.0,15750.0,1.0718730158730159,2024,20240101_38038_D10_S003,6.9,4.4,32.2,3.4,53.1,20230101_38038_D10_S003,83.0,13.0,56.0,225.0,377.0,364.0,22.802197802197803,15.384615384615385,20230101_38038_D10_S003,2.0,23.0,14.0,0.0,338.0,377.0,89.65517241379311,9.814323607427056,media-baja
2023,20240101_38038_D10_S004,38038_D10_S004,Santa Cruz de Tenerife,10,4,28451.0,12735.0,16047.0,15750.0,1.018857142857143,2024,20240101_38038_D10_S004,7.2,3.1,34.2,2.9,52.6,20230101_38038_D10_S004,43.0,8.0,26.0,146.0,223.0,215.0,20.0,12.093023255813954,20230101_38038_D10_S004,2.0,13.0,15.0,0.0,193.0,223.0,86.54708520179372,12.556053811659194,media-baja
2023,20240101_38038_D10_S005,38038_D10_S005,Santa Cruz de Tenerife,10,5,29643.0,13024.0,16403.0,15750.0,1.0414603174603174,2024,20240101_38038_D10_S005,8.4,4.3,30.5,2.9,53.8,20230101_38038_D10_S005,51.0,12.0,46.0,158.0,267.0,255.0,20.0,18.03921568627451,20230101_38038_D10_S005,4.0,18.0,10.0,0.0,235.0,267.0,88.01498127340824,10.486891385767791,media-baja
2023,20240101_38038_D10_S006,38038_D10_S006,Santa Cruz de Tenerife,10,6,51170.0,19395.0,23682.0,19250.0,1.2302337662337661,2024,20240101_38038_D10_S006,3.7,13.4,28.3,1.6,52.9,20230101_38038_D10_S006,224.0,22.0,50.0,282.0,578.0,556.0,40.28776978417266,8.992805755395683,20230101_38038_D10_S006,8.0,20.0,20.0,0.0,530.0,578.0,91.6955017301038,6.920415224913495,media-alta
2023,20240101_38038_D10_S007,38038_D10_S007,Santa Cruz de Tenerife,10,7,42733.0,17822.0,21636.0,19600.0,1.1038775510204082,2024,20240101_38038_D10_S007,5.8,4.6,27.9,2.3,59.4,20230101_38038_D10_S007,133.0,17.0,45.0,163.0,358.0,341.0,39.002932551319645,13.196480938416423,20230101_38038_D10_S007,2.0,18.0,15.0,0.0,323.0,358.0,90.22346368715084,9.217877094972067,media-alta
2023,20240101_38038_D10_S008,38038_D10_S008,Santa Cruz de Tenerife,10,8,41222.0,15557.0,19608.0,17850.0,1.0984873949579832,2024,20240101_38038_D10_S008,5.8,9.5,26.7,1.7,56.2,20230101_38038_D10_S008,105.0,12.0,47.0,197.0,361.0,349.0,30.08595988538682,13.46704871060172,20230101_38038_D10_S008,1.0,21.0,15.0,0.0,324.0,361.0,89.75069252077563,9.97229916897507,media-baja
2023,20240101_38038_D10_S009,38038_D10_S009,Santa Cruz de Tenerife,10,9,37566.0,14302.0,18479.0,16450.0,1.1233434650455927,2024,20240101_38038_D10_S009,7.2,6.2,33.8,2.6,50.3,20230101_38038_D10_S009,87.0,10.0,35.0,194.0,326.0,316.0,27.531645569620252,11.075949367088608,20230101_38038_D10_S009,2.0,26.0,16.0,0.0,282.0,326.0,86.50306748466258,12.883435582822086,media-baja
2023,20240101_38038_D10_S010,38038_D10_S010,Santa Cruz de Tenerife,10,10,35181.0,12825.0,17098.0,15050.0,1.136079734219269,2024,20240101_38038_D10_S010,7.7,5.0,30.8,2.9,53.6,20230101_38038_D10_S010,52.0,10.0,48.0,131.0,241.0,231.0,22.51082251082251,20.77922077922078,20230101_38038_D10_S010,2.0,12.0,14.0,0.0,213.0,241.0,88.38174273858921,10.78838174273859,media-baja
2023,20240101_38038_D10_S011,38038_D10_S011,Santa Cruz de Tenerife,10,11,41365.0,16439.0,20577.0,19250.0,1.0689350649350648,2024,20240101_38038_D10_S011,5.2,5.4,24.6,1.9,62.9,20230101_38038_D10_S011,97.0,16.0,57.0,339.0,509.0,493.0,19.675456389452332,11.561866125760648,20230101_38038_D10_S011,2.0,14.0,18.0,0.0,475.0,509.0,93.32023575638507,6.286836935166994,media-alta
2023,20240101_38038_D10_S012,38038_D10_S012,Santa Cruz de Tenerife,10,12,32839.0,12257.0,16307.0,15050.0,1.0835215946843855,2024,20240101_38038_D10_S012,7.5,4.3,29.6,3.0,55.5,20230101_38038_D10_S012,60.0,24.0,60.0,197.0,341.0,317.0,18.92744479495268,18.92744479495268,20230101_38038_D10_S012,5.0,18.0,20.0,0.0,298.0,341.0,87.3900293255132,11.143695014662757,media-baja
2023,20240101_38038_D10_S013,38038_D10_S013,Santa Cruz de Tenerife,10,13,36389.0,14532.0,18331.0,17150.0,1.068862973760933,2024,20240101_38038_D10_S013,3.9,6.9,38.4,1.4,49.5,20230101_38038_D10_S013,75.0,11.0,24.0,105.0,215.0,204.0,36.76470588235294,11.764705882352942,20230101_38038_D10_S013,4.0,9.0,6.0,0.0,196.0,215.0,91.16279069767442,6.976744186046512,media-baja
2023,20240101_38038_D10_S014,38038_D10_S014,Santa Cruz de Tenerife,10,14,41277.0,15813.0,19842.0,19250.0,1.0307532467532468,2024,20240101_38038_D10_S014,4.6,4.1,31.0,2.8,57.5,20230101_38038_D10_S014,96.0,11.0,41.0,212.0,360.0,349.0,27.507163323782233,11.74785100286533,20230101_38038_D10_S014,0.0,21.0,10.0,1.0,328.0,359.0,91.36490250696379,8.635097493036211,media-baja
2023,20240101_38038_D10_S015,38038_D10_S015,Santa Cruz de Tenerife,10,15,47146.0,18073.0,22384.0,18550.0,1.2066846361185983,2024,20240101_38038_D10_S015,5.9,11.3,28.5,2.0,52.3,20230101_38038_D10_S015,183.0,18.0,50.0,184.0,435.0,417.0,43.884892086330936,11.990407673860911,20230101_38038_D10_S015,1.0,15.0,15.0,0.0,404.0,435.0,92.8735632183908,6.896551724137931,media-alta
2023,20240101_38038_D10_S016,38038_D10_S016,Santa Cruz de Tenerife,10,16,40342.0,16115.0,20094.0,17850.0,1.1257142857142857,2024,20240101_38038_D10_S016,4.9,7.6,24.3,2.4,60.9,20230101_38038_D10_S016,137.0,23.0,35.0,253.0,448.0,425.0,32.23529411764706,8.235294117647058,20230101_38038_D10_S016,4.0,21.0,19.0,0.0,404.0,448.0,90.17857142857143,8.928571428571429,media-alta
2023,20240101_38038_D11_S001,38038_D11_S001,Santa Cruz de Tenerife,11,1,31593.0,12057.0,15899.0,15050.0,1.0564119601328903,2024,20240101_38038_D11_S001,6.4,5.4,22.2,3.7,62.4,20230101_38038_D11_S001,110.0,31.0,108.0,389.0,638.0,607.0,18.12191103789127,17.792421746293247,20230101_38038_D11_S001,3.0,59.0,31.0,0.0,545.0,638.0,85.42319749216301,14.106583072100314,media-baja
2023,20240101_38038_D11_S002,38038_D11_S002,Santa Cruz de Tenerife,11,2,36626.0,14252.0,18233.0,17150.0,1.0631486880466472,2024,20240101_38038_D11_S002,4.3,7.7,13.2,3.0,71.8,20230101_38038_D11_S002,207.0,46.0,83.0,480.0,816.0,770.0,26.883116883116884,10.779220779220779,20230101_38038_D11_S002,9.0,44.0,57.0,0.0,706.0,816.0,86.51960784313725,12.377450980392156,media-baja
2023,20240101_38038_D11_S003,38038_D11_S003,Santa Cruz de Tenerife,11,3,40013.0,15574.0,19641.0,18550.0,1.0588140161725068,2024,20240101_38038_D11_S003,4.2,7.0,11.6,2.1,75.2,20230101_38038_D11_S003,368.0,62.0,103.0,715.0,1248.0,1186.0,31.02866779089376,8.684654300168635,20230101_38038_D11_S003,5.0,57.0,56.0,0.0,1130.0,1248.0,90.5448717948718,9.054487179487179,media-baja
2023,20240101_38038_D11_S004,38038_D11_S004,Santa Cruz de Tenerife,11,4,31511.0,12105.0,15945.0,15050.0,1.059468438538206,2024,20240101_38038_D11_S004,6.4,6.2,16.1,3.0,68.4,20230101_38038_D11_S004,174.0,50.0,129.0,562.0,915.0,865.0,20.115606936416185,14.913294797687861,20230101_38038_D11_S004,5.0,64.0,47.0,0.0,799.0,915.0,87.3224043715847,12.131147540983607,media-baja
2023,20240101_38038_D11_S005,38038_D11_S005,Santa Cruz de Tenerife,11,5,36355.0,14002.0,17884.0,16450.0,1.0871732522796353,2024,20240101_38038_D11_S005,4.9,6.5,17.5,3.0,68.2,20230101_38038_D11_S005,122.0,19.0,61.0,325.0,527.0,508.0,24.015748031496063,12.007874015748031,20230101_38038_D11_S005,3.0,38.0,40.0,0.0,446.0,527.0,84.62998102466793,14.800759013282732,media-baja
2023,20240101_38038_D11_S006,38038_D11_S006,Santa Cruz de Tenerife,11,6,34315.0,12801.0,17004.0,16100.0,1.0561490683229813,2024,20240101_38038_D11_S006,5.2,5.5,22.2,3.5,63.5,20230101_38038_D11_S006,159.0,25.0,142.0,467.0,793.0,768.0,20.703125,18.489583333333332,20230101_38038_D11_S006,4.0,68.0,36.0,0.0,685.0,793.0,86.38083228247163,13.114754098360656,media-baja
2023,20240101_38038_D11_S007,38038_D11_S007,Santa Cruz de Tenerife,11,7,32834.0,12639.0,16570.0,15750.0,1.0520634920634921,2024,20240101_38038_D11_S007,5.8,4.8,14.8,3.4,71.2,20230101_38038_D11_S007,119.0,18.0,81.0,330.0,548.0,530.0,22.452830188679247,15.283018867924529,20230101_38038_D11_S007,3.0,44.0,29.0,0.0,472.0,548.0,86.13138686131387,13.321167883211679,media-baja
2023,20240101_38038_D11_S008,38038_D11_S008,Santa Cruz de Tenerife,11,8,40160.0,15203.0,19325.0,17850.0,1.0826330532212884,2024,20240101_38038_D11_S008,5.8,6.1,13.7,3.2,71.1,20230101_38038_D11_S008,183.0,28.0,59.0,353.0,623.0,595.0,30.756302521008404,9.915966386554622,20230101_38038_D11_S008,5.0,32.0,36.0,0.0,550.0,623.0,88.28250401284109,10.914927768860354,media-baja
2023,20240101_38038_D11_S009,38038_D11_S009,Santa Cruz de Tenerife,11,9,28652.0,10990.0,14589.0,13650.0,1.0687912087912088,2024,20240101_38038_D11_S009,10.5,2.0,18.0,4.2,65.3,20230101_38038_D11_S009,84.0,13.0,92.0,252.0,441.0,428.0,19.626168224299064,21.49532710280374,20230101_38038_D11_S009,3.0,27.0,22.0,0.0,389.0,441.0,88.20861678004535,11.11111111111111,baja
2023,20240101_38038_D11_S010,38038_D11_S010,Santa Cruz de Tenerife,11,10,34782.0,13289.0,17348.0,15750.0,1.1014603174603175,2024,20240101_38038_D11_S010,6.7,8.9,17.7,2.8,63.9,20230101_38038_D11_S010,170.0,24.0,96.0,321.0,611.0,587.0,28.960817717206133,16.35434412265758,20230101_38038_D11_S010,8.0,36.0,26.0,0.0,541.0,611.0,88.54337152209493,10.147299509001636,media-baja
2023,20240101_38038_D11_S011,38038_D11_S011,Santa Cruz de Tenerife,11,11,22675.0,8544.0,11992.0,11550.0,1.0382683982683982,2024,20240101_38038_D11_S011,14.5,0.7,23.4,5.0,56.4,20230101_38038_D11_S011,30.0,11.0,89.0,210.0,340.0,329.0,9.118541033434651,27.051671732522795,20230101_38038_D11_S011,5.0,26.0,7.0,0.0,302.0,340.0,88.82352941176471,9.705882352941176,baja
2023,20240101_38038_D11_S012,38038_D11_S012,Santa Cruz de Tenerife,11,12,25377.0,9437.0,13190.0,12250.0,1.076734693877551,2024,20240101_38038_D11_S012,15.5,2.2,18.0,4.7,59.5,20230101_38038_D11_S012,74.0,19.0,104.0,345.0,542.0,523.0,14.149139579349905,19.88527724665392,20230101_38038_D11_S012,3.0,39.0,19.0,0.0,481.0,542.0,88.74538745387454,10.70110701107011,baja
2023,20240101_38038_D11_S013,38038_D11_S013,Santa Cruz de Tenerife,11,13,40232.0,14934.0,19201.0,16450.0,1.1672340425531915,2024,20240101_38038_D11_S013,5.8,12.3,11.6,2.7,67.7,20230101_38038_D11_S013,217.0,41.0,77.0,437.0,772.0,731.0,29.685362517099865,10.533515731874145,20230101_38038_D11_S013,5.0,51.0,40.0,0.0,676.0,772.0,87.56476683937824,11.787564766839377,media-baja
2023,20240101_38038_D11_S014,38038_D11_S014,Santa Cruz de Tenerife,11,14,69222.0,22765.0,28287.0,26250.0,1.0776,2024,20240101_38038_D11_S014,2.8,11.8,11.7,1.5,72.3,20230101_38038_D11_S014,299.0,28.0,17.0,224.0,568.0,540.0,55.370370370370374,3.1481481481481484,20230101_38038_D11_S014,1.0,21.0,28.0,0.0,518.0,568.0,91.19718309859155,8.626760563380282,alta
2023,20240101_38038_D11_S015,38038_D11_S015,Santa Cruz de Tenerife,11,15,35804.0,13220.0,17008.0,15750.0,1.0798730158730159,2024,20240101_38038_D11_S015,4.8,7.3,14.6,3.0,70.4,20230101_38038_D11_S015,131.0,29.0,88.0,414.0,662.0,633.0,20.69510268562401,13.902053712480253,20230101_38038_D11_S015,3.0,53.0,39.0,0.0,567.0,662.0,85.64954682779457,13.897280966767372,media-baja
2023,20240101_38038_D11_S016,38038_D11_S016,Santa Cruz de Tenerife,11,16,32819.0,12069.0,15968.0,14350.0,1.1127526132404182,2024,20240101_38038_D11_S016,5.5,4.9,23.4,3.1,63.0,20230101_38038_D11_S016,63.0,13.0,67.0,195.0,338.0,325.0,19.384615384615383,20.615384615384617,20230101_38038_D11_S016,12.0,14.0,17.0,0.0,295.0,338.0,87.27810650887574,9.171597633136095,media-baja
2023,20240101_38038_D11_S017,38038_D11_S017,Santa Cruz de Tenerife,11,17,30243.0,11406.0,15353.0,13650.0,1.1247619047619049,2024,20240101_38038_D11_S017,7.4,2.0,26.7,3.8,60.1,20230101_38038_D11_S017,66.0,29.0,89.0,243.0,427.0,398.0,16.582914572864322,22.36180904522613,20230101_38038_D11_S017,2.0,26.0,19.0,0.0,380.0,427.0,88.99297423887587,10.53864168618267,baja
2023,20240101_38038_D11_S018,38038_D11_S018,Santa Cruz de Tenerife,11,18,44070.0,16078.0,20348.0,19250.0,1.057038961038961,2024,20240101_38038_D11_S018,3.8,6.5,11.2,2.0,76.5,20230101_38038_D11_S018,250.0,39.0,94.0,467.0,850.0,811.0,30.826140567200987,11.590628853267571,20230101_38038_D11_S018,1.0,36.0,40.0,0.0,773.0,850.0,90.94117647058823,8.941176470588236,media-alta
2023,20240101_38038_D11_S019,38038_D11_S019,Santa Cruz de Tenerife,11,19,31460.0,12360.0,15858.0,14350.0,1.1050871080139373,2024,20240101_38038_D11_S019,6.5,7.2,16.1,3.8,66.5,20230101_38038_D11_S019,120.0,23.0,81.0,295.0,519.0,496.0,24.193548387096776,16.330645161290324,20230101_38038_D11_S019,4.0,41.0,28.0,0.0,446.0,519.0,85.9344894026975,13.294797687861271,media-baja
2023,20240101_38038_D11_S020,38038_D11_S020,Santa Cruz de Tenerife,11,20,36611.0,13891.0,17758.0,16450.0,1.0795136778115502,2024,20240101_38038_D11_S020,5.0,8.1,10.9,2.7,73.3,20230101_38038_D11_S020,203.0,22.0,84.0,426.0,735.0,713.0,28.47124824684432,11.781206171107995,20230101_38038_D11_S020,5.0,35.0,33.0,0.0,662.0,735.0,90.06802721088435,9.251700680272108,media-baja
2023,20240101_38038_D11_S021,38038_D11_S021,Santa Cruz de Tenerife,11,21,70671.0,25950.0,30742.0,27650.0,1.1118264014466546,2024,20240101_38038_D11_S021,2.2,15.0,6.1,1.2,75.6,20230101_38038_D11_S021,571.0,43.0,32.0,425.0,1071.0,1028.0,55.54474708171206,3.11284046692607,20230101_38038_D11_S021,3.0,32.0,57.0,0.0,979.0,1071.0,91.40989729225024,8.30999066293184,alta
2023,20240101_38038_D12_S001,38038_D12_S001,Santa Cruz de Tenerife,12,1,44844.0,14823.0,19799.0,18550.0,1.0673315363881402,2024,20240101_38038_D12_S001,3.6,6.2,18.5,2.5,69.2,20230101_38038_D12_S001,194.0,32.0,83.0,389.0,698.0,666.0,29.12912912912913,12.462462462462462,20230101_38038_D12_S001,6.0,62.0,47.0,1.0,582.0,697.0,83.50071736011478,15.63845050215208,media-baja
2023,20240101_38038_D12_S002,38038_D12_S002,Santa Cruz de Tenerife,12,2,38885.0,13801.0,18061.0,16450.0,1.097933130699088,2024,20240101_38038_D12_S002,5.2,10.0,20.0,3.0,61.9,20230101_38038_D12_S002,193.0,37.0,134.0,511.0,875.0,838.0,23.031026252983292,15.990453460620525,20230101_38038_D12_S002,7.0,49.0,67.0,0.0,752.0,875.0,85.94285714285714,13.257142857142858,media-baja
2023,20240101_38038_D12_S003,38038_D12_S003,Santa Cruz de Tenerife,12,3,29230.0,12404.0,15848.0,14350.0,1.1043902439024391,2024,20240101_38038_D12_S003,6.9,5.4,25.7,3.6,58.4,20230101_38038_D12_S003,60.0,16.0,63.0,198.0,337.0,321.0,18.69158878504673,19.626168224299064,20230101_38038_D12_S003,0.0,19.0,22.0,0.0,296.0,337.0,87.83382789317507,12.166172106824925,media-baja
2023,20240101_38038_D12_S004,38038_D12_S004,Santa Cruz de Tenerife,12,4,38483.0,13550.0,17893.0,17150.0,1.0433236151603498,2024,20240101_38038_D12_S004,6.2,9.1,25.8,2.9,56.1,20230101_38038_D12_S004,132.0,18.0,62.0,299.0,511.0,493.0,26.774847870182555,12.57606490872211,20230101_38038_D12_S004,4.0,37.0,26.0,0.0,444.0,511.0,86.88845401174169,12.32876712328767,media-baja
2023,20240101_38038_D12_S005,38038_D12_S005,Santa Cruz de Tenerife,12,5,43487.0,14951.0,19695.0,18550.0,1.0617250673854448,2024,20240101_38038_D12_S005,4.3,7.8,14.1,2.6,71.2,20230101_38038_D12_S005,285.0,38.0,121.0,588.0,1032.0,994.0,28.672032193158955,12.173038229376257,20230101_38038_D12_S005,3.0,76.0,71.0,0.0,882.0,1032.0,85.46511627906976,14.244186046511627,media-baja
2023,20240101_38038_D12_S006,38038_D12_S006,Santa Cruz de Tenerife,12,6,36840.0,13563.0,17666.0,16450.0,1.0739209726443768,2024,20240101_38038_D12_S006,6.3,4.5,14.4,3.7,71.1,20230101_38038_D12_S006,164.0,29.0,103.0,423.0,719.0,690.0,23.768115942028984,14.927536231884059,20230101_38038_D12_S006,2.0,49.0,43.0,0.0,625.0,719.0,86.92628650904034,12.795549374130736,media-baja
2023,20240101_38038_D12_S007,38038_D12_S007,Santa Cruz de Tenerife,12,7,37431.0,13237.0,17756.0,16450.0,1.0793920972644377,2024,20240101_38038_D12_S007,5.3,7.7,13.7,3.1,70.2,20230101_38038_D12_S007,95.0,14.0,45.0,243.0,397.0,383.0,24.804177545691907,11.74934725848564,20230101_38038_D12_S007,6.0,25.0,32.0,0.0,334.0,397.0,84.1309823677582,14.357682619647354,media-baja
2023,20240101_38038_D12_S008,38038_D12_S008,Santa Cruz de Tenerife,12,8,40830.0,15343.0,19602.0,17850.0,1.0981512605042016,2024,20240101_38038_D12_S008,5.0,7.6,11.7,2.3,73.4,20230101_38038_D12_S008,279.0,43.0,112.0,609.0,1043.0,1000.0,27.9,11.2,20230101_38038_D12_S008,8.0,59.0,54.0,0.0,922.0,1043.0,88.39884947267498,10.834132310642378,media-baja
2023,20240101_38038_D12_S009,38038_D12_S009,Santa Cruz de Tenerife,12,9,46832.0,16572.0,21212.0,19950.0,1.0632581453634085,2024,20240101_38038_D12_S009,3.8,5.9,8.2,2.1,80.0,20230101_38038_D12_S009,322.0,50.0,95.0,590.0,1057.0,1007.0,31.976166832174776,9.433962264150944,20230101_38038_D12_S009,7.0,45.0,64.0,0.0,941.0,1057.0,89.02554399243141,10.312204351939451,media-alta
2023,20240101_38038_D12_S010,38038_D12_S010,Santa Cruz de Tenerife,12,10,42799.0,15561.0,19886.0,18550.0,1.072021563342318,2024,20240101_38038_D12_S010,5.2,6.6,6.2,2.3,79.7,20230101_38038_D12_S010,243.0,25.0,74.0,439.0,781.0,756.0,32.142857142857146,9.788359788359788,20230101_38038_D12_S010,5.0,29.0,35.0,0.0,712.0,781.0,91.1651728553137,8.194622279129321,media-baja
2023,20240101_38038_D12_S011,38038_D12_S011,Santa Cruz de Tenerife,12,11,35202.0,13059.0,16932.0,14350.0,1.1799303135888501,2024,20240101_38038_D12_S011,6.9,6.4,10.9,2.6,73.2,20230101_38038_D12_S011,215.0,29.0,119.0,489.0,852.0,823.0,26.12393681652491,14.459295261239369,20230101_38038_D12_S011,2.0,46.0,44.0,0.0,760.0,852.0,89.2018779342723,10.56338028169014,media-baja
2023,20240101_38039_D01_S001,38039_D01_S001,Santa Úrsula,1,1,31142.0,12405.0,16223.0,14350.0,1.1305226480836237,2024,20240101_38039_D01_S001,5.5,12.9,18.7,3.0,60.0,20230101_38039_D01_S001,156.0,19.0,107.0,488.0,770.0,751.0,20.77230359520639,14.247669773635153,20230101_38039_D01_S001,10.0,99.0,40.0,0.0,621.0,770.0,80.64935064935065,18.051948051948052,media-baja
2023,20240101_38039_D01_S002,38039_D01_S002,Santa Úrsula,1,2,29923.0,11632.0,15579.0,14350.0,1.0856445993031358,2024,20240101_38039_D01_S002,6.1,13.8,21.3,4.1,54.7,20230101_38039_D01_S002,107.0,23.0,96.0,404.0,630.0,607.0,17.627677100494235,15.815485996705107,20230101_38039_D01_S002,13.0,100.0,20.0,0.0,497.0,630.0,78.88888888888889,19.047619047619047,baja
2023,20240101_38039_D01_S003,38039_D01_S003,Santa Úrsula,1,3,32140.0,11470.0,15744.0,14350.0,1.0971428571428572,2024,20240101_38039_D01_S003,6.5,7.1,20.5,3.6,62.3,20230101_38039_D01_S003,105.0,15.0,117.0,306.0,543.0,528.0,19.886363636363637,22.15909090909091,20230101_38039_D01_S003,17.0,83.0,24.0,0.0,419.0,543.0,77.16390423572744,19.70534069981584,baja
2023,20240101_38039_D01_S004,38039_D01_S004,Santa Úrsula,1,4,47645.0,18364.0,22026.0,18550.0,1.1873854447439354,2024,20240101_38039_D01_S004,3.5,18.5,15.1,1.7,61.2,20230101_38039_D01_S004,306.0,30.0,59.0,393.0,788.0,758.0,40.36939313984169,7.783641160949868,20230101_38039_D01_S004,9.0,51.0,34.0,1.0,693.0,787.0,88.0559085133418,10.800508259212199,media-alta
2023,20240101_38039_D01_S005,38039_D01_S005,Santa Úrsula,1,5,33607.0,12693.0,16518.0,15050.0,1.0975415282392027,2024,20240101_38039_D01_S005,6.0,13.6,18.6,2.9,58.9,20230101_38039_D01_S005,128.0,17.0,53.0,341.0,539.0,522.0,24.521072796934867,10.153256704980842,20230101_38039_D01_S005,7.0,63.0,21.0,0.0,448.0,539.0,83.11688311688312,15.584415584415584,media-baja
2023,20240101_38039_D01_S006,38039_D01_S006,Santa Úrsula,1,6,36246.0,14306.0,17806.0,15750.0,1.1305396825396825,2024,20240101_38039_D01_S006,5.1,16.9,15.4,2.8,59.8,20230101_38039_D01_S006,170.0,36.0,102.0,438.0,746.0,710.0,23.943661971830984,14.366197183098592,20230101_38039_D01_S006,11.0,72.0,24.0,0.0,639.0,746.0,85.656836461126,12.868632707774799,media-baja
2023,20240101_38039_D01_S007,38039_D01_S007,Santa Úrsula,1,7,38956.0,14973.0,18546.0,16450.0,1.1274164133738602,2024,20240101_38039_D01_S007,4.1,12.7,12.8,2.7,67.7,20230101_38039_D01_S007,222.0,33.0,81.0,470.0,806.0,773.0,28.71927554980595,10.478654592496765,20230101_38039_D01_S007,10.0,70.0,47.0,0.0,679.0,806.0,84.24317617866005,14.516129032258064,media-baja
2023,20240101_38039_D01_S008,38039_D01_S008,Santa Úrsula,1,8,37591.0,13838.0,18133.0,15750.0,1.1513015873015873,2024,20240101_38039_D01_S008,4.6,13.3,19.0,2.9,60.2,20230101_38039_D01_S008,106.0,22.0,61.0,284.0,473.0,451.0,23.503325942350333,13.52549889135255,20230101_38039_D01_S008,5.0,50.0,24.0,0.0,394.0,473.0,83.29809725158562,15.644820295983086,media-baja
2023,20240101_38039_D01_S009,38039_D01_S009,Santa Úrsula,1,9,57954.0,22977.0,26478.0,23450.0,1.1291257995735609,2024,20240101_38039_D01_S009,2.7,23.7,10.7,1.3,61.7,20230101_38039_D01_S009,514.0,40.0,31.0,448.0,1033.0,993.0,51.76233635448137,3.121852970795569,20230101_38039_D01_S009,8.0,39.0,35.0,0.0,951.0,1033.0,92.06195546950629,7.163601161665054,alta
2023,20240101_38040_D01_S001,38040_D01_S001,Santiago del Teide,1,1,37973.0,13306.0,18062.0,17150.0,1.0531778425655978,2024,20240101_38040_D01_S001,4.0,12.3,19.1,2.5,62.1,20230101_38040_D01_S001,109.0,24.0,110.0,393.0,636.0,612.0,17.81045751633987,17.973856209150327,20230101_38040_D01_S001,22.0,50.0,35.0,0.0,529.0,636.0,83.17610062893081,13.364779874213836,media-baja
2023,20240101_38040_D01_S002,38040_D01_S002,Santiago del Teide,1,2,36900.0,13878.0,16874.0,15050.0,1.1211960132890366,2024,20240101_38040_D01_S002,3.2,23.2,13.8,2.0,57.9,20230101_38040_D01_S002,276.0,59.0,168.0,637.0,1140.0,1081.0,25.53191489361702,15.541165587419057,20230101_38040_D01_S002,33.0,52.0,16.0,0.0,1039.0,1140.0,91.14035087719299,5.964912280701754,media-baja
2023,20240101_38040_D01_S003,38040_D01_S003,Santiago del Teide,1,3,38669.0,12612.0,17249.0,16450.0,1.0485714285714285,2024,20240101_38040_D01_S003,4.0,13.3,14.1,2.8,65.9,20230101_38040_D01_S003,190.0,38.0,283.0,711.0,1222.0,1184.0,16.0472972972973,23.902027027027028,20230101_38040_D01_S003,52.0,77.0,31.0,1.0,1061.0,1221.0,86.8959868959869,8.845208845208845,media-baja
2023,20240101_38040_D01_S004,38040_D01_S004,Santiago del Teide,1,4,37338.0,13387.0,17075.0,15050.0,1.1345514950166113,2024,20240101_38040_D01_S004,2.8,19.7,16.8,2.2,58.6,20230101_38040_D01_S004,273.0,50.0,214.0,907.0,1444.0,1394.0,19.58393113342898,15.351506456241033,20230101_38040_D01_S004,28.0,71.0,31.0,1.0,1313.0,1443.0,90.990990990991,7.0686070686070686,media-baja
2023,20240101_38041_D01_S001,38041_D01_S001,El Sauzal,1,1,60157.0,22323.0,27045.0,20650.0,1.309685230024213,2024,20240101_38041_D01_S001,2.9,21.2,16.3,1.4,58.1,20230101_38041_D01_S001,349.0,39.0,62.0,350.0,800.0,761.0,45.860709592641264,8.147174770039422,20230101_38041_D01_S001,8.0,56.0,35.0,0.0,701.0,800.0,87.625,11.375,alta
2023,20240101_38041_D01_S002,38041_D01_S002,El Sauzal,1,2,40694.0,14313.0,18976.0,17150.0,1.1064723032069972,2024,20240101_38041_D01_S002,5.4,7.1,21.3,2.7,63.5,20230101_38041_D01_S002,65.0,13.0,68.0,240.0,386.0,373.0,17.42627345844504,18.230563002680967,20230101_38041_D01_S002,7.0,38.0,39.0,0.0,302.0,386.0,78.23834196891191,19.94818652849741,media-baja
2023,20240101_38041_D01_S003,38041_D01_S003,El Sauzal,1,3,36596.0,12845.0,17183.0,15750.0,1.090984126984127,2024,20240101_38041_D01_S003,4.7,7.2,23.4,2.8,61.9,20230101_38041_D01_S003,104.0,20.0,111.0,292.0,527.0,507.0,20.512820512820515,21.893491124260354,20230101_38041_D01_S003,16.0,77.0,34.0,0.0,400.0,527.0,75.90132827324479,21.062618595825427,media-baja
2023,20240101_38041_D01_S004,38041_D01_S004,El Sauzal,1,4,59821.0,21398.0,25589.0,22750.0,1.1247912087912089,2024,20240101_38041_D01_S004,3.7,18.9,20.1,1.1,56.3,20230101_38041_D01_S004,371.0,17.0,47.0,264.0,699.0,682.0,54.39882697947214,6.891495601173021,20230101_38041_D01_S004,4.0,46.0,24.0,0.0,625.0,699.0,89.4134477825465,10.014306151645208,alta
2023,20240101_38041_D01_S005,38041_D01_S005,El Sauzal,1,5,45121.0,16931.0,20919.0,18550.0,1.1277088948787062,2024,20240101_38041_D01_S005,4.1,10.6,15.1,2.2,68.1,20230101_38041_D01_S005,284.0,23.0,61.0,362.0,730.0,707.0,40.16973125884017,8.628005657708629,20230101_38041_D01_S005,4.0,59.0,37.0,0.0,630.0,730.0,86.3013698630137,13.150684931506849,media-alta
2023,20240101_38041_D01_S006,38041_D01_S006,El Sauzal,1,6,39703.0,13586.0,18439.0,17150.0,1.0751603498542275,2024,20240101_38041_D01_S006,5.3,5.2,17.8,3.3,68.4,20230101_38041_D01_S006,109.0,19.0,105.0,360.0,593.0,574.0,18.989547038327526,18.29268292682927,20230101_38041_D01_S006,25.0,71.0,46.0,0.0,451.0,593.0,76.05396290050591,19.73018549747049,media-baja
2023,20240101_38042_D01_S001,38042_D01_S001,Los Silos,1,1,37718.0,13787.0,17879.0,15750.0,1.1351746031746033,2024,20240101_38042_D01_S001,3.6,13.4,24.6,2.8,55.7,20230101_38042_D01_S001,153.0,28.0,87.0,230.0,498.0,470.0,32.5531914893617,18.51063829787234,20230101_38042_D01_S001,78.0,32.0,14.0,0.0,374.0,498.0,75.1004016064257,9.236947791164658,media-baja
2023,20240101_38042_D01_S002,38042_D01_S002,Los Silos,1,2,31677.0,11812.0,15740.0,15050.0,1.0458471760797343,2024,20240101_38042_D01_S002,4.6,11.3,29.1,2.9,52.1,20230101_38042_D01_S002,99.0,11.0,104.0,197.0,411.0,400.0,24.75,26.0,20230101_38042_D01_S002,79.0,32.0,16.0,0.0,284.0,411.0,69.09975669099757,11.678832116788321,baja
2023,20240101_38042_D01_S003,38042_D01_S003,Los Silos,1,3,32742.0,11768.0,16195.0,15750.0,1.0282539682539682,2024,20240101_38042_D01_S003,4.6,10.1,29.0,3.4,52.9,20230101_38042_D01_S003,71.0,12.0,118.0,182.0,383.0,371.0,19.137466307277627,31.805929919137466,20230101_38042_D01_S003,62.0,24.0,8.0,0.0,289.0,383.0,75.45691906005221,8.355091383812011,baja
2023,20240101_38042_D01_S004,38042_D01_S004,Los Silos,1,4,38486.0,12905.0,17480.0,14350.0,1.2181184668989546,2024,20240101_38042_D01_S004,4.3,7.7,24.2,3.1,60.7,20230101_38042_D01_S004,74.0,9.0,127.0,176.0,386.0,377.0,19.628647214854112,33.687002652519894,20230101_38042_D01_S004,98.0,22.0,12.0,0.0,254.0,386.0,65.80310880829016,8.808290155440414,media-baja
2023,20240101_38043_D01_S001,38043_D01_S001,Tacoronte,1,1,44318.0,17397.0,21178.0,18550.0,1.1416711590296496,2024,20240101_38043_D01_S001,3.4,15.3,15.9,2.1,63.3,20230101_38043_D01_S001,339.0,31.0,70.0,411.0,851.0,820.0,41.34146341463415,8.536585365853659,20230101_38043_D01_S001,11.0,55.0,41.0,0.0,744.0,851.0,87.42655699177438,11.280846063454758,media-alta
2023,20240101_38043_D01_S002,38043_D01_S002,Tacoronte,1,2,47533.0,18222.0,22190.0,17850.0,1.2431372549019608,2024,20240101_38043_D01_S002,3.4,19.2,21.1,1.5,54.8,20230101_38043_D01_S002,259.0,29.0,86.0,374.0,748.0,719.0,36.02225312934632,11.96105702364395,20230101_38043_D01_S002,26.0,76.0,45.0,1.0,600.0,747.0,80.32128514056225,16.198125836680052,media-alta
2023,20240101_38043_D01_S003,38043_D01_S003,Tacoronte,1,3,50595.0,17169.0,22165.0,19250.0,1.1514285714285715,2024,20240101_38043_D01_S003,4.1,13.7,17.9,1.9,62.5,20230101_38043_D01_S003,263.0,39.0,65.0,351.0,718.0,679.0,38.73343151693667,9.572901325478645,20230101_38043_D01_S003,17.0,48.0,41.0,0.0,612.0,718.0,85.23676880222841,12.395543175487465,media-alta
2023,20240101_38043_D01_S004,38043_D01_S004,Tacoronte,1,4,35959.0,12261.0,16674.0,15050.0,1.107906976744186,2024,20240101_38043_D01_S004,6.7,6.3,25.5,2.5,59.0,20230101_38043_D01_S004,79.0,18.0,87.0,278.0,462.0,444.0,17.792792792792792,19.594594594594593,20230101_38043_D01_S004,7.0,61.0,31.0,0.0,363.0,462.0,78.57142857142857,19.913419913419915,media-baja
2023,20240101_38043_D01_S005,38043_D01_S005,Tacoronte,1,5,55839.0,19138.0,23423.0,17850.0,1.3122128851540615,2024,20240101_38043_D01_S005,3.8,16.8,19.1,1.7,58.5,20230101_38043_D01_S005,243.0,28.0,95.0,307.0,673.0,645.0,37.674418604651166,14.728682170542635,20230101_38043_D01_S005,15.0,76.0,36.0,0.0,546.0,673.0,81.12927191679049,16.641901931649333,media-alta
2023,20240101_38043_D01_S006,38043_D01_S006,Tacoronte,1,6,44263.0,16699.0,20606.0,17850.0,1.1543977591036414,2024,20240101_38043_D01_S006,3.1,7.7,23.1,1.8,64.4,20230101_38043_D01_S006,124.0,12.0,33.0,154.0,323.0,311.0,39.87138263665595,10.610932475884244,20230101_38043_D01_S006,6.0,26.0,17.0,0.0,274.0,323.0,84.82972136222911,13.312693498452012,media-alta
2023,20240101_38043_D01_S007,38043_D01_S007,Tacoronte,1,7,40800.0,14128.0,18686.0,17150.0,1.0895626822157434,2024,20240101_38043_D01_S007,4.6,7.7,19.5,2.9,65.3,20230101_38043_D01_S007,151.0,26.0,81.0,394.0,652.0,626.0,24.121405750798722,12.939297124600639,20230101_38043_D01_S007,13.0,60.0,42.0,0.0,537.0,652.0,82.36196319018404,15.644171779141104,media-baja
2023,20240101_38043_D01_S008,38043_D01_S008,Tacoronte,1,8,47103.0,17693.0,21963.0,19250.0,1.140935064935065,2024,20240101_38043_D01_S008,4.2,13.7,20.8,1.7,59.5,20230101_38043_D01_S008,256.0,23.0,63.0,325.0,667.0,644.0,39.75155279503105,9.782608695652174,20230101_38043_D01_S008,12.0,41.0,38.0,0.0,576.0,667.0,86.3568215892054,11.84407796101949,media-alta
2023,20240101_38043_D01_S009,38043_D01_S009,Tacoronte,1,9,39852.0,15835.0,19405.0,16100.0,1.20527950310559,2024,20240101_38043_D01_S009,4.7,13.6,16.8,2.7,62.2,20230101_38043_D01_S009,320.0,42.0,126.0,535.0,1023.0,981.0,32.61977573904179,12.844036697247706,20230101_38043_D01_S009,48.0,88.0,47.0,0.0,840.0,1023.0,82.11143695014663,13.196480938416423,media-baja
2023,20240101_38043_D01_S010,38043_D01_S010,Tacoronte,1,10,52722.0,19130.0,23888.0,19950.0,1.1973934837092732,2024,20240101_38043_D01_S010,2.8,14.9,14.0,1.9,66.5,20230101_38043_D01_S010,271.0,31.0,58.0,341.0,701.0,670.0,40.44776119402985,8.656716417910447,20230101_38043_D01_S010,10.0,54.0,34.0,0.0,603.0,701.0,86.01997146932953,12.553495007132668,media-alta
2023,20240101_38043_D01_S011,38043_D01_S011,Tacoronte,1,11,46959.0,17336.0,21558.0,19250.0,1.119896103896104,2024,20240101_38043_D01_S011,3.4,10.8,18.4,2.1,65.4,20230101_38043_D01_S011,403.0,38.0,74.0,491.0,1006.0,968.0,41.63223140495868,7.644628099173554,20230101_38043_D01_S011,6.0,77.0,29.0,0.0,894.0,1006.0,88.86679920477137,10.536779324055667,media-alta
2023,20240101_38043_D01_S012,38043_D01_S012,Tacoronte,1,12,38036.0,12860.0,17443.0,16450.0,1.0603647416413373,2024,20240101_38043_D01_S012,6.1,6.6,23.9,2.9,60.6,20230101_38043_D01_S012,145.0,26.0,108.0,448.0,727.0,701.0,20.684736091298145,15.406562054208274,20230101_38043_D01_S012,11.0,96.0,49.0,0.0,571.0,727.0,78.54195323246218,19.944979367262725,media-baja
2023,20240101_38043_D01_S013,38043_D01_S013,Tacoronte,1,13,41028.0,14634.0,18966.0,16450.0,1.1529483282674773,2024,20240101_38043_D01_S013,4.8,12.7,20.5,2.7,59.3,20230101_38043_D01_S013,165.0,15.0,59.0,300.0,539.0,524.0,31.48854961832061,11.259541984732824,20230101_38043_D01_S013,8.0,68.0,34.0,0.0,429.0,539.0,79.59183673469387,18.923933209647494,media-baja
2023,20240101_38043_D01_S014,38043_D01_S014,Tacoronte,1,14,64854.0,22783.0,27379.0,22050.0,1.2416780045351474,2024,20240101_38043_D01_S014,3.5,19.6,16.0,1.2,59.6,20230101_38043_D01_S014,278.0,21.0,46.0,235.0,580.0,559.0,49.73166368515206,8.228980322003578,20230101_38043_D01_S014,10.0,29.0,28.0,0.0,513.0,580.0,88.44827586206897,9.827586206896552,alta
2023,20240101_38043_D01_S015,38043_D01_S015,Tacoronte,1,15,44214.0,17011.0,21122.0,18550.0,1.1386522911051213,2024,20240101_38043_D01_S015,3.2,12.1,16.1,2.2,66.5,20230101_38043_D01_S015,222.0,18.0,49.0,305.0,594.0,576.0,38.541666666666664,8.506944444444445,20230101_38043_D01_S015,6.0,34.0,27.0,0.0,527.0,594.0,88.72053872053873,10.26936026936027,media-alta
2023,20240101_38044_D01_S001,38044_D01_S001,El Tanque,1,1,36846.0,13291.0,17675.0,15750.0,1.1222222222222222,2024,20240101_38044_D01_S001,4.2,14.2,20.9,3.8,56.9,20230101_38044_D01_S001,96.0,16.0,149.0,287.0,548.0,532.0,18.045112781954888,28.007518796992482,20230101_38044_D01_S001,36.0,63.0,19.0,0.0,430.0,548.0,78.46715328467154,14.963503649635037,media-baja
2023,20240101_38044_D01_S002,38044_D01_S002,El Tanque,1,2,32669.0,11487.0,15702.0,15050.0,1.0433222591362126,2024,20240101_38044_D01_S002,6.6,7.3,21.8,4.6,59.8,20230101_38044_D01_S002,76.0,20.0,154.0,247.0,497.0,477.0,15.932914046121594,32.285115303983225,20230101_38044_D01_S002,40.0,54.0,16.0,0.0,387.0,497.0,77.8672032193159,14.084507042253522,baja
2023,20240101_38045_D01_S001,38045_D01_S001,Tazacorte,1,1,35475.0,14375.0,19151.0,15750.0,1.2159365079365079,2024,20240101_38045_D01_S001,4.7,14.5,22.9,4.2,53.7,20230101_38045_D01_S001,55.0,10.0,62.0,121.0,248.0,238.0,23.10924369747899,26.050420168067227,20230101_38045_D01_S001,34.0,27.0,10.0,0.0,177.0,248.0,71.37096774193549,14.919354838709678,media-baja
2023,20240101_38045_D01_S002,38045_D01_S002,Tazacorte,1,2,35327.0,14734.0,19461.0,15750.0,1.2356190476190476,2024,20240101_38045_D01_S002,5.0,16.6,18.2,4.8,55.5,20230101_38045_D01_S002,181.0,41.0,149.0,406.0,777.0,736.0,24.592391304347824,20.244565217391305,20230101_38045_D01_S002,86.0,57.0,26.0,1.0,607.0,776.0,78.22164948453609,10.695876288659793,media-baja
2023,20240101_38045_D01_S003,38045_D01_S003,Tazacorte,1,3,32211.0,14054.0,18646.0,15750.0,1.183873015873016,2024,20240101_38045_D01_S003,6.1,21.0,22.8,5.2,44.9,20230101_38045_D01_S003,89.0,26.0,73.0,217.0,405.0,379.0,23.482849604221634,19.261213720316622,20230101_38045_D01_S003,51.0,31.0,16.0,1.0,306.0,404.0,75.74257425742574,11.633663366336634,media-baja
2023,20240101_38045_D01_S004,38045_D01_S004,Tazacorte,1,4,30414.0,11970.0,16576.0,15050.0,1.1013953488372092,2024,20240101_38045_D01_S004,5.8,10.8,24.5,7.8,51.2,20230101_38045_D01_S004,56.0,25.0,134.0,199.0,414.0,389.0,14.395886889460154,34.447300771208226,20230101_38045_D01_S004,94.0,36.0,9.0,0.0,275.0,414.0,66.42512077294685,10.869565217391305,baja
2023,20240101_38046_D01_S001,38046_D01_S001,Tegueste,1,1,57376.0,21271.0,25534.0,22050.0,1.1580045351473922,2024,20240101_38046_D01_S001,3.3,13.5,16.8,1.5,65.0,20230101_38046_D01_S001,417.0,44.0,66.0,389.0,916.0,872.0,47.821100917431195,7.568807339449541,20230101_38046_D01_S001,14.0,47.0,46.0,0.0,809.0,916.0,88.31877729257641,10.152838427947598,alta
2023,20240101_38046_D01_S002,38046_D01_S002,Tegueste,1,2,46109.0,16543.0,21417.0,19250.0,1.1125714285714285,2024,20240101_38046_D01_S002,3.3,11.0,22.3,2.2,61.3,20230101_38046_D01_S002,249.0,40.0,89.0,385.0,763.0,723.0,34.439834024896264,12.309820193637622,20230101_38046_D01_S002,18.0,48.0,54.0,0.0,643.0,763.0,84.27260812581913,13.368283093053735,media-alta
2023,20240101_38046_D01_S003,38046_D01_S003,Tegueste,1,3,48097.0,16908.0,21798.0,19950.0,1.0926315789473684,2024,20240101_38046_D01_S003,3.7,10.2,19.2,2.0,64.9,20230101_38046_D01_S003,290.0,39.0,88.0,397.0,814.0,775.0,37.41935483870968,11.35483870967742,20230101_38046_D01_S003,27.0,64.0,51.0,0.0,672.0,814.0,82.55528255528256,14.127764127764127,media-alta
2023,20240101_38046_D01_S004,38046_D01_S004,Tegueste,1,4,50586.0,17973.0,22706.0,19950.0,1.1381453634085212,2024,20240101_38046_D01_S004,3.3,12.6,18.4,1.9,63.9,20230101_38046_D01_S004,411.0,50.0,110.0,424.0,995.0,945.0,43.492063492063494,11.640211640211641,20230101_38046_D01_S004,27.0,72.0,62.0,0.0,834.0,995.0,83.81909547738694,13.467336683417086,media-alta
2023,20240101_38046_D01_S005,38046_D01_S005,Tegueste,1,5,58809.0,19988.0,24966.0,21350.0,1.169367681498829,2024,20240101_38046_D01_S005,3.6,18.1,19.8,1.6,57.0,20230101_38046_D01_S005,181.0,23.0,38.0,205.0,447.0,424.0,42.68867924528302,8.962264150943396,20230101_38046_D01_S005,18.0,30.0,23.0,0.0,376.0,447.0,84.11633109619687,11.856823266219239,media-alta
2023,20240101_38046_D01_S006,38046_D01_S006,Tegueste,1,6,69713.0,24270.0,29415.0,25550.0,1.1512720156555774,2024,20240101_38046_D01_S006,3.0,15.2,24.3,1.5,56.1,20230101_38046_D01_S006,287.0,30.0,27.0,221.0,565.0,535.0,53.64485981308411,5.046728971962617,20230101_38046_D01_S006,6.0,34.0,32.0,0.0,493.0,565.0,87.2566371681416,11.68141592920354,alta
2023,20240101_38046_D01_S007,38046_D01_S007,Tegueste,1,7,46340.0,17190.0,21523.0,19950.0,1.0788471177944863,2024,20240101_38046_D01_S007,2.5,9.1,12.9,1.9,73.7,20230101_38046_D01_S007,210.0,32.0,68.0,332.0,642.0,610.0,34.42622950819672,11.147540983606557,20230101_38046_D01_S007,21.0,31.0,42.0,0.0,548.0,642.0,85.35825545171339,11.370716510903426,media-alta
2023,20240101_38047_D01_S001,38047_D01_S001,Tijarafe,1,1,38044.0,16055.0,20898.0,17850.0,1.1707563025210084,2024,20240101_38047_D01_S001,4.3,21.4,20.5,3.1,50.7,20230101_38047_D01_S001,167.0,39.0,127.0,330.0,663.0,624.0,26.762820512820515,20.352564102564102,20230101_38047_D01_S001,72.0,94.0,16.0,0.0,481.0,663.0,72.54901960784314,16.591251885369534,media-alta
2023,20240101_38047_D01_S002,38047_D01_S002,Tijarafe,1,2,36031.0,14248.0,19655.0,17150.0,1.1460641399416909,2024,20240101_38047_D01_S002,3.6,27.5,25.5,2.4,41.0,20230101_38047_D01_S002,94.0,30.0,67.0,191.0,382.0,352.0,26.704545454545453,19.03409090909091,20230101_38047_D01_S002,73.0,34.0,15.0,0.0,260.0,382.0,68.06282722513089,12.827225130890053,media-baja
2023,20240101_38048_D01_S001,38048_D01_S001,Valverde,1,1,45197.0,18415.0,22184.0,19950.0,1.1119799498746867,2024,20240101_38048_D01_S001,3.7,12.4,20.1,2.2,61.8,20230101_38048_D01_S001,262.0,36.0,94.0,407.0,799.0,763.0,34.33813892529489,12.319790301441678,20230101_38048_D01_S001,19.0,60.0,34.0,0.0,686.0,799.0,85.85732165206508,11.764705882352942,media-alta
2023,20240101_38048_D01_S002,38048_D01_S002,Valverde,1,2,39604.0,16351.0,20066.0,17850.0,1.1241456582633054,2024,20240101_38048_D01_S002,4.6,13.4,20.0,2.5,59.6,20230101_38048_D01_S002,241.0,49.0,97.0,434.0,821.0,772.0,31.21761658031088,12.564766839378239,20230101_38048_D01_S002,45.0,69.0,52.0,1.0,654.0,820.0,79.7560975609756,14.75609756097561,media-alta
2023,20240101_38048_D01_S004,38048_D01_S004,Valverde,1,4,49452.0,21995.0,25200.0,22400.0,1.125,2024,20240101_38048_D01_S004,3.0,15.1,20.5,1.6,59.7,20230101_38048_D01_S004,190.0,23.0,34.0,199.0,446.0,423.0,44.917257683215134,8.037825059101655,20230101_38048_D01_S004,5.0,17.0,17.0,0.0,407.0,446.0,91.25560538116592,7.623318385650224,alta
2023,20240101_38049_D01_S001,38049_D01_S001,Valle Gran Rey,1,1,37477.0,15024.0,18799.0,15750.0,1.1935873015873015,2024,20240101_38049_D01_S001,3.6,23.2,18.4,2.3,52.5,20230101_38049_D01_S001,250.0,45.0,179.0,644.0,1118.0,1073.0,23.299161230195715,16.68219944082013,20230101_38049_D01_S001,31.0,73.0,29.0,0.0,985.0,1118.0,88.10375670840787,9.123434704830053,media-baja
2023,20240101_38049_D01_S002,38049_D01_S002,Valle Gran Rey,1,2,34201.0,14187.0,17928.0,15750.0,1.1382857142857143,2024,20240101_38049_D01_S002,3.8,18.4,23.2,2.6,52.1,20230101_38049_D01_S002,128.0,15.0,121.0,394.0,658.0,643.0,19.906687402799378,18.818040435458787,20230101_38049_D01_S002,17.0,54.0,16.0,0.0,571.0,658.0,86.77811550151975,10.638297872340425,media-baja
2023,20240101_38050_D01_S001,38050_D01_S001,Vallehermoso,1,1,33636.0,14966.0,18660.0,17150.0,1.0880466472303207,2024,20240101_38050_D01_S001,3.8,13.7,26.5,3.1,52.9,20230101_38050_D01_S001,180.0,21.0,98.0,450.0,749.0,728.0,24.725274725274726,13.461538461538462,20230101_38050_D01_S001,42.0,82.0,29.0,0.0,596.0,749.0,79.57276368491321,14.819759679572764,media-baja
2023,20240101_38050_D03_S001,38050_D03_S001,Vallehermoso,3,1,25890.0,14019.0,16500.0,15750.0,1.0476190476190477,2024,20240101_38050_D03_S001,4.2,11.3,31.5,2.6,50.4,20230101_38050_D03_S001,42.0,15.0,75.0,144.0,276.0,261.0,16.091954022988507,28.735632183908045,20230101_38050_D03_S001,53.0,30.0,7.0,0.0,186.0,276.0,67.3913043478261,13.405797101449275,media-baja
2023,20240101_38051_D01_S001,38051_D01_S001,La Victoria de Acentejo,1,1,31562.0,12248.0,16008.0,15050.0,1.063654485049834,2024,20240101_38051_D01_S001,5.2,9.7,22.8,3.3,58.9,20230101_38051_D01_S001,67.0,4.0,44.0,199.0,314.0,310.0,21.612903225806452,14.193548387096774,20230101_38051_D01_S001,8.0,58.0,15.0,0.0,233.0,314.0,74.20382165605096,23.248407643312103,media-baja
2023,20240101_38051_D01_S002,38051_D01_S002,La Victoria de Acentejo,1,2,37242.0,13833.0,17742.0,15750.0,1.1264761904761904,2024,20240101_38051_D01_S002,5.4,11.7,18.5,2.8,61.7,20230101_38051_D01_S002,138.0,18.0,51.0,306.0,513.0,495.0,27.87878787878788,10.303030303030303,20230101_38051_D01_S002,5.0,62.0,30.0,0.0,416.0,513.0,81.0916179337232,17.933723196881093,media-baja
2023,20240101_38051_D01_S003,38051_D01_S003,La Victoria de Acentejo,1,3,30301.0,11296.0,15367.0,14350.0,1.0708710801393728,2024,20240101_38051_D01_S003,5.7,9.5,23.7,4.5,56.6,20230101_38051_D01_S003,66.0,15.0,76.0,344.0,501.0,486.0,13.580246913580247,15.637860082304528,20230101_38051_D01_S003,19.0,114.0,27.0,0.0,341.0,501.0,68.06387225548902,28.143712574850298,baja
2023,20240101_38051_D01_S004,38051_D01_S004,La Victoria de Acentejo,1,4,28808.0,11052.0,15069.0,14350.0,1.0501045296167248,2024,20240101_38051_D01_S004,5.9,9.5,23.7,3.9,57.1,20230101_38051_D01_S004,60.0,10.0,67.0,202.0,339.0,329.0,18.237082066869302,20.364741641337385,20230101_38051_D01_S004,8.0,47.0,20.0,0.0,264.0,339.0,77.87610619469027,19.764011799410028,baja
2023,20240101_38051_D01_S005,38051_D01_S005,La Victoria de Acentejo,1,5,34516.0,12890.0,16855.0,15750.0,1.07015873015873,2024,20240101_38051_D01_S005,5.0,9.5,18.4,3.0,64.1,20230101_38051_D01_S005,146.0,18.0,75.0,384.0,623.0,605.0,24.132231404958677,12.396694214876034,20230101_38051_D01_S005,7.0,65.0,45.0,0.0,506.0,623.0,81.2199036918138,17.656500802568218,media-baja
2023,20240101_38051_D01_S006,38051_D01_S006,La Victoria de Acentejo,1,6,34700.0,13121.0,17104.0,15750.0,1.085968253968254,2024,20240101_38051_D01_S006,4.4,10.2,17.3,3.2,65.0,20230101_38051_D01_S006,195.0,26.0,106.0,530.0,857.0,831.0,23.465703971119133,12.755716004813477,20230101_38051_D01_S006,12.0,105.0,40.0,0.0,700.0,857.0,81.68028004667444,16.919486581096848,media-baja
2023,20240101_38051_D01_S007,38051_D01_S007,La Victoria de Acentejo,1,7,35641.0,13648.0,17736.0,15750.0,1.126095238095238,2024,20240101_38051_D01_S007,4.4,13.6,22.2,2.4,57.5,20230101_38051_D01_S007,146.0,15.0,53.0,366.0,580.0,565.0,25.84070796460177,9.380530973451327,20230101_38051_D01_S007,8.0,65.0,35.0,0.0,472.0,580.0,81.37931034482759,17.24137931034483,media-baja
2023,20240101_38052_D01_S001,38052_D01_S001,Vilaflor de Chasna,1,1,38042.0,14940.0,18826.0,17150.0,1.097725947521866,2024,20240101_38052_D01_S001,3.4,14.3,21.8,2.8,57.7,20230101_38052_D01_S001,161.0,28.0,126.0,467.0,782.0,754.0,21.352785145888593,16.71087533156499,20230101_38052_D01_S001,29.0,32.0,58.0,0.0,663.0,782.0,84.78260869565217,11.508951406649617,media-baja
2023,20240101_38053_D01_S001,38053_D01_S001,Villa de Mazo,1,1,46956.0,17916.0,24114.0,19950.0,1.2087218045112782,2024,20240101_38053_D01_S001,4.0,18.2,16.8,2.2,58.9,20230101_38053_D01_S001,164.0,25.0,55.0,241.0,485.0,460.0,35.65217391304348,11.956521739130435,20230101_38053_D01_S001,27.0,35.0,20.0,1.0,402.0,484.0,83.05785123966942,11.363636363636363,media-alta
2023,20240101_38053_D01_S002,38053_D01_S002,Villa de Mazo,1,2,38885.0,14385.0,19441.0,15750.0,1.2343492063492063,2024,20240101_38053_D01_S002,2.9,9.7,21.6,2.2,63.6,20230101_38053_D01_S002,115.0,16.0,63.0,205.0,399.0,383.0,30.026109660574413,16.449086161879894,20230101_38053_D01_S002,28.0,42.0,20.0,0.0,309.0,399.0,77.44360902255639,15.538847117794486,media-baja
2023,20240101_38053_D01_S003,38053_D01_S003,Villa de Mazo,1,3,43556.0,15907.0,21752.0,18550.0,1.1726145552560647,2024,20240101_38053_D01_S003,2.8,12.3,17.4,2.8,64.8,20230101_38053_D01_S003,124.0,24.0,78.0,275.0,501.0,477.0,25.9958071278826,16.352201257861637,20230101_38053_D01_S003,41.0,40.0,28.0,0.0,392.0,501.0,78.2435129740519,13.572854291417165,media-baja
2023,20240101_38053_D01_S004,38053_D01_S004,Villa de Mazo,1,4,36883.0,14053.0,19130.0,15050.0,1.2710963455149502,2024,20240101_38053_D01_S004,3.8,9.8,19.5,2.5,64.4,20230101_38053_D01_S004,85.0,16.0,72.0,180.0,353.0,337.0,25.222551928783382,21.364985163204746,20230101_38053_D01_S004,28.0,48.0,15.0,1.0,261.0,352.0,74.14772727272727,17.897727272727273,media-baja
2023,20240101_38053_D01_S005,38053_D01_S005,Villa de Mazo,1,5,36834.0,13485.0,18885.0,17150.0,1.1011661807580175,2024,20240101_38053_D01_S005,4.9,9.3,24.1,3.2,58.5,20230101_38053_D01_S005,68.0,11.0,98.0,212.0,389.0,378.0,17.98941798941799,25.925925925925927,20230101_38053_D01_S005,40.0,65.0,19.0,2.0,263.0,387.0,67.95865633074935,21.705426356589147,media-baja
2023,20240101_38901_D01_S001,38901_D01_S001,El Pinar de El Hierro,1,1,38412.0,15389.0,19135.0,17150.0,1.1157434402332362,2024,20240101_38901_D01_S001,4.0,13.8,20.7,2.7,58.9,20230101_38901_D01_S001,213.0,42.0,110.0,404.0,769.0,727.0,29.298486932599726,15.130674002751032,20230101_38901_D01_S001,80.0,63.0,36.0,0.0,590.0,769.0,76.72301690507152,12.873862158647594,media-baja
