year,geo_ocupacion,section_key,municipio,casos_alta_cualificacion,casos_ocupacion_no_consta,casos_ocupaciones_elementales,casos_cualificados_bajo,ocupacion_total,ocupacion_total_conocida,pct_alta_cualificacion,pct_ocupaciones_elementales
2021,20210101_38001_D01_S001,38001_D01_S001,Adeje,152,27,104,372,655,628,24.203821656050955,16.56050955414013
2021,20210101_38001_D01_S002,38001_D01_S002,Adeje,161,40,197,618,1016,976,16.49590163934426,20.184426229508198
2021,20210101_38001_D01_S003,38001_D01_S003,Adeje,194,37,135,699,1065,1028,18.8715953307393,13.132295719844358
2021,20210101_38001_D01_S004,38001_D01_S004,Adeje,105,29,192,452,778,749,14.018691588785046,25.63417890520694
2021,20210101_38001_D01_S005,38001_D01_S005,Adeje,203,32,198,571,1004,972,20.88477366255144,20.37037037037037
2021,20210101_38001_D01_S006,38001_D01_S006,Adeje,196,30,236,637,1099,1069,18.33489242282507,22.07670720299345
2021,20210101_38001_D01_S007,38001_D01_S007,Adeje,269,58,125,920,1372,1314,20.47184170471842,9.512937595129376
2021,20210101_38001_D01_S008,38001_D01_S008,Adeje,280,58,108,530,976,918,30.501089324618736,11.764705882352942
2021,20210101_38001_D01_S009,38001_D01_S009,Adeje,378,45,91,672,1186,1141,33.12883435582822,7.975460122699387
2021,20210101_38001_D01_S010,38001_D01_S010,Adeje,154,35,77,327,593,558,27.59856630824373,13.799283154121865
2021,20210101_38001_D01_S011,38001_D01_S011,Adeje,305,64,165,861,1395,1331,22.915101427498122,12.396694214876034
2021,20210101_38001_D01_S012,38001_D01_S012,Adeje,174,39,136,489,838,799,21.777221526908637,17.02127659574468
2021,20210101_38001_D01_S013,38001_D01_S013,Adeje,399,54,117,826,1396,1342,29.731743666169894,8.71833084947839
2021,20210101_38001_D01_S014,38001_D01_S014,Adeje,109,20,92,333,554,534,20.411985018726593,17.228464419475657
2021,20210101_38001_D01_S015,38001_D01_S015,Adeje,155,34,159,510,858,824,18.810679611650485,19.296116504854368
2021,20210101_38001_D01_S016,38001_D01_S016,Adeje,130,27,93,325,575,548,23.722627737226276,16.970802919708028
2021,20210101_38001_D01_S017,38001_D01_S017,Adeje,248,34,122,597,1001,967,25.646328852119957,12.616339193381593
2021,20210101_38001_D01_S018,38001_D01_S018,Adeje,503,71,73,950,1597,1526,32.96199213630406,4.783748361730013
2021,20210101_38002_D01_S001,38002_D01_S001,Agulo,99,18,48,176,341,323,30.65015479876161,14.860681114551083
2021,20210101_38003_D01_S001,38003_D01_S001,Alajeró,164,25,135,465,789,764,21.465968586387433,17.670157068062828
2021,20210101_38004_D01_S001,38004_D01_S001,Arafo,250,21,109,464,844,823,30.37667071688943,13.24422843256379
2021,20210101_38004_D01_S002,38004_D01_S002,Arafo,156,20,111,344,631,611,25.53191489361702,18.16693944353519
2021,20210101_38004_D01_S003,38004_D01_S003,Arafo,247,28,96,370,741,713,34.642356241234225,13.464235624123422
2021,20210101_38005_D01_S001,38005_D01_S001,Arico,49,8,99,126,282,274,17.883211678832115,36.13138686131387
2021,20210101_38005_D01_S002,38005_D01_S002,Arico,39,7,92,131,269,262,14.885496183206106,35.11450381679389
2021,20210101_38005_D01_S003,38005_D01_S003,Arico,84,19,91,239,433,414,20.28985507246377,21.980676328502415
2021,20210101_38005_D01_S004,38005_D01_S004,Arico,311,31,149,564,1055,1024,30.37109375,14.55078125
2021,20210101_38005_D01_S005,38005_D01_S005,Arico,146,23,170,474,813,790,18.481012658227847,21.518987341772153
2021,20210101_38005_D01_S006,38005_D01_S006,Arico,37,15,61,150,263,248,14.919354838709678,24.596774193548388
2021,20210101_38006_D01_S001,38006_D01_S001,Arona,97,17,99,266,479,462,20.995670995670995,21.428571428571427
2021,20210101_38006_D01_S002,38006_D01_S002,Arona,106,21,128,408,663,642,16.510903426791277,19.937694704049843
2021,20210101_38006_D01_S003,38006_D01_S003,Arona,200,34,206,691,1131,1097,18.231540565177756,18.77848678213309
2021,20210101_38006_D01_S004,38006_D01_S004,Arona,126,34,230,569,959,925,13.621621621621621,24.864864864864863
2021,20210101_38006_D01_S005,38006_D01_S005,Arona,113,22,143,506,784,762,14.829396325459317,18.766404199475065
2021,20210101_38006_D01_S006,38006_D01_S006,Arona,129,32,66,382,609,577,22.357019064124785,11.43847487001733
2021,20210101_38006_D01_S007,38006_D01_S007,Arona,64,16,265,330,675,659,9.711684370257966,40.21244309559939
2021,20210101_38006_D01_S008,38006_D01_S008,Arona,118,22,159,427,726,704,16.761363636363637,22.585227272727273
2021,20210101_38006_D01_S009,38006_D01_S009,Arona,169,22,192,650,1033,1011,16.716122650840752,18.991097922848663
2021,20210101_38006_D01_S010,38006_D01_S010,Arona,169,38,174,511,892,854,19.789227166276348,20.374707259953162
2021,20210101_38006_D01_S011,38006_D01_S011,Arona,274,33,172,908,1387,1354,20.236336779911372,12.703101920236337
2021,20210101_38006_D01_S012,38006_D01_S012,Arona,40,15,108,270,433,418,9.569377990430622,25.83732057416268
2021,20210101_38006_D01_S013,38006_D01_S013,Arona,83,34,321,542,980,946,8.773784355179703,33.9323467230444
2021,20210101_38006_D01_S014,38006_D01_S014,Arona,173,25,132,665,995,970,17.835051546391753,13.608247422680412
2021,20210101_38006_D01_S015,38006_D01_S015,Arona,229,20,95,596,940,920,24.891304347826086,10.326086956521738
2021,20210101_38006_D01_S016,38006_D01_S016,Arona,316,36,179,847,1378,1342,23.546944858420268,13.338301043219076
2021,20210101_38006_D01_S017,38006_D01_S017,Arona,53,8,56,195,312,304,17.43421052631579,18.42105263157895
2021,20210101_38006_D01_S018,38006_D01_S018,Arona,305,66,220,980,1571,1505,20.26578073089701,14.617940199335548
2021,20210101_38006_D01_S019,38006_D01_S019,Arona,114,27,75,353,569,542,21.03321033210332,13.837638376383763
2021,20210101_38006_D01_S020,38006_D01_S020,Arona,254,57,109,715,1135,1078,23.562152133580707,10.111317254174397
2021,20210101_38006_D01_S021,38006_D01_S021,Arona,89,25,244,492,850,825,10.787878787878787,29.575757575757574
2021,20210101_38006_D01_S022,38006_D01_S022,Arona,192,39,157,588,976,937,20.490928495197437,16.755602988260407
2021,20210101_38006_D01_S023,38006_D01_S023,Arona,106,27,224,476,833,806,13.15136476426799,27.791563275434243
2021,20210101_38006_D01_S024,38006_D01_S024,Arona,134,26,162,495,817,791,16.940581542351453,20.480404551201012
2021,20210101_38006_D01_S025,38006_D01_S025,Arona,123,20,108,334,585,565,21.76991150442478,19.115044247787612
2021,20210101_38006_D01_S026,38006_D01_S026,Arona,309,55,142,782,1288,1233,25.060827250608273,11.516626115166261
2021,20210101_38006_D01_S027,38006_D01_S027,Arona,138,34,176,638,986,952,14.495798319327731,18.48739495798319
2021,20210101_38006_D01_S028,38006_D01_S028,Arona,90,34,213,443,780,746,12.064343163538874,28.552278820375335
2021,20210101_38006_D01_S029,38006_D01_S029,Arona,44,13,152,271,480,467,9.421841541755889,32.54817987152034
2021,20210101_38006_D01_S030,38006_D01_S030,Arona,112,33,208,563,916,883,12.684031710079275,23.556058890147224
2021,20210101_38006_D01_S031,38006_D01_S031,Arona,57,28,267,377,729,701,8.131241084165477,38.088445078459344
2021,20210101_38006_D01_S032,38006_D01_S032,Arona,175,31,107,452,765,734,23.841961852861036,14.577656675749319
2021,20210101_38006_D01_S033,38006_D01_S033,Arona,255,34,58,506,853,819,31.135531135531135,7.0818070818070815
2021,20210101_38006_D01_S034,38006_D01_S034,Arona,88,22,91,274,475,453,19.426048565121413,20.08830022075055
2021,20210101_38007_D01_S001,38007_D01_S001,Barlovento,109,28,89,291,517,489,22.29038854805726,18.20040899795501
2021,20210101_38007_D01_S002,38007_D01_S002,Barlovento,40,10,43,122,215,205,19.51219512195122,20.975609756097562
2021,20210101_38008_D01_S001,38008_D01_S001,Breña Alta,133,14,77,285,509,495,26.86868686868687,15.555555555555555
2021,20210101_38008_D01_S002,38008_D01_S002,Breña Alta,270,26,96,445,837,811,33.292231812577064,11.837237977805179
2021,20210101_38008_D01_S003,38008_D01_S003,Breña Alta,325,30,108,483,946,916,35.480349344978166,11.790393013100436
2021,20210101_38008_D01_S004,38008_D01_S004,Breña Alta,154,27,123,382,686,659,23.368740515933233,18.66464339908953
2021,20210101_38009_D01_S001,38009_D01_S001,Breña Baja,308,23,104,455,890,867,35.52479815455594,11.995386389850058
2021,20210101_38009_D01_S002,38009_D01_S002,Breña Baja,247,39,110,423,819,780,31.666666666666668,14.102564102564102
2021,20210101_38009_D01_S003,38009_D01_S003,Breña Baja,152,8,21,192,373,365,41.64383561643836,5.7534246575342465
2021,20210101_38009_D01_S004,38009_D01_S004,Breña Baja,119,14,37,209,379,365,32.602739726027394,10.136986301369863
2021,20210101_38010_D01_S001,38010_D01_S001,Buenavista del Norte,103,14,107,225,449,435,23.67816091954023,24.597701149425287
2021,20210101_38010_D01_S002,38010_D01_S002,Buenavista del Norte,36,6,58,139,239,233,15.450643776824034,24.892703862660944
2021,20210101_38010_D01_S003,38010_D01_S003,Buenavista del Norte,96,10,128,233,467,457,21.00656455142232,28.00875273522976
2021,20210101_38010_D01_S004,38010_D01_S004,Buenavista del Norte,97,14,137,245,493,479,20.25052192066806,28.60125260960334
2021,20210101_38011_D01_S001,38011_D01_S001,Candelaria,249,43,79,440,811,768,32.421875,10.286458333333334
2021,20210101_38011_D01_S002,38011_D01_S002,Candelaria,206,22,61,280,569,547,37.6599634369287,11.151736745886655
2021,20210101_38011_D01_S003,38011_D01_S003,Candelaria,349,29,106,623,1107,1078,32.3747680890538,9.833024118738404
2021,20210101_38011_D01_S004,38011_D01_S004,Candelaria,179,22,54,327,582,560,31.964285714285715,9.642857142857142
2021,20210101_38011_D01_S005,38011_D01_S005,Candelaria,170,10,35,221,436,426,39.906103286384976,8.215962441314554
2021,20210101_38011_D01_S006,38011_D01_S006,Candelaria,332,28,72,469,901,873,38.02978235967927,8.24742268041237
2021,20210101_38011_D01_S007,38011_D01_S007,Candelaria,391,36,57,534,1018,982,39.81670061099796,5.8044806517311605
2021,20210101_38011_D01_S008,38011_D01_S008,Candelaria,146,19,53,255,473,454,32.158590308370044,11.674008810572687
2021,20210101_38011_D01_S009,38011_D01_S009,Candelaria,197,9,29,218,453,444,44.369369369369366,6.531531531531532
2021,20210101_38011_D01_S010,38011_D01_S010,Candelaria,140,10,47,296,493,483,28.985507246376812,9.730848861283643
2021,20210101_38011_D01_S011,38011_D01_S011,Candelaria,289,24,40,393,746,722,40.02770083102493,5.54016620498615
2021,20210101_38011_D01_S012,38011_D01_S012,Candelaria,220,33,49,343,645,612,35.947712418300654,8.006535947712418
2021,20210101_38011_D02_S001,38011_D02_S001,Candelaria,262,20,75,368,725,705,37.163120567375884,10.638297872340425
2021,20210101_38011_D02_S002,38011_D02_S002,Candelaria,227,19,55,360,661,642,35.3582554517134,8.566978193146417
2021,20210101_38011_D02_S003,38011_D02_S003,Candelaria,275,24,106,432,837,813,33.82533825338253,13.038130381303812
2021,20210101_38011_D02_S004,38011_D02_S004,Candelaria,146,26,78,363,613,587,24.87223168654174,13.287904599659285
2021,20210101_38011_D02_S005,38011_D02_S005,Candelaria,395,33,28,305,761,728,54.25824175824176,3.8461538461538463
2021,20210101_38012_D01_S001,38012_D01_S001,Fasnia,173,10,90,311,584,574,30.139372822299652,15.679442508710801
2021,20210101_38012_D01_S002,38012_D01_S002,Fasnia,110,14,71,270,465,451,24.390243902439025,15.742793791574279
2021,20210101_38013_D01_S001,38013_D01_S001,Frontera,221,40,96,447,804,764,28.926701570680628,12.565445026178011
2021,20210101_38013_D01_S002,38013_D01_S002,Frontera,183,19,99,411,712,693,26.406926406926406,14.285714285714286
2021,20210101_38014_D01_S001,38014_D01_S001,Fuencaliente de la Palma,99,12,65,201,377,365,27.123287671232877,17.80821917808219
2021,20210101_38014_D01_S002,38014_D01_S002,Fuencaliente de la Palma,50,13,62,186,311,298,16.778523489932887,20.80536912751678
2021,20210101_38015_D01_S001,38015_D01_S001,Garachico,149,19,78,266,512,493,30.223123732251523,15.821501014198782
2021,20210101_38015_D01_S002,38015_D01_S002,Garachico,67,8,24,98,197,189,35.44973544973545,12.698412698412698
2021,20210101_38015_D02_S001,38015_D02_S001,Garachico,81,17,107,252,457,440,18.40909090909091,24.318181818181817
2021,20210101_38015_D02_S002,38015_D02_S002,Garachico,71,11,106,227,415,404,17.574257425742573,26.237623762376238
2021,20210101_38016_D01_S001,38016_D01_S001,Garafía,104,26,80,268,478,452,23.008849557522122,17.699115044247787
2021,20210101_38017_D01_S001,38017_D01_S001,Granadilla de Abona,69,15,122,263,469,454,15.198237885462555,26.87224669603524
2021,20210101_38017_D01_S002,38017_D01_S002,Granadilla de Abona,58,16,75,254,403,387,14.987080103359173,19.37984496124031
2021,20210101_38017_D01_S003,38017_D01_S003,Granadilla de Abona,207,38,284,715,1244,1206,17.16417910447761,23.548922056384743
2021,20210101_38017_D01_S004,38017_D01_S004,Granadilla de Abona,75,23,110,301,509,486,15.432098765432098,22.633744855967077
2021,20210101_38017_D01_S005,38017_D01_S005,Granadilla de Abona,56,13,86,152,307,294,19.047619047619047,29.25170068027211
2021,20210101_38017_D01_S006,38017_D01_S006,Granadilla de Abona,99,25,101,263,488,463,21.382289416846653,21.814254859611232
2021,20210101_38017_D01_S007,38017_D01_S007,Granadilla de Abona,316,35,119,590,1060,1025,30.829268292682926,11.609756097560975
2021,20210101_38017_D01_S008,38017_D01_S008,Granadilla de Abona,76,16,125,345,562,546,13.91941391941392,22.893772893772894
2021,20210101_38017_D01_S009,38017_D01_S009,Granadilla de Abona,183,38,193,600,1014,976,18.75,19.774590163934427
2021,20210101_38017_D01_S010,38017_D01_S010,Granadilla de Abona,297,44,121,632,1094,1050,28.285714285714285,11.523809523809524
2021,20210101_38017_D01_S011,38017_D01_S011,Granadilla de Abona,137,39,265,554,995,956,14.330543933054393,27.719665271966527
2021,20210101_38017_D01_S012,38017_D01_S012,Granadilla de Abona,68,19,125,289,501,482,14.107883817427386,25.933609958506224
2021,20210101_38017_D01_S013,38017_D01_S013,Granadilla de Abona,93,28,198,434,753,725,12.827586206896552,27.310344827586206
2021,20210101_38017_D01_S014,38017_D01_S014,Granadilla de Abona,292,23,124,560,999,976,29.918032786885245,12.704918032786885
2021,20210101_38017_D01_S015,38017_D01_S015,Granadilla de Abona,86,15,188,388,677,662,12.990936555891238,28.3987915407855
2021,20210101_38017_D01_S016,38017_D01_S016,Granadilla de Abona,53,17,111,237,418,401,13.216957605985037,27.68079800498753
2021,20210101_38017_D01_S017,38017_D01_S017,Granadilla de Abona,136,23,123,457,739,716,18.99441340782123,17.178770949720672
2021,20210101_38017_D01_S018,38017_D01_S018,Granadilla de Abona,608,62,110,754,1534,1472,41.30434782608695,7.4728260869565215
2021,20210101_38017_D01_S019,38017_D01_S019,Granadilla de Abona,105,27,130,367,629,602,17.441860465116278,21.59468438538206
2021,20210101_38017_D01_S020,38017_D01_S020,Granadilla de Abona,133,35,268,602,1038,1003,13.260219341974079,26.719840478564308
2021,20210101_38017_D01_S021,38017_D01_S021,Granadilla de Abona,255,34,127,594,1010,976,26.12704918032787,13.012295081967213
2021,20210101_38017_D01_S022,38017_D01_S022,Granadilla de Abona,168,34,141,464,807,773,21.733505821474772,18.240620957309186
2021,20210101_38017_D01_S023,38017_D01_S023,Granadilla de Abona,85,17,209,401,712,695,12.23021582733813,30.071942446043167
2021,20210101_38017_D01_S024,38017_D01_S024,Granadilla de Abona,127,28,196,510,861,833,15.24609843937575,23.529411764705884
2021,20210101_38017_D01_S025,38017_D01_S025,Granadilla de Abona,99,17,191,456,763,746,13.270777479892761,25.603217158176943
2021,20210101_38018_D01_S001,38018_D01_S001,"Guancha, La",125,14,75,265,479,465,26.881720430107528,16.129032258064516
2021,20210101_38018_D01_S002,38018_D01_S002,"Guancha, La",155,17,90,390,652,635,24.409448818897637,14.173228346456693
2021,20210101_38018_D01_S003,38018_D01_S003,"Guancha, La",223,13,125,493,854,841,26.51605231866825,14.863258026159334
2021,20210101_38019_D01_S001,38019_D01_S001,Guía de Isora,120,25,203,420,768,743,16.150740242261104,27.321668909825032
2021,20210101_38019_D01_S002,38019_D01_S002,Guía de Isora,134,29,259,437,859,830,16.14457831325301,31.204819277108435
2021,20210101_38019_D01_S003,38019_D01_S003,Guía de Isora,115,31,159,390,695,664,17.319277108433734,23.94578313253012
2021,20210101_38019_D01_S004,38019_D01_S004,Guía de Isora,133,38,242,503,916,878,15.148063781321184,27.5626423690205
2021,20210101_38019_D01_S005,38019_D01_S005,Guía de Isora,155,34,278,542,1009,975,15.897435897435898,28.512820512820515
2021,20210101_38019_D01_S007,38019_D01_S007,Guía de Isora,82,16,187,309,594,578,14.186851211072664,32.35294117647059
2021,20210101_38019_D01_S008,38019_D01_S008,Guía de Isora,124,33,190,390,737,704,17.613636363636363,26.988636363636363
2021,20210101_38019_D01_S009,38019_D01_S009,Guía de Isora,118,20,214,362,714,694,17.002881844380404,30.835734870317
2021,20210101_38019_D01_S010,38019_D01_S010,Guía de Isora,182,39,287,572,1080,1041,17.483189241114314,27.569644572526418
2021,20210101_38019_D01_S011,38019_D01_S011,Guía de Isora,112,35,171,368,686,651,17.204301075268816,26.267281105990783
2021,20210101_38020_D01_S001,38020_D01_S001,Güímar,133,14,66,260,473,459,28.9760348583878,14.379084967320262
2021,20210101_38020_D01_S002,38020_D01_S002,Güímar,219,24,79,330,652,628,34.87261146496815,12.579617834394904
2021,20210101_38020_D01_S003,38020_D01_S003,Güímar,236,20,103,476,835,815,28.957055214723926,12.63803680981595
2021,20210101_38020_D01_S004,38020_D01_S004,Güímar,153,16,130,257,556,540,28.333333333333332,24.074074074074073
2021,20210101_38020_D01_S005,38020_D01_S005,Güímar,60,6,38,113,217,211,28.436018957345972,18.009478672985782
2021,20210101_38020_D01_S006,38020_D01_S006,Güímar,60,10,75,202,347,337,17.80415430267062,22.255192878338278
2021,20210101_38020_D01_S007,38020_D01_S007,Güímar,303,30,109,533,975,945,32.06349206349206,11.534391534391535
2021,20210101_38020_D01_S008,38020_D01_S008,Güímar,80,11,49,197,337,326,24.539877300613497,15.030674846625766
2021,20210101_38020_D01_S009,38020_D01_S009,Güímar,54,8,89,212,363,355,15.211267605633802,25.070422535211268
2021,20210101_38020_D01_S010,38020_D01_S010,Güímar,131,12,53,234,430,418,31.339712918660286,12.679425837320574
2021,20210101_38020_D01_S011,38020_D01_S011,Güímar,400,41,131,632,1204,1163,34.393809114359414,11.263972484952708
2021,20210101_38020_D02_S001,38020_D02_S001,Güímar,108,13,76,277,474,461,23.427331887201735,16.485900216919738
2021,20210101_38020_D02_S002,38020_D02_S002,Güímar,83,12,65,157,317,305,27.21311475409836,21.311475409836067
2021,20210101_38020_D03_S001,38020_D03_S001,Güímar,90,12,83,297,482,470,19.148936170212767,17.659574468085108
2021,20210101_38020_D03_S002,38020_D03_S002,Güímar,111,19,64,246,440,421,26.36579572446556,15.20190023752969
2021,20210101_38021_D01_S001,38021_D01_S001,Hermigua,62,8,48,158,276,268,23.134328358208954,17.91044776119403
2021,20210101_38021_D02_S001,38021_D02_S001,Hermigua,96,9,49,173,327,318,30.18867924528302,15.40880503144654
2021,20210101_38022_D01_S001,38022_D01_S001,Icod de los Vinos,141,15,69,256,481,466,30.257510729613735,14.806866952789699
2021,20210101_38022_D01_S002,38022_D01_S002,Icod de los Vinos,153,17,68,282,520,503,30.417495029821072,13.518886679920477
2021,20210101_38022_D01_S003,38022_D01_S003,Icod de los Vinos,101,5,42,201,349,344,29.36046511627907,12.209302325581396
2021,20210101_38022_D01_S004,38022_D01_S004,Icod de los Vinos,93,9,47,159,308,299,31.103678929765888,15.719063545150501
2021,20210101_38022_D01_S005,38022_D01_S005,Icod de los Vinos,73,13,41,165,292,279,26.164874551971327,14.695340501792115
2021,20210101_38022_D01_S006,38022_D01_S006,Icod de los Vinos,182,16,54,262,514,498,36.54618473895582,10.843373493975903
2021,20210101_38022_D02_S001,38022_D02_S001,Icod de los Vinos,35,10,155,227,427,417,8.393285371702637,37.170263788968825
2021,20210101_38022_D02_S002,38022_D02_S002,Icod de los Vinos,70,12,108,254,444,432,16.203703703703702,25.0
2021,20210101_38022_D03_S001,38022_D03_S001,Icod de los Vinos,74,14,121,278,487,473,15.644820295983086,25.58139534883721
2021,20210101_38022_D03_S002,38022_D03_S002,Icod de los Vinos,60,9,81,231,381,372,16.129032258064516,21.774193548387096
2021,20210101_38022_D03_S003,38022_D03_S003,Icod de los Vinos,42,17,76,184,319,302,13.907284768211921,25.165562913907284
2021,20210101_38022_D03_S004,38022_D03_S004,Icod de los Vinos,76,14,62,245,397,383,19.843342036553526,16.18798955613577
2021,20210101_38022_D04_S001,38022_D04_S001,Icod de los Vinos,52,7,57,184,300,293,17.747440273037544,19.453924914675767
2021,20210101_38022_D04_S002,38022_D04_S002,Icod de los Vinos,117,19,111,342,589,570,20.526315789473685,19.473684210526315
2021,20210101_38022_D04_S003,38022_D04_S003,Icod de los Vinos,103,23,105,368,599,576,17.881944444444443,18.229166666666668
2021,20210101_38022_D04_S004,38022_D04_S004,Icod de los Vinos,77,10,56,232,375,365,21.095890410958905,15.342465753424657
2021,20210101_38022_D05_S001,38022_D05_S001,Icod de los Vinos,53,6,43,142,244,238,22.26890756302521,18.067226890756302
2021,20210101_38022_D05_S002,38022_D05_S002,Icod de los Vinos,211,22,123,451,807,785,26.878980891719745,15.668789808917197
2021,20210101_38023_D01_S001,38023_D01_S001,San Cristóbal de La Laguna,212,13,13,129,367,354,59.887005649717516,3.672316384180791
2021,20210101_38023_D01_S002,38023_D01_S002,San Cristóbal de La Laguna,202,9,52,230,493,484,41.735537190082646,10.743801652892563
2021,20210101_38023_D01_S003,38023_D01_S003,San Cristóbal de La Laguna,341,20,46,299,706,686,49.708454810495624,6.705539358600583
2021,20210101_38023_D01_S004,38023_D01_S004,San Cristóbal de La Laguna,65,9,54,155,283,274,23.722627737226276,19.708029197080293
2021,20210101_38023_D01_S005,38023_D01_S005,San Cristóbal de La Laguna,275,18,29,228,550,532,51.69172932330827,5.451127819548872
2021,20210101_38023_D01_S006,38023_D01_S006,San Cristóbal de La Laguna,253,31,56,322,662,631,40.09508716323296,8.874801901743265
2021,20210101_38023_D01_S007,38023_D01_S007,San Cristóbal de La Laguna,315,22,51,325,713,691,45.58610709117222,7.380607814761215
2021,20210101_38023_D01_S008,38023_D01_S008,San Cristóbal de La Laguna,203,20,35,187,445,425,47.76470588235294,8.235294117647058
2021,20210101_38023_D01_S009,38023_D01_S009,San Cristóbal de La Laguna,194,20,34,215,463,443,43.792325056433405,7.6749435665914225
2021,20210101_38023_D01_S010,38023_D01_S010,San Cristóbal de La Laguna,248,29,53,277,607,578,42.90657439446367,9.16955017301038
2021,20210101_38023_D01_S011,38023_D01_S011,San Cristóbal de La Laguna,125,13,23,109,270,257,48.63813229571984,8.949416342412452
2021,20210101_38023_D01_S012,38023_D01_S012,San Cristóbal de La Laguna,138,18,57,250,463,445,31.01123595505618,12.808988764044944
2021,20210101_38023_D01_S013,38023_D01_S013,San Cristóbal de La Laguna,238,12,22,154,426,414,57.48792270531401,5.314009661835748
2021,20210101_38023_D01_S014,38023_D01_S014,San Cristóbal de La Laguna,235,25,26,138,424,399,58.89724310776943,6.516290726817043
2021,20210101_38023_D01_S015,38023_D01_S015,San Cristóbal de La Laguna,365,17,15,129,526,509,71.70923379174853,2.9469548133595285
2021,20210101_38023_D01_S016,38023_D01_S016,San Cristóbal de La Laguna,437,18,34,241,730,712,61.37640449438202,4.775280898876405
2021,20210101_38023_D01_S017,38023_D01_S017,San Cristóbal de La Laguna,347,27,30,236,640,613,56.606851549755305,4.893964110929853
2021,20210101_38023_D01_S018,38023_D01_S018,San Cristóbal de La Laguna,117,8,84,237,446,438,26.71232876712329,19.17808219178082
2021,20210101_38023_D01_S019,38023_D01_S019,San Cristóbal de La Laguna,234,13,10,115,372,359,65.18105849582173,2.785515320334262
2021,20210101_38023_D01_S020,38023_D01_S020,San Cristóbal de La Laguna,203,5,24,149,381,376,53.98936170212766,6.382978723404255
2021,20210101_38023_D01_S021,38023_D01_S021,San Cristóbal de La Laguna,351,20,31,231,633,613,57.25938009787928,5.057096247960848
2021,20210101_38023_D01_S022,38023_D01_S022,San Cristóbal de La Laguna,221,8,43,229,501,493,44.827586206896555,8.72210953346856
2021,20210101_38023_D01_S023,38023_D01_S023,San Cristóbal de La Laguna,489,27,58,370,944,917,53.32606324972737,6.324972737186478
2021,20210101_38023_D01_S024,38023_D01_S024,San Cristóbal de La Laguna,64,7,71,162,304,297,21.54882154882155,23.905723905723907
2021,20210101_38023_D01_S025,38023_D01_S025,San Cristóbal de La Laguna,231,26,82,365,704,678,34.07079646017699,12.094395280235988
2021,20210101_38023_D01_S026,38023_D01_S026,San Cristóbal de La Laguna,310,13,28,170,521,508,61.023622047244096,5.511811023622047
2021,20210101_38023_D01_S027,38023_D01_S027,San Cristóbal de La Laguna,166,22,58,254,500,478,34.72803347280335,12.133891213389122
2021,20210101_38023_D01_S028,38023_D01_S028,San Cristóbal de La Laguna,470,28,39,322,859,831,56.5583634175692,4.693140794223827
2021,20210101_38023_D01_S029,38023_D01_S029,San Cristóbal de La Laguna,236,8,25,139,408,400,59.0,6.25
2021,20210101_38023_D01_S030,38023_D01_S030,San Cristóbal de La Laguna,480,20,26,234,760,740,64.86486486486487,3.5135135135135136
2021,20210101_38023_D01_S031,38023_D01_S031,San Cristóbal de La Laguna,477,19,23,157,676,657,72.6027397260274,3.5007610350076104
2021,20210101_38023_D01_S032,38023_D01_S032,San Cristóbal de La Laguna,119,14,69,266,468,454,26.211453744493394,15.198237885462555
2021,20210101_38023_D01_S033,38023_D01_S033,San Cristóbal de La Laguna,146,7,40,154,347,340,42.94117647058823,11.764705882352942
2021,20210101_38023_D02_S001,38023_D02_S001,San Cristóbal de La Laguna,117,14,67,225,423,409,28.60635696821516,16.381418092909534
2021,20210101_38023_D02_S002,38023_D02_S002,San Cristóbal de La Laguna,80,8,51,219,358,350,22.857142857142858,14.571428571428571
2021,20210101_38023_D02_S003,38023_D02_S003,San Cristóbal de La Laguna,129,10,31,220,390,380,33.94736842105263,8.157894736842104
2021,20210101_38023_D02_S004,38023_D02_S004,San Cristóbal de La Laguna,119,14,47,240,420,406,29.310344827586206,11.576354679802956
2021,20210101_38023_D02_S005,38023_D02_S005,San Cristóbal de La Laguna,180,17,70,301,568,551,32.66787658802178,12.704174228675136
2021,20210101_38023_D02_S006,38023_D02_S006,San Cristóbal de La Laguna,83,10,80,280,453,443,18.73589164785553,18.058690744920995
2021,20210101_38023_D02_S007,38023_D02_S007,San Cristóbal de La Laguna,186,26,98,369,679,653,28.483920367534456,15.007656967840735
2021,20210101_38023_D02_S008,38023_D02_S008,San Cristóbal de La Laguna,83,10,65,250,408,398,20.85427135678392,16.331658291457288
2021,20210101_38023_D02_S009,38023_D02_S009,San Cristóbal de La Laguna,125,23,87,357,592,569,21.968365553602812,15.289982425307556
2021,20210101_38023_D02_S010,38023_D02_S010,San Cristóbal de La Laguna,181,30,131,516,858,828,21.85990338164251,15.821256038647343
2021,20210101_38023_D02_S011,38023_D02_S011,San Cristóbal de La Laguna,270,29,43,203,545,516,52.325581395348834,8.333333333333334
2021,20210101_38023_D02_S012,38023_D02_S012,San Cristóbal de La Laguna,319,12,48,331,710,698,45.702005730659025,6.876790830945558
2021,20210101_38023_D02_S013,38023_D02_S013,San Cristóbal de La Laguna,188,19,101,421,729,710,26.47887323943662,14.225352112676056
2021,20210101_38023_D02_S014,38023_D02_S014,San Cristóbal de La Laguna,150,20,76,343,589,569,26.362038664323375,13.35676625659051
2021,20210101_38023_D02_S015,38023_D02_S015,San Cristóbal de La Laguna,114,24,93,312,543,519,21.965317919075144,17.91907514450867
2021,20210101_38023_D02_S016,38023_D02_S016,San Cristóbal de La Laguna,655,46,115,738,1554,1508,43.43501326259947,7.625994694960212
2021,20210101_38023_D02_S017,38023_D02_S017,San Cristóbal de La Laguna,199,28,110,429,766,738,26.964769647696478,14.905149051490515
2021,20210101_38023_D02_S018,38023_D02_S018,San Cristóbal de La Laguna,132,14,90,288,524,510,25.88235294117647,17.647058823529413
2021,20210101_38023_D02_S019,38023_D02_S019,San Cristóbal de La Laguna,165,13,63,256,497,484,34.09090909090909,13.016528925619834
2021,20210101_38023_D02_S020,38023_D02_S020,San Cristóbal de La Laguna,99,7,50,202,358,351,28.205128205128204,14.245014245014245
2021,20210101_38023_D02_S021,38023_D02_S021,San Cristóbal de La Laguna,439,28,32,364,863,835,52.5748502994012,3.8323353293413174
2021,20210101_38023_D02_S022,38023_D02_S022,San Cristóbal de La Laguna,180,23,69,261,533,510,35.294117647058826,13.529411764705882
2021,20210101_38023_D02_S023,38023_D02_S023,San Cristóbal de La Laguna,215,17,65,311,608,591,36.37901861252115,10.998307952622673
2021,20210101_38023_D02_S024,38023_D02_S024,San Cristóbal de La Laguna,92,10,43,207,352,342,26.900584795321638,12.573099415204679
2021,20210101_38023_D03_S001,38023_D03_S001,San Cristóbal de La Laguna,67,8,57,181,313,305,21.9672131147541,18.688524590163933
2021,20210101_38023_D03_S002,38023_D03_S002,San Cristóbal de La Laguna,433,45,135,631,1244,1199,36.11342785654712,11.259382819015846
2021,20210101_38023_D03_S003,38023_D03_S003,San Cristóbal de La Laguna,339,17,32,233,621,604,56.12582781456954,5.298013245033113
2021,20210101_38023_D03_S004,38023_D03_S004,San Cristóbal de La Laguna,119,13,175,507,814,801,14.856429463171036,21.84769038701623
2021,20210101_38023_D03_S005,38023_D03_S005,San Cristóbal de La Laguna,119,19,116,364,618,599,19.86644407345576,19.36560934891486
2021,20210101_38023_D03_S006,38023_D03_S006,San Cristóbal de La Laguna,523,25,38,380,966,941,55.57917109458023,4.038257173219979
2021,20210101_38023_D03_S007,38023_D03_S007,San Cristóbal de La Laguna,65,6,51,171,293,287,22.64808362369338,17.770034843205575
2021,20210101_38023_D03_S008,38023_D03_S008,San Cristóbal de La Laguna,279,33,142,570,1024,991,28.15338042381433,14.32896064581231
2021,20210101_38023_D03_S009,38023_D03_S009,San Cristóbal de La Laguna,58,11,73,195,337,326,17.791411042944784,22.392638036809817
2021,20210101_38023_D03_S010,38023_D03_S010,San Cristóbal de La Laguna,50,9,55,168,282,273,18.315018315018314,20.146520146520146
2021,20210101_38023_D03_S011,38023_D03_S011,San Cristóbal de La Laguna,97,5,111,351,564,559,17.352415026833633,19.856887298747765
2021,20210101_38023_D03_S012,38023_D03_S012,San Cristóbal de La Laguna,105,26,128,322,581,555,18.91891891891892,23.063063063063062
2021,20210101_38023_D03_S013,38023_D03_S013,San Cristóbal de La Laguna,107,24,144,409,684,660,16.21212121212121,21.818181818181817
2021,20210101_38023_D03_S014,38023_D03_S014,San Cristóbal de La Laguna,39,5,54,145,243,238,16.386554621848738,22.689075630252102
2021,20210101_38023_D03_S015,38023_D03_S015,San Cristóbal de La Laguna,89,13,101,275,478,465,19.13978494623656,21.72043010752688
2021,20210101_38023_D03_S016,38023_D03_S016,San Cristóbal de La Laguna,115,16,106,418,655,639,17.996870109546165,16.588419405320813
2021,20210101_38023_D03_S017,38023_D03_S017,San Cristóbal de La Laguna,82,5,87,229,403,398,20.603015075376884,21.85929648241206
2021,20210101_38023_D03_S018,38023_D03_S018,San Cristóbal de La Laguna,39,9,50,157,255,246,15.853658536585366,20.32520325203252
2021,20210101_38023_D03_S019,38023_D03_S019,San Cristóbal de La Laguna,367,34,160,751,1312,1278,28.71674491392801,12.519561815336463
2021,20210101_38023_D03_S020,38023_D03_S020,San Cristóbal de La Laguna,119,11,49,217,396,385,30.90909090909091,12.727272727272727
2021,20210101_38023_D03_S021,38023_D03_S021,San Cristóbal de La Laguna,104,20,53,242,419,399,26.06516290726817,13.283208020050125
2021,20210101_38023_D03_S022,38023_D03_S022,San Cristóbal de La Laguna,248,16,8,110,382,366,67.75956284153006,2.185792349726776
2021,20210101_38023_D03_S023,38023_D03_S023,San Cristóbal de La Laguna,84,10,89,254,437,427,19.672131147540984,20.843091334894613
2021,20210101_38023_D03_S024,38023_D03_S024,San Cristóbal de La Laguna,106,13,58,234,411,398,26.633165829145728,14.57286432160804
2021,20210101_38023_D03_S025,38023_D03_S025,San Cristóbal de La Laguna,254,34,107,455,850,816,31.127450980392158,13.112745098039216
2021,20210101_38023_D03_S026,38023_D03_S026,San Cristóbal de La Laguna,200,15,51,284,550,535,37.38317757009346,9.532710280373832
2021,20210101_38023_D04_S001,38023_D04_S001,San Cristóbal de La Laguna,361,19,47,328,755,736,49.04891304347826,6.385869565217392
2021,20210101_38023_D04_S002,38023_D04_S002,San Cristóbal de La Laguna,340,23,120,551,1034,1011,33.63006923837784,11.869436201780415
2021,20210101_38023_D04_S003,38023_D04_S003,San Cristóbal de La Laguna,268,20,82,395,765,745,35.97315436241611,11.006711409395972
2021,20210101_38023_D04_S004,38023_D04_S004,San Cristóbal de La Laguna,157,14,42,175,388,374,41.97860962566845,11.229946524064172
2021,20210101_38023_D04_S005,38023_D04_S005,San Cristóbal de La Laguna,214,20,31,162,427,407,52.57985257985258,7.616707616707616
2021,20210101_38023_D04_S006,38023_D04_S006,San Cristóbal de La Laguna,156,14,94,304,568,554,28.15884476534296,16.967509025270758
2021,20210101_38023_D04_S007,38023_D04_S007,San Cristóbal de La Laguna,307,28,47,309,691,663,46.30467571644042,7.088989441930618
2021,20210101_38023_D05_S001,38023_D05_S001,San Cristóbal de La Laguna,83,14,102,236,435,421,19.71496437054632,24.228028503562946
2021,20210101_38023_D05_S002,38023_D05_S002,San Cristóbal de La Laguna,110,13,113,321,557,544,20.220588235294116,20.772058823529413
2021,20210101_38023_D05_S003,38023_D05_S003,San Cristóbal de La Laguna,102,10,68,261,441,431,23.665893271461716,15.777262180974478
2021,20210101_38023_D05_S004,38023_D05_S004,San Cristóbal de La Laguna,77,10,68,225,380,370,20.81081081081081,18.37837837837838
2021,20210101_38023_D05_S005,38023_D05_S005,San Cristóbal de La Laguna,263,26,119,413,821,795,33.081761006289305,14.968553459119496
2021,20210101_38023_D05_S006,38023_D05_S006,San Cristóbal de La Laguna,143,17,58,249,467,450,31.77777777777778,12.88888888888889
2021,20210101_38023_D05_S007,38023_D05_S007,San Cristóbal de La Laguna,245,26,72,333,676,650,37.69230769230769,11.076923076923077
2021,20210101_38023_D05_S008,38023_D05_S008,San Cristóbal de La Laguna,75,10,90,188,363,353,21.246458923512748,25.495750708215297
2021,20210101_38023_D05_S009,38023_D05_S009,San Cristóbal de La Laguna,460,31,93,496,1080,1049,43.8512869399428,8.865586272640611
2021,20210101_38023_D05_S010,38023_D05_S010,San Cristóbal de La Laguna,162,23,101,364,650,627,25.83732057416268,16.108452950558213
2021,20210101_38023_D05_S011,38023_D05_S011,San Cristóbal de La Laguna,105,11,58,186,360,349,30.08595988538682,16.6189111747851
2021,20210101_38023_D05_S012,38023_D05_S012,San Cristóbal de La Laguna,115,16,113,295,539,523,21.988527724665392,21.606118546845124
2021,20210101_38023_D05_S013,38023_D05_S013,San Cristóbal de La Laguna,75,9,62,173,319,310,24.193548387096776,20.0
2021,20210101_38023_D05_S014,38023_D05_S014,San Cristóbal de La Laguna,143,14,95,365,617,603,23.71475953565506,15.754560530679933
2021,20210101_38023_D06_S001,38023_D06_S001,San Cristóbal de La Laguna,180,18,92,298,588,570,31.57894736842105,16.140350877192983
2021,20210101_38023_D06_S002,38023_D06_S002,San Cristóbal de La Laguna,376,18,32,237,663,645,58.29457364341085,4.961240310077519
2021,20210101_38023_D06_S003,38023_D06_S003,San Cristóbal de La Laguna,142,23,71,263,499,476,29.831932773109244,14.915966386554622
2021,20210101_38023_D06_S004,38023_D06_S004,San Cristóbal de La Laguna,118,18,65,288,489,471,25.05307855626327,13.800424628450106
2021,20210101_38024_D01_S001,38024_D01_S001,"Llanos de Aridane, Los",333,39,110,490,972,933,35.69131832797428,11.789924973204716
2021,20210101_38024_D01_S002,38024_D01_S002,"Llanos de Aridane, Los",185,25,90,409,709,684,27.046783625730995,13.157894736842104
2021,20210101_38024_D01_S003,38024_D01_S003,"Llanos de Aridane, Los",168,29,103,343,643,614,27.36156351791531,16.775244299674267
2021,20210101_38024_D01_S004,38024_D01_S004,"Llanos de Aridane, Los",115,18,73,196,402,384,29.947916666666668,19.010416666666668
2021,20210101_38024_D01_S005,38024_D01_S005,"Llanos de Aridane, Los",181,19,63,222,485,466,38.8412017167382,13.51931330472103
2021,20210101_38024_D01_S006,38024_D01_S006,"Llanos de Aridane, Los",157,25,79,280,541,516,30.426356589147286,15.310077519379846
2021,20210101_38024_D01_S007,38024_D01_S007,"Llanos de Aridane, Los",122,22,94,350,588,566,21.554770318021202,16.607773851590107
2021,20210101_38024_D01_S008,38024_D01_S008,"Llanos de Aridane, Los",187,28,88,338,641,613,30.505709624796086,14.35562805872757
2021,20210101_38024_D02_S001,38024_D02_S001,"Llanos de Aridane, Los",167,12,86,263,528,516,32.36434108527132,16.666666666666668
2021,20210101_38024_D02_S002,38024_D02_S002,"Llanos de Aridane, Los",129,15,102,316,562,547,23.583180987202926,18.647166361974406
2021,20210101_38024_D03_S001,38024_D03_S001,"Llanos de Aridane, Los",196,43,115,434,788,745,26.308724832214764,15.436241610738255
2021,20210101_38024_D03_S002,38024_D03_S002,"Llanos de Aridane, Los",185,29,105,346,665,636,29.08805031446541,16.50943396226415
2021,20210101_38024_D03_S003,38024_D03_S003,"Llanos de Aridane, Los",100,22,54,246,422,400,25.0,13.5
2021,20210101_38025_D01_S001,38025_D01_S001,"Matanza de Acentejo, La",159,20,126,483,788,768,20.703125,16.40625
2021,20210101_38025_D01_S002,38025_D01_S002,"Matanza de Acentejo, La",127,17,91,364,599,582,21.8213058419244,15.63573883161512
2021,20210101_38025_D01_S003,38025_D01_S003,"Matanza de Acentejo, La",267,16,114,505,902,886,30.135440180586908,12.866817155756207
2021,20210101_38025_D01_S004,38025_D01_S004,"Matanza de Acentejo, La",273,21,100,469,863,842,32.42280285035629,11.876484560570072
2021,20210101_38025_D01_S005,38025_D01_S005,"Matanza de Acentejo, La",86,12,49,158,305,293,29.351535836177476,16.72354948805461
2021,20210101_38026_D01_S001,38026_D01_S001,"Orotava, La",246,21,45,234,546,525,46.857142857142854,8.571428571428571
2021,20210101_38026_D01_S002,38026_D01_S002,"Orotava, La",308,27,49,317,701,674,45.6973293768546,7.270029673590504
2021,20210101_38026_D01_S004,38026_D01_S004,"Orotava, La",255,15,55,317,642,627,40.66985645933014,8.771929824561404
2021,20210101_38026_D02_S001,38026_D02_S001,"Orotava, La",176,18,64,308,566,548,32.11678832116788,11.678832116788321
2021,20210101_38026_D02_S002,38026_D02_S002,"Orotava, La",98,12,60,277,447,435,22.528735632183906,13.793103448275861
2021,20210101_38026_D02_S003,38026_D02_S003,"Orotava, La",255,25,111,542,933,908,28.083700440528634,12.224669603524228
2021,20210101_38026_D02_S004,38026_D02_S004,"Orotava, La",131,11,36,213,391,380,34.473684210526315,9.473684210526315
2021,20210101_38026_D03_S001,38026_D03_S001,"Orotava, La",89,16,100,310,515,499,17.83567134268537,20.04008016032064
2021,20210101_38026_D03_S002,38026_D03_S002,"Orotava, La",112,13,56,240,421,408,27.45098039215686,13.72549019607843
2021,20210101_38026_D03_S003,38026_D03_S003,"Orotava, La",290,22,37,336,685,663,43.74057315233786,5.580693815987933
2021,20210101_38026_D03_S004,38026_D03_S004,"Orotava, La",264,12,94,452,822,810,32.592592592592595,11.604938271604938
2021,20210101_38026_D03_S005,38026_D03_S005,"Orotava, La",77,11,56,254,398,387,19.896640826873384,14.470284237726098
2021,20210101_38026_D03_S006,38026_D03_S006,"Orotava, La",238,14,70,409,731,717,33.19386331938633,9.762900976290098
2021,20210101_38026_D03_S007,38026_D03_S007,"Orotava, La",129,5,71,299,504,499,25.851703406813627,14.228456913827655
2021,20210101_38026_D04_S001,38026_D04_S001,"Orotava, La",313,35,73,457,878,843,37.12930011862396,8.659549228944247
2021,20210101_38026_D04_S002,38026_D04_S002,"Orotava, La",151,11,70,323,555,544,27.75735294117647,12.867647058823529
2021,20210101_38026_D04_S003,38026_D04_S003,"Orotava, La",175,18,37,197,427,409,42.78728606356968,9.04645476772616
2021,20210101_38026_D04_S004,38026_D04_S004,"Orotava, La",60,4,28,167,259,255,23.529411764705884,10.980392156862745
2021,20210101_38026_D04_S005,38026_D04_S005,"Orotava, La",278,29,45,364,716,687,40.46579330422125,6.550218340611353
2021,20210101_38026_D05_S001,38026_D05_S001,"Orotava, La",145,22,126,441,734,712,20.365168539325843,17.696629213483146
2021,20210101_38026_D05_S002,38026_D05_S002,"Orotava, La",103,13,73,248,437,424,24.29245283018868,17.21698113207547
2021,20210101_38026_D05_S003,38026_D05_S003,"Orotava, La",147,18,120,412,697,679,21.649484536082475,17.673048600883654
2021,20210101_38026_D05_S004,38026_D05_S004,"Orotava, La",46,4,78,213,341,337,13.649851632047477,23.14540059347181
2021,20210101_38026_D05_S005,38026_D05_S005,"Orotava, La",134,14,77,422,647,633,21.169036334913113,12.164296998420221
2021,20210101_38026_D06_S001,38026_D06_S001,"Orotava, La",22,7,77,181,287,280,7.857142857142857,27.5
2021,20210101_38026_D06_S002,38026_D06_S002,"Orotava, La",54,14,112,232,412,398,13.5678391959799,28.14070351758794
2021,20210101_38026_D06_S003,38026_D06_S003,"Orotava, La",76,17,104,372,569,552,13.768115942028986,18.840579710144926
2021,20210101_38026_D06_S004,38026_D06_S004,"Orotava, La",46,31,186,333,596,565,8.141592920353983,32.92035398230089
2021,20210101_38027_D01_S001,38027_D01_S001,"Paso, El",145,22,69,315,551,529,27.410207939508506,13.043478260869565
2021,20210101_38027_D02_S001,38027_D02_S001,"Paso, El",243,31,121,492,887,856,28.38785046728972,14.13551401869159
2021,20210101_38027_D03_S001,38027_D03_S001,"Paso, El",136,27,68,249,480,453,30.02207505518764,15.01103752759382
2021,20210101_38027_D03_S002,38027_D03_S002,"Paso, El",154,24,62,233,473,449,34.29844097995546,13.808463251670378
2021,20210101_38027_D04_S001,38027_D04_S001,"Paso, El",117,24,74,266,481,457,25.601750547045953,16.192560175054705
2021,20210101_38028_D01_S001,38028_D01_S001,Puerto de la Cruz,104,9,32,149,294,285,36.49122807017544,11.228070175438596
2021,20210101_38028_D01_S002,38028_D01_S002,Puerto de la Cruz,171,20,57,325,573,553,30.922242314647377,10.30741410488246
2021,20210101_38028_D01_S003,38028_D01_S003,Puerto de la Cruz,414,38,39,456,947,909,45.54455445544554,4.29042904290429
2021,20210101_38028_D01_S004,38028_D01_S004,Puerto de la Cruz,423,28,36,348,835,807,52.41635687732342,4.4609665427509295
2021,20210101_38028_D02_S001,38028_D02_S001,Puerto de la Cruz,112,14,20,163,309,295,37.96610169491525,6.779661016949152
2021,20210101_38028_D02_S002,38028_D02_S002,Puerto de la Cruz,77,8,22,110,217,209,36.8421052631579,10.526315789473685
2021,20210101_38028_D02_S003,38028_D02_S003,Puerto de la Cruz,180,17,28,213,438,421,42.75534441805225,6.65083135391924
2021,20210101_38028_D02_S004,38028_D02_S004,Puerto de la Cruz,345,29,71,381,826,797,43.28732747804266,8.90840652446675
2021,20210101_38028_D02_S005,38028_D02_S005,Puerto de la Cruz,176,17,92,381,666,649,27.11864406779661,14.175654853620955
2021,20210101_38028_D03_S001,38028_D03_S001,Puerto de la Cruz,112,7,33,178,330,323,34.6749226006192,10.21671826625387
2021,20210101_38028_D03_S002,38028_D03_S002,Puerto de la Cruz,95,7,42,202,346,339,28.023598820058996,12.389380530973451
2021,20210101_38028_D03_S003,38028_D03_S003,Puerto de la Cruz,53,13,46,182,294,281,18.86120996441281,16.370106761565836
2021,20210101_38028_D03_S004,38028_D03_S004,Puerto de la Cruz,147,18,47,263,475,457,32.16630196936543,10.284463894967177
2021,20210101_38028_D03_S005,38028_D03_S005,Puerto de la Cruz,74,7,60,242,383,376,19.680851063829788,15.957446808510639
2021,20210101_38028_D03_S006,38028_D03_S006,Puerto de la Cruz,79,16,53,224,372,356,22.191011235955056,14.887640449438202
2021,20210101_38028_D04_S001,38028_D04_S001,Puerto de la Cruz,93,19,62,272,446,427,21.779859484777518,14.519906323185012
2021,20210101_38028_D04_S002,38028_D04_S002,Puerto de la Cruz,75,15,68,208,366,351,21.367521367521366,19.373219373219374
2021,20210101_38028_D04_S003,38028_D04_S003,Puerto de la Cruz,121,16,122,451,710,694,17.435158501440924,17.579250720461093
2021,20210101_38028_D04_S004,38028_D04_S004,Puerto de la Cruz,205,18,53,284,560,542,37.82287822878229,9.77859778597786
2021,20210101_38028_D04_S005,38028_D04_S005,Puerto de la Cruz,25,5,43,125,198,193,12.953367875647668,22.27979274611399
2021,20210101_38029_D01_S001,38029_D01_S001,Puntagorda,72,17,68,193,350,333,21.62162162162162,20.42042042042042
2021,20210101_38029_D01_S002,38029_D01_S002,Puntagorda,83,26,45,200,354,328,25.304878048780488,13.71951219512195
2021,20210101_38030_D01_S001,38030_D01_S001,Puntallana,133,24,106,300,563,539,24.675324675324674,19.666048237476808
2021,20210101_38030_D01_S002,38030_D01_S002,Puntallana,126,22,53,226,427,405,31.11111111111111,13.08641975308642
2021,20210101_38031_D01_S001,38031_D01_S001,"Realejos, Los",78,7,60,200,345,338,23.076923076923077,17.75147928994083
2021,20210101_38031_D01_S002,38031_D01_S002,"Realejos, Los",240,35,98,529,902,867,27.68166089965398,11.303344867358708
2021,20210101_38031_D01_S003,38031_D01_S003,"Realejos, Los",244,25,80,457,806,781,31.241997439180537,10.243277848911651
2021,20210101_38031_D01_S004,38031_D01_S004,"Realejos, Los",249,20,122,569,960,940,26.48936170212766,12.97872340425532
2021,20210101_38031_D01_S005,38031_D01_S005,"Realejos, Los",154,22,106,426,708,686,22.448979591836736,15.451895043731778
2021,20210101_38031_D01_S006,38031_D01_S006,"Realejos, Los",119,16,61,301,497,481,24.74012474012474,12.681912681912682
2021,20210101_38031_D01_S007,38031_D01_S007,"Realejos, Los",81,4,71,246,402,398,20.35175879396985,17.839195979899497
2021,20210101_38031_D01_S008,38031_D01_S008,"Realejos, Los",165,17,76,372,630,613,26.916802610114193,12.398042414355627
2021,20210101_38031_D02_S001,38031_D02_S001,"Realejos, Los",210,16,83,367,676,660,31.818181818181817,12.575757575757576
2021,20210101_38031_D02_S002,38031_D02_S002,"Realejos, Los",139,17,70,324,550,533,26.078799249530956,13.133208255159476
2021,20210101_38031_D02_S003,38031_D02_S003,"Realejos, Los",87,11,89,316,503,492,17.682926829268293,18.089430894308943
2021,20210101_38031_D03_S001,38031_D03_S001,"Realejos, Los",103,16,79,360,558,542,19.00369003690037,14.575645756457565
2021,20210101_38031_D03_S002,38031_D03_S002,"Realejos, Los",68,12,77,248,405,393,17.302798982188296,19.59287531806616
2021,20210101_38031_D03_S003,38031_D03_S003,"Realejos, Los",86,10,103,307,506,496,17.338709677419356,20.766129032258064
2021,20210101_38031_D03_S004,38031_D03_S004,"Realejos, Los",156,14,37,297,504,490,31.836734693877553,7.551020408163265
2021,20210101_38031_D03_S005,38031_D03_S005,"Realejos, Los",123,19,69,363,574,555,22.16216216216216,12.432432432432432
2021,20210101_38031_D04_S001,38031_D04_S001,"Realejos, Los",141,20,75,334,570,550,25.636363636363637,13.636363636363637
2021,20210101_38031_D04_S002,38031_D04_S002,"Realejos, Los",218,33,50,383,684,651,33.48694316436252,7.680491551459293
2021,20210101_38031_D04_S003,38031_D04_S003,"Realejos, Los",194,16,40,225,475,459,42.265795206971674,8.714596949891067
2021,20210101_38031_D04_S004,38031_D04_S004,"Realejos, Los",125,18,65,307,515,497,25.150905432595575,13.078470824949699
2021,20210101_38031_D05_S001,38031_D05_S001,"Realejos, Los",46,12,103,194,355,343,13.411078717201166,30.02915451895044
2021,20210101_38031_D05_S002,38031_D05_S002,"Realejos, Los",38,12,126,211,387,375,10.133333333333333,33.6
2021,20210101_38031_D05_S003,38031_D05_S003,"Realejos, Los",32,13,94,173,312,299,10.702341137123746,31.438127090301002
2021,20210101_38031_D06_S001,38031_D06_S001,"Realejos, Los",41,8,105,246,400,392,10.459183673469388,26.785714285714285
2021,20210101_38031_D06_S002,38031_D06_S002,"Realejos, Los",51,17,125,319,512,495,10.303030303030303,25.252525252525253
2021,20210101_38032_D01_S001,38032_D01_S001,"Rosario, El",116,7,46,168,337,330,35.15151515151515,13.93939393939394
2021,20210101_38032_D01_S002,38032_D01_S002,"Rosario, El",53,5,37,136,231,226,23.451327433628318,16.371681415929203
2021,20210101_38032_D01_S003,38032_D01_S003,"Rosario, El",245,21,106,364,736,715,34.26573426573427,14.825174825174825
2021,20210101_38032_D01_S004,38032_D01_S004,"Rosario, El",425,25,44,406,900,875,48.57142857142857,5.0285714285714285
2021,20210101_38032_D01_S005,38032_D01_S005,"Rosario, El",60,8,54,172,294,286,20.97902097902098,18.88111888111888
2021,20210101_38032_D01_S006,38032_D01_S006,"Rosario, El",527,33,25,334,919,886,59.480812641083524,2.8216704288939054
2021,20210101_38032_D01_S007,38032_D01_S007,"Rosario, El",173,21,65,388,647,626,27.635782747603834,10.383386581469649
2021,20210101_38032_D01_S008,38032_D01_S008,"Rosario, El",377,24,19,297,717,693,54.4011544011544,2.7417027417027415
2021,20210101_38032_D01_S009,38032_D01_S009,"Rosario, El",94,12,51,163,320,308,30.51948051948052,16.558441558441558
2021,20210101_38032_D01_S010,38032_D01_S010,"Rosario, El",175,19,99,343,636,617,28.363047001620746,16.045380875202593
2021,20210101_38032_D01_S011,38032_D01_S011,"Rosario, El",413,30,34,323,800,770,53.63636363636363,4.415584415584416
2021,20210101_38032_D01_S012,38032_D01_S012,"Rosario, El",390,26,14,211,641,615,63.41463414634146,2.2764227642276422
2021,20210101_38032_D01_S013,38032_D01_S013,"Rosario, El",244,17,35,168,464,447,54.58612975391499,7.829977628635347
2021,20210101_38033_D01_S001,38033_D01_S001,San Andrés y Sauces,117,27,71,272,487,460,25.434782608695652,15.434782608695652
2021,20210101_38033_D01_S002,38033_D01_S002,San Andrés y Sauces,64,16,39,164,283,267,23.970037453183522,14.606741573033707
2021,20210101_38033_D01_S003,38033_D01_S003,San Andrés y Sauces,128,40,78,296,542,502,25.49800796812749,15.53784860557769
2021,20210101_38033_D02_S001,38033_D02_S001,San Andrés y Sauces,101,44,78,258,481,437,23.112128146453088,17.848970251716246
2021,20210101_38034_D01_S001,38034_D01_S001,San Juan de la Rambla,180,10,67,212,469,459,39.21568627450981,14.596949891067538
2021,20210101_38034_D01_S002,38034_D01_S002,San Juan de la Rambla,123,20,129,397,669,649,18.952234206471495,19.87673343605547
2021,20210101_38034_D01_S003,38034_D01_S003,San Juan de la Rambla,39,7,50,142,238,231,16.883116883116884,21.645021645021647
2021,20210101_38034_D01_S004,38034_D01_S004,San Juan de la Rambla,48,22,87,247,404,382,12.565445026178011,22.774869109947645
2021,20210101_38035_D01_S001,38035_D01_S001,San Miguel de Abona,236,22,123,512,893,871,27.09529276693456,14.121699196326063
2021,20210101_38035_D01_S002,38035_D01_S002,San Miguel de Abona,141,31,122,428,722,691,20.40520984081042,17.655571635311144
2021,20210101_38035_D01_S003,38035_D01_S003,San Miguel de Abona,159,33,133,556,881,848,18.75,15.683962264150944
2021,20210101_38035_D01_S004,38035_D01_S004,San Miguel de Abona,423,65,250,1230,1968,1903,22.228060956384656,13.137151865475564
2021,20210101_38035_D01_S005,38035_D01_S005,San Miguel de Abona,72,9,72,212,365,356,20.224719101123597,20.224719101123597
2021,20210101_38035_D01_S006,38035_D01_S006,San Miguel de Abona,70,22,143,373,608,586,11.945392491467576,24.40273037542662
2021,20210101_38035_D01_S007,38035_D01_S007,San Miguel de Abona,221,41,99,526,887,846,26.12293144208038,11.702127659574469
2021,20210101_38035_D01_S008,38035_D01_S008,San Miguel de Abona,264,28,105,614,1011,983,26.856561546286876,10.681586978636826
2021,20210101_38035_D01_S009,38035_D01_S009,San Miguel de Abona,110,18,203,504,835,817,13.46389228886169,24.84700122399021
2021,20210101_38036_D01_S001,38036_D01_S001,San Sebastián de la Gomera,423,44,126,556,1149,1105,38.28054298642534,11.402714932126697
2021,20210101_38036_D01_S002,38036_D01_S002,San Sebastián de la Gomera,166,29,112,420,727,698,23.78223495702006,16.045845272206304
2021,20210101_38036_D01_S003,38036_D01_S003,San Sebastián de la Gomera,77,12,50,151,290,278,27.697841726618705,17.985611510791365
2021,20210101_38036_D01_S005,38036_D01_S005,San Sebastián de la Gomera,233,37,125,389,784,747,31.191432396251674,16.733601070950467
2021,20210101_38036_D01_S006,38036_D01_S006,San Sebastián de la Gomera,184,20,62,262,528,508,36.22047244094488,12.204724409448819
2021,20210101_38036_D01_S007,38036_D01_S007,San Sebastián de la Gomera,62,8,75,190,335,327,18.960244648318042,22.93577981651376
2021,20210101_38037_D01_S001,38037_D01_S001,Santa Cruz de la Palma,174,13,53,249,489,476,36.554621848739494,11.134453781512605
2021,20210101_38037_D01_S002,38037_D01_S002,Santa Cruz de la Palma,101,7,85,221,414,407,24.815724815724817,20.884520884520885
2021,20210101_38037_D01_S003,38037_D01_S003,Santa Cruz de la Palma,312,21,97,377,807,786,39.69465648854962,12.340966921119593
2021,20210101_38037_D02_S001,38037_D02_S001,Santa Cruz de la Palma,131,5,37,141,314,309,42.394822006472495,11.974110032362459
2021,20210101_38037_D02_S002,38037_D02_S002,Santa Cruz de la Palma,201,18,72,256,547,529,37.996219281663514,13.610586011342155
2021,20210101_38037_D02_S003,38037_D02_S003,Santa Cruz de la Palma,342,28,125,484,979,951,35.96214511041009,13.144058885383807
2021,20210101_38037_D02_S005,38037_D02_S005,Santa Cruz de la Palma,8,0,7,23,38,38,21.05263157894737,18.42105263157895
2021,20210101_38037_D03_S001,38037_D03_S001,Santa Cruz de la Palma,175,10,51,176,412,402,43.53233830845771,12.686567164179104
2021,20210101_38037_D03_S002,38037_D03_S002,Santa Cruz de la Palma,121,6,45,182,354,348,34.770114942528735,12.931034482758621
2021,20210101_38037_D03_S003,38037_D03_S003,Santa Cruz de la Palma,65,12,105,257,439,427,15.22248243559719,24.59016393442623
2021,20210101_38037_D03_S004,38037_D03_S004,Santa Cruz de la Palma,117,14,86,251,468,454,25.770925110132158,18.94273127753304
2021,20210101_38037_D03_S005,38037_D03_S005,Santa Cruz de la Palma,96,23,123,342,584,561,17.112299465240643,21.925133689839573
2021,20210101_38038_D01_S001,38038_D01_S001,Santa Cruz de Tenerife,387,26,27,201,641,615,62.926829268292686,4.390243902439025
2021,20210101_38038_D01_S002,38038_D01_S002,Santa Cruz de Tenerife,175,12,26,140,353,341,51.31964809384164,7.624633431085044
2021,20210101_38038_D01_S003,38038_D01_S003,Santa Cruz de Tenerife,293,23,30,249,595,572,51.22377622377623,5.244755244755245
2021,20210101_38038_D01_S004,38038_D01_S004,Santa Cruz de Tenerife,266,13,17,182,478,465,57.204301075268816,3.6559139784946235
2021,20210101_38038_D01_S006,38038_D01_S006,Santa Cruz de Tenerife,396,30,49,283,758,728,54.395604395604394,6.730769230769231
2021,20210101_38038_D01_S007,38038_D01_S007,Santa Cruz de Tenerife,167,12,16,106,301,289,57.78546712802768,5.536332179930795
2021,20210101_38038_D01_S008,38038_D01_S008,Santa Cruz de Tenerife,568,40,20,231,859,819,69.35286935286935,2.442002442002442
2021,20210101_38038_D01_S009,38038_D01_S009,Santa Cruz de Tenerife,294,11,6,142,453,442,66.5158371040724,1.3574660633484164
2021,20210101_38038_D01_S010,38038_D01_S010,Santa Cruz de Tenerife,398,28,23,190,639,611,65.13911620294598,3.7643207855973815
2021,20210101_38038_D01_S011,38038_D01_S011,Santa Cruz de Tenerife,252,13,9,110,384,371,67.9245283018868,2.4258760107816713
2021,20210101_38038_D01_S012,38038_D01_S012,Santa Cruz de Tenerife,590,26,17,174,807,781,75.54417413572344,2.176696542893726
2021,20210101_38038_D02_S001,38038_D02_S001,Santa Cruz de Tenerife,261,16,23,169,469,453,57.615894039735096,5.077262693156733
2021,20210101_38038_D02_S002,38038_D02_S002,Santa Cruz de Tenerife,205,13,9,135,362,349,58.739255014326645,2.5787965616045847
2021,20210101_38038_D02_S003,38038_D02_S003,Santa Cruz de Tenerife,284,16,15,205,520,504,56.34920634920635,2.9761904761904763
2021,20210101_38038_D02_S004,38038_D02_S004,Santa Cruz de Tenerife,195,6,25,103,329,323,60.371517027863774,7.739938080495356
2021,20210101_38038_D02_S005,38038_D02_S005,Santa Cruz de Tenerife,365,18,37,218,638,620,58.87096774193548,5.967741935483871
2021,20210101_38038_D02_S006,38038_D02_S006,Santa Cruz de Tenerife,358,17,25,234,634,617,58.0226904376013,4.051863857374392
2021,20210101_38038_D02_S007,38038_D02_S007,Santa Cruz de Tenerife,194,13,12,100,319,306,63.39869281045752,3.9215686274509802
2021,20210101_38038_D02_S008,38038_D02_S008,Santa Cruz de Tenerife,255,19,23,176,473,454,56.16740088105727,5.066079295154185
2021,20210101_38038_D02_S009,38038_D02_S009,Santa Cruz de Tenerife,374,19,39,259,691,672,55.654761904761905,5.803571428571429
2021,20210101_38038_D03_S001,38038_D03_S001,Santa Cruz de Tenerife,861,37,21,448,1367,1330,64.73684210526316,1.5789473684210527
2021,20210101_38038_D03_S002,38038_D03_S002,Santa Cruz de Tenerife,161,12,25,171,369,357,45.09803921568628,7.002801120448179
2021,20210101_38038_D03_S003,38038_D03_S003,Santa Cruz de Tenerife,309,18,44,221,592,574,53.832752613240416,7.665505226480836
2021,20210101_38038_D03_S004,38038_D03_S004,Santa Cruz de Tenerife,105,8,26,120,259,251,41.832669322709165,10.358565737051793
2021,20210101_38038_D03_S005,38038_D03_S005,Santa Cruz de Tenerife,219,11,53,252,535,524,41.79389312977099,10.114503816793894
2021,20210101_38038_D03_S006,38038_D03_S006,Santa Cruz de Tenerife,167,8,13,83,271,263,63.49809885931559,4.942965779467681
2021,20210101_38038_D03_S007,38038_D03_S007,Santa Cruz de Tenerife,120,15,36,174,345,330,36.36363636363637,10.909090909090908
2021,20210101_38038_D03_S008,38038_D03_S008,Santa Cruz de Tenerife,193,15,17,200,425,410,47.073170731707314,4.146341463414634
2021,20210101_38038_D03_S009,38038_D03_S009,Santa Cruz de Tenerife,287,13,36,200,536,523,54.875717017208416,6.8833652007648185
2021,20210101_38038_D03_S010,38038_D03_S010,Santa Cruz de Tenerife,127,12,28,156,323,311,40.836012861736336,9.003215434083602
2021,20210101_38038_D03_S011,38038_D03_S011,Santa Cruz de Tenerife,313,9,21,141,484,475,65.89473684210526,4.421052631578948
2021,20210101_38038_D03_S013,38038_D03_S013,Santa Cruz de Tenerife,238,14,33,214,499,485,49.07216494845361,6.804123711340206
2021,20210101_38038_D03_S014,38038_D03_S014,Santa Cruz de Tenerife,256,17,33,256,562,545,46.972477064220186,6.055045871559633
2021,20210101_38038_D03_S015,38038_D03_S015,Santa Cruz de Tenerife,259,9,53,227,548,539,48.05194805194805,9.833024118738404
2021,20210101_38038_D03_S016,38038_D03_S016,Santa Cruz de Tenerife,127,8,48,150,333,325,39.07692307692308,14.76923076923077
2021,20210101_38038_D03_S017,38038_D03_S017,Santa Cruz de Tenerife,152,9,26,126,313,304,50.0,8.552631578947368
2021,20210101_38038_D03_S018,38038_D03_S018,Santa Cruz de Tenerife,108,8,39,139,294,286,37.76223776223776,13.636363636363637
2021,20210101_38038_D03_S019,38038_D03_S019,Santa Cruz de Tenerife,219,13,24,195,451,438,50.0,5.47945205479452
2021,20210101_38038_D03_S020,38038_D03_S020,Santa Cruz de Tenerife,380,17,35,231,663,646,58.8235294117647,5.41795665634675
2021,20210101_38038_D04_S001,38038_D04_S001,Santa Cruz de Tenerife,43,12,36,105,196,184,23.369565217391305,19.565217391304348
2021,20210101_38038_D04_S002,38038_D04_S002,Santa Cruz de Tenerife,62,6,49,171,288,282,21.98581560283688,17.375886524822697
2021,20210101_38038_D04_S003,38038_D04_S003,Santa Cruz de Tenerife,93,14,88,231,426,412,22.57281553398058,21.359223300970875
2021,20210101_38038_D04_S004,38038_D04_S004,Santa Cruz de Tenerife,66,8,61,196,331,323,20.43343653250774,18.88544891640867
2021,20210101_38038_D04_S005,38038_D04_S005,Santa Cruz de Tenerife,82,9,80,205,376,367,22.3433242506812,21.798365122615802
2021,20210101_38038_D04_S006,38038_D04_S006,Santa Cruz de Tenerife,82,12,71,208,373,361,22.714681440443215,19.667590027700832
2021,20210101_38038_D04_S007,38038_D04_S007,Santa Cruz de Tenerife,67,14,44,181,306,292,22.945205479452056,15.068493150684931
2021,20210101_38038_D04_S009,38038_D04_S009,Santa Cruz de Tenerife,79,12,75,241,407,395,20.0,18.9873417721519
2021,20210101_38038_D04_S011,38038_D04_S011,Santa Cruz de Tenerife,62,10,75,225,372,362,17.12707182320442,20.718232044198896
2021,20210101_38038_D04_S012,38038_D04_S012,Santa Cruz de Tenerife,60,7,43,175,285,278,21.58273381294964,15.467625899280575
2021,20210101_38038_D04_S014,38038_D04_S014,Santa Cruz de Tenerife,52,17,43,128,240,223,23.318385650224215,19.282511210762333
2021,20210101_38038_D04_S015,38038_D04_S015,Santa Cruz de Tenerife,23,7,40,146,216,209,11.004784688995215,19.138755980861244
2021,20210101_38038_D05_S001,38038_D05_S001,Santa Cruz de Tenerife,382,17,13,144,556,539,70.87198515769944,2.411873840445269
2021,20210101_38038_D05_S002,38038_D05_S002,Santa Cruz de Tenerife,381,22,47,204,654,632,60.28481012658228,7.436708860759493
2021,20210101_38038_D05_S003,38038_D05_S003,Santa Cruz de Tenerife,268,23,34,193,518,495,54.14141414141414,6.8686868686868685
2021,20210101_38038_D05_S004,38038_D05_S004,Santa Cruz de Tenerife,199,7,36,148,390,383,51.95822454308094,9.399477806788513
2021,20210101_38038_D05_S005,38038_D05_S005,Santa Cruz de Tenerife,293,17,49,230,589,572,51.22377622377623,8.566433566433567
2021,20210101_38038_D05_S006,38038_D05_S006,Santa Cruz de Tenerife,235,16,56,222,529,513,45.80896686159844,10.916179337231968
2021,20210101_38038_D05_S007,38038_D05_S007,Santa Cruz de Tenerife,254,25,52,187,518,493,51.521298174442194,10.547667342799189
2021,20210101_38038_D05_S008,38038_D05_S008,Santa Cruz de Tenerife,296,14,48,199,557,543,54.51197053406998,8.839779005524862
2021,20210101_38038_D05_S009,38038_D05_S009,Santa Cruz de Tenerife,269,16,23,127,435,419,64.20047732696898,5.4892601431980905
2021,20210101_38038_D05_S010,38038_D05_S010,Santa Cruz de Tenerife,453,24,18,168,663,639,70.89201877934272,2.816901408450704
2021,20210101_38038_D05_S011,38038_D05_S011,Santa Cruz de Tenerife,167,9,22,118,316,307,54.39739413680782,7.166123778501628
2021,20210101_38038_D05_S012,38038_D05_S012,Santa Cruz de Tenerife,428,30,33,219,710,680,62.94117647058823,4.852941176470588
2021,20210101_38038_D05_S013,38038_D05_S013,Santa Cruz de Tenerife,200,10,38,183,431,421,47.50593824228029,9.026128266033254
2021,20210101_38038_D05_S014,38038_D05_S014,Santa Cruz de Tenerife,224,28,64,209,525,497,45.070422535211264,12.877263581488934
2021,20210101_38038_D05_S015,38038_D05_S015,Santa Cruz de Tenerife,167,10,27,124,328,318,52.515723270440255,8.49056603773585
2021,20210101_38038_D06_S001,38038_D06_S001,Santa Cruz de Tenerife,279,16,46,221,562,546,51.0989010989011,8.424908424908425
2021,20210101_38038_D06_S002,38038_D06_S002,Santa Cruz de Tenerife,190,3,5,91,289,286,66.43356643356644,1.7482517482517483
2021,20210101_38038_D06_S003,38038_D06_S003,Santa Cruz de Tenerife,89,13,65,220,387,374,23.796791443850267,17.379679144385026
2021,20210101_38038_D06_S004,38038_D06_S004,Santa Cruz de Tenerife,61,11,57,127,256,245,24.897959183673468,23.26530612244898
2021,20210101_38038_D06_S005,38038_D06_S005,Santa Cruz de Tenerife,137,6,43,173,359,353,38.81019830028329,12.181303116147308
2021,20210101_38038_D06_S006,38038_D06_S006,Santa Cruz de Tenerife,149,8,8,99,264,256,58.203125,3.125
2021,20210101_38038_D06_S007,38038_D06_S007,Santa Cruz de Tenerife,360,47,70,428,905,858,41.95804195804196,8.158508158508159
2021,20210101_38038_D06_S008,38038_D06_S008,Santa Cruz de Tenerife,224,12,18,143,397,385,58.18181818181818,4.675324675324675
2021,20210101_38038_D06_S010,38038_D06_S010,Santa Cruz de Tenerife,150,15,29,209,403,388,38.65979381443299,7.474226804123711
2021,20210101_38038_D06_S011,38038_D06_S011,Santa Cruz de Tenerife,118,8,57,183,366,358,32.960893854748605,15.921787709497206
2021,20210101_38038_D06_S012,38038_D06_S012,Santa Cruz de Tenerife,279,21,45,255,600,579,48.18652849740933,7.772020725388601
2021,20210101_38038_D06_S013,38038_D06_S013,Santa Cruz de Tenerife,199,7,32,130,368,361,55.124653739612185,8.86426592797784
2021,20210101_38038_D06_S014,38038_D06_S014,Santa Cruz de Tenerife,161,15,34,183,393,378,42.592592592592595,8.994708994708995
2021,20210101_38038_D06_S016,38038_D06_S016,Santa Cruz de Tenerife,34,7,74,153,268,261,13.026819923371647,28.35249042145594
2021,20210101_38038_D06_S017,38038_D06_S017,Santa Cruz de Tenerife,100,12,67,240,419,407,24.57002457002457,16.461916461916463
2021,20210101_38038_D06_S018,38038_D06_S018,Santa Cruz de Tenerife,137,20,34,198,389,369,37.12737127371274,9.214092140921409
2021,20210101_38038_D06_S019,38038_D06_S019,Santa Cruz de Tenerife,133,7,34,200,374,367,36.23978201634878,9.264305177111716
2021,20210101_38038_D06_S020,38038_D06_S020,Santa Cruz de Tenerife,125,10,50,204,389,379,32.98153034300792,13.192612137203167
2021,20210101_38038_D06_S021,38038_D06_S021,Santa Cruz de Tenerife,171,25,61,273,530,505,33.86138613861386,12.07920792079208
2021,20210101_38038_D06_S022,38038_D06_S022,Santa Cruz de Tenerife,419,48,42,381,890,842,49.7624703087886,4.98812351543943
2021,20210101_38038_D06_S023,38038_D06_S023,Santa Cruz de Tenerife,77,5,77,167,326,321,23.98753894080997,23.98753894080997
2021,20210101_38038_D06_S025,38038_D06_S025,Santa Cruz de Tenerife,519,40,21,275,855,815,63.68098159509202,2.576687116564417
2021,20210101_38038_D06_S026,38038_D06_S026,Santa Cruz de Tenerife,53,5,41,157,256,251,21.115537848605577,16.334661354581673
2021,20210101_38038_D06_S028,38038_D06_S028,Santa Cruz de Tenerife,263,22,42,292,619,597,44.0536013400335,7.035175879396985
2021,20210101_38038_D06_S029,38038_D06_S029,Santa Cruz de Tenerife,69,5,11,36,121,116,59.48275862068966,9.482758620689655
2021,20210101_38038_D07_S001,38038_D07_S001,Santa Cruz de Tenerife,234,27,60,347,668,641,36.505460218408736,9.360374414976599
2021,20210101_38038_D07_S002,38038_D07_S002,Santa Cruz de Tenerife,111,20,101,327,559,539,20.59369202226345,18.738404452690165
2021,20210101_38038_D07_S003,38038_D07_S003,Santa Cruz de Tenerife,135,18,106,368,627,609,22.167487684729064,17.4055829228243
2021,20210101_38038_D07_S004,38038_D07_S004,Santa Cruz de Tenerife,23,3,56,136,218,215,10.69767441860465,26.046511627906977
2021,20210101_38038_D07_S005,38038_D07_S005,Santa Cruz de Tenerife,70,8,45,189,312,304,23.026315789473685,14.802631578947368
2021,20210101_38038_D07_S006,38038_D07_S006,Santa Cruz de Tenerife,92,16,75,210,393,377,24.40318302387268,19.893899204244033
2021,20210101_38038_D07_S007,38038_D07_S007,Santa Cruz de Tenerife,78,16,85,262,441,425,18.352941176470587,20.0
2021,20210101_38038_D07_S009,38038_D07_S009,Santa Cruz de Tenerife,144,14,64,290,512,498,28.91566265060241,12.85140562248996
2021,20210101_38038_D08_S001,38038_D08_S001,Santa Cruz de Tenerife,63,5,96,211,375,370,17.027027027027028,25.945945945945947
2021,20210101_38038_D09_S001,38038_D09_S001,Santa Cruz de Tenerife,62,11,79,175,327,316,19.620253164556964,25.0
2021,20210101_38038_D09_S002,38038_D09_S002,Santa Cruz de Tenerife,47,10,50,126,233,223,21.076233183856502,22.42152466367713
2021,20210101_38038_D09_S003,38038_D09_S003,Santa Cruz de Tenerife,68,5,70,217,360,355,19.154929577464788,19.718309859154928
2021,20210101_38038_D09_S006,38038_D09_S006,Santa Cruz de Tenerife,95,8,82,231,416,408,23.284313725490197,20.098039215686274
2021,20210101_38038_D09_S007,38038_D09_S007,Santa Cruz de Tenerife,69,6,28,179,282,276,25.0,10.144927536231885
2021,20210101_38038_D09_S009,38038_D09_S009,Santa Cruz de Tenerife,59,5,92,309,465,460,12.826086956521738,20.0
2021,20210101_38038_D09_S010,38038_D09_S010,Santa Cruz de Tenerife,42,14,114,215,385,371,11.320754716981131,30.7277628032345
2021,20210101_38038_D09_S011,38038_D09_S011,Santa Cruz de Tenerife,50,11,95,192,348,337,14.836795252225519,28.189910979228486
2021,20210101_38038_D09_S012,38038_D09_S012,Santa Cruz de Tenerife,117,14,89,340,560,546,21.428571428571427,16.3003663003663
2021,20210101_38038_D09_S014,38038_D09_S014,Santa Cruz de Tenerife,40,8,58,153,259,251,15.936254980079681,23.10756972111554
2021,20210101_38038_D09_S015,38038_D09_S015,Santa Cruz de Tenerife,73,4,50,184,311,307,23.778501628664497,16.286644951140065
2021,20210101_38038_D09_S016,38038_D09_S016,Santa Cruz de Tenerife,43,7,67,210,327,320,13.4375,20.9375
2021,20210101_38038_D09_S018,38038_D09_S018,Santa Cruz de Tenerife,36,6,42,124,208,202,17.821782178217823,20.792079207920793
2021,20210101_38038_D09_S019,38038_D09_S019,Santa Cruz de Tenerife,124,20,87,298,529,509,24.361493123772103,17.092337917485267
2021,20210101_38038_D09_S021,38038_D09_S021,Santa Cruz de Tenerife,52,8,48,155,263,255,20.392156862745097,18.823529411764707
2021,20210101_38038_D09_S022,38038_D09_S022,Santa Cruz de Tenerife,67,11,95,227,400,389,17.223650385604113,24.42159383033419
2021,20210101_38038_D10_S001,38038_D10_S001,Santa Cruz de Tenerife,44,6,34,171,255,249,17.670682730923694,13.654618473895582
2021,20210101_38038_D10_S002,38038_D10_S002,Santa Cruz de Tenerife,79,3,58,178,318,315,25.07936507936508,18.41269841269841
2021,20210101_38038_D10_S003,38038_D10_S003,Santa Cruz de Tenerife,80,4,56,215,355,351,22.79202279202279,15.954415954415955
2021,20210101_38038_D10_S004,38038_D10_S004,Santa Cruz de Tenerife,36,4,35,134,209,205,17.5609756097561,17.073170731707318
2021,20210101_38038_D10_S005,38038_D10_S005,Santa Cruz de Tenerife,56,11,50,135,252,241,23.236514522821576,20.74688796680498
2021,20210101_38038_D10_S006,38038_D10_S006,Santa Cruz de Tenerife,207,14,50,272,543,529,39.130434782608695,9.45179584120983
2021,20210101_38038_D10_S007,38038_D10_S007,Santa Cruz de Tenerife,115,9,34,137,295,286,40.20979020979021,11.888111888111888
2021,20210101_38038_D10_S008,38038_D10_S008,Santa Cruz de Tenerife,92,9,46,186,333,324,28.395061728395063,14.197530864197532
2021,20210101_38038_D10_S009,38038_D10_S009,Santa Cruz de Tenerife,87,6,37,190,320,314,27.70700636942675,11.78343949044586
2021,20210101_38038_D10_S010,38038_D10_S010,Santa Cruz de Tenerife,35,7,52,123,217,210,16.666666666666668,24.761904761904763
2021,20210101_38038_D10_S011,38038_D10_S011,Santa Cruz de Tenerife,84,5,60,346,495,490,17.142857142857142,12.244897959183673
2021,20210101_38038_D10_S012,38038_D10_S012,Santa Cruz de Tenerife,63,8,65,184,320,312,20.192307692307693,20.833333333333332
2021,20210101_38038_D10_S013,38038_D10_S013,Santa Cruz de Tenerife,63,9,13,106,191,182,34.61538461538461,7.142857142857143
2021,20210101_38038_D10_S014,38038_D10_S014,Santa Cruz de Tenerife,81,4,46,209,340,336,24.107142857142858,13.69047619047619
2021,20210101_38038_D10_S015,38038_D10_S015,Santa Cruz de Tenerife,172,15,62,196,445,430,40.0,14.418604651162791
2021,20210101_38038_D10_S016,38038_D10_S016,Santa Cruz de Tenerife,133,13,48,241,435,422,31.51658767772512,11.374407582938389
2021,20210101_38038_D11_S001,38038_D11_S001,Santa Cruz de Tenerife,107,21,101,358,587,566,18.90459363957597,17.84452296819788
2021,20210101_38038_D11_S002,38038_D11_S002,Santa Cruz de Tenerife,190,31,92,454,767,736,25.815217391304348,12.5
2021,20210101_38038_D11_S003,38038_D11_S003,Santa Cruz de Tenerife,346,40,94,669,1149,1109,31.199278629395852,8.476104598737601
2021,20210101_38038_D11_S004,38038_D11_S004,Santa Cruz de Tenerife,151,31,129,458,769,738,20.460704607046072,17.479674796747968
2021,20210101_38038_D11_S005,38038_D11_S005,Santa Cruz de Tenerife,100,16,60,287,463,447,22.371364653243848,13.422818791946309
2021,20210101_38038_D11_S006,38038_D11_S006,Santa Cruz de Tenerife,107,22,132,433,694,672,15.922619047619047,19.642857142857142
2021,20210101_38038_D11_S007,38038_D11_S007,Santa Cruz de Tenerife,98,14,72,285,469,455,21.53846153846154,15.824175824175825
2021,20210101_38038_D11_S008,38038_D11_S008,Santa Cruz de Tenerife,154,18,50,346,568,550,28.0,9.090909090909092
2021,20210101_38038_D11_S009,38038_D11_S009,Santa Cruz de Tenerife,74,7,89,211,381,374,19.78609625668449,23.796791443850267
2021,20210101_38038_D11_S010,38038_D11_S010,Santa Cruz de Tenerife,145,10,99,328,582,572,25.34965034965035,17.307692307692307
2021,20210101_38038_D11_S011,38038_D11_S011,Santa Cruz de Tenerife,22,6,105,186,319,313,7.0287539936102235,33.546325878594246
2021,20210101_38038_D11_S012,38038_D11_S012,Santa Cruz de Tenerife,61,13,120,306,500,487,12.525667351129364,24.640657084188913
2021,20210101_38038_D11_S013,38038_D11_S013,Santa Cruz de Tenerife,176,31,78,400,685,654,26.91131498470948,11.926605504587156
2021,20210101_38038_D11_S014,38038_D11_S014,Santa Cruz de Tenerife,270,19,18,200,507,488,55.32786885245902,3.6885245901639343
2021,20210101_38038_D11_S015,38038_D11_S015,Santa Cruz de Tenerife,120,23,84,376,603,580,20.689655172413794,14.482758620689655
2021,20210101_38038_D11_S016,38038_D11_S016,Santa Cruz de Tenerife,64,9,71,187,331,322,19.875776397515526,22.049689440993788
2021,20210101_38038_D11_S017,38038_D11_S017,Santa Cruz de Tenerife,48,27,101,224,400,373,12.868632707774799,27.07774798927614
2021,20210101_38038_D11_S018,38038_D11_S018,Santa Cruz de Tenerife,223,28,93,412,756,728,30.63186813186813,12.774725274725276
2021,20210101_38038_D11_S019,38038_D11_S019,Santa Cruz de Tenerife,97,14,77,243,431,417,23.26139088729017,18.465227817745802
2021,20210101_38038_D11_S020,38038_D11_S020,Santa Cruz de Tenerife,170,12,98,402,682,670,25.37313432835821,14.626865671641792
2021,20210101_38038_D11_S021,38038_D11_S021,Santa Cruz de Tenerife,557,30,26,403,1016,986,56.49087221095335,2.636916835699797
2021,20210101_38038_D12_S001,38038_D12_S001,Santa Cruz de Tenerife,172,28,93,380,673,645,26.666666666666668,14.418604651162791
2021,20210101_38038_D12_S002,38038_D12_S002,Santa Cruz de Tenerife,179,29,127,465,800,771,23.216601815823605,16.472114137483786
2021,20210101_38038_D12_S003,38038_D12_S003,Santa Cruz de Tenerife,55,9,68,200,332,323,17.027863777089784,21.05263157894737
2021,20210101_38038_D12_S004,38038_D12_S004,Santa Cruz de Tenerife,122,10,73,295,500,490,24.897959183673468,14.89795918367347
2021,20210101_38038_D12_S005,38038_D12_S005,Santa Cruz de Tenerife,253,27,104,548,932,905,27.955801104972377,11.491712707182321
2021,20210101_38038_D12_S006,38038_D12_S006,Santa Cruz de Tenerife,158,33,89,392,672,639,24.726134585289515,13.928012519561815
2021,20210101_38038_D12_S007,38038_D12_S007,Santa Cruz de Tenerife,98,12,38,225,373,361,27.14681440443213,10.526315789473685
2021,20210101_38038_D12_S008,38038_D12_S008,Santa Cruz de Tenerife,251,31,111,573,966,935,26.844919786096256,11.871657754010695
2021,20210101_38038_D12_S009,38038_D12_S009,Santa Cruz de Tenerife,301,33,103,581,1018,985,30.558375634517766,10.456852791878173
2021,20210101_38038_D12_S010,38038_D12_S010,Santa Cruz de Tenerife,214,21,67,423,725,704,30.397727272727273,9.517045454545455
2021,20210101_38038_D12_S011,38038_D12_S011,Santa Cruz de Tenerife,218,23,115,424,780,757,28.79788639365918,15.191545574636724
2021,20210101_38039_D01_S001,38039_D01_S001,Santa Úrsula,153,17,108,420,698,681,22.46696035242291,15.859030837004406
2021,20210101_38039_D01_S002,38039_D01_S002,Santa Úrsula,90,11,82,371,554,543,16.574585635359117,15.101289134438305
2021,20210101_38039_D01_S003,38039_D01_S003,Santa Úrsula,78,8,110,295,491,483,16.149068322981368,22.77432712215321
2021,20210101_38039_D01_S004,38039_D01_S004,Santa Úrsula,261,28,60,361,710,682,38.26979472140763,8.79765395894428
2021,20210101_38039_D01_S005,38039_D01_S005,Santa Úrsula,126,14,60,305,505,491,25.661914460285132,12.219959266802444
2021,20210101_38039_D01_S006,38039_D01_S006,Santa Úrsula,170,20,91,390,671,651,26.113671274961597,13.978494623655914
2021,20210101_38039_D01_S007,38039_D01_S007,Santa Úrsula,203,23,91,422,739,716,28.35195530726257,12.70949720670391
2021,20210101_38039_D01_S008,38039_D01_S008,Santa Úrsula,92,15,62,260,429,414,22.22222222222222,14.97584541062802
2021,20210101_38039_D01_S009,38039_D01_S009,Santa Úrsula,474,28,43,404,949,921,51.465798045602604,4.668838219326819
2021,20210101_38040_D01_S001,38040_D01_S001,Santiago del Teide,85,17,102,333,537,520,16.346153846153847,19.615384615384617
2021,20210101_38040_D01_S002,38040_D01_S002,Santiago del Teide,217,37,120,570,944,907,23.925027563395812,13.230429988974642
2021,20210101_38040_D01_S003,38040_D01_S003,Santiago del Teide,154,26,236,599,1015,989,15.57128412537917,23.86248736097068
2021,20210101_38040_D01_S004,38040_D01_S004,Santiago del Teide,198,47,165,730,1140,1093,18.115279048490393,15.096065873741994
2021,20210101_38041_D01_S001,38041_D01_S001,"Sauzal, El",353,31,58,374,816,785,44.968152866242036,7.388535031847134
2021,20210101_38041_D01_S002,38041_D01_S002,"Sauzal, El",50,14,66,229,359,345,14.492753623188406,19.130434782608695
2021,20210101_38041_D01_S003,38041_D01_S003,"Sauzal, El",97,11,106,263,477,466,20.815450643776824,22.746781115879827
2021,20210101_38041_D01_S004,38041_D01_S004,"Sauzal, El",349,16,59,247,671,655,53.282442748091604,9.007633587786259
2021,20210101_38041_D01_S005,38041_D01_S005,"Sauzal, El",245,13,54,339,651,638,38.4012539184953,8.463949843260188
2021,20210101_38041_D01_S006,38041_D01_S006,"Sauzal, El",95,11,119,318,543,532,17.857142857142858,22.36842105263158
2021,20210101_38042_D01_S001,38042_D01_S001,"Silos, Los",148,16,89,227,480,464,31.896551724137932,19.18103448275862
2021,20210101_38042_D01_S002,38042_D01_S002,"Silos, Los",80,5,101,179,365,360,22.22222222222222,28.055555555555557
2021,20210101_38042_D01_S003,38042_D01_S003,"Silos, Los",55,8,119,173,355,347,15.85014409221902,34.293948126801155
2021,20210101_38042_D01_S004,38042_D01_S004,"Silos, Los",64,6,120,158,348,342,18.71345029239766,35.08771929824562
2021,20210101_38043_D01_S001,38043_D01_S001,Tacoronte,294,18,81,385,778,760,38.68421052631579,10.657894736842104
2021,20210101_38043_D01_S002,38043_D01_S002,Tacoronte,233,21,73,342,669,648,35.95679012345679,11.265432098765432
2021,20210101_38043_D01_S003,38043_D01_S003,Tacoronte,243,18,75,333,669,651,37.327188940092164,11.52073732718894
2021,20210101_38043_D01_S004,38043_D01_S004,Tacoronte,77,15,88,246,426,411,18.734793187347933,21.41119221411192
2021,20210101_38043_D01_S005,38043_D01_S005,Tacoronte,232,18,73,286,609,591,39.25549915397631,12.351945854483926
2021,20210101_38043_D01_S006,38043_D01_S006,Tacoronte,110,8,29,145,292,284,38.732394366197184,10.211267605633802
2021,20210101_38043_D01_S007,38043_D01_S007,Tacoronte,148,15,88,356,607,592,25.0,14.864864864864865
2021,20210101_38043_D01_S008,38043_D01_S008,Tacoronte,259,19,64,303,645,626,41.373801916932905,10.223642172523961
2021,20210101_38043_D01_S009,38043_D01_S009,Tacoronte,281,22,128,478,909,887,31.679819616685457,14.430665163472378
2021,20210101_38043_D01_S010,38043_D01_S010,Tacoronte,253,17,51,321,642,625,40.48,8.16
2021,20210101_38043_D01_S011,38043_D01_S011,Tacoronte,356,27,74,467,924,897,39.68784838350056,8.249721293199554
2021,20210101_38043_D01_S012,38043_D01_S012,Tacoronte,131,10,126,376,643,633,20.69510268562401,19.90521327014218
2021,20210101_38043_D01_S013,38043_D01_S013,Tacoronte,156,11,57,272,496,485,32.16494845360825,11.75257731958763
2021,20210101_38043_D01_S014,38043_D01_S014,Tacoronte,262,20,51,222,555,535,48.97196261682243,9.532710280373832
2021,20210101_38043_D01_S015,38043_D01_S015,Tacoronte,198,11,53,285,547,536,36.940298507462686,9.888059701492537
2021,20210101_38044_D01_S001,38044_D01_S001,"Tanque, El",76,11,155,275,517,506,15.019762845849803,30.632411067193676
2021,20210101_38044_D01_S002,38044_D01_S002,"Tanque, El",45,13,131,207,396,383,11.74934725848564,34.20365535248042
2021,20210101_38045_D01_S001,38045_D01_S001,Tazacorte,37,10,41,103,191,181,20.441988950276244,22.65193370165746
2021,20210101_38045_D01_S002,38045_D01_S002,Tazacorte,146,24,137,380,687,663,22.021116138763198,20.663650075414782
2021,20210101_38045_D01_S003,38045_D01_S003,Tazacorte,86,18,42,190,336,318,27.044025157232703,13.20754716981132
2021,20210101_38045_D01_S004,38045_D01_S004,Tazacorte,44,18,86,188,336,318,13.836477987421384,27.044025157232703
2021,20210101_38046_D01_S001,38046_D01_S001,Tegueste,414,28,68,369,879,851,48.648648648648646,7.990599294947121
2021,20210101_38046_D01_S002,38046_D01_S002,Tegueste,227,30,92,393,742,712,31.882022471910112,12.92134831460674
2021,20210101_38046_D01_S003,38046_D01_S003,Tegueste,234,19,82,384,719,700,33.42857142857143,11.714285714285714
2021,20210101_38046_D01_S004,38046_D01_S004,Tegueste,378,35,112,432,957,922,40.99783080260303,12.147505422993492
2021,20210101_38046_D01_S005,38046_D01_S005,Tegueste,161,17,30,211,419,402,40.049751243781095,7.462686567164179
2021,20210101_38046_D01_S006,38046_D01_S006,Tegueste,271,22,33,223,549,527,51.42314990512334,6.261859582542694
2021,20210101_38046_D01_S007,38046_D01_S007,Tegueste,211,19,54,330,614,595,35.46218487394958,9.07563025210084
2021,20210101_38047_D01_S001,38047_D01_S001,Tijarafe,150,32,104,308,594,562,26.690391459074732,18.505338078291814
2021,20210101_38047_D01_S002,38047_D01_S002,Tijarafe,71,31,51,175,328,297,23.905723905723907,17.171717171717173
2021,20210101_38048_D01_S001,38048_D01_S001,Valverde,261,25,111,386,783,758,34.43271767810026,14.643799472295514
2021,20210101_38048_D01_S002,38048_D01_S002,Valverde,229,22,106,400,757,735,31.156462585034014,14.421768707482993
2021,20210101_38048_D01_S004,38048_D01_S004,Valverde,204,14,39,213,470,456,44.73684210526316,8.552631578947368
2021,20210101_38049_D01_S001,38049_D01_S001,Valle Gran Rey,197,41,150,608,996,955,20.6282722513089,15.706806282722512
2021,20210101_38049_D01_S002,38049_D01_S002,Valle Gran Rey,103,14,90,346,553,539,19.109461966604822,16.697588126159555
2021,20210101_38050_D01_S001,38050_D01_S001,Vallehermoso,162,23,82,378,645,622,26.04501607717042,13.183279742765274
2021,20210101_38050_D03_S001,38050_D03_S001,Vallehermoso,37,9,88,147,281,272,13.602941176470589,32.35294117647059
2021,20210101_38051_D01_S001,38051_D01_S001,"Victoria de Acentejo, La",52,6,37,175,270,264,19.696969696969695,14.015151515151516
2021,20210101_38051_D01_S002,38051_D01_S002,"Victoria de Acentejo, La",130,7,47,276,460,453,28.69757174392936,10.375275938189846
2021,20210101_38051_D01_S003,38051_D01_S003,"Victoria de Acentejo, La",55,4,84,272,415,411,13.38199513381995,20.437956204379564
2021,20210101_38051_D01_S004,38051_D01_S004,"Victoria de Acentejo, La",52,10,57,172,291,281,18.505338078291814,20.284697508896798
2021,20210101_38051_D01_S005,38051_D01_S005,"Victoria de Acentejo, La",125,11,79,353,568,557,22.44165170556553,14.183123877917415
2021,20210101_38051_D01_S006,38051_D01_S006,"Victoria de Acentejo, La",166,16,107,470,759,743,22.34185733512786,14.401076716016151
2021,20210101_38051_D01_S007,38051_D01_S007,"Victoria de Acentejo, La",139,11,51,320,521,510,27.254901960784313,10.0
2021,20210101_38052_D01_S001,38052_D01_S001,Vilaflor de Chasna,143,21,106,393,663,642,22.274143302180686,16.510903426791277
2021,20210101_38053_D01_S001,38053_D01_S001,Villa de Mazo,160,20,44,241,465,445,35.95505617977528,9.887640449438202
2021,20210101_38053_D01_S002,38053_D01_S002,Villa de Mazo,92,9,66,210,377,368,25.0,17.934782608695652
2021,20210101_38053_D01_S003,38053_D01_S003,Villa de Mazo,112,14,67,235,428,414,27.053140096618357,16.183574879227052
2021,20210101_38053_D01_S004,38053_D01_S004,Villa de Mazo,71,14,62,149,296,282,25.177304964539008,21.98581560283688
2021,20210101_38053_D01_S005,38053_D01_S005,Villa de Mazo,54,18,80,198,350,332,16.265060240963855,24.096385542168676
2021,20210101_38901_D01_S001,38901_D01_S001,"Pinar de El Hierro, El",198,32,105,368,703,671,29.508196721311474,15.648286140089418
2022,20220101_38001_D01_S001,38001_D01_S001,Adeje,172,44,154,397,767,723,23.789764868603044,21.300138312586444
2022,20220101_38001_D01_S002,38001_D01_S002,Adeje,181,58,238,684,1161,1103,16.409791477787852,21.57751586582049
2022,20220101_38001_D01_S003,38001_D01_S003,Adeje,222,56,127,748,1153,1097,20.23701002734731,11.577028258887877
2022,20220101_38001_D01_S004,38001_D01_S004,Adeje,126,45,212,518,901,856,14.719626168224298,24.766355140186917
2022,20220101_38001_D01_S005,38001_D01_S005,Adeje,227,52,225,640,1144,1092,20.78754578754579,20.604395604395606
2022,20220101_38001_D01_S006,38001_D01_S006,Adeje,223,48,256,697,1224,1176,18.962585034013607,21.768707482993197
2022,20220101_38001_D01_S007,38001_D01_S007,Adeje,323,92,165,996,1576,1484,21.765498652291104,11.118598382749326
2022,20220101_38001_D01_S008,38001_D01_S008,Adeje,322,69,105,592,1088,1019,31.599607458292443,10.304219823356231
2022,20220101_38001_D01_S009,38001_D01_S009,Adeje,396,64,97,732,1289,1225,32.326530612244895,7.918367346938775
2022,20220101_38001_D01_S010,38001_D01_S010,Adeje,155,42,89,350,636,594,26.094276094276093,14.983164983164983
2022,20220101_38001_D01_S011,38001_D01_S011,Adeje,331,95,169,915,1510,1415,23.392226148409893,11.943462897526501
2022,20220101_38001_D01_S012,38001_D01_S012,Adeje,201,62,148,537,948,886,22.686230248306998,16.704288939051917
2022,20220101_38001_D01_S013,38001_D01_S013,Adeje,457,82,143,905,1587,1505,30.365448504983387,9.501661129568106
2022,20220101_38001_D01_S014,38001_D01_S014,Adeje,122,38,114,354,628,590,20.677966101694917,19.322033898305083
2022,20220101_38001_D01_S015,38001_D01_S015,Adeje,175,44,173,570,962,918,19.06318082788671,18.845315904139433
2022,20220101_38001_D01_S016,38001_D01_S016,Adeje,143,31,94,338,606,575,24.869565217391305,16.347826086956523
2022,20220101_38001_D01_S017,38001_D01_S017,Adeje,268,67,139,645,1119,1052,25.475285171102662,13.212927756653992
2022,20220101_38001_D01_S018,38001_D01_S018,Adeje,545,85,85,1037,1752,1667,32.69346130773845,5.098980203959208
2022,20220101_38002_D01_S001,38002_D01_S001,Agulo,116,24,60,179,379,355,32.67605633802817,16.901408450704224
2022,20220101_38003_D01_S001,38003_D01_S001,Alajeró,188,37,158,486,869,832,22.596153846153847,18.990384615384617
2022,20220101_38004_D01_S001,38004_D01_S001,Arafo,255,33,102,478,868,835,30.538922155688624,12.215568862275449
2022,20220101_38004_D01_S002,38004_D01_S002,Arafo,171,28,94,368,661,633,27.01421800947867,14.849921011058452
2022,20220101_38004_D01_S003,38004_D01_S003,Arafo,262,43,94,401,800,757,34.61030383091149,12.417437252311757
2022,20220101_38005_D01_S001,38005_D01_S001,Arico,41,10,115,150,316,306,13.398692810457517,37.58169934640523
2022,20220101_38005_D01_S002,38005_D01_S002,Arico,42,10,100,153,305,295,14.23728813559322,33.898305084745765
2022,20220101_38005_D01_S003,38005_D01_S003,Arico,96,34,97,256,483,449,21.380846325167038,21.603563474387528
2022,20220101_38005_D01_S004,38005_D01_S004,Arico,363,43,145,590,1141,1098,33.060109289617486,13.20582877959927
2022,20220101_38005_D01_S005,38005_D01_S005,Arico,184,40,191,545,960,920,20.0,20.76086956521739
2022,20220101_38005_D01_S006,38005_D01_S006,Arico,41,20,55,159,275,255,16.07843137254902,21.568627450980394
2022,20220101_38006_D01_S001,38006_D01_S001,Arona,101,27,104,271,503,476,21.218487394957982,21.84873949579832
2022,20220101_38006_D01_S002,38006_D01_S002,Arona,126,36,148,449,759,723,17.42738589211618,20.470262793914245
2022,20220101_38006_D01_S003,38006_D01_S003,Arona,216,56,228,739,1239,1183,18.258664412510566,19.273034657650044
2022,20220101_38006_D01_S004,38006_D01_S004,Arona,161,50,242,645,1098,1048,15.36259541984733,23.091603053435115
2022,20220101_38006_D01_S005,38006_D01_S005,Arona,146,47,156,558,907,860,16.976744186046513,18.13953488372093
2022,20220101_38006_D01_S006,38006_D01_S006,Arona,151,43,87,400,681,638,23.66771159874608,13.636363636363637
2022,20220101_38006_D01_S007,38006_D01_S007,Arona,77,34,289,368,768,734,10.490463215258856,39.3732970027248
2022,20220101_38006_D01_S008,38006_D01_S008,Arona,132,45,195,460,832,787,16.772554002541295,24.777636594663278
2022,20220101_38006_D01_S009,38006_D01_S009,Arona,185,43,233,706,1167,1124,16.459074733096084,20.729537366548044
2022,20220101_38006_D01_S010,38006_D01_S010,Arona,189,56,213,569,1027,971,19.464469618949536,21.936148300720905
2022,20220101_38006_D01_S011,38006_D01_S011,Arona,303,75,172,1010,1560,1485,20.404040404040405,11.582491582491583
2022,20220101_38006_D01_S012,38006_D01_S012,Arona,51,26,117,320,514,488,10.450819672131148,23.975409836065573
2022,20220101_38006_D01_S013,38006_D01_S013,Arona,90,59,364,580,1093,1034,8.704061895551257,35.20309477756286
2022,20220101_38006_D01_S014,38006_D01_S014,Arona,193,56,128,704,1081,1025,18.829268292682926,12.487804878048781
2022,20220101_38006_D01_S015,38006_D01_S015,Arona,267,40,93,649,1049,1009,26.461843409316156,9.217046580773042
2022,20220101_38006_D01_S016,38006_D01_S016,Arona,335,80,219,896,1530,1450,23.103448275862068,15.10344827586207
2022,20220101_38006_D01_S017,38006_D01_S017,Arona,62,10,65,221,358,348,17.816091954022987,18.67816091954023
2022,20220101_38006_D01_S018,38006_D01_S018,Arona,351,86,211,993,1641,1555,22.572347266881028,13.569131832797428
2022,20220101_38006_D01_S019,38006_D01_S019,Arona,149,32,75,394,650,618,24.110032362459545,12.135922330097088
2022,20220101_38006_D01_S020,38006_D01_S020,Arona,282,74,129,758,1243,1169,24.123182207014544,11.035072711719419
2022,20220101_38006_D01_S021,38006_D01_S021,Arona,101,54,294,541,990,936,10.790598290598291,31.41025641025641
2022,20220101_38006_D01_S022,38006_D01_S022,Arona,216,62,173,631,1082,1020,21.176470588235293,16.96078431372549
2022,20220101_38006_D01_S023,38006_D01_S023,Arona,119,47,227,524,917,870,13.67816091954023,26.091954022988507
2022,20220101_38006_D01_S024,38006_D01_S024,Arona,146,40,163,540,889,849,17.196702002355714,19.199057714958776
2022,20220101_38006_D01_S025,38006_D01_S025,Arona,139,30,130,379,678,648,21.450617283950617,20.061728395061728
2022,20220101_38006_D01_S026,38006_D01_S026,Arona,331,101,146,822,1400,1299,25.48113933795227,11.23941493456505
2022,20220101_38006_D01_S027,38006_D01_S027,Arona,153,55,224,730,1162,1107,13.821138211382113,20.23486901535682
2022,20220101_38006_D01_S028,38006_D01_S028,Arona,102,54,282,545,983,929,10.979547900968784,30.355220667384284
2022,20220101_38006_D01_S029,38006_D01_S029,Arona,62,25,172,297,556,531,11.67608286252354,32.39171374764595
2022,20220101_38006_D01_S030,38006_D01_S030,Arona,113,50,227,612,1002,952,11.869747899159664,23.84453781512605
2022,20220101_38006_D01_S031,38006_D01_S031,Arona,64,52,296,427,839,787,8.132147395171538,37.61118170266836
2022,20220101_38006_D01_S032,38006_D01_S032,Arona,187,45,120,499,851,806,23.200992555831267,14.88833746898263
2022,20220101_38006_D01_S033,38006_D01_S033,Arona,296,49,70,524,939,890,33.258426966292134,7.865168539325842
2022,20220101_38006_D01_S034,38006_D01_S034,Arona,98,29,100,295,522,493,19.878296146044626,20.28397565922921
2022,20220101_38007_D01_S001,38007_D01_S001,Barlovento,128,30,78,271,507,477,26.834381551362682,16.352201257861637
2022,20220101_38007_D01_S002,38007_D01_S002,Barlovento,50,12,36,110,208,196,25.510204081632654,18.367346938775512
2022,20220101_38008_D01_S001,38008_D01_S001,Breña Alta,137,16,74,297,524,508,26.968503937007874,14.566929133858268
2022,20220101_38008_D01_S002,38008_D01_S002,Breña Alta,287,27,104,447,865,838,34.24821002386635,12.410501193317423
2022,20220101_38008_D01_S003,38008_D01_S003,Breña Alta,350,37,95,502,984,947,36.95881731784583,10.03167898627244
2022,20220101_38008_D01_S004,38008_D01_S004,Breña Alta,150,32,133,381,696,664,22.59036144578313,20.03012048192771
2022,20220101_38009_D01_S001,38009_D01_S001,Breña Baja,323,37,107,441,908,871,37.08381171067738,12.284730195177957
2022,20220101_38009_D01_S002,38009_D01_S002,Breña Baja,279,37,103,419,838,801,34.831460674157306,12.85892634207241
2022,20220101_38009_D01_S003,38009_D01_S003,Breña Baja,162,14,21,190,387,373,43.43163538873995,5.630026809651475
2022,20220101_38009_D01_S004,38009_D01_S004,Breña Baja,122,19,31,215,387,368,33.15217391304348,8.423913043478262
2022,20220101_38010_D01_S001,38010_D01_S001,Buenavista del Norte,109,17,123,231,480,463,23.542116630669547,26.565874730021598
2022,20220101_38010_D01_S002,38010_D01_S002,Buenavista del Norte,29,14,61,136,240,226,12.831858407079647,26.991150442477878
2022,20220101_38010_D01_S003,38010_D01_S003,Buenavista del Norte,91,14,129,236,470,456,19.95614035087719,28.289473684210527
2022,20220101_38010_D01_S004,38010_D01_S004,Buenavista del Norte,100,18,154,252,524,506,19.76284584980237,30.434782608695652
2022,20220101_38011_D01_S001,38011_D01_S001,Candelaria,261,44,77,426,808,764,34.16230366492147,10.078534031413612
2022,20220101_38011_D01_S002,38011_D01_S002,Candelaria,226,39,71,286,622,583,38.76500857632933,12.178387650085764
2022,20220101_38011_D01_S003,38011_D01_S003,Candelaria,365,35,100,636,1136,1101,33.15168029064487,9.082652134423252
2022,20220101_38011_D01_S004,38011_D01_S004,Candelaria,192,41,66,339,638,597,32.1608040201005,11.055276381909549
2022,20220101_38011_D01_S005,38011_D01_S005,Candelaria,171,14,36,219,440,426,40.140845070422536,8.450704225352112
2022,20220101_38011_D01_S006,38011_D01_S006,Candelaria,342,40,71,464,917,877,38.99657924743443,8.095781071835804
2022,20220101_38011_D01_S007,38011_D01_S007,Candelaria,418,48,58,528,1052,1004,41.633466135458164,5.776892430278885
2022,20220101_38011_D01_S008,38011_D01_S008,Candelaria,162,16,47,273,498,482,33.60995850622407,9.751037344398341
2022,20220101_38011_D01_S009,38011_D01_S009,Candelaria,219,20,33,206,478,458,47.81659388646288,7.205240174672489
2022,20220101_38011_D01_S010,38011_D01_S010,Candelaria,150,21,45,276,492,471,31.84713375796178,9.554140127388536
2022,20220101_38011_D01_S011,38011_D01_S011,Candelaria,289,37,44,382,752,715,40.41958041958042,6.153846153846154
2022,20220101_38011_D01_S012,38011_D01_S012,Candelaria,237,39,36,329,641,602,39.3687707641196,5.980066445182724
2022,20220101_38011_D02_S001,38011_D02_S001,Candelaria,276,29,80,383,768,739,37.34776725304466,10.825439783491204
2022,20220101_38011_D02_S002,38011_D02_S002,Candelaria,236,36,55,351,678,642,36.7601246105919,8.566978193146417
2022,20220101_38011_D02_S003,38011_D02_S003,Candelaria,287,35,108,448,878,843,34.045077105575324,12.811387900355871
2022,20220101_38011_D02_S004,38011_D02_S004,Candelaria,162,36,86,378,662,626,25.878594249201278,13.738019169329073
2022,20220101_38011_D02_S005,38011_D02_S005,Candelaria,399,43,18,288,748,705,56.59574468085106,2.5531914893617023
2022,20220101_38012_D01_S001,38012_D01_S001,Fasnia,207,20,83,308,618,598,34.61538461538461,13.879598662207357
2022,20220101_38012_D01_S002,38012_D01_S002,Fasnia,128,21,76,276,501,480,26.666666666666668,15.833333333333334
2022,20220101_38013_D01_S001,38013_D01_S001,Frontera,241,50,95,481,867,817,29.498164014687884,11.627906976744185
2022,20220101_38013_D01_S002,38013_D01_S002,Frontera,200,37,101,425,763,726,27.548209366391184,13.911845730027549
2022,20220101_38014_D01_S001,38014_D01_S001,Fuencaliente de la Palma,107,18,58,198,381,363,29.47658402203857,15.977961432506888
2022,20220101_38014_D01_S002,38014_D01_S002,Fuencaliente de la Palma,61,14,63,189,327,313,19.488817891373802,20.12779552715655
2022,20220101_38015_D01_S001,38015_D01_S001,Garachico,164,23,90,273,550,527,31.119544592030362,17.077798861480076
2022,20220101_38015_D01_S002,38015_D01_S002,Garachico,58,15,30,90,193,178,32.58426966292135,16.853932584269664
2022,20220101_38015_D02_S001,38015_D02_S001,Garachico,92,19,115,256,482,463,19.870410367170628,24.838012958963283
2022,20220101_38015_D02_S002,38015_D02_S002,Garachico,76,19,121,254,470,451,16.851441241685144,26.829268292682926
2022,20220101_38016_D01_S001,38016_D01_S001,Garafía,111,36,59,264,470,434,25.57603686635945,13.59447004608295
2022,20220101_38017_D01_S001,38017_D01_S001,Granadilla de Abona,74,23,130,283,510,487,15.195071868583161,26.694045174537987
2022,20220101_38017_D01_S002,38017_D01_S002,Granadilla de Abona,69,23,83,280,455,432,15.972222222222221,19.212962962962962
2022,20220101_38017_D01_S003,38017_D01_S003,Granadilla de Abona,113,33,193,422,761,728,15.521978021978022,26.51098901098901
2022,20220101_38017_D01_S004,38017_D01_S004,Granadilla de Abona,88,25,116,368,597,572,15.384615384615385,20.27972027972028
2022,20220101_38017_D01_S005,38017_D01_S005,Granadilla de Abona,60,17,87,173,337,320,18.75,27.1875
2022,20220101_38017_D01_S006,38017_D01_S006,Granadilla de Abona,114,32,122,263,531,499,22.84569138276553,24.448897795591183
2022,20220101_38017_D01_S007,38017_D01_S007,Granadilla de Abona,363,68,133,608,1172,1104,32.880434782608695,12.047101449275363
2022,20220101_38017_D01_S008,38017_D01_S008,Granadilla de Abona,90,24,165,364,643,619,14.539579967689821,26.65589660743134
2022,20220101_38017_D01_S009,38017_D01_S009,Granadilla de Abona,217,48,207,628,1100,1052,20.627376425855513,19.67680608365019
2022,20220101_38017_D01_S010,38017_D01_S010,Granadilla de Abona,346,67,132,682,1227,1160,29.82758620689655,11.379310344827585
2022,20220101_38017_D01_S011,38017_D01_S011,Granadilla de Abona,162,53,280,645,1140,1087,14.903403863845446,25.758969641214353
2022,20220101_38017_D01_S012,38017_D01_S012,Granadilla de Abona,82,32,124,316,554,522,15.708812260536398,23.754789272030653
2022,20220101_38017_D01_S013,38017_D01_S013,Granadilla de Abona,118,37,223,504,882,845,13.964497041420119,26.390532544378697
2022,20220101_38017_D01_S014,38017_D01_S014,Granadilla de Abona,341,48,129,583,1101,1053,32.38366571699905,12.250712250712251
2022,20220101_38017_D01_S015,38017_D01_S015,Granadilla de Abona,97,24,223,413,757,733,13.233287858117325,30.42291950886767
2022,20220101_38017_D01_S016,38017_D01_S016,Granadilla de Abona,66,31,121,266,484,453,14.56953642384106,26.71081677704194
2022,20220101_38017_D01_S017,38017_D01_S017,Granadilla de Abona,153,34,154,485,826,792,19.318181818181817,19.444444444444443
2022,20220101_38017_D01_S018,38017_D01_S018,Granadilla de Abona,630,84,125,771,1610,1526,41.28440366972477,8.191349934469201
2022,20220101_38017_D01_S019,38017_D01_S019,Granadilla de Abona,119,29,141,378,667,638,18.65203761755486,22.100313479623825
2022,20220101_38017_D01_S020,38017_D01_S020,Granadilla de Abona,159,56,307,672,1194,1138,13.971880492091389,26.977152899824254
2022,20220101_38017_D01_S021,38017_D01_S021,Granadilla de Abona,290,62,137,627,1116,1054,27.514231499051235,12.998102466793169
2022,20220101_38017_D01_S022,38017_D01_S022,Granadilla de Abona,178,53,177,506,914,861,20.673635307781648,20.557491289198605
2022,20220101_38017_D01_S023,38017_D01_S023,Granadilla de Abona,107,41,239,467,854,813,13.161131611316113,29.39729397293973
2022,20220101_38017_D01_S024,38017_D01_S024,Granadilla de Abona,155,49,255,567,1026,977,15.86489252814739,26.100307062436027
2022,20220101_38017_D01_S025,38017_D01_S025,Granadilla de Abona,122,30,221,477,850,820,14.878048780487806,26.951219512195124
2022,20220101_38017_D01_S026,38017_D01_S026,Granadilla de Abona,120,33,150,345,648,615,19.51219512195122,24.390243902439025
2022,20220101_38018_D01_S001,38018_D01_S001,"Guancha, La",122,14,66,286,488,474,25.738396624472575,13.924050632911392
2022,20220101_38018_D01_S002,38018_D01_S002,"Guancha, La",162,34,82,403,681,647,25.038639876352395,12.673879443585781
2022,20220101_38018_D01_S003,38018_D01_S003,"Guancha, La",243,24,125,499,891,867,28.027681660899653,14.41753171856978
2022,20220101_38019_D01_S001,38019_D01_S001,Guía de Isora,124,36,223,440,823,787,15.756035578144854,28.335451080050827
2022,20220101_38019_D01_S002,38019_D01_S002,Guía de Isora,163,42,313,506,1024,982,16.59877800407332,31.873727087576373
2022,20220101_38019_D01_S003,38019_D01_S003,Guía de Isora,131,35,168,442,776,741,17.67881241565452,22.672064777327936
2022,20220101_38019_D01_S004,38019_D01_S004,Guía de Isora,141,51,265,545,1002,951,14.826498422712934,27.86540483701367
2022,20220101_38019_D01_S005,38019_D01_S005,Guía de Isora,170,43,276,572,1061,1018,16.69941060903733,27.111984282907663
2022,20220101_38019_D01_S007,38019_D01_S007,Guía de Isora,85,23,192,312,612,589,14.431239388794568,32.597623089983024
2022,20220101_38019_D01_S008,38019_D01_S008,Guía de Isora,133,45,220,378,776,731,18.194254445964432,30.095759233926128
2022,20220101_38019_D01_S009,38019_D01_S009,Guía de Isora,115,54,213,435,817,763,15.07208387942333,27.916120576671034
2022,20220101_38019_D01_S010,38019_D01_S010,Guía de Isora,201,58,289,622,1170,1112,18.075539568345324,25.989208633093526
2022,20220101_38019_D01_S011,38019_D01_S011,Guía de Isora,120,37,199,391,747,710,16.901408450704224,28.028169014084508
2022,20220101_38020_D01_S001,38020_D01_S001,Güímar,143,22,73,254,492,470,30.425531914893618,15.53191489361702
2022,20220101_38020_D01_S002,38020_D01_S002,Güímar,227,34,78,337,676,642,35.3582554517134,12.149532710280374
2022,20220101_38020_D01_S003,38020_D01_S003,Güímar,254,42,107,479,882,840,30.238095238095237,12.738095238095237
2022,20220101_38020_D01_S004,38020_D01_S004,Güímar,161,27,137,270,595,568,28.345070422535212,24.119718309859156
2022,20220101_38020_D01_S005,38020_D01_S005,Güímar,64,12,44,111,231,219,29.22374429223744,20.091324200913242
2022,20220101_38020_D01_S006,38020_D01_S006,Güímar,70,17,79,222,388,371,18.867924528301888,21.29380053908356
2022,20220101_38020_D01_S007,38020_D01_S007,Güímar,344,55,96,579,1074,1019,33.7585868498528,9.421000981354268
2022,20220101_38020_D01_S008,38020_D01_S008,Güímar,80,17,50,200,347,330,24.242424242424242,15.151515151515152
2022,20220101_38020_D01_S009,38020_D01_S009,Güímar,66,13,98,220,397,384,17.1875,25.520833333333332
2022,20220101_38020_D01_S010,38020_D01_S010,Güímar,137,25,45,241,448,423,32.38770685579196,10.638297872340425
2022,20220101_38020_D01_S011,38020_D01_S011,Güímar,107,20,43,200,370,350,30.571428571428573,12.285714285714286
2022,20220101_38020_D01_S012,38020_D01_S012,Güímar,351,42,77,463,933,891,39.39393939393939,8.641975308641975
2022,20220101_38020_D02_S001,38020_D02_S001,Güímar,114,17,77,262,470,453,25.165562913907284,16.997792494481235
2022,20220101_38020_D02_S002,38020_D02_S002,Güímar,92,15,60,166,333,318,28.930817610062892,18.867924528301888
2022,20220101_38020_D03_S001,38020_D03_S001,Güímar,99,19,78,312,508,489,20.245398773006134,15.950920245398773
2022,20220101_38020_D03_S002,38020_D03_S002,Güímar,127,25,69,259,480,455,27.912087912087912,15.164835164835164
2022,20220101_38021_D01_S001,38021_D01_S001,Hermigua,75,10,61,177,323,313,23.961661341853034,19.488817891373802
2022,20220101_38021_D02_S001,38021_D02_S001,Hermigua,114,17,46,188,365,348,32.758620689655174,13.218390804597702
2022,20220101_38022_D01_S001,38022_D01_S001,Icod de los Vinos,137,24,71,255,487,463,29.58963282937365,15.334773218142548
2022,20220101_38022_D01_S002,38022_D01_S002,Icod de los Vinos,154,23,62,273,512,489,31.49284253578732,12.678936605316974
2022,20220101_38022_D01_S003,38022_D01_S003,Icod de los Vinos,104,11,45,202,362,351,29.62962962962963,12.820512820512821
2022,20220101_38022_D01_S004,38022_D01_S004,Icod de los Vinos,100,17,37,168,322,305,32.78688524590164,12.131147540983607
2022,20220101_38022_D01_S005,38022_D01_S005,Icod de los Vinos,80,15,42,177,314,299,26.755852842809364,14.046822742474916
2022,20220101_38022_D01_S006,38022_D01_S006,Icod de los Vinos,177,19,62,284,542,523,33.84321223709369,11.854684512428298
2022,20220101_38022_D02_S001,38022_D02_S001,Icod de los Vinos,40,15,166,242,463,448,8.928571428571429,37.05357142857143
2022,20220101_38022_D02_S002,38022_D02_S002,Icod de los Vinos,78,17,123,254,472,455,17.142857142857142,27.032967032967033
2022,20220101_38022_D03_S001,38022_D03_S001,Icod de los Vinos,98,25,134,279,536,511,19.17808219178082,26.223091976516635
2022,20220101_38022_D03_S002,38022_D03_S002,Icod de los Vinos,58,16,77,201,352,336,17.261904761904763,22.916666666666668
2022,20220101_38022_D03_S003,38022_D03_S003,Icod de los Vinos,57,21,70,208,356,335,17.01492537313433,20.895522388059703
2022,20220101_38022_D03_S004,38022_D03_S004,Icod de los Vinos,85,18,68,262,433,415,20.481927710843372,16.3855421686747
2022,20220101_38022_D04_S001,38022_D04_S001,Icod de los Vinos,62,15,72,227,376,361,17.174515235457065,19.94459833795014
2022,20220101_38022_D04_S002,38022_D04_S002,Icod de los Vinos,140,26,106,367,639,613,22.838499184339316,17.29200652528548
2022,20220101_38022_D04_S003,38022_D04_S003,Icod de los Vinos,111,32,115,391,649,617,17.990275526742302,18.638573743922205
2022,20220101_38022_D04_S004,38022_D04_S004,Icod de los Vinos,85,13,55,225,378,365,23.28767123287671,15.068493150684931
2022,20220101_38022_D05_S001,38022_D05_S001,Icod de los Vinos,62,5,46,141,254,249,24.899598393574298,18.473895582329316
2022,20220101_38022_D05_S002,38022_D05_S002,Icod de los Vinos,199,26,128,502,855,829,24.004825090470447,15.440289505428227
2022,20220101_38023_D01_S001,38023_D01_S001,San Cristóbal de La Laguna,231,22,13,127,393,371,62.264150943396224,3.504043126684636
2022,20220101_38023_D01_S002,38023_D01_S002,San Cristóbal de La Laguna,223,28,49,235,535,507,43.98422090729783,9.664694280078896
2022,20220101_38023_D01_S003,38023_D01_S003,San Cristóbal de La Laguna,355,43,48,305,751,708,50.14124293785311,6.779661016949152
2022,20220101_38023_D01_S004,38023_D01_S004,San Cristóbal de La Laguna,69,14,44,162,289,275,25.09090909090909,16.0
2022,20220101_38023_D01_S005,38023_D01_S005,San Cristóbal de La Laguna,300,26,47,236,609,583,51.45797598627787,8.061749571183533
2022,20220101_38023_D01_S006,38023_D01_S006,San Cristóbal de La Laguna,261,38,60,354,713,675,38.666666666666664,8.88888888888889
2022,20220101_38023_D01_S007,38023_D01_S007,San Cristóbal de La Laguna,348,39,48,354,789,750,46.4,6.4
2022,20220101_38023_D01_S008,38023_D01_S008,San Cristóbal de La Laguna,210,34,33,187,464,430,48.83720930232558,7.674418604651163
2022,20220101_38023_D01_S009,38023_D01_S009,San Cristóbal de La Laguna,207,28,33,215,483,455,45.494505494505496,7.252747252747253
2022,20220101_38023_D01_S010,38023_D01_S010,San Cristóbal de La Laguna,282,29,52,280,643,614,45.928338762214985,8.469055374592834
2022,20220101_38023_D01_S011,38023_D01_S011,San Cristóbal de La Laguna,125,13,18,111,267,254,49.21259842519685,7.086614173228346
2022,20220101_38023_D01_S012,38023_D01_S012,San Cristóbal de La Laguna,167,26,54,250,497,471,35.45647558386412,11.464968152866241
2022,20220101_38023_D01_S013,38023_D01_S013,San Cristóbal de La Laguna,259,25,24,149,457,432,59.9537037037037,5.555555555555555
2022,20220101_38023_D01_S014,38023_D01_S014,San Cristóbal de La Laguna,240,33,27,114,414,381,62.99212598425197,7.086614173228346
2022,20220101_38023_D01_S015,38023_D01_S015,San Cristóbal de La Laguna,377,23,18,121,539,516,73.06201550387597,3.488372093023256
2022,20220101_38023_D01_S016,38023_D01_S016,San Cristóbal de La Laguna,449,29,33,228,739,710,63.23943661971831,4.647887323943662
2022,20220101_38023_D01_S017,38023_D01_S017,San Cristóbal de La Laguna,364,39,22,212,637,598,60.869565217391305,3.678929765886288
2022,20220101_38023_D01_S018,38023_D01_S018,San Cristóbal de La Laguna,120,25,69,235,449,424,28.30188679245283,16.27358490566038
2022,20220101_38023_D01_S019,38023_D01_S019,San Cristóbal de La Laguna,229,22,9,119,379,357,64.14565826330532,2.5210084033613445
2022,20220101_38023_D01_S020,38023_D01_S020,San Cristóbal de La Laguna,219,16,25,143,403,387,56.58914728682171,6.459948320413437
2022,20220101_38023_D01_S021,38023_D01_S021,San Cristóbal de La Laguna,378,33,32,233,676,643,58.78693623639191,4.976671850699844
2022,20220101_38023_D01_S022,38023_D01_S022,San Cristóbal de La Laguna,237,20,34,211,502,482,49.170124481327804,7.053941908713693
2022,20220101_38023_D01_S023,38023_D01_S023,San Cristóbal de La Laguna,511,45,49,374,979,934,54.71092077087794,5.2462526766595285
2022,20220101_38023_D01_S024,38023_D01_S024,San Cristóbal de La Laguna,81,12,67,153,313,301,26.910299003322258,22.259136212624586
2022,20220101_38023_D01_S025,38023_D01_S025,San Cristóbal de La Laguna,241,35,75,357,708,673,35.809806835066865,11.144130757800891
2022,20220101_38023_D01_S026,38023_D01_S026,San Cristóbal de La Laguna,306,19,26,161,512,493,62.06896551724138,5.273833671399594
2022,20220101_38023_D01_S027,38023_D01_S027,San Cristóbal de La Laguna,170,29,56,279,534,505,33.663366336633665,11.089108910891088
2022,20220101_38023_D01_S028,38023_D01_S028,San Cristóbal de La Laguna,483,45,35,324,887,842,57.36342042755344,4.156769596199525
2022,20220101_38023_D01_S029,38023_D01_S029,San Cristóbal de La Laguna,249,21,25,136,431,410,60.73170731707317,6.097560975609756
2022,20220101_38023_D01_S030,38023_D01_S030,San Cristóbal de La Laguna,488,44,27,238,797,753,64.8074369189907,3.585657370517928
2022,20220101_38023_D01_S031,38023_D01_S031,San Cristóbal de La Laguna,485,33,22,150,690,657,73.82039573820396,3.34855403348554
2022,20220101_38023_D01_S032,38023_D01_S032,San Cristóbal de La Laguna,135,29,66,260,490,461,29.284164859002168,14.316702819956616
2022,20220101_38023_D01_S033,38023_D01_S033,San Cristóbal de La Laguna,167,13,31,160,371,358,46.64804469273743,8.659217877094973
2022,20220101_38023_D02_S001,38023_D02_S001,San Cristóbal de La Laguna,134,24,67,233,458,434,30.87557603686636,15.43778801843318
2022,20220101_38023_D02_S002,38023_D02_S002,San Cristóbal de La Laguna,87,14,48,219,368,354,24.576271186440678,13.559322033898304
2022,20220101_38023_D02_S003,38023_D02_S003,San Cristóbal de La Laguna,137,24,36,216,413,389,35.2185089974293,9.254498714652957
2022,20220101_38023_D02_S004,38023_D02_S004,San Cristóbal de La Laguna,139,21,46,253,459,438,31.735159817351597,10.502283105022832
2022,20220101_38023_D02_S005,38023_D02_S005,San Cristóbal de La Laguna,197,29,57,307,590,561,35.115864527629235,10.16042780748663
2022,20220101_38023_D02_S006,38023_D02_S006,San Cristóbal de La Laguna,99,22,91,287,499,477,20.754716981132077,19.07756813417191
2022,20220101_38023_D02_S007,38023_D02_S007,San Cristóbal de La Laguna,200,36,86,372,694,658,30.3951367781155,13.069908814589665
2022,20220101_38023_D02_S008,38023_D02_S008,San Cristóbal de La Laguna,87,23,52,256,418,395,22.025316455696203,13.164556962025317
2022,20220101_38023_D02_S009,38023_D02_S009,San Cristóbal de La Laguna,124,28,87,366,605,577,21.49046793760832,15.077989601386482
2022,20220101_38023_D02_S010,38023_D02_S010,San Cristóbal de La Laguna,211,37,117,536,901,864,24.421296296296298,13.541666666666666
2022,20220101_38023_D02_S011,38023_D02_S011,San Cristóbal de La Laguna,282,35,40,192,549,514,54.86381322957198,7.782101167315175
2022,20220101_38023_D02_S012,38023_D02_S012,San Cristóbal de La Laguna,320,27,36,311,694,667,47.976011994002995,5.397301349325337
2022,20220101_38023_D02_S013,38023_D02_S013,San Cristóbal de La Laguna,208,36,98,422,764,728,28.571428571428573,13.461538461538462
2022,20220101_38023_D02_S014,38023_D02_S014,San Cristóbal de La Laguna,166,32,82,353,633,601,27.62063227953411,13.643926788685524
2022,20220101_38023_D02_S015,38023_D02_S015,San Cristóbal de La Laguna,130,31,102,314,577,546,23.80952380952381,18.681318681318682
2022,20220101_38023_D02_S016,38023_D02_S016,San Cristóbal de La Laguna,648,77,111,748,1584,1507,42.99933642999336,7.36562707365627
2022,20220101_38023_D02_S017,38023_D02_S017,San Cristóbal de La Laguna,204,37,101,463,805,768,26.5625,13.151041666666666
2022,20220101_38023_D02_S018,38023_D02_S018,San Cristóbal de La Laguna,139,30,79,296,544,514,27.042801556420233,15.369649805447471
2022,20220101_38023_D02_S019,38023_D02_S019,San Cristóbal de La Laguna,179,19,73,294,565,546,32.78388278388278,13.36996336996337
2022,20220101_38023_D02_S020,38023_D02_S020,San Cristóbal de La Laguna,107,13,46,214,380,367,29.155313351498638,12.534059945504087
2022,20220101_38023_D02_S021,38023_D02_S021,San Cristóbal de La Laguna,443,44,41,346,874,830,53.373493975903614,4.9397590361445785
2022,20220101_38023_D02_S022,38023_D02_S022,San Cristóbal de La Laguna,192,30,78,277,577,547,35.10054844606947,14.259597806215723
2022,20220101_38023_D02_S023,38023_D02_S023,San Cristóbal de La Laguna,233,28,65,302,628,600,38.833333333333336,10.833333333333334
2022,20220101_38023_D02_S024,38023_D02_S024,San Cristóbal de La Laguna,93,10,42,188,333,323,28.792569659442723,13.003095975232197
2022,20220101_38023_D03_S001,38023_D03_S001,San Cristóbal de La Laguna,70,14,62,181,327,313,22.364217252396166,19.808306709265175
2022,20220101_38023_D03_S002,38023_D03_S002,San Cristóbal de La Laguna,248,23,69,254,594,571,43.43257443082312,12.084063047285465
2022,20220101_38023_D03_S003,38023_D03_S003,San Cristóbal de La Laguna,355,27,27,238,647,620,57.25806451612903,4.354838709677419
2022,20220101_38023_D03_S004,38023_D03_S004,San Cristóbal de La Laguna,124,26,165,528,843,817,15.177478580171359,20.195838433292533
2022,20220101_38023_D03_S005,38023_D03_S005,San Cristóbal de La Laguna,129,37,113,386,665,628,20.54140127388535,17.993630573248407
2022,20220101_38023_D03_S006,38023_D03_S006,San Cristóbal de La Laguna,518,45,39,377,979,934,55.46038543897216,4.17558886509636
2022,20220101_38023_D03_S007,38023_D03_S007,San Cristóbal de La Laguna,73,9,53,194,329,320,22.8125,16.5625
2022,20220101_38023_D03_S008,38023_D03_S008,San Cristóbal de La Laguna,99,24,94,290,507,483,20.496894409937887,19.461697722567287
2022,20220101_38023_D03_S009,38023_D03_S009,San Cristóbal de La Laguna,70,17,76,205,368,351,19.943019943019944,21.65242165242165
2022,20220101_38023_D03_S010,38023_D03_S010,San Cristóbal de La Laguna,68,15,62,179,324,309,22.006472491909385,20.06472491909385
2022,20220101_38023_D03_S011,38023_D03_S011,San Cristóbal de La Laguna,111,12,99,370,592,580,19.137931034482758,17.06896551724138
2022,20220101_38023_D03_S012,38023_D03_S012,San Cristóbal de La Laguna,117,36,117,366,636,600,19.5,19.5
2022,20220101_38023_D03_S013,38023_D03_S013,San Cristóbal de La Laguna,127,41,125,452,745,704,18.039772727272727,17.755681818181817
2022,20220101_38023_D03_S014,38023_D03_S014,San Cristóbal de La Laguna,39,10,54,136,239,229,17.03056768558952,23.580786026200872
2022,20220101_38023_D03_S015,38023_D03_S015,San Cristóbal de La Laguna,107,13,98,297,515,502,21.314741035856574,19.52191235059761
2022,20220101_38023_D03_S016,38023_D03_S016,San Cristóbal de La Laguna,120,20,121,431,692,672,17.857142857142858,18.00595238095238
2022,20220101_38023_D03_S017,38023_D03_S017,San Cristóbal de La Laguna,95,14,88,256,453,439,21.64009111617312,20.045558086560366
2022,20220101_38023_D03_S018,38023_D03_S018,San Cristóbal de La Laguna,40,14,56,168,278,264,15.151515151515152,21.21212121212121
2022,20220101_38023_D03_S019,38023_D03_S019,San Cristóbal de La Laguna,228,39,69,377,713,674,33.82789317507418,10.237388724035608
2022,20220101_38023_D03_S020,38023_D03_S020,San Cristóbal de La Laguna,122,19,52,208,401,382,31.93717277486911,13.612565445026178
2022,20220101_38023_D03_S021,38023_D03_S021,San Cristóbal de La Laguna,125,17,61,236,439,422,29.620853080568722,14.454976303317535
2022,20220101_38023_D03_S022,38023_D03_S022,San Cristóbal de La Laguna,252,16,6,111,385,369,68.29268292682927,1.6260162601626016
2022,20220101_38023_D03_S023,38023_D03_S023,San Cristóbal de La Laguna,93,19,92,256,460,441,21.08843537414966,20.861678004535147
2022,20220101_38023_D03_S024,38023_D03_S024,San Cristóbal de La Laguna,98,21,62,228,409,388,25.257731958762886,15.97938144329897
2022,20220101_38023_D03_S025,38023_D03_S025,San Cristóbal de La Laguna,279,45,112,471,907,862,32.36658932714617,12.993039443155453
2022,20220101_38023_D03_S026,38023_D03_S026,San Cristóbal de La Laguna,211,27,50,294,582,555,38.01801801801802,9.00900900900901
2022,20220101_38023_D03_S027,38023_D03_S027,San Cristóbal de La Laguna,212,38,63,309,622,584,36.3013698630137,10.787671232876713
2022,20220101_38023_D03_S028,38023_D03_S028,San Cristóbal de La Laguna,177,39,65,267,548,509,34.77406679764243,12.770137524557956
2022,20220101_38023_D03_S029,38023_D03_S029,San Cristóbal de La Laguna,144,20,86,413,663,643,22.3950233281493,13.374805598755833
2022,20220101_38023_D04_S001,38023_D04_S001,San Cristóbal de La Laguna,393,28,62,346,829,801,49.06367041198502,7.740324594257179
2022,20220101_38023_D04_S002,38023_D04_S002,San Cristóbal de La Laguna,376,45,112,561,1094,1049,35.843660629170635,10.676835081029552
2022,20220101_38023_D04_S003,38023_D04_S003,San Cristóbal de La Laguna,301,28,85,383,797,769,39.14174252275683,11.053315994798439
2022,20220101_38023_D04_S004,38023_D04_S004,San Cristóbal de La Laguna,152,15,46,185,398,383,39.68668407310705,12.010443864229766
2022,20220101_38023_D04_S005,38023_D04_S005,San Cristóbal de La Laguna,215,29,39,149,432,403,53.349875930521094,9.67741935483871
2022,20220101_38023_D04_S006,38023_D04_S006,San Cristóbal de La Laguna,173,20,90,315,598,578,29.930795847750865,15.570934256055363
2022,20220101_38023_D04_S007,38023_D04_S007,San Cristóbal de La Laguna,312,40,52,310,714,674,46.29080118694362,7.71513353115727
2022,20220101_38023_D05_S001,38023_D05_S001,San Cristóbal de La Laguna,102,20,116,241,479,459,22.22222222222222,25.272331154684096
2022,20220101_38023_D05_S002,38023_D05_S002,San Cristóbal de La Laguna,110,21,119,323,573,552,19.92753623188406,21.557971014492754
2022,20220101_38023_D05_S003,38023_D05_S003,San Cristóbal de La Laguna,113,20,74,251,458,438,25.799086757990867,16.894977168949772
2022,20220101_38023_D05_S004,38023_D05_S004,San Cristóbal de La Laguna,86,13,67,218,384,371,23.18059299191375,18.059299191374663
2022,20220101_38023_D05_S005,38023_D05_S005,San Cristóbal de La Laguna,265,40,132,411,848,808,32.7970297029703,16.336633663366335
2022,20220101_38023_D05_S006,38023_D05_S006,San Cristóbal de La Laguna,153,22,54,263,492,470,32.5531914893617,11.48936170212766
2022,20220101_38023_D05_S007,38023_D05_S007,San Cristóbal de La Laguna,258,27,61,333,679,652,39.57055214723926,9.355828220858896
2022,20220101_38023_D05_S008,38023_D05_S008,San Cristóbal de La Laguna,81,17,97,187,382,365,22.19178082191781,26.575342465753426
2022,20220101_38023_D05_S009,38023_D05_S009,San Cristóbal de La Laguna,535,47,101,520,1203,1156,46.280276816608996,8.737024221453288
2022,20220101_38023_D05_S010,38023_D05_S010,San Cristóbal de La Laguna,196,38,108,388,730,692,28.32369942196532,15.606936416184972
2022,20220101_38023_D05_S011,38023_D05_S011,San Cristóbal de La Laguna,116,14,58,186,374,360,32.22222222222222,16.11111111111111
2022,20220101_38023_D05_S012,38023_D05_S012,San Cristóbal de La Laguna,130,21,114,296,561,540,24.074074074074073,21.11111111111111
2022,20220101_38023_D05_S013,38023_D05_S013,San Cristóbal de La Laguna,87,14,55,178,334,320,27.1875,17.1875
2022,20220101_38023_D05_S014,38023_D05_S014,San Cristóbal de La Laguna,167,24,91,376,658,634,26.34069400630915,14.353312302839116
2022,20220101_38023_D06_S001,38023_D06_S001,San Cristóbal de La Laguna,186,22,81,299,588,566,32.86219081272085,14.31095406360424
2022,20220101_38023_D06_S002,38023_D06_S002,San Cristóbal de La Laguna,390,32,28,229,679,647,60.27820710973725,4.327666151468315
2022,20220101_38023_D06_S003,38023_D06_S003,San Cristóbal de La Laguna,164,33,70,246,513,480,34.166666666666664,14.583333333333334
2022,20220101_38023_D06_S004,38023_D06_S004,San Cristóbal de La Laguna,118,32,66,293,509,477,24.737945492662472,13.836477987421384
2022,20220101_38024_D01_S001,38024_D01_S001,"Llanos de Aridane, Los",342,55,111,481,989,934,36.61670235546038,11.884368308351178
2022,20220101_38024_D01_S002,38024_D01_S002,"Llanos de Aridane, Los",213,32,100,376,721,689,30.914368650217707,14.513788098693759
2022,20220101_38024_D01_S003,38024_D01_S003,"Llanos de Aridane, Los",186,43,104,341,674,631,29.4770206022187,16.48177496038035
2022,20220101_38024_D01_S004,38024_D01_S004,"Llanos de Aridane, Los",119,18,71,200,408,390,30.512820512820515,18.205128205128204
2022,20220101_38024_D01_S005,38024_D01_S005,"Llanos de Aridane, Los",170,25,43,207,445,420,40.476190476190474,10.238095238095237
2022,20220101_38024_D01_S006,38024_D01_S006,"Llanos de Aridane, Los",185,26,81,294,586,560,33.035714285714285,14.464285714285714
2022,20220101_38024_D01_S007,38024_D01_S007,"Llanos de Aridane, Los",127,27,100,362,616,589,21.561969439728355,16.97792869269949
2022,20220101_38024_D01_S008,38024_D01_S008,"Llanos de Aridane, Los",211,31,96,322,660,629,33.54531001589825,15.262321144674086
2022,20220101_38024_D02_S001,38024_D02_S001,"Llanos de Aridane, Los",160,19,92,265,536,517,30.947775628626694,17.79497098646035
2022,20220101_38024_D02_S002,38024_D02_S002,"Llanos de Aridane, Los",140,27,94,314,575,548,25.547445255474454,17.153284671532848
2022,20220101_38024_D03_S001,38024_D03_S001,"Llanos de Aridane, Los",212,50,110,417,789,739,28.687415426251693,14.884979702300406
2022,20220101_38024_D03_S002,38024_D03_S002,"Llanos de Aridane, Los",189,41,95,320,645,604,31.29139072847682,15.728476821192054
2022,20220101_38024_D03_S003,38024_D03_S003,"Llanos de Aridane, Los",112,25,64,251,452,427,26.229508196721312,14.988290398126464
2022,20220101_38025_D01_S001,38025_D01_S001,"Matanza de Acentejo, La",190,34,124,515,863,829,22.919179734620023,14.957780458383594
2022,20220101_38025_D01_S002,38025_D01_S002,"Matanza de Acentejo, La",141,25,98,356,620,595,23.69747899159664,16.470588235294116
2022,20220101_38025_D01_S003,38025_D01_S003,"Matanza de Acentejo, La",279,24,115,519,937,913,30.558598028477547,12.595837897042717
2022,20220101_38025_D01_S004,38025_D01_S004,"Matanza de Acentejo, La",283,34,95,509,921,887,31.905298759864714,10.710259301014656
2022,20220101_38025_D01_S005,38025_D01_S005,"Matanza de Acentejo, La",82,18,50,169,319,301,27.242524916943523,16.611295681063122
2022,20220101_38026_D01_S001,38026_D01_S001,"Orotava, La",261,30,50,246,587,557,46.858168761220824,8.976660682226212
2022,20220101_38026_D01_S002,38026_D01_S002,"Orotava, La",332,28,52,298,710,682,48.68035190615836,7.624633431085044
2022,20220101_38026_D01_S004,38026_D01_S004,"Orotava, La",251,23,56,339,669,646,38.85448916408669,8.6687306501548
2022,20220101_38026_D02_S001,38026_D02_S001,"Orotava, La",194,25,74,324,617,592,32.770270270270274,12.5
2022,20220101_38026_D02_S002,38026_D02_S002,"Orotava, La",104,17,74,298,493,476,21.84873949579832,15.546218487394958
2022,20220101_38026_D02_S003,38026_D02_S003,"Orotava, La",269,37,108,547,961,924,29.11255411255411,11.688311688311689
2022,20220101_38026_D02_S004,38026_D02_S004,"Orotava, La",143,16,40,215,414,398,35.92964824120603,10.050251256281408
2022,20220101_38026_D03_S001,38026_D03_S001,"Orotava, La",109,24,99,330,562,538,20.260223048327138,18.401486988847584
2022,20220101_38026_D03_S002,38026_D03_S002,"Orotava, La",111,21,66,253,451,430,25.813953488372093,15.348837209302326
2022,20220101_38026_D03_S003,38026_D03_S003,"Orotava, La",306,31,37,336,710,679,45.06627393225332,5.44918998527246
2022,20220101_38026_D03_S004,38026_D03_S004,"Orotava, La",265,32,94,469,860,828,32.00483091787439,11.352657004830919
2022,20220101_38026_D03_S005,38026_D03_S005,"Orotava, La",91,19,68,265,443,424,21.462264150943398,16.037735849056602
2022,20220101_38026_D03_S006,38026_D03_S006,"Orotava, La",235,27,67,423,752,725,32.41379310344828,9.241379310344827
2022,20220101_38026_D03_S007,38026_D03_S007,"Orotava, La",144,17,76,324,561,544,26.470588235294116,13.970588235294118
2022,20220101_38026_D04_S001,38026_D04_S001,"Orotava, La",336,48,76,459,919,871,38.576349024110215,8.725602755453501
2022,20220101_38026_D04_S002,38026_D04_S002,"Orotava, La",165,23,65,340,593,570,28.94736842105263,11.403508771929825
2022,20220101_38026_D04_S003,38026_D04_S003,"Orotava, La",174,21,35,197,427,406,42.857142857142854,8.620689655172415
2022,20220101_38026_D04_S004,38026_D04_S004,"Orotava, La",70,7,27,168,272,265,26.41509433962264,10.18867924528302
2022,20220101_38026_D04_S005,38026_D04_S005,"Orotava, La",312,37,46,368,763,726,42.97520661157025,6.336088154269972
2022,20220101_38026_D05_S001,38026_D05_S001,"Orotava, La",151,29,137,462,779,750,20.133333333333333,18.266666666666666
2022,20220101_38026_D05_S002,38026_D05_S002,"Orotava, La",111,19,73,277,480,461,24.07809110629067,15.835140997830802
2022,20220101_38026_D05_S003,38026_D05_S003,"Orotava, La",157,38,123,431,749,711,22.081575246132207,17.29957805907173
2022,20220101_38026_D05_S004,38026_D05_S004,"Orotava, La",60,11,79,219,369,358,16.75977653631285,22.067039106145252
2022,20220101_38026_D05_S005,38026_D05_S005,"Orotava, La",158,19,85,445,707,688,22.96511627906977,12.354651162790697
2022,20220101_38026_D06_S001,38026_D06_S001,"Orotava, La",29,13,80,197,319,306,9.477124183006536,26.143790849673202
2022,20220101_38026_D06_S002,38026_D06_S002,"Orotava, La",49,18,107,254,428,410,11.951219512195122,26.097560975609756
2022,20220101_38026_D06_S003,38026_D06_S003,"Orotava, La",94,21,107,373,595,574,16.37630662020906,18.641114982578397
2022,20220101_38026_D06_S004,38026_D06_S004,"Orotava, La",53,40,187,366,646,606,8.745874587458745,30.858085808580856
2022,20220101_38027_D01_S001,38027_D01_S001,"Paso, El",163,26,74,321,584,558,29.211469534050178,13.261648745519713
2022,20220101_38027_D02_S001,38027_D02_S001,"Paso, El",268,45,133,507,953,908,29.515418502202643,14.647577092511014
2022,20220101_38027_D03_S001,38027_D03_S001,"Paso, El",148,28,58,229,463,435,34.02298850574713,13.333333333333334
2022,20220101_38027_D03_S002,38027_D03_S002,"Paso, El",156,25,63,229,473,448,34.82142857142857,14.0625
2022,20220101_38027_D04_S001,38027_D04_S001,"Paso, El",146,33,82,299,560,527,27.703984819734345,15.559772296015181
2022,20220101_38028_D01_S001,38028_D01_S001,Puerto de la Cruz,116,16,31,157,320,304,38.1578947368421,10.197368421052632
2022,20220101_38028_D01_S002,38028_D01_S002,Puerto de la Cruz,201,41,60,344,646,605,33.22314049586777,9.917355371900827
2022,20220101_38028_D01_S003,38028_D01_S003,Puerto de la Cruz,464,78,47,481,1070,992,46.774193548387096,4.737903225806452
2022,20220101_38028_D01_S004,38028_D01_S004,Puerto de la Cruz,466,54,50,353,923,869,53.62485615650173,5.7537399309551205
2022,20220101_38028_D02_S001,38028_D02_S001,Puerto de la Cruz,115,17,20,165,317,300,38.333333333333336,6.666666666666667
2022,20220101_38028_D02_S002,38028_D02_S002,Puerto de la Cruz,92,12,25,119,248,236,38.983050847457626,10.59322033898305
2022,20220101_38028_D02_S003,38028_D02_S003,Puerto de la Cruz,205,28,26,227,486,458,44.75982532751092,5.676855895196507
2022,20220101_38028_D02_S004,38028_D02_S004,Puerto de la Cruz,347,46,77,406,876,830,41.80722891566265,9.27710843373494
2022,20220101_38028_D02_S005,38028_D02_S005,Puerto de la Cruz,198,27,113,420,758,731,27.086183310533517,15.45827633378933
2022,20220101_38028_D03_S001,38028_D03_S001,Puerto de la Cruz,118,16,33,182,349,333,35.43543543543544,9.90990990990991
2022,20220101_38028_D03_S002,38028_D03_S002,Puerto de la Cruz,101,11,42,218,372,361,27.977839335180054,11.634349030470915
2022,20220101_38028_D03_S003,38028_D03_S003,Puerto de la Cruz,62,21,56,185,324,303,20.462046204620464,18.48184818481848
2022,20220101_38028_D03_S004,38028_D03_S004,Puerto de la Cruz,164,32,45,281,522,490,33.46938775510204,9.183673469387756
2022,20220101_38028_D03_S005,38028_D03_S005,Puerto de la Cruz,84,11,61,257,413,402,20.895522388059703,15.17412935323383
2022,20220101_38028_D03_S006,38028_D03_S006,Puerto de la Cruz,83,20,47,230,380,360,23.055555555555557,13.055555555555555
2022,20220101_38028_D04_S001,38028_D04_S001,Puerto de la Cruz,98,22,59,301,480,458,21.397379912663755,12.882096069868995
2022,20220101_38028_D04_S002,38028_D04_S002,Puerto de la Cruz,73,23,75,227,398,375,19.466666666666665,20.0
2022,20220101_38028_D04_S003,38028_D04_S003,Puerto de la Cruz,124,27,120,465,736,709,17.48942172073343,16.92524682651622
2022,20220101_38028_D04_S004,38028_D04_S004,Puerto de la Cruz,217,22,54,286,579,557,38.95870736086176,9.694793536804308
2022,20220101_38028_D04_S005,38028_D04_S005,Puerto de la Cruz,42,14,64,176,296,282,14.893617021276595,22.69503546099291
2022,20220101_38029_D01_S001,38029_D01_S001,Puntagorda,86,19,57,201,363,344,25.0,16.569767441860463
2022,20220101_38029_D01_S002,38029_D01_S002,Puntagorda,99,23,40,223,385,362,27.34806629834254,11.049723756906078
2022,20220101_38030_D01_S001,38030_D01_S001,Puntallana,143,35,92,299,569,534,26.779026217228463,17.228464419475657
2022,20220101_38030_D01_S002,38030_D01_S002,Puntallana,123,36,61,213,433,397,30.9823677581864,15.365239294710328
2022,20220101_38031_D01_S001,38031_D01_S001,"Realejos, Los",85,14,65,197,361,347,24.495677233429394,18.73198847262248
2022,20220101_38031_D01_S002,38031_D01_S002,"Realejos, Los",263,58,86,537,944,886,29.68397291196388,9.706546275395034
2022,20220101_38031_D01_S003,38031_D01_S003,"Realejos, Los",247,36,78,486,847,811,30.456226880394574,9.617755856966708
2022,20220101_38031_D01_S004,38031_D01_S004,"Realejos, Los",270,45,122,579,1016,971,27.80638516992791,12.564366632337796
2022,20220101_38031_D01_S005,38031_D01_S005,"Realejos, Los",151,34,103,437,725,691,21.852387843704776,14.905933429811867
2022,20220101_38031_D01_S006,38031_D01_S006,"Realejos, Los",133,20,63,306,522,502,26.49402390438247,12.549800796812749
2022,20220101_38031_D01_S007,38031_D01_S007,"Realejos, Los",78,8,75,269,430,422,18.48341232227488,17.77251184834123
2022,20220101_38031_D01_S008,38031_D01_S008,"Realejos, Los",184,22,69,394,669,647,28.438948995363216,10.664605873261205
2022,20220101_38031_D02_S001,38031_D02_S001,"Realejos, Los",218,30,75,376,699,669,32.58594917787743,11.210762331838565
2022,20220101_38031_D02_S002,38031_D02_S002,"Realejos, Los",146,21,63,338,568,547,26.691042047531994,11.517367458866545
2022,20220101_38031_D02_S003,38031_D02_S003,"Realejos, Los",98,15,91,317,521,506,19.367588932806324,17.984189723320156
2022,20220101_38031_D03_S001,38031_D03_S001,"Realejos, Los",105,29,85,392,611,582,18.04123711340206,14.604810996563574
2022,20220101_38031_D03_S002,38031_D03_S002,"Realejos, Los",85,21,74,264,444,423,20.094562647754138,17.494089834515368
2022,20220101_38031_D03_S003,38031_D03_S003,"Realejos, Los",96,22,115,349,582,560,17.142857142857142,20.535714285714285
2022,20220101_38031_D03_S004,38031_D03_S004,"Realejos, Los",168,15,38,314,535,520,32.30769230769231,7.3076923076923075
2022,20220101_38031_D03_S005,38031_D03_S005,"Realejos, Los",125,18,82,374,599,581,21.514629948364888,14.113597246127366
2022,20220101_38031_D04_S001,38031_D04_S001,"Realejos, Los",150,22,77,344,593,571,26.26970227670753,13.485113835376533
2022,20220101_38031_D04_S002,38031_D04_S002,"Realejos, Los",236,41,58,396,731,690,34.20289855072464,8.405797101449275
2022,20220101_38031_D04_S003,38031_D04_S003,"Realejos, Los",219,21,38,230,508,487,44.969199178644764,7.8028747433264884
2022,20220101_38031_D04_S004,38031_D04_S004,"Realejos, Los",129,29,74,305,537,508,25.393700787401574,14.566929133858268
2022,20220101_38031_D05_S001,38031_D05_S001,"Realejos, Los",61,13,110,208,392,379,16.094986807387862,29.023746701846967
2022,20220101_38031_D05_S002,38031_D05_S002,"Realejos, Los",41,16,128,233,418,402,10.199004975124378,31.8407960199005
2022,20220101_38031_D05_S003,38031_D05_S003,"Realejos, Los",42,17,108,187,354,337,12.462908011869436,32.047477744807125
2022,20220101_38031_D06_S001,38031_D06_S001,"Realejos, Los",54,13,126,254,447,434,12.442396313364055,29.032258064516128
2022,20220101_38031_D06_S002,38031_D06_S002,"Realejos, Los",69,25,128,351,573,548,12.591240875912408,23.357664233576642
2022,20220101_38032_D01_S001,38032_D01_S001,"Rosario, El",118,10,47,168,343,333,35.43543543543544,14.114114114114114
2022,20220101_38032_D01_S002,38032_D01_S002,"Rosario, El",61,14,58,172,305,291,20.962199312714777,19.93127147766323
2022,20220101_38032_D01_S003,38032_D01_S003,"Rosario, El",264,25,119,375,783,758,34.82849604221636,15.699208443271768
2022,20220101_38032_D01_S004,38032_D01_S004,"Rosario, El",436,43,43,388,910,867,50.2883506343714,4.959630911188005
2022,20220101_38032_D01_S005,38032_D01_S005,"Rosario, El",51,13,62,166,292,279,18.27956989247312,22.22222222222222
2022,20220101_38032_D01_S006,38032_D01_S006,"Rosario, El",566,45,28,332,971,926,61.1231101511879,3.023758099352052
2022,20220101_38032_D01_S007,38032_D01_S007,"Rosario, El",176,25,48,353,602,577,30.502599653379548,8.31889081455806
2022,20220101_38032_D01_S008,38032_D01_S008,"Rosario, El",375,44,20,299,738,694,54.03458213256484,2.881844380403458
2022,20220101_38032_D01_S009,38032_D01_S009,"Rosario, El",93,18,50,148,309,291,31.95876288659794,17.18213058419244
2022,20220101_38032_D01_S010,38032_D01_S010,"Rosario, El",180,26,110,351,667,641,28.0811232449298,17.160686427457097
2022,20220101_38032_D01_S011,38032_D01_S011,"Rosario, El",448,46,37,334,865,819,54.7008547008547,4.517704517704518
2022,20220101_38032_D01_S012,38032_D01_S012,"Rosario, El",377,37,10,226,650,613,61.500815660685156,1.6313213703099512
2022,20220101_38032_D01_S013,38032_D01_S013,"Rosario, El",260,26,35,179,500,474,54.85232067510549,7.383966244725738
2022,20220101_38033_D01_S001,38033_D01_S001,San Andrés y Sauces,132,30,67,255,484,454,29.07488986784141,14.757709251101321
2022,20220101_38033_D01_S002,38033_D01_S002,San Andrés y Sauces,65,24,32,169,290,266,24.43609022556391,12.030075187969924
2022,20220101_38033_D01_S003,38033_D01_S003,San Andrés y Sauces,133,48,74,281,536,488,27.25409836065574,15.163934426229508
2022,20220101_38033_D02_S001,38033_D02_S001,San Andrés y Sauces,114,41,74,260,489,448,25.446428571428573,16.517857142857142
2022,20220101_38034_D01_S001,38034_D01_S001,San Juan de la Rambla,185,14,58,223,480,466,39.69957081545064,12.446351931330472
2022,20220101_38034_D01_S002,38034_D01_S002,San Juan de la Rambla,125,29,143,410,707,678,18.436578171091444,21.091445427728612
2022,20220101_38034_D01_S003,38034_D01_S003,San Juan de la Rambla,42,14,46,163,265,251,16.733067729083665,18.326693227091635
2022,20220101_38034_D01_S004,38034_D01_S004,San Juan de la Rambla,59,20,97,269,445,425,13.882352941176471,22.823529411764707
2022,20220101_38035_D01_S001,38035_D01_S001,San Miguel de Abona,266,38,147,560,1011,973,27.33812949640288,15.107913669064748
2022,20220101_38035_D01_S002,38035_D01_S002,San Miguel de Abona,159,32,135,483,809,777,20.463320463320464,17.374517374517374
2022,20220101_38035_D01_S003,38035_D01_S003,San Miguel de Abona,184,49,142,588,963,914,20.13129102844639,15.536105032822757
2022,20220101_38035_D01_S004,38035_D01_S004,San Miguel de Abona,467,110,292,1277,2146,2036,22.93713163064833,14.341846758349705
2022,20220101_38035_D01_S005,38035_D01_S005,San Miguel de Abona,81,13,88,222,404,391,20.71611253196931,22.506393861892583
2022,20220101_38035_D01_S006,38035_D01_S006,San Miguel de Abona,81,35,157,394,667,632,12.816455696202532,24.841772151898734
2022,20220101_38035_D01_S007,38035_D01_S007,San Miguel de Abona,234,52,111,568,965,913,25.629791894852136,12.157721796276013
2022,20220101_38035_D01_S008,38035_D01_S008,San Miguel de Abona,277,43,109,653,1082,1039,26.660250240615976,10.490856592877767
2022,20220101_38035_D01_S009,38035_D01_S009,San Miguel de Abona,137,39,236,576,988,949,14.436248682824026,24.868282402528976
2022,20220101_38036_D01_S001,38036_D01_S001,San Sebastián de la Gomera,460,55,154,561,1230,1175,39.148936170212764,13.106382978723405
2022,20220101_38036_D01_S002,38036_D01_S002,San Sebastián de la Gomera,189,46,133,439,807,761,24.83574244415243,17.47700394218134
2022,20220101_38036_D01_S003,38036_D01_S003,San Sebastián de la Gomera,84,11,51,165,311,300,28.0,17.0
2022,20220101_38036_D01_S005,38036_D01_S005,San Sebastián de la Gomera,258,45,142,416,861,816,31.61764705882353,17.401960784313726
2022,20220101_38036_D01_S006,38036_D01_S006,San Sebastián de la Gomera,199,27,74,263,563,536,37.12686567164179,13.805970149253731
2022,20220101_38036_D01_S007,38036_D01_S007,San Sebastián de la Gomera,75,11,87,192,365,354,21.1864406779661,24.576271186440678
2022,20220101_38037_D01_S001,38037_D01_S001,Santa Cruz de la Palma,175,25,48,253,501,476,36.76470588235294,10.084033613445378
2022,20220101_38037_D01_S002,38037_D01_S002,Santa Cruz de la Palma,103,16,85,211,415,399,25.81453634085213,21.303258145363408
2022,20220101_38037_D01_S003,38037_D01_S003,Santa Cruz de la Palma,322,35,105,398,860,825,39.03030303030303,12.727272727272727
2022,20220101_38037_D02_S001,38037_D02_S001,Santa Cruz de la Palma,133,10,34,144,321,311,42.765273311897104,10.932475884244372
2022,20220101_38037_D02_S002,38037_D02_S002,Santa Cruz de la Palma,202,24,67,251,544,520,38.84615384615385,12.884615384615385
2022,20220101_38037_D02_S003,38037_D02_S003,Santa Cruz de la Palma,357,54,107,491,1009,955,37.382198952879584,11.204188481675393
2022,20220101_38037_D02_S005,38037_D02_S005,Santa Cruz de la Palma,8,2,4,19,33,31,25.806451612903224,12.903225806451612
2022,20220101_38037_D03_S001,38037_D03_S001,Santa Cruz de la Palma,185,17,55,187,444,427,43.32552693208431,12.880562060889929
2022,20220101_38037_D03_S002,38037_D03_S002,Santa Cruz de la Palma,133,17,35,178,363,346,38.4393063583815,10.115606936416185
2022,20220101_38037_D03_S003,38037_D03_S003,Santa Cruz de la Palma,79,16,89,258,442,426,18.544600938967136,20.892018779342724
2022,20220101_38037_D03_S004,38037_D03_S004,Santa Cruz de la Palma,148,15,73,255,491,476,31.092436974789916,15.336134453781513
2022,20220101_38037_D03_S005,38037_D03_S005,Santa Cruz de la Palma,105,41,110,352,608,567,18.51851851851852,19.400352733686066
2022,20220101_38038_D01_S001,38038_D01_S001,Santa Cruz de Tenerife,384,37,24,203,648,611,62.84779050736498,3.927986906710311
2022,20220101_38038_D01_S002,38038_D01_S002,Santa Cruz de Tenerife,191,29,37,147,404,375,50.93333333333333,9.866666666666667
2022,20220101_38038_D01_S003,38038_D01_S003,Santa Cruz de Tenerife,301,43,29,252,625,582,51.718213058419245,4.982817869415808
2022,20220101_38038_D01_S004,38038_D01_S004,Santa Cruz de Tenerife,273,28,20,170,491,463,58.96328293736501,4.319654427645788
2022,20220101_38038_D01_S006,38038_D01_S006,Santa Cruz de Tenerife,423,37,49,307,816,779,54.30038510911425,6.290115532734275
2022,20220101_38038_D01_S007,38038_D01_S007,Santa Cruz de Tenerife,170,17,12,113,312,295,57.6271186440678,4.067796610169491
2022,20220101_38038_D01_S008,38038_D01_S008,Santa Cruz de Tenerife,577,58,20,221,876,818,70.53789731051344,2.444987775061125
2022,20220101_38038_D01_S009,38038_D01_S009,Santa Cruz de Tenerife,284,20,7,128,439,419,67.78042959427208,1.6706443914081146
2022,20220101_38038_D01_S010,38038_D01_S010,Santa Cruz de Tenerife,409,36,23,176,644,608,67.26973684210526,3.7828947368421053
2022,20220101_38038_D01_S011,38038_D01_S011,Santa Cruz de Tenerife,265,17,12,108,402,385,68.83116883116882,3.116883116883117
2022,20220101_38038_D01_S012,38038_D01_S012,Santa Cruz de Tenerife,585,43,10,171,809,766,76.37075718015666,1.3054830287206267
2022,20220101_38038_D02_S001,38038_D02_S001,Santa Cruz de Tenerife,267,24,17,183,491,467,57.17344753747324,3.640256959314775
2022,20220101_38038_D02_S002,38038_D02_S002,Santa Cruz de Tenerife,212,24,11,138,385,361,58.72576177285318,3.0470914127423825
2022,20220101_38038_D02_S003,38038_D02_S003,Santa Cruz de Tenerife,320,24,23,215,582,558,57.34767025089606,4.121863799283154
2022,20220101_38038_D02_S004,38038_D02_S004,Santa Cruz de Tenerife,213,13,19,99,344,331,64.35045317220543,5.740181268882175
2022,20220101_38038_D02_S005,38038_D02_S005,Santa Cruz de Tenerife,398,30,26,215,669,639,62.284820031298906,4.068857589984351
2022,20220101_38038_D02_S006,38038_D02_S006,Santa Cruz de Tenerife,388,36,34,239,697,661,58.69894099848714,5.143721633888048
2022,20220101_38038_D02_S007,38038_D02_S007,Santa Cruz de Tenerife,209,16,10,95,330,314,66.56050955414013,3.1847133757961785
2022,20220101_38038_D02_S008,38038_D02_S008,Santa Cruz de Tenerife,276,25,18,176,495,470,58.723404255319146,3.8297872340425534
2022,20220101_38038_D02_S009,38038_D02_S009,Santa Cruz de Tenerife,392,44,41,262,739,695,56.402877697841724,5.899280575539568
2022,20220101_38038_D03_S001,38038_D03_S001,Santa Cruz de Tenerife,907,64,27,433,1431,1367,66.34967081199707,1.9751280175566934
2022,20220101_38038_D03_S002,38038_D03_S002,Santa Cruz de Tenerife,179,27,19,168,393,366,48.90710382513661,5.191256830601093
2022,20220101_38038_D03_S003,38038_D03_S003,Santa Cruz de Tenerife,318,23,39,230,610,587,54.173764906303234,6.6439522998296425
2022,20220101_38038_D03_S004,38038_D03_S004,Santa Cruz de Tenerife,105,12,28,123,268,256,41.015625,10.9375
2022,20220101_38038_D03_S005,38038_D03_S005,Santa Cruz de Tenerife,234,24,54,248,560,536,43.656716417910445,10.074626865671641
2022,20220101_38038_D03_S006,38038_D03_S006,Santa Cruz de Tenerife,185,9,14,83,291,282,65.60283687943263,4.964539007092198
2022,20220101_38038_D03_S007,38038_D03_S007,Santa Cruz de Tenerife,122,28,34,188,372,344,35.46511627906977,9.883720930232558
2022,20220101_38038_D03_S008,38038_D03_S008,Santa Cruz de Tenerife,217,23,19,198,457,434,50.0,4.377880184331797
2022,20220101_38038_D03_S009,38038_D03_S009,Santa Cruz de Tenerife,307,23,36,195,561,538,57.0631970260223,6.691449814126394
2022,20220101_38038_D03_S010,38038_D03_S010,Santa Cruz de Tenerife,141,17,31,165,354,337,41.839762611275965,9.198813056379821
2022,20220101_38038_D03_S011,38038_D03_S011,Santa Cruz de Tenerife,315,16,26,139,496,480,65.625,5.416666666666667
2022,20220101_38038_D03_S013,38038_D03_S013,Santa Cruz de Tenerife,246,21,30,219,516,495,49.696969696969695,6.0606060606060606
2022,20220101_38038_D03_S014,38038_D03_S014,Santa Cruz de Tenerife,267,29,34,246,576,547,48.81170018281536,6.2157221206581355
2022,20220101_38038_D03_S015,38038_D03_S015,Santa Cruz de Tenerife,254,20,48,214,536,516,49.224806201550386,9.30232558139535
2022,20220101_38038_D03_S016,38038_D03_S016,Santa Cruz de Tenerife,128,12,52,155,347,335,38.208955223880594,15.522388059701493
2022,20220101_38038_D03_S017,38038_D03_S017,Santa Cruz de Tenerife,165,9,22,134,330,321,51.401869158878505,6.853582554517134
2022,20220101_38038_D03_S018,38038_D03_S018,Santa Cruz de Tenerife,107,16,40,154,317,301,35.548172757475086,13.289036544850498
2022,20220101_38038_D03_S019,38038_D03_S019,Santa Cruz de Tenerife,239,21,26,189,475,454,52.6431718061674,5.726872246696035
2022,20220101_38038_D03_S020,38038_D03_S020,Santa Cruz de Tenerife,405,33,39,231,708,675,60.0,5.777777777777778
2022,20220101_38038_D04_S001,38038_D04_S001,Santa Cruz de Tenerife,51,15,31,103,200,185,27.56756756756757,16.756756756756758
2022,20220101_38038_D04_S002,38038_D04_S002,Santa Cruz de Tenerife,66,10,51,179,306,296,22.2972972972973,17.22972972972973
2022,20220101_38038_D04_S003,38038_D04_S003,Santa Cruz de Tenerife,115,27,81,247,470,443,25.959367945823928,18.284424379232505
2022,20220101_38038_D04_S004,38038_D04_S004,Santa Cruz de Tenerife,76,17,65,204,362,345,22.028985507246375,18.840579710144926
2022,20220101_38038_D04_S005,38038_D04_S005,Santa Cruz de Tenerife,86,21,73,208,388,367,23.43324250681199,19.891008174386922
2022,20220101_38038_D04_S006,38038_D04_S006,Santa Cruz de Tenerife,90,21,75,237,423,402,22.388059701492537,18.65671641791045
2022,20220101_38038_D04_S007,38038_D04_S007,Santa Cruz de Tenerife,68,20,48,186,322,302,22.516556291390728,15.894039735099337
2022,20220101_38038_D04_S009,38038_D04_S009,Santa Cruz de Tenerife,95,17,90,258,460,443,21.44469525959368,20.31602708803612
2022,20220101_38038_D04_S011,38038_D04_S011,Santa Cruz de Tenerife,73,18,66,223,380,362,20.165745856353592,18.23204419889503
2022,20220101_38038_D04_S012,38038_D04_S012,Santa Cruz de Tenerife,64,15,44,174,297,282,22.69503546099291,15.602836879432624
2022,20220101_38038_D04_S014,38038_D04_S014,Santa Cruz de Tenerife,59,17,49,142,267,250,23.6,19.6
2022,20220101_38038_D04_S015,38038_D04_S015,Santa Cruz de Tenerife,33,7,40,153,233,226,14.601769911504425,17.699115044247787
2022,20220101_38038_D05_S001,38038_D05_S001,Santa Cruz de Tenerife,417,25,12,156,610,585,71.28205128205128,2.051282051282051
2022,20220101_38038_D05_S002,38038_D05_S002,Santa Cruz de Tenerife,401,32,46,217,696,664,60.39156626506024,6.927710843373494
2022,20220101_38038_D05_S003,38038_D05_S003,Santa Cruz de Tenerife,270,35,39,175,519,484,55.78512396694215,8.057851239669422
2022,20220101_38038_D05_S004,38038_D05_S004,Santa Cruz de Tenerife,223,20,33,135,411,391,57.033248081841435,8.439897698209718
2022,20220101_38038_D05_S005,38038_D05_S005,Santa Cruz de Tenerife,309,27,49,211,596,569,54.30579964850615,8.611599297012303
2022,20220101_38038_D05_S006,38038_D05_S006,Santa Cruz de Tenerife,253,31,47,209,540,509,49.70530451866405,9.233791748526523
2022,20220101_38038_D05_S007,38038_D05_S007,Santa Cruz de Tenerife,253,40,48,191,532,492,51.422764227642276,9.75609756097561
2022,20220101_38038_D05_S008,38038_D05_S008,Santa Cruz de Tenerife,322,20,46,198,586,566,56.890459363957596,8.12720848056537
2022,20220101_38038_D05_S009,38038_D05_S009,Santa Cruz de Tenerife,275,28,29,127,459,431,63.80510440835267,6.728538283062645
2022,20220101_38038_D05_S010,38038_D05_S010,Santa Cruz de Tenerife,478,43,18,162,701,658,72.64437689969606,2.735562310030395
2022,20220101_38038_D05_S011,38038_D05_S011,Santa Cruz de Tenerife,163,14,33,117,327,313,52.07667731629393,10.543130990415335
2022,20220101_38038_D05_S012,38038_D05_S012,Santa Cruz de Tenerife,452,45,34,235,766,721,62.690707350901526,4.715672676837725
2022,20220101_38038_D05_S013,38038_D05_S013,Santa Cruz de Tenerife,215,20,40,181,456,436,49.31192660550459,9.174311926605505
2022,20220101_38038_D05_S014,38038_D05_S014,Santa Cruz de Tenerife,234,39,66,215,554,515,45.43689320388349,12.815533980582524
2022,20220101_38038_D05_S015,38038_D05_S015,Santa Cruz de Tenerife,185,13,24,110,332,319,57.99373040752351,7.523510971786834
2022,20220101_38038_D06_S001,38038_D06_S001,Santa Cruz de Tenerife,295,38,50,217,600,562,52.49110320284697,8.896797153024911
2022,20220101_38038_D06_S002,38038_D06_S002,Santa Cruz de Tenerife,195,7,3,96,301,294,66.3265306122449,1.0204081632653061
2022,20220101_38038_D06_S003,38038_D06_S003,Santa Cruz de Tenerife,104,26,57,222,409,383,27.154046997389035,14.882506527415144
2022,20220101_38038_D06_S004,38038_D06_S004,Santa Cruz de Tenerife,65,22,83,153,323,301,21.59468438538206,27.574750830564785
2022,20220101_38038_D06_S005,38038_D06_S005,Santa Cruz de Tenerife,167,18,36,181,402,384,43.489583333333336,9.375
2022,20220101_38038_D06_S006,38038_D06_S006,Santa Cruz de Tenerife,159,11,8,87,265,254,62.59842519685039,3.1496062992125986
2022,20220101_38038_D06_S007,38038_D06_S007,Santa Cruz de Tenerife,375,64,72,410,921,857,43.75729288214703,8.401400233372229
2022,20220101_38038_D06_S008,38038_D06_S008,Santa Cruz de Tenerife,227,24,23,142,416,392,57.90816326530612,5.86734693877551
2022,20220101_38038_D06_S010,38038_D06_S010,Santa Cruz de Tenerife,151,19,23,215,408,389,38.81748071979435,5.912596401028278
2022,20220101_38038_D06_S011,38038_D06_S011,Santa Cruz de Tenerife,142,14,58,190,404,390,36.41025641025641,14.871794871794872
2022,20220101_38038_D06_S012,38038_D06_S012,Santa Cruz de Tenerife,279,32,44,249,604,572,48.77622377622377,7.6923076923076925
2022,20220101_38038_D06_S013,38038_D06_S013,Santa Cruz de Tenerife,215,20,21,116,372,352,61.07954545454545,5.965909090909091
2022,20220101_38038_D06_S014,38038_D06_S014,Santa Cruz de Tenerife,170,24,31,185,410,386,44.04145077720207,8.031088082901555
2022,20220101_38038_D06_S016,38038_D06_S016,Santa Cruz de Tenerife,34,11,74,174,293,282,12.056737588652481,26.24113475177305
2022,20220101_38038_D06_S017,38038_D06_S017,Santa Cruz de Tenerife,117,18,66,233,434,416,28.125,15.865384615384615
2022,20220101_38038_D06_S018,38038_D06_S018,Santa Cruz de Tenerife,151,26,30,183,390,364,41.48351648351648,8.241758241758241
2022,20220101_38038_D06_S019,38038_D06_S019,Santa Cruz de Tenerife,176,7,33,186,402,395,44.55696202531646,8.354430379746836
2022,20220101_38038_D06_S020,38038_D06_S020,Santa Cruz de Tenerife,143,16,60,189,408,392,36.47959183673469,15.306122448979592
2022,20220101_38038_D06_S021,38038_D06_S021,Santa Cruz de Tenerife,180,33,61,286,560,527,34.15559772296015,11.574952561669829
2022,20220101_38038_D06_S022,38038_D06_S022,Santa Cruz de Tenerife,436,59,35,344,874,815,53.49693251533742,4.294478527607362
2022,20220101_38038_D06_S023,38038_D06_S023,Santa Cruz de Tenerife,87,16,70,161,334,318,27.358490566037737,22.0125786163522
2022,20220101_38038_D06_S025,38038_D06_S025,Santa Cruz de Tenerife,512,60,17,268,857,797,64.2409033877039,2.132998745294856
2022,20220101_38038_D06_S026,38038_D06_S026,Santa Cruz de Tenerife,50,7,41,159,257,250,20.0,16.4
2022,20220101_38038_D06_S028,38038_D06_S028,Santa Cruz de Tenerife,274,29,44,307,654,625,43.84,7.04
2022,20220101_38038_D06_S029,38038_D06_S029,Santa Cruz de Tenerife,77,7,6,38,128,121,63.63636363636363,4.958677685950414
2022,20220101_38038_D07_S001,38038_D07_S001,Santa Cruz de Tenerife,261,36,67,359,723,687,37.99126637554585,9.75254730713246
2022,20220101_38038_D07_S002,38038_D07_S002,Santa Cruz de Tenerife,119,25,104,328,576,551,21.59709618874773,18.874773139745916
2022,20220101_38038_D07_S003,38038_D07_S003,Santa Cruz de Tenerife,151,27,103,366,647,620,24.35483870967742,16.612903225806452
2022,20220101_38038_D07_S004,38038_D07_S004,Santa Cruz de Tenerife,30,7,54,136,227,220,13.636363636363637,24.545454545454547
2022,20220101_38038_D07_S005,38038_D07_S005,Santa Cruz de Tenerife,76,15,49,188,328,313,24.28115015974441,15.654952076677317
2022,20220101_38038_D07_S006,38038_D07_S006,Santa Cruz de Tenerife,108,18,86,213,425,407,26.535626535626534,21.13022113022113
2022,20220101_38038_D07_S007,38038_D07_S007,Santa Cruz de Tenerife,100,18,90,277,485,467,21.41327623126338,19.271948608137045
2022,20220101_38038_D07_S009,38038_D07_S009,Santa Cruz de Tenerife,139,21,66,286,512,491,28.30957230142566,13.441955193482688
2022,20220101_38038_D08_S001,38038_D08_S001,Santa Cruz de Tenerife,61,16,92,222,391,375,16.266666666666666,24.533333333333335
2022,20220101_38038_D09_S001,38038_D09_S001,Santa Cruz de Tenerife,78,18,74,182,352,334,23.353293413173652,22.15568862275449
2022,20220101_38038_D09_S002,38038_D09_S002,Santa Cruz de Tenerife,50,14,54,123,241,227,22.026431718061673,23.788546255506606
2022,20220101_38038_D09_S003,38038_D09_S003,Santa Cruz de Tenerife,74,13,65,221,373,360,20.555555555555557,18.055555555555557
2022,20220101_38038_D09_S006,38038_D09_S006,Santa Cruz de Tenerife,112,17,87,258,474,457,24.50765864332604,19.037199124726477
2022,20220101_38038_D09_S007,38038_D09_S007,Santa Cruz de Tenerife,67,15,31,199,312,297,22.55892255892256,10.437710437710438
2022,20220101_38038_D09_S009,38038_D09_S009,Santa Cruz de Tenerife,75,16,83,299,473,457,16.411378555798688,18.161925601750546
2022,20220101_38038_D09_S010,38038_D09_S010,Santa Cruz de Tenerife,54,14,105,227,400,386,13.989637305699482,27.202072538860104
2022,20220101_38038_D09_S011,38038_D09_S011,Santa Cruz de Tenerife,52,12,92,195,351,339,15.339233038348082,27.13864306784661
2022,20220101_38038_D09_S012,38038_D09_S012,Santa Cruz de Tenerife,121,22,100,380,623,601,20.133111480865225,16.638935108153078
2022,20220101_38038_D09_S014,38038_D09_S014,Santa Cruz de Tenerife,41,15,50,155,261,246,16.666666666666668,20.32520325203252
2022,20220101_38038_D09_S015,38038_D09_S015,Santa Cruz de Tenerife,81,9,38,174,302,293,27.64505119453925,12.969283276450511
2022,20220101_38038_D09_S016,38038_D09_S016,Santa Cruz de Tenerife,50,11,65,211,337,326,15.337423312883436,19.938650306748468
2022,20220101_38038_D09_S018,38038_D09_S018,Santa Cruz de Tenerife,42,9,40,127,218,209,20.095693779904305,19.138755980861244
2022,20220101_38038_D09_S019,38038_D09_S019,Santa Cruz de Tenerife,134,26,83,328,571,545,24.587155963302752,15.229357798165138
2022,20220101_38038_D09_S021,38038_D09_S021,Santa Cruz de Tenerife,65,16,51,167,299,283,22.968197879858657,18.021201413427562
2022,20220101_38038_D09_S022,38038_D09_S022,Santa Cruz de Tenerife,82,19,81,248,430,411,19.951338199513383,19.708029197080293
2022,20220101_38038_D10_S001,38038_D10_S001,Santa Cruz de Tenerife,53,21,39,167,280,259,20.463320463320464,15.057915057915057
2022,20220101_38038_D10_S002,38038_D10_S002,Santa Cruz de Tenerife,79,14,61,192,346,332,23.795180722891565,18.373493975903614
2022,20220101_38038_D10_S003,38038_D10_S003,Santa Cruz de Tenerife,84,12,50,211,357,345,24.347826086956523,14.492753623188406
2022,20220101_38038_D10_S004,38038_D10_S004,Santa Cruz de Tenerife,45,7,32,131,215,208,21.634615384615383,15.384615384615385
2022,20220101_38038_D10_S005,38038_D10_S005,Santa Cruz de Tenerife,53,14,51,145,263,249,21.285140562248998,20.481927710843372
2022,20220101_38038_D10_S006,38038_D10_S006,Santa Cruz de Tenerife,208,24,58,268,558,534,38.951310861423224,10.861423220973784
2022,20220101_38038_D10_S007,38038_D10_S007,Santa Cruz de Tenerife,126,10,40,139,315,305,41.31147540983606,13.114754098360656
2022,20220101_38038_D10_S008,38038_D10_S008,Santa Cruz de Tenerife,89,13,51,194,347,334,26.646706586826348,15.269461077844312
2022,20220101_38038_D10_S009,38038_D10_S009,Santa Cruz de Tenerife,80,20,33,186,319,299,26.755852842809364,11.036789297658864
2022,20220101_38038_D10_S010,38038_D10_S010,Santa Cruz de Tenerife,54,8,52,128,242,234,23.076923076923077,22.22222222222222
2022,20220101_38038_D10_S011,38038_D10_S011,Santa Cruz de Tenerife,86,16,57,352,511,495,17.373737373737374,11.515151515151516
2022,20220101_38038_D10_S012,38038_D10_S012,Santa Cruz de Tenerife,66,14,56,174,310,296,22.2972972972973,18.91891891891892
2022,20220101_38038_D10_S013,38038_D10_S013,Santa Cruz de Tenerife,66,11,18,112,207,196,33.673469387755105,9.183673469387756
2022,20220101_38038_D10_S014,38038_D10_S014,Santa Cruz de Tenerife,90,15,44,204,353,338,26.62721893491124,13.017751479289942
2022,20220101_38038_D10_S015,38038_D10_S015,Santa Cruz de Tenerife,176,20,56,188,440,420,41.904761904761905,13.333333333333334
2022,20220101_38038_D10_S016,38038_D10_S016,Santa Cruz de Tenerife,137,23,42,251,453,430,31.86046511627907,9.767441860465116
2022,20220101_38038_D11_S001,38038_D11_S001,Santa Cruz de Tenerife,113,25,104,368,610,585,19.316239316239315,17.77777777777778
2022,20220101_38038_D11_S002,38038_D11_S002,Santa Cruz de Tenerife,199,46,94,458,797,751,26.498002663115845,12.51664447403462
2022,20220101_38038_D11_S003,38038_D11_S003,Santa Cruz de Tenerife,366,66,91,662,1185,1119,32.707774798927616,8.132260947274352
2022,20220101_38038_D11_S004,38038_D11_S004,Santa Cruz de Tenerife,166,39,135,526,866,827,20.072551390568318,16.324062877871825
2022,20220101_38038_D11_S005,38038_D11_S005,Santa Cruz de Tenerife,113,22,64,299,498,476,23.73949579831933,13.445378151260504
2022,20220101_38038_D11_S006,38038_D11_S006,Santa Cruz de Tenerife,135,28,143,427,733,705,19.148936170212767,20.28368794326241
2022,20220101_38038_D11_S007,38038_D11_S007,Santa Cruz de Tenerife,111,21,77,276,485,464,23.92241379310345,16.594827586206897
2022,20220101_38038_D11_S008,38038_D11_S008,Santa Cruz de Tenerife,179,34,47,346,606,572,31.293706293706293,8.216783216783217
2022,20220101_38038_D11_S009,38038_D11_S009,Santa Cruz de Tenerife,85,8,94,226,413,405,20.987654320987655,23.209876543209877
2022,20220101_38038_D11_S010,38038_D11_S010,Santa Cruz de Tenerife,158,23,98,317,596,573,27.574171029668413,17.102966841186735
2022,20220101_38038_D11_S011,38038_D11_S011,Santa Cruz de Tenerife,33,11,97,186,327,316,10.443037974683545,30.696202531645568
2022,20220101_38038_D11_S012,38038_D11_S012,Santa Cruz de Tenerife,76,19,120,309,524,505,15.049504950495049,23.762376237623762
2022,20220101_38038_D11_S013,38038_D11_S013,Santa Cruz de Tenerife,201,42,76,402,721,679,29.60235640648012,11.192930780559646
2022,20220101_38038_D11_S014,38038_D11_S014,Santa Cruz de Tenerife,275,28,15,212,530,502,54.78087649402391,2.9880478087649402
2022,20220101_38038_D11_S015,38038_D11_S015,Santa Cruz de Tenerife,124,32,87,389,632,600,20.666666666666668,14.5
2022,20220101_38038_D11_S016,38038_D11_S016,Santa Cruz de Tenerife,64,13,73,188,338,325,19.692307692307693,22.46153846153846
2022,20220101_38038_D11_S017,38038_D11_S017,Santa Cruz de Tenerife,65,32,92,230,419,387,16.795865633074936,23.772609819121445
2022,20220101_38038_D11_S018,38038_D11_S018,Santa Cruz de Tenerife,249,36,87,433,805,769,32.37971391417425,11.31339401820546
2022,20220101_38038_D11_S019,38038_D11_S019,Santa Cruz de Tenerife,108,18,70,280,476,458,23.580786026200872,15.283842794759826
2022,20220101_38038_D11_S020,38038_D11_S020,Santa Cruz de Tenerife,197,22,83,407,709,687,28.675400291120816,12.08151382823872
2022,20220101_38038_D11_S021,38038_D11_S021,Santa Cruz de Tenerife,550,50,30,410,1040,990,55.55555555555556,3.0303030303030303
2022,20220101_38038_D12_S001,38038_D12_S001,Santa Cruz de Tenerife,182,40,84,392,698,658,27.659574468085108,12.76595744680851
2022,20220101_38038_D12_S002,38038_D12_S002,Santa Cruz de Tenerife,188,43,118,466,815,772,24.352331606217618,15.284974093264248
2022,20220101_38038_D12_S003,38038_D12_S003,Santa Cruz de Tenerife,59,17,57,199,332,315,18.73015873015873,18.095238095238095
2022,20220101_38038_D12_S004,38038_D12_S004,Santa Cruz de Tenerife,133,20,75,296,524,504,26.38888888888889,14.880952380952381
2022,20220101_38038_D12_S005,38038_D12_S005,Santa Cruz de Tenerife,266,47,115,567,995,948,28.059071729957807,12.130801687763713
2022,20220101_38038_D12_S006,38038_D12_S006,Santa Cruz de Tenerife,166,28,89,407,690,662,25.075528700906343,13.444108761329305
2022,20220101_38038_D12_S007,38038_D12_S007,Santa Cruz de Tenerife,92,15,43,231,381,366,25.136612021857925,11.748633879781421
2022,20220101_38038_D12_S008,38038_D12_S008,Santa Cruz de Tenerife,273,36,106,590,1005,969,28.173374613003094,10.939112487100104
2022,20220101_38038_D12_S009,38038_D12_S009,Santa Cruz de Tenerife,308,58,94,572,1032,974,31.62217659137577,9.650924024640657
2022,20220101_38038_D12_S010,38038_D12_S010,Santa Cruz de Tenerife,230,30,73,412,745,715,32.16783216783217,10.20979020979021
2022,20220101_38038_D12_S011,38038_D12_S011,Santa Cruz de Tenerife,218,28,125,462,833,805,27.080745341614907,15.527950310559007
2022,20220101_38039_D01_S001,38039_D01_S001,Santa Úrsula,156,30,108,448,742,712,21.910112359550563,15.168539325842696
2022,20220101_38039_D01_S002,38039_D01_S002,Santa Úrsula,103,20,94,394,611,591,17.42808798646362,15.905245346869712
2022,20220101_38039_D01_S003,38039_D01_S003,Santa Úrsula,98,13,106,280,497,484,20.24793388429752,21.90082644628099
2022,20220101_38039_D01_S004,38039_D01_S004,Santa Úrsula,297,32,54,363,746,714,41.596638655462186,7.563025210084033
2022,20220101_38039_D01_S005,38039_D01_S005,Santa Úrsula,118,24,54,314,510,486,24.279835390946502,11.11111111111111
2022,20220101_38039_D01_S006,38039_D01_S006,Santa Úrsula,189,34,85,428,736,702,26.923076923076923,12.108262108262108
2022,20220101_38039_D01_S007,38039_D01_S007,Santa Úrsula,217,35,93,443,788,753,28.818061088977423,12.350597609561753
2022,20220101_38039_D01_S008,38039_D01_S008,Santa Úrsula,104,27,62,258,451,424,24.528301886792452,14.622641509433961
2022,20220101_38039_D01_S009,38039_D01_S009,Santa Úrsula,500,43,34,436,1013,970,51.54639175257732,3.5051546391752577
2022,20220101_38040_D01_S001,38040_D01_S001,Santiago del Teide,97,31,112,356,596,565,17.168141592920353,19.82300884955752
2022,20220101_38040_D01_S002,38040_D01_S002,Santiago del Teide,256,59,143,593,1051,992,25.806451612903224,14.415322580645162
2022,20220101_38040_D01_S003,38040_D01_S003,Santiago del Teide,195,38,253,637,1123,1085,17.972350230414747,23.317972350230416
2022,20220101_38040_D01_S004,38040_D01_S004,Santiago del Teide,230,68,213,829,1340,1272,18.08176100628931,16.745283018867923
2022,20220101_38041_D01_S001,38041_D01_S001,"Sauzal, El",362,44,60,329,795,751,48.202396804260985,7.989347536617843
2022,20220101_38041_D01_S002,38041_D01_S002,"Sauzal, El",65,14,64,227,370,356,18.258426966292134,17.97752808988764
2022,20220101_38041_D01_S003,38041_D01_S003,"Sauzal, El",99,21,103,272,495,474,20.88607594936709,21.729957805907173
2022,20220101_38041_D01_S004,38041_D01_S004,"Sauzal, El",361,25,52,251,689,664,54.36746987951807,7.831325301204819
2022,20220101_38041_D01_S005,38041_D01_S005,"Sauzal, El",266,19,70,339,694,675,39.407407407407405,10.37037037037037
2022,20220101_38041_D01_S006,38041_D01_S006,"Sauzal, El",100,14,125,327,566,552,18.115942028985508,22.644927536231883
2022,20220101_38042_D01_S001,38042_D01_S001,"Silos, Los",146,29,82,227,484,455,32.08791208791209,18.021978021978022
2022,20220101_38042_D01_S002,38042_D01_S002,"Silos, Los",88,12,105,192,397,385,22.857142857142858,27.272727272727273
2022,20220101_38042_D01_S003,38042_D01_S003,"Silos, Los",65,15,112,167,359,344,18.8953488372093,32.55813953488372
2022,20220101_38042_D01_S004,38042_D01_S004,"Silos, Los",63,9,141,154,367,358,17.59776536312849,39.385474860335194
2022,20220101_38043_D01_S001,38043_D01_S001,Tacoronte,328,30,75,375,808,778,42.159383033419026,9.640102827763496
2022,20220101_38043_D01_S002,38043_D01_S002,Tacoronte,242,24,78,368,712,688,35.174418604651166,11.337209302325581
2022,20220101_38043_D01_S003,38043_D01_S003,Tacoronte,255,32,70,335,692,660,38.63636363636363,10.606060606060606
2022,20220101_38043_D01_S004,38043_D01_S004,Tacoronte,77,19,98,262,456,437,17.620137299771166,22.42562929061785
2022,20220101_38043_D01_S005,38043_D01_S005,Tacoronte,239,28,69,303,639,611,39.11620294599018,11.292962356792144
2022,20220101_38043_D01_S006,38043_D01_S006,Tacoronte,106,13,30,146,295,282,37.5886524822695,10.638297872340425
2022,20220101_38043_D01_S007,38043_D01_S007,Tacoronte,148,24,93,390,655,631,23.454833597464344,14.73851030110935
2022,20220101_38043_D01_S008,38043_D01_S008,Tacoronte,262,30,66,313,671,641,40.87363494539782,10.29641185647426
2022,20220101_38043_D01_S009,38043_D01_S009,Tacoronte,302,40,131,497,970,930,32.473118279569896,14.086021505376344
2022,20220101_38043_D01_S010,38043_D01_S010,Tacoronte,253,29,62,313,657,628,40.28662420382165,9.872611464968152
2022,20220101_38043_D01_S011,38043_D01_S011,Tacoronte,388,36,71,467,962,926,41.90064794816415,7.667386609071274
2022,20220101_38043_D01_S012,38043_D01_S012,Tacoronte,140,25,109,417,691,666,21.02102102102102,16.366366366366368
2022,20220101_38043_D01_S013,38043_D01_S013,Tacoronte,163,17,56,278,514,497,32.796780684104625,11.267605633802816
2022,20220101_38043_D01_S014,38043_D01_S014,Tacoronte,266,22,53,230,571,549,48.451730418943534,9.65391621129326
2022,20220101_38043_D01_S015,38043_D01_S015,Tacoronte,222,23,52,294,591,568,39.08450704225352,9.154929577464788
2022,20220101_38044_D01_S001,38044_D01_S001,"Tanque, El",78,22,166,281,547,525,14.857142857142858,31.61904761904762
2022,20220101_38044_D01_S002,38044_D01_S002,"Tanque, El",53,18,153,226,450,432,12.268518518518519,35.416666666666664
2022,20220101_38045_D01_S001,38045_D01_S001,Tazacorte,34,9,35,100,178,169,20.118343195266274,20.71005917159763
2022,20220101_38045_D01_S002,38045_D01_S002,Tazacorte,171,29,119,383,702,673,25.40861812778603,17.682020802377416
2022,20220101_38045_D01_S003,38045_D01_S003,Tazacorte,92,19,48,187,346,327,28.134556574923547,14.678899082568808
2022,20220101_38045_D01_S004,38045_D01_S004,Tazacorte,47,20,85,186,338,318,14.779874213836479,26.729559748427672
2022,20220101_38046_D01_S001,38046_D01_S001,Tegueste,430,47,70,373,920,873,49.25544100801833,8.018327605956472
2022,20220101_38046_D01_S002,38046_D01_S002,Tegueste,260,38,84,386,768,730,35.61643835616438,11.506849315068493
2022,20220101_38046_D01_S003,38046_D01_S003,Tegueste,260,31,91,385,767,736,35.32608695652174,12.36413043478261
2022,20220101_38046_D01_S004,38046_D01_S004,Tegueste,401,45,114,420,980,935,42.88770053475936,12.192513368983958
2022,20220101_38046_D01_S005,38046_D01_S005,Tegueste,186,19,38,204,447,428,43.45794392523364,8.878504672897197
2022,20220101_38046_D01_S006,38046_D01_S006,Tegueste,274,32,31,213,550,518,52.8957528957529,5.984555984555985
2022,20220101_38046_D01_S007,38046_D01_S007,Tegueste,204,37,67,319,627,590,34.57627118644068,11.35593220338983
2022,20220101_38047_D01_S001,38047_D01_S001,Tijarafe,164,41,80,305,590,549,29.872495446265937,14.571948998178506
2022,20220101_38047_D01_S002,38047_D01_S002,Tijarafe,83,35,52,178,348,313,26.517571884984026,16.61341853035144
2022,20220101_38048_D01_S001,38048_D01_S001,Valverde,259,42,102,374,777,735,35.23809523809524,13.877551020408163
2022,20220101_38048_D01_S002,38048_D01_S002,Valverde,241,53,95,426,815,762,31.62729658792651,12.46719160104987
2022,20220101_38048_D01_S004,38048_D01_S004,Valverde,213,22,33,201,469,447,47.651006711409394,7.382550335570469
2022,20220101_38049_D01_S001,38049_D01_S001,Valle Gran Rey,226,47,170,614,1057,1010,22.376237623762375,16.831683168316832
2022,20220101_38049_D01_S002,38049_D01_S002,Valle Gran Rey,111,16,85,370,582,566,19.6113074204947,15.017667844522968
2022,20220101_38050_D01_S001,38050_D01_S001,Vallehermoso,187,27,64,411,689,662,28.24773413897281,9.667673716012084
2022,20220101_38050_D03_S001,38050_D03_S001,Vallehermoso,48,13,90,149,300,287,16.72473867595819,31.358885017421603
2022,20220101_38051_D01_S001,38051_D01_S001,"Victoria de Acentejo, La",70,7,37,181,295,288,24.305555555555557,12.847222222222221
2022,20220101_38051_D01_S002,38051_D01_S002,"Victoria de Acentejo, La",133,18,40,278,469,451,29.490022172949,8.869179600886918
2022,20220101_38051_D01_S003,38051_D01_S003,"Victoria de Acentejo, La",60,12,86,297,455,443,13.544018058690744,19.41309255079007
2022,20220101_38051_D01_S004,38051_D01_S004,"Victoria de Acentejo, La",64,13,58,186,321,308,20.77922077922078,18.83116883116883
2022,20220101_38051_D01_S005,38051_D01_S005,"Victoria de Acentejo, La",134,21,66,372,593,572,23.426573426573427,11.538461538461538
2022,20220101_38051_D01_S006,38051_D01_S006,"Victoria de Acentejo, La",190,21,103,471,785,764,24.869109947643977,13.481675392670157
2022,20220101_38051_D01_S007,38051_D01_S007,"Victoria de Acentejo, La",138,20,43,353,554,534,25.84269662921348,8.05243445692884
2022,20220101_38052_D01_S001,38052_D01_S001,Vilaflor de Chasna,149,37,130,412,728,691,21.562952243125906,18.81331403762663
2022,20220101_38053_D01_S001,38053_D01_S001,Villa de Mazo,169,25,45,231,470,445,37.97752808988764,10.112359550561798
2022,20220101_38053_D01_S002,38053_D01_S002,Villa de Mazo,107,11,68,212,398,387,27.64857881136951,17.57105943152455
2022,20220101_38053_D01_S003,38053_D01_S003,Villa de Mazo,122,21,80,247,470,449,27.171492204899778,17.817371937639198
2022,20220101_38053_D01_S004,38053_D01_S004,Villa de Mazo,78,12,59,167,316,304,25.657894736842106,19.407894736842106
2022,20220101_38053_D01_S005,38053_D01_S005,Villa de Mazo,62,12,84,195,353,341,18.181818181818183,24.633431085043988
2022,20220101_38901_D01_S001,38901_D01_S001,"Pinar de El Hierro, El",212,43,109,383,747,704,30.113636363636363,15.482954545454545
2023,20230101_38001_D01_S001,38001_D01_S001,Adeje,177,33,150,461,821,788,22.461928934010153,19.03553299492386
2023,20230101_38001_D01_S002,38001_D01_S002,Adeje,184,40,254,754,1232,1192,15.436241610738255,21.308724832214764
2023,20230101_38001_D01_S003,38001_D01_S003,Adeje,232,51,135,798,1216,1165,19.914163090128756,11.587982832618026
2023,20230101_38001_D01_S004,38001_D01_S004,Adeje,147,38,239,584,1008,970,15.154639175257731,24.63917525773196
2023,20230101_38001_D01_S005,38001_D01_S005,Adeje,257,50,230,688,1225,1175,21.872340425531913,19.574468085106382
2023,20230101_38001_D01_S006,38001_D01_S006,Adeje,238,42,259,727,1266,1224,19.444444444444443,21.16013071895425
2023,20230101_38001_D01_S007,38001_D01_S007,Adeje,319,65,180,1050,1614,1549,20.593931568754034,11.620400258231117
2023,20230101_38001_D01_S008,38001_D01_S008,Adeje,342,72,107,584,1105,1033,33.10745401742498,10.358180058083253
2023,20230101_38001_D01_S009,38001_D01_S009,Adeje,404,52,107,763,1326,1274,31.71114599686028,8.398744113029828
2023,20230101_38001_D01_S010,38001_D01_S010,Adeje,157,32,98,380,667,635,24.724409448818896,15.433070866141732
2023,20230101_38001_D01_S011,38001_D01_S011,Adeje,390,75,188,1009,1662,1587,24.574669187145556,11.846250787649653
2023,20230101_38001_D01_S012,38001_D01_S012,Adeje,222,42,154,583,1001,959,23.149113660062564,16.05839416058394
2023,20230101_38001_D01_S013,38001_D01_S013,Adeje,468,91,156,926,1641,1550,30.193548387096776,10.064516129032258
2023,20230101_38001_D01_S014,38001_D01_S014,Adeje,138,34,119,418,709,675,20.444444444444443,17.62962962962963
2023,20230101_38001_D01_S015,38001_D01_S015,Adeje,181,39,197,614,1031,992,18.245967741935484,19.858870967741936
2023,20230101_38001_D01_S016,38001_D01_S016,Adeje,145,27,107,377,656,629,23.052464228934817,17.01112877583466
2023,20230101_38001_D01_S017,38001_D01_S017,Adeje,319,51,146,678,1194,1143,27.909011373578302,12.773403324584427
2023,20230101_38001_D01_S018,38001_D01_S018,Adeje,549,90,103,1066,1808,1718,31.955762514551804,5.9953434225844005
2023,20230101_38002_D01_S001,38002_D01_S001,Agulo,114,20,79,199,412,392,29.081632653061224,20.153061224489797
2023,20230101_38003_D01_S001,38003_D01_S001,Alajeró,192,36,183,510,921,885,21.694915254237287,20.677966101694917
2023,20230101_38004_D01_S001,38004_D01_S001,Arafo,276,32,107,484,899,867,31.833910034602077,12.341407151095732
2023,20230101_38004_D01_S002,38004_D01_S002,Arafo,171,24,109,389,693,669,25.56053811659193,16.292974588938716
2023,20230101_38004_D01_S003,38004_D01_S003,Arafo,273,35,98,449,855,820,33.292682926829265,11.951219512195122
2023,20230101_38005_D01_S001,38005_D01_S001,Arico,49,11,141,174,375,364,13.461538461538462,38.73626373626374
2023,20230101_38005_D01_S002,38005_D01_S002,Arico,48,10,111,161,330,320,15.0,34.6875
2023,20230101_38005_D01_S003,38005_D01_S003,Arico,115,21,96,272,504,483,23.80952380952381,19.875776397515526
2023,20230101_38005_D01_S004,38005_D01_S004,Arico,360,45,161,629,1195,1150,31.304347826086957,14.0
2023,20230101_38005_D01_S005,38005_D01_S005,Arico,187,29,196,626,1038,1009,18.53320118929633,19.425173439048564
2023,20230101_38005_D01_S006,38005_D01_S006,Arico,43,19,57,157,276,257,16.731517509727627,22.17898832684825
2023,20230101_38006_D01_S001,38006_D01_S001,Arona,99,25,101,303,528,503,19.681908548707753,20.07952286282306
2023,20230101_38006_D01_S002,38006_D01_S002,Arona,123,29,150,489,791,762,16.141732283464567,19.68503937007874
2023,20230101_38006_D01_S003,38006_D01_S003,Arona,221,45,252,838,1356,1311,16.857360793287565,19.221967963386728
2023,20230101_38006_D01_S004,38006_D01_S004,Arona,159,41,252,742,1194,1153,13.790112749349523,21.856027753686035
2023,20230101_38006_D01_S005,38006_D01_S005,Arona,153,32,174,606,965,933,16.39871382636656,18.64951768488746
2023,20230101_38006_D01_S006,38006_D01_S006,Arona,150,39,81,445,715,676,22.189349112426036,11.982248520710058
2023,20230101_38006_D01_S007,38006_D01_S007,Arona,83,36,308,475,902,866,9.584295612009237,35.56581986143187
2023,20230101_38006_D01_S008,38006_D01_S008,Arona,146,35,216,503,900,865,16.878612716763005,24.971098265895954
2023,20230101_38006_D01_S009,38006_D01_S009,Arona,194,32,251,784,1261,1229,15.78519121236778,20.423108218063465
2023,20230101_38006_D01_S010,38006_D01_S010,Arona,200,40,215,621,1076,1036,19.305019305019304,20.752895752895753
2023,20230101_38006_D01_S011,38006_D01_S011,Arona,335,56,207,1040,1638,1582,21.175726927939316,13.084702907711756
2023,20230101_38006_D01_S012,38006_D01_S012,Arona,57,19,129,346,551,532,10.714285714285714,24.24812030075188
2023,20230101_38006_D01_S013,38006_D01_S013,Arona,107,45,406,705,1263,1218,8.784893267651888,33.333333333333336
2023,20230101_38006_D01_S014,38006_D01_S014,Arona,203,36,152,763,1154,1118,18.157423971377458,13.595706618962433
2023,20230101_38006_D01_S015,38006_D01_S015,Arona,275,42,92,676,1085,1043,26.366251198465964,8.820709491850431
2023,20230101_38006_D01_S016,38006_D01_S016,Arona,385,80,258,987,1710,1630,23.619631901840492,15.828220858895705
2023,20230101_38006_D01_S017,38006_D01_S017,Arona,71,12,70,246,399,387,18.34625322997416,18.087855297157624
2023,20230101_38006_D01_S018,38006_D01_S018,Arona,362,68,215,1115,1760,1692,21.39479905437352,12.706855791962175
2023,20230101_38006_D01_S019,38006_D01_S019,Arona,144,24,75,418,661,637,22.60596546310832,11.773940345368917
2023,20230101_38006_D01_S020,38006_D01_S020,Arona,281,78,119,820,1298,1220,23.0327868852459,9.754098360655737
2023,20230101_38006_D01_S021,38006_D01_S021,Arona,115,44,283,638,1080,1036,11.1003861003861,27.316602316602317
2023,20230101_38006_D01_S022,38006_D01_S022,Arona,233,53,205,698,1189,1136,20.510563380281692,18.045774647887324
2023,20230101_38006_D01_S023,38006_D01_S023,Arona,125,48,255,577,1005,957,13.061650992685475,26.645768025078368
2023,20230101_38006_D01_S024,38006_D01_S024,Arona,148,28,176,587,939,911,16.245883644346872,19.319429198682766
2023,20230101_38006_D01_S025,38006_D01_S025,Arona,143,28,133,422,726,698,20.487106017191977,19.054441260744987
2023,20230101_38006_D01_S026,38006_D01_S026,Arona,366,81,157,886,1490,1409,25.975869410929736,11.142654364797728
2023,20230101_38006_D01_S027,38006_D01_S027,Arona,180,50,257,804,1291,1241,14.5044319097502,20.70910556003223
2023,20230101_38006_D01_S028,38006_D01_S028,Arona,114,50,290,610,1064,1014,11.242603550295858,28.599605522682445
2023,20230101_38006_D01_S029,38006_D01_S029,Arona,69,21,237,385,712,691,9.985528219971057,34.29811866859624
2023,20230101_38006_D01_S030,38006_D01_S030,Arona,148,65,240,746,1199,1134,13.051146384479718,21.164021164021165
2023,20230101_38006_D01_S031,38006_D01_S031,Arona,75,50,325,491,941,891,8.417508417508417,36.47586980920314
2023,20230101_38006_D01_S032,38006_D01_S032,Arona,188,40,125,553,906,866,21.709006928406467,14.434180138568129
2023,20230101_38006_D01_S033,38006_D01_S033,Arona,332,51,74,573,1030,979,33.912155260469866,7.558733401430031
2023,20230101_38006_D01_S034,38006_D01_S034,Arona,103,32,124,348,607,575,17.91304347826087,21.565217391304348
2023,20230101_38007_D01_S001,38007_D01_S001,Barlovento,168,37,133,458,796,759,22.134387351778656,17.523056653491437
2023,20230101_38008_D01_S001,38008_D01_S001,Breña Alta,132,17,77,320,546,529,24.95274102079395,14.555765595463138
2023,20230101_38008_D01_S002,38008_D01_S002,Breña Alta,297,25,122,500,944,919,32.3177366702938,13.275299238302503
2023,20230101_38008_D01_S003,38008_D01_S003,Breña Alta,350,36,114,537,1037,1001,34.96503496503497,11.38861138861139
2023,20230101_38008_D01_S004,38008_D01_S004,Breña Alta,154,30,138,429,751,721,21.359223300970875,19.14008321775312
2023,20230101_38009_D01_S001,38009_D01_S001,Breña Baja,366,47,126,516,1055,1008,36.30952380952381,12.5
2023,20230101_38009_D01_S002,38009_D01_S002,Breña Baja,281,49,110,437,877,828,33.93719806763285,13.285024154589372
2023,20230101_38009_D01_S003,38009_D01_S003,Breña Baja,170,8,38,202,418,410,41.46341463414634,9.268292682926829
2023,20230101_38009_D01_S004,38009_D01_S004,Breña Baja,141,21,47,223,432,411,34.306569343065696,11.435523114355231
2023,20230101_38010_D01_S001,38010_D01_S001,Buenavista del Norte,113,22,131,216,482,460,24.565217391304348,28.47826086956522
2023,20230101_38010_D01_S002,38010_D01_S002,Buenavista del Norte,28,13,59,157,257,244,11.475409836065573,24.18032786885246
2023,20230101_38010_D01_S003,38010_D01_S003,Buenavista del Norte,99,14,132,260,505,491,20.162932790224033,26.883910386965375
2023,20230101_38010_D01_S004,38010_D01_S004,Buenavista del Norte,98,20,146,278,542,522,18.773946360153257,27.96934865900383
2023,20230101_38011_D01_S001,38011_D01_S001,Candelaria,266,47,95,430,838,791,33.6283185840708,12.010113780025284
2023,20230101_38011_D01_S002,38011_D01_S002,Candelaria,234,29,63,310,636,607,38.5502471169687,10.378912685337726
2023,20230101_38011_D01_S003,38011_D01_S003,Candelaria,367,33,97,648,1145,1112,33.00359712230216,8.723021582733812
2023,20230101_38011_D01_S004,38011_D01_S004,Candelaria,193,34,60,362,649,615,31.382113821138212,9.75609756097561
2023,20230101_38011_D01_S005,38011_D01_S005,Candelaria,164,14,38,230,446,432,37.96296296296296,8.796296296296296
2023,20230101_38011_D01_S006,38011_D01_S006,Candelaria,360,43,79,482,964,921,39.08794788273616,8.577633007600435
2023,20230101_38011_D01_S007,38011_D01_S007,Candelaria,429,49,63,551,1092,1043,41.1313518696069,6.040268456375839
2023,20230101_38011_D01_S008,38011_D01_S008,Candelaria,155,20,53,269,497,477,32.494758909853246,11.11111111111111
2023,20230101_38011_D01_S009,38011_D01_S009,Candelaria,223,21,35,247,526,505,44.15841584158416,6.930693069306931
2023,20230101_38011_D01_S010,38011_D01_S010,Candelaria,151,22,48,293,514,492,30.691056910569106,9.75609756097561
2023,20230101_38011_D01_S011,38011_D01_S011,Candelaria,309,27,39,387,762,735,42.04081632653061,5.3061224489795915
2023,20230101_38011_D01_S012,38011_D01_S012,Candelaria,243,34,47,343,667,633,38.388625592417064,7.424960505529226
2023,20230101_38011_D02_S001,38011_D02_S001,Candelaria,298,24,76,417,815,791,37.67383059418458,9.608091024020228
2023,20230101_38011_D02_S002,38011_D02_S002,Candelaria,249,32,62,360,703,671,37.108792846497764,9.23994038748137
2023,20230101_38011_D02_S003,38011_D02_S003,Candelaria,321,35,99,475,930,895,35.865921787709496,11.061452513966481
2023,20230101_38011_D02_S004,38011_D02_S004,Candelaria,180,34,89,383,686,652,27.607361963190183,13.650306748466258
2023,20230101_38011_D02_S005,38011_D02_S005,Candelaria,417,38,20,299,774,736,56.65760869565217,2.717391304347826
2023,20230101_38012_D01_S001,38012_D01_S001,Fasnia,198,25,100,337,660,635,31.181102362204726,15.748031496062993
2023,20230101_38012_D01_S002,38012_D01_S002,Fasnia,151,21,74,309,555,534,28.277153558052433,13.857677902621722
2023,20230101_38013_D01_S001,38013_D01_S001,Frontera,234,43,106,495,878,835,28.023952095808383,12.694610778443113
2023,20230101_38013_D01_S002,38013_D01_S002,Frontera,200,34,111,445,790,756,26.455026455026456,14.682539682539682
2023,20230101_38014_D01_S001,38014_D01_S001,Fuencaliente de la Palma,108,15,73,241,437,422,25.592417061611375,17.298578199052134
2023,20230101_38014_D01_S002,38014_D01_S002,Fuencaliente de la Palma,67,28,73,196,364,336,19.94047619047619,21.726190476190474
2023,20230101_38015_D01_S001,38015_D01_S001,Garachico,168,17,89,288,562,545,30.825688073394495,16.3302752293578
2023,20230101_38015_D01_S002,38015_D01_S002,Garachico,64,12,26,98,200,188,34.04255319148936,13.829787234042554
2023,20230101_38015_D02_S001,38015_D02_S001,Garachico,96,19,120,276,511,492,19.51219512195122,24.390243902439025
2023,20230101_38015_D02_S002,38015_D02_S002,Garachico,72,17,119,285,493,476,15.126050420168067,25.0
2023,20230101_38016_D01_S001,38016_D01_S001,Garafía,130,24,88,308,550,526,24.714828897338403,16.730038022813687
2023,20230101_38017_D01_S001,38017_D01_S001,Granadilla de Abona,102,22,129,320,573,551,18.511796733212343,23.41197822141561
2023,20230101_38017_D01_S002,38017_D01_S002,Granadilla de Abona,79,14,86,301,480,466,16.952789699570815,18.454935622317596
2023,20230101_38017_D01_S003,38017_D01_S003,Granadilla de Abona,119,26,205,504,854,828,14.371980676328503,24.758454106280194
2023,20230101_38017_D01_S004,38017_D01_S004,Granadilla de Abona,96,18,141,378,633,615,15.609756097560975,22.926829268292682
2023,20230101_38017_D01_S005,38017_D01_S005,Granadilla de Abona,57,18,93,192,360,342,16.666666666666668,27.19298245614035
2023,20230101_38017_D01_S006,38017_D01_S006,Granadilla de Abona,121,27,117,297,562,535,22.61682242990654,21.869158878504674
2023,20230101_38017_D01_S007,38017_D01_S007,Granadilla de Abona,399,68,146,664,1277,1209,33.002481389578165,12.076095947063688
2023,20230101_38017_D01_S008,38017_D01_S008,Granadilla de Abona,103,23,169,399,694,671,15.350223546944859,25.18628912071535
2023,20230101_38017_D01_S009,38017_D01_S009,Granadilla de Abona,227,46,231,706,1210,1164,19.50171821305842,19.84536082474227
2023,20230101_38017_D01_S010,38017_D01_S010,Granadilla de Abona,379,55,167,788,1389,1334,28.41079460269865,12.518740629685157
2023,20230101_38017_D01_S011,38017_D01_S011,Granadilla de Abona,178,26,316,749,1269,1243,14.320193081255027,25.422365245374095
2023,20230101_38017_D01_S012,38017_D01_S012,Granadilla de Abona,81,27,135,348,591,564,14.361702127659575,23.93617021276596
2023,20230101_38017_D01_S013,38017_D01_S013,Granadilla de Abona,106,27,241,609,983,956,11.087866108786612,25.209205020920503
2023,20230101_38017_D01_S014,38017_D01_S014,Granadilla de Abona,375,53,129,639,1196,1143,32.808398950131235,11.286089238845145
2023,20230101_38017_D01_S015,38017_D01_S015,Granadilla de Abona,104,28,234,473,839,811,12.82367447595561,28.853267570900123
2023,20230101_38017_D01_S016,38017_D01_S016,Granadilla de Abona,71,19,127,289,506,487,14.57905544147844,26.078028747433265
2023,20230101_38017_D01_S017,38017_D01_S017,Granadilla de Abona,175,22,160,531,888,866,20.207852193995382,18.475750577367204
2023,20230101_38017_D01_S018,38017_D01_S018,Granadilla de Abona,211,32,65,325,633,601,35.108153078202996,10.8153078202995
2023,20230101_38017_D01_S019,38017_D01_S019,Granadilla de Abona,131,28,164,460,783,755,17.350993377483444,21.721854304635762
2023,20230101_38017_D01_S020,38017_D01_S020,Granadilla de Abona,175,46,350,756,1327,1281,13.66120218579235,27.3224043715847
2023,20230101_38017_D01_S021,38017_D01_S021,Granadilla de Abona,297,67,152,712,1228,1161,25.58139534883721,13.092161929371231
2023,20230101_38017_D01_S022,38017_D01_S022,Granadilla de Abona,191,43,175,569,978,935,20.427807486631018,18.71657754010695
2023,20230101_38017_D01_S023,38017_D01_S023,Granadilla de Abona,111,38,264,544,957,919,12.078346028291621,28.726877040261154
2023,20230101_38017_D01_S024,38017_D01_S024,Granadilla de Abona,160,40,273,657,1130,1090,14.678899082568808,25.045871559633028
2023,20230101_38017_D01_S025,38017_D01_S025,Granadilla de Abona,119,34,256,599,1008,974,12.217659137577002,26.28336755646817
2023,20230101_38017_D01_S026,38017_D01_S026,Granadilla de Abona,128,27,156,409,720,693,18.47041847041847,22.51082251082251
2023,20230101_38017_D01_S027,38017_D01_S027,Granadilla de Abona,454,62,61,486,1063,1001,45.354645354645356,6.093906093906094
2023,20230101_38018_D01_S001,38018_D01_S001,"Guancha, La",130,11,67,296,504,493,26.36916835699797,13.59026369168357
2023,20230101_38018_D01_S002,38018_D01_S002,"Guancha, La",166,25,93,430,714,689,24.09288824383164,13.497822931785196
2023,20230101_38018_D01_S003,38018_D01_S003,"Guancha, La",253,22,121,531,927,905,27.955801104972377,13.370165745856353
2023,20230101_38019_D01_S001,38019_D01_S001,Guía de Isora,134,27,228,474,863,836,16.028708133971293,27.272727272727273
2023,20230101_38019_D01_S002,38019_D01_S002,Guía de Isora,176,45,312,546,1079,1034,17.02127659574468,30.174081237911025
2023,20230101_38019_D01_S003,38019_D01_S003,Guía de Isora,148,33,178,501,860,827,17.896009673518744,21.523579201934705
2023,20230101_38019_D01_S004,38019_D01_S004,Guía de Isora,160,42,261,591,1054,1012,15.810276679841897,25.790513833992094
2023,20230101_38019_D01_S005,38019_D01_S005,Guía de Isora,183,46,307,589,1125,1079,16.960148285449492,28.45227062094532
2023,20230101_38019_D01_S007,38019_D01_S007,Guía de Isora,103,20,205,363,691,671,15.350223546944859,30.551415797317436
2023,20230101_38019_D01_S008,38019_D01_S008,Guía de Isora,143,40,222,414,819,779,18.35686777920411,28.498074454428753
2023,20230101_38019_D01_S009,38019_D01_S009,Guía de Isora,123,57,238,459,877,820,15.0,29.024390243902438
2023,20230101_38019_D01_S010,38019_D01_S010,Guía de Isora,226,51,330,675,1282,1231,18.359057676685623,26.807473598700245
2023,20230101_38019_D01_S011,38019_D01_S011,Guía de Isora,132,35,188,435,790,755,17.483443708609272,24.90066225165563
2023,20230101_38020_D01_S001,38020_D01_S001,Güímar,159,28,77,299,563,535,29.7196261682243,14.392523364485982
2023,20230101_38020_D01_S002,38020_D01_S002,Güímar,224,37,79,358,698,661,33.88804841149773,11.951588502269288
2023,20230101_38020_D01_S003,38020_D01_S003,Güímar,286,35,122,503,946,911,31.394072447859497,13.391877058177826
2023,20230101_38020_D01_S004,38020_D01_S004,Güímar,171,29,130,273,603,574,29.790940766550523,22.64808362369338
2023,20230101_38020_D01_S005,38020_D01_S005,Güímar,73,15,45,106,239,224,32.589285714285715,20.089285714285715
2023,20230101_38020_D01_S006,38020_D01_S006,Güímar,71,21,76,221,389,368,19.293478260869566,20.652173913043477
2023,20230101_38020_D01_S007,38020_D01_S007,Güímar,365,49,118,606,1138,1089,33.51698806244261,10.8356290174472
2023,20230101_38020_D01_S008,38020_D01_S008,Güímar,85,17,48,197,347,330,25.757575757575758,14.545454545454545
2023,20230101_38020_D01_S009,38020_D01_S009,Güímar,59,12,105,247,423,411,14.355231143552311,25.547445255474454
2023,20230101_38020_D01_S010,38020_D01_S010,Güímar,159,21,50,280,510,489,32.515337423312886,10.224948875255624
2023,20230101_38020_D01_S011,38020_D01_S011,Güímar,113,21,52,208,394,373,30.29490616621984,13.941018766756033
2023,20230101_38020_D01_S012,38020_D01_S012,Güímar,378,43,74,526,1021,978,38.65030674846626,7.566462167689162
2023,20230101_38020_D02_S001,38020_D02_S001,Güímar,138,15,75,274,502,487,28.33675564681725,15.40041067761807
2023,20230101_38020_D02_S002,38020_D02_S002,Güímar,89,13,71,180,353,340,26.176470588235293,20.88235294117647
2023,20230101_38020_D03_S001,38020_D03_S001,Güímar,117,22,79,334,552,530,22.07547169811321,14.90566037735849
2023,20230101_38020_D03_S002,38020_D03_S002,Güímar,143,25,70,305,543,518,27.606177606177607,13.513513513513514
2023,20230101_38021_D01_S001,38021_D01_S001,Hermigua,86,10,66,193,355,345,24.92753623188406,19.130434782608695
2023,20230101_38021_D02_S001,38021_D02_S001,Hermigua,122,12,57,211,402,390,31.28205128205128,14.615384615384615
2023,20230101_38022_D01_S001,38022_D01_S001,Icod de los Vinos,130,19,87,285,521,502,25.89641434262948,17.330677290836654
2023,20230101_38022_D01_S002,38022_D01_S002,Icod de los Vinos,163,24,73,310,570,546,29.853479853479854,13.36996336996337
2023,20230101_38022_D01_S003,38022_D01_S003,Icod de los Vinos,122,16,43,218,399,383,31.85378590078329,11.22715404699739
2023,20230101_38022_D01_S004,38022_D01_S004,Icod de los Vinos,111,11,41,193,356,345,32.17391304347826,11.884057971014492
2023,20230101_38022_D01_S005,38022_D01_S005,Icod de los Vinos,83,14,44,188,329,315,26.349206349206348,13.968253968253968
2023,20230101_38022_D01_S006,38022_D01_S006,Icod de los Vinos,184,15,67,295,561,546,33.6996336996337,12.271062271062272
2023,20230101_38022_D02_S001,38022_D02_S001,Icod de los Vinos,40,15,168,289,512,497,8.048289738430583,33.80281690140845
2023,20230101_38022_D02_S002,38022_D02_S002,Icod de los Vinos,83,16,106,271,476,460,18.043478260869566,23.043478260869566
2023,20230101_38022_D03_S001,38022_D03_S001,Icod de los Vinos,92,22,130,315,559,537,17.13221601489758,24.20856610800745
2023,20230101_38022_D03_S002,38022_D03_S002,Icod de los Vinos,62,15,79,227,383,368,16.847826086956523,21.467391304347824
2023,20230101_38022_D03_S003,38022_D03_S003,Icod de los Vinos,66,18,76,230,390,372,17.741935483870968,20.43010752688172
2023,20230101_38022_D03_S004,38022_D03_S004,Icod de los Vinos,79,17,77,271,444,427,18.501170960187352,18.0327868852459
2023,20230101_38022_D04_S001,38022_D04_S001,Icod de los Vinos,67,14,80,243,404,390,17.17948717948718,20.512820512820515
2023,20230101_38022_D04_S002,38022_D04_S002,Icod de los Vinos,158,23,92,395,668,645,24.496124031007753,14.263565891472869
2023,20230101_38022_D04_S003,38022_D04_S003,Icod de los Vinos,122,32,126,434,714,682,17.88856304985337,18.475073313782993
2023,20230101_38022_D04_S004,38022_D04_S004,Icod de los Vinos,92,13,50,221,376,363,25.34435261707989,13.774104683195592
2023,20230101_38022_D05_S001,38022_D05_S001,Icod de los Vinos,76,10,46,160,292,282,26.95035460992908,16.31205673758865
2023,20230101_38022_D05_S002,38022_D05_S002,Icod de los Vinos,211,29,149,562,951,922,22.885032537960953,16.160520607375272
2023,20230101_38023_D01_S001,38023_D01_S001,San Cristóbal de La Laguna,251,18,18,122,409,391,64.19437340153452,4.603580562659847
2023,20230101_38023_D01_S002,38023_D01_S002,San Cristóbal de La Laguna,233,32,48,240,553,521,44.72168905950096,9.213051823416507
2023,20230101_38023_D01_S003,38023_D01_S003,San Cristóbal de La Laguna,379,41,50,310,780,739,51.28552097428958,6.7658998646820026
2023,20230101_38023_D01_S004,38023_D01_S004,San Cristóbal de La Laguna,74,11,46,180,311,300,24.666666666666668,15.333333333333334
2023,20230101_38023_D01_S005,38023_D01_S005,San Cristóbal de La Laguna,332,30,39,248,649,619,53.63489499192246,6.30048465266559
2023,20230101_38023_D01_S006,38023_D01_S006,San Cristóbal de La Laguna,271,36,51,359,717,681,39.794419970631424,7.488986784140969
2023,20230101_38023_D01_S007,38023_D01_S007,San Cristóbal de La Laguna,387,37,48,392,864,827,46.7956469165659,5.804111245465538
2023,20230101_38023_D01_S008,38023_D01_S008,San Cristóbal de La Laguna,222,29,30,203,484,455,48.79120879120879,6.593406593406593
2023,20230101_38023_D01_S009,38023_D01_S009,San Cristóbal de La Laguna,205,18,39,219,481,463,44.27645788336933,8.423326133909287
2023,20230101_38023_D01_S010,38023_D01_S010,San Cristóbal de La Laguna,285,32,56,280,653,621,45.893719806763286,9.017713365539452
2023,20230101_38023_D01_S011,38023_D01_S011,San Cristóbal de La Laguna,138,11,25,123,297,286,48.25174825174825,8.741258741258742
2023,20230101_38023_D01_S012,38023_D01_S012,San Cristóbal de La Laguna,173,20,57,255,505,485,35.670103092783506,11.75257731958763
2023,20230101_38023_D01_S013,38023_D01_S013,San Cristóbal de La Laguna,250,25,20,179,474,449,55.67928730512249,4.4543429844097995
2023,20230101_38023_D01_S014,38023_D01_S014,San Cristóbal de La Laguna,234,25,23,138,420,395,59.24050632911393,5.822784810126582
2023,20230101_38023_D01_S015,38023_D01_S015,San Cristóbal de La Laguna,386,23,22,128,559,536,72.01492537313433,4.104477611940299
2023,20230101_38023_D01_S016,38023_D01_S016,San Cristóbal de La Laguna,452,29,35,225,741,712,63.48314606741573,4.915730337078652
2023,20230101_38023_D01_S017,38023_D01_S017,San Cristóbal de La Laguna,374,37,27,225,663,626,59.7444089456869,4.313099041533547
2023,20230101_38023_D01_S018,38023_D01_S018,San Cristóbal de La Laguna,146,19,83,258,506,487,29.97946611909651,17.04312114989733
2023,20230101_38023_D01_S019,38023_D01_S019,San Cristóbal de La Laguna,239,19,14,120,392,373,64.07506702412869,3.753351206434316
2023,20230101_38023_D01_S020,38023_D01_S020,San Cristóbal de La Laguna,214,15,17,155,401,386,55.44041450777202,4.404145077720207
2023,20230101_38023_D01_S021,38023_D01_S021,San Cristóbal de La Laguna,376,32,33,242,683,651,57.757296466973884,5.0691244239631335
2023,20230101_38023_D01_S022,38023_D01_S022,San Cristóbal de La Laguna,250,20,39,222,531,511,48.923679060665364,7.632093933463796
2023,20230101_38023_D01_S023,38023_D01_S023,San Cristóbal de La Laguna,582,40,47,387,1056,1016,57.28346456692913,4.625984251968504
2023,20230101_38023_D01_S024,38023_D01_S024,San Cristóbal de La Laguna,71,15,67,158,311,296,23.986486486486488,22.635135135135137
2023,20230101_38023_D01_S025,38023_D01_S025,San Cristóbal de La Laguna,254,31,80,357,722,691,36.75832127351664,11.577424023154848
2023,20230101_38023_D01_S026,38023_D01_S026,San Cristóbal de La Laguna,301,23,24,164,512,489,61.554192229038854,4.9079754601226995
2023,20230101_38023_D01_S027,38023_D01_S027,San Cristóbal de La Laguna,184,32,52,294,562,530,34.716981132075475,9.81132075471698
2023,20230101_38023_D01_S028,38023_D01_S028,San Cristóbal de La Laguna,510,42,37,314,903,861,59.23344947735192,4.29732868757259
2023,20230101_38023_D01_S029,38023_D01_S029,San Cristóbal de La Laguna,266,16,26,141,449,433,61.43187066974596,6.0046189376443415
2023,20230101_38023_D01_S030,38023_D01_S030,San Cristóbal de La Laguna,496,36,37,249,818,782,63.42710997442455,4.731457800511509
2023,20230101_38023_D01_S031,38023_D01_S031,San Cristóbal de La Laguna,502,28,20,168,718,690,72.7536231884058,2.898550724637681
2023,20230101_38023_D01_S032,38023_D01_S032,San Cristóbal de La Laguna,135,26,73,280,514,488,27.66393442622951,14.959016393442623
2023,20230101_38023_D01_S033,38023_D01_S033,San Cristóbal de La Laguna,175,7,39,167,388,381,45.93175853018373,10.236220472440944
2023,20230101_38023_D02_S001,38023_D02_S001,San Cristóbal de La Laguna,131,24,73,256,484,460,28.47826086956522,15.869565217391305
2023,20230101_38023_D02_S002,38023_D02_S002,San Cristóbal de La Laguna,81,17,54,237,389,372,21.774193548387096,14.516129032258064
2023,20230101_38023_D02_S003,38023_D02_S003,San Cristóbal de La Laguna,145,18,44,237,444,426,34.03755868544601,10.328638497652582
2023,20230101_38023_D02_S004,38023_D02_S004,San Cristóbal de La Laguna,139,18,52,279,488,470,29.574468085106382,11.063829787234043
2023,20230101_38023_D02_S005,38023_D02_S005,San Cristóbal de La Laguna,209,27,64,310,610,583,35.84905660377358,10.977701543739279
2023,20230101_38023_D02_S006,38023_D02_S006,San Cristóbal de La Laguna,100,14,102,298,514,500,20.0,20.4
2023,20230101_38023_D02_S007,38023_D02_S007,San Cristóbal de La Laguna,203,35,94,392,724,689,29.46298984034833,13.642960812772133
2023,20230101_38023_D02_S008,38023_D02_S008,San Cristóbal de La Laguna,91,27,55,274,447,420,21.666666666666668,13.095238095238095
2023,20230101_38023_D02_S009,38023_D02_S009,San Cristóbal de La Laguna,130,28,82,388,628,600,21.666666666666668,13.666666666666666
2023,20230101_38023_D02_S010,38023_D02_S010,San Cristóbal de La Laguna,223,26,129,602,980,954,23.37526205450734,13.522012578616351
2023,20230101_38023_D02_S011,38023_D02_S011,San Cristóbal de La Laguna,289,27,32,209,557,530,54.528301886792455,6.037735849056604
2023,20230101_38023_D02_S012,38023_D02_S012,San Cristóbal de La Laguna,341,39,41,324,745,706,48.30028328611898,5.807365439093484
2023,20230101_38023_D02_S013,38023_D02_S013,San Cristóbal de La Laguna,211,28,92,462,793,765,27.58169934640523,12.026143790849673
2023,20230101_38023_D02_S014,38023_D02_S014,San Cristóbal de La Laguna,177,23,89,360,649,626,28.27476038338658,14.217252396166135
2023,20230101_38023_D02_S015,38023_D02_S015,San Cristóbal de La Laguna,142,34,96,362,634,600,23.666666666666668,16.0
2023,20230101_38023_D02_S016,38023_D02_S016,San Cristóbal de La Laguna,677,76,111,815,1679,1603,42.233312538989395,6.924516531503431
2023,20230101_38023_D02_S017,38023_D02_S017,San Cristóbal de La Laguna,222,40,112,482,856,816,27.205882352941178,13.72549019607843
2023,20230101_38023_D02_S018,38023_D02_S018,San Cristóbal de La Laguna,145,27,83,335,590,563,25.75488454706927,14.742451154529308
2023,20230101_38023_D02_S019,38023_D02_S019,San Cristóbal de La Laguna,188,21,66,301,576,555,33.873873873873876,11.891891891891891
2023,20230101_38023_D02_S020,38023_D02_S020,San Cristóbal de La Laguna,105,17,48,231,401,384,27.34375,12.5
2023,20230101_38023_D02_S021,38023_D02_S021,San Cristóbal de La Laguna,459,37,38,353,887,850,54.0,4.470588235294118
2023,20230101_38023_D02_S022,38023_D02_S022,San Cristóbal de La Laguna,180,34,80,285,579,545,33.027522935779814,14.678899082568808
2023,20230101_38023_D02_S023,38023_D02_S023,San Cristóbal de La Laguna,231,29,63,323,646,617,37.439222042139384,10.210696920583468
2023,20230101_38023_D02_S024,38023_D02_S024,San Cristóbal de La Laguna,95,19,34,188,336,317,29.968454258675077,10.725552050473187
2023,20230101_38023_D03_S001,38023_D03_S001,San Cristóbal de La Laguna,69,16,63,206,354,338,20.414201183431953,18.63905325443787
2023,20230101_38023_D03_S002,38023_D03_S002,San Cristóbal de La Laguna,251,30,68,259,608,578,43.42560553633218,11.764705882352942
2023,20230101_38023_D03_S003,38023_D03_S003,San Cristóbal de La Laguna,357,28,26,244,655,627,56.9377990430622,4.146730462519936
2023,20230101_38023_D03_S004,38023_D03_S004,San Cristóbal de La Laguna,132,29,173,538,872,843,15.658362989323843,20.52194543297746
2023,20230101_38023_D03_S005,38023_D03_S005,San Cristóbal de La Laguna,128,28,118,423,697,669,19.13303437967115,17.638266068759343
2023,20230101_38023_D03_S006,38023_D03_S006,San Cristóbal de La Laguna,507,42,43,370,962,920,55.108695652173914,4.673913043478261
2023,20230101_38023_D03_S007,38023_D03_S007,San Cristóbal de La Laguna,69,7,51,192,319,312,22.115384615384617,16.346153846153847
2023,20230101_38023_D03_S008,38023_D03_S008,San Cristóbal de La Laguna,112,25,92,320,549,524,21.374045801526716,17.557251908396946
2023,20230101_38023_D03_S009,38023_D03_S009,San Cristóbal de La Laguna,67,16,81,216,380,364,18.406593406593405,22.252747252747252
2023,20230101_38023_D03_S010,38023_D03_S010,San Cristóbal de La Laguna,60,12,61,195,328,316,18.9873417721519,19.303797468354432
2023,20230101_38023_D03_S011,38023_D03_S011,San Cristóbal de La Laguna,124,19,110,377,630,611,20.29459901800327,18.00327332242226
2023,20230101_38023_D03_S012,38023_D03_S012,San Cristóbal de La Laguna,134,23,136,409,702,679,19.734904270986746,20.029455081001473
2023,20230101_38023_D03_S013,38023_D03_S013,San Cristóbal de La Laguna,126,27,153,475,781,754,16.71087533156499,20.29177718832891
2023,20230101_38023_D03_S014,38023_D03_S014,San Cristóbal de La Laguna,42,14,53,149,258,244,17.21311475409836,21.721311475409838
2023,20230101_38023_D03_S015,38023_D03_S015,San Cristóbal de La Laguna,114,20,108,329,571,551,20.689655172413794,19.600725952813068
2023,20230101_38023_D03_S016,38023_D03_S016,San Cristóbal de La Laguna,120,24,125,460,729,705,17.02127659574468,17.73049645390071
2023,20230101_38023_D03_S017,38023_D03_S017,San Cristóbal de La Laguna,94,15,84,283,476,461,20.390455531453362,18.22125813449024
2023,20230101_38023_D03_S018,38023_D03_S018,San Cristóbal de La Laguna,52,19,53,163,287,268,19.402985074626866,19.776119402985074
2023,20230101_38023_D03_S019,38023_D03_S019,San Cristóbal de La Laguna,242,28,62,396,728,700,34.57142857142857,8.857142857142858
2023,20230101_38023_D03_S020,38023_D03_S020,San Cristóbal de La Laguna,129,23,51,208,411,388,33.24742268041237,13.144329896907216
2023,20230101_38023_D03_S021,38023_D03_S021,San Cristóbal de La Laguna,128,19,53,272,472,453,28.2560706401766,11.699779249448124
2023,20230101_38023_D03_S022,38023_D03_S022,San Cristóbal de La Laguna,250,17,10,102,379,362,69.06077348066299,2.7624309392265194
2023,20230101_38023_D03_S023,38023_D03_S023,San Cristóbal de La Laguna,92,15,92,291,490,475,19.36842105263158,19.36842105263158
2023,20230101_38023_D03_S024,38023_D03_S024,San Cristóbal de La Laguna,109,17,54,252,432,415,26.265060240963855,13.012048192771084
2023,20230101_38023_D03_S025,38023_D03_S025,San Cristóbal de La Laguna,288,38,112,472,910,872,33.027522935779814,12.844036697247706
2023,20230101_38023_D03_S026,38023_D03_S026,San Cristóbal de La Laguna,215,25,47,292,579,554,38.808664259927795,8.483754512635379
2023,20230101_38023_D03_S027,38023_D03_S027,San Cristóbal de La Laguna,222,33,61,330,646,613,36.215334420880914,9.951060358890702
2023,20230101_38023_D03_S028,38023_D03_S028,San Cristóbal de La Laguna,177,25,59,302,563,538,32.899628252788105,10.966542750929367
2023,20230101_38023_D03_S029,38023_D03_S029,San Cristóbal de La Laguna,140,21,90,425,676,655,21.374045801526716,13.740458015267176
2023,20230101_38023_D04_S001,38023_D04_S001,San Cristóbal de La Laguna,406,32,70,359,867,835,48.622754491017965,8.383233532934131
2023,20230101_38023_D04_S002,38023_D04_S002,San Cristóbal de La Laguna,276,31,60,402,769,738,37.39837398373984,8.130081300813009
2023,20230101_38023_D04_S003,38023_D04_S003,San Cristóbal de La Laguna,303,25,87,427,842,817,37.086903304773564,10.648714810281518
2023,20230101_38023_D04_S004,38023_D04_S004,San Cristóbal de La Laguna,153,18,52,194,417,399,38.34586466165413,13.032581453634085
2023,20230101_38023_D04_S005,38023_D04_S005,San Cristóbal de La Laguna,229,21,33,156,439,418,54.78468899521531,7.894736842105263
2023,20230101_38023_D04_S006,38023_D04_S006,San Cristóbal de La Laguna,168,25,89,340,622,597,28.14070351758794,14.90787269681742
2023,20230101_38023_D04_S007,38023_D04_S007,San Cristóbal de La Laguna,327,31,54,340,752,721,45.35367545076283,7.489597780859917
2023,20230101_38023_D04_S008,38023_D04_S008,San Cristóbal de La Laguna,121,17,41,202,381,364,33.24175824175824,11.263736263736265
2023,20230101_38023_D05_S001,38023_D05_S001,San Cristóbal de La Laguna,104,23,106,249,482,459,22.657952069716774,23.093681917211327
2023,20230101_38023_D05_S002,38023_D05_S002,San Cristóbal de La Laguna,119,17,111,351,598,581,20.481927710843372,19.10499139414802
2023,20230101_38023_D05_S003,38023_D05_S003,San Cristóbal de La Laguna,114,13,81,258,466,453,25.165562913907284,17.880794701986755
2023,20230101_38023_D05_S004,38023_D05_S004,San Cristóbal de La Laguna,94,12,67,216,389,377,24.93368700265252,17.77188328912467
2023,20230101_38023_D05_S005,38023_D05_S005,San Cristóbal de La Laguna,281,31,120,437,869,838,33.53221957040573,14.319809069212411
2023,20230101_38023_D05_S006,38023_D05_S006,San Cristóbal de La Laguna,156,21,52,280,509,488,31.9672131147541,10.655737704918034
2023,20230101_38023_D05_S007,38023_D05_S007,San Cristóbal de La Laguna,261,26,67,355,709,683,38.21376281112738,9.809663250366032
2023,20230101_38023_D05_S008,38023_D05_S008,San Cristóbal de La Laguna,81,18,86,223,408,390,20.76923076923077,22.05128205128205
2023,20230101_38023_D05_S009,38023_D05_S009,San Cristóbal de La Laguna,336,27,57,337,757,730,46.02739726027397,7.808219178082192
2023,20230101_38023_D05_S010,38023_D05_S010,San Cristóbal de La Laguna,216,34,115,423,788,754,28.647214854111407,15.251989389920425
2023,20230101_38023_D05_S011,38023_D05_S011,San Cristóbal de La Laguna,118,10,62,194,384,374,31.550802139037433,16.577540106951872
2023,20230101_38023_D05_S012,38023_D05_S012,San Cristóbal de La Laguna,122,24,116,327,589,565,21.5929203539823,20.530973451327434
2023,20230101_38023_D05_S013,38023_D05_S013,San Cristóbal de La Laguna,89,13,56,181,339,326,27.300613496932517,17.177914110429448
2023,20230101_38023_D05_S014,38023_D05_S014,San Cristóbal de La Laguna,180,28,99,387,694,666,27.027027027027028,14.864864864864865
2023,20230101_38023_D05_S015,38023_D05_S015,San Cristóbal de La Laguna,210,22,41,219,492,470,44.680851063829785,8.72340425531915
2023,20230101_38023_D06_S001,38023_D06_S001,San Cristóbal de La Laguna,183,24,86,312,605,581,31.497418244406195,14.802065404475043
2023,20230101_38023_D06_S002,38023_D06_S002,San Cristóbal de La Laguna,401,25,28,241,695,670,59.850746268656714,4.17910447761194
2023,20230101_38023_D06_S003,38023_D06_S003,San Cristóbal de La Laguna,164,35,68,265,532,497,32.99798792756539,13.682092555331993
2023,20230101_38023_D06_S004,38023_D06_S004,San Cristóbal de La Laguna,125,30,56,300,511,481,25.987525987525988,11.642411642411643
2023,20230101_38024_D01_S001,38024_D01_S001,"Llanos de Aridane, Los",354,53,148,520,1075,1022,34.63796477495108,14.481409001956948
2023,20230101_38024_D01_S002,38024_D01_S002,"Llanos de Aridane, Los",210,35,111,407,763,728,28.846153846153847,15.247252747252746
2023,20230101_38024_D01_S003,38024_D01_S003,"Llanos de Aridane, Los",190,42,141,394,767,725,26.20689655172414,19.448275862068964
2023,20230101_38024_D01_S004,38024_D01_S004,"Llanos de Aridane, Los",124,24,92,235,475,451,27.494456762749447,20.39911308203991
2023,20230101_38024_D01_S005,38024_D01_S005,"Llanos de Aridane, Los",169,24,56,220,469,445,37.97752808988764,12.584269662921349
2023,20230101_38024_D01_S006,38024_D01_S006,"Llanos de Aridane, Los",189,32,108,330,659,627,30.14354066985646,17.22488038277512
2023,20230101_38024_D01_S007,38024_D01_S007,"Llanos de Aridane, Los",139,25,130,387,681,656,21.1890243902439,19.817073170731707
2023,20230101_38024_D01_S008,38024_D01_S008,"Llanos de Aridane, Los",219,33,119,342,713,680,32.205882352941174,17.5
2023,20230101_38024_D02_S001,38024_D02_S001,"Llanos de Aridane, Los",182,23,96,291,592,569,31.985940246045693,16.87170474516696
2023,20230101_38024_D02_S002,38024_D02_S002,"Llanos de Aridane, Los",161,25,103,341,630,605,26.611570247933884,17.024793388429753
2023,20230101_38024_D03_S001,38024_D03_S001,"Llanos de Aridane, Los",191,43,146,430,810,767,24.902216427640155,19.035202086049544
2023,20230101_38024_D03_S002,38024_D03_S002,"Llanos de Aridane, Los",178,35,95,299,607,572,31.11888111888112,16.60839160839161
2023,20230101_38024_D03_S003,38024_D03_S003,"Llanos de Aridane, Los",103,24,84,253,464,440,23.40909090909091,19.09090909090909
2023,20230101_38025_D01_S001,38025_D01_S001,"Matanza de Acentejo, La",205,23,134,556,918,895,22.905027932960895,14.972067039106145
2023,20230101_38025_D01_S002,38025_D01_S002,"Matanza de Acentejo, La",165,21,103,385,674,653,25.267993874425727,15.773353751914241
2023,20230101_38025_D01_S003,38025_D01_S003,"Matanza de Acentejo, La",298,21,102,546,967,946,31.50105708245243,10.782241014799155
2023,20230101_38025_D01_S004,38025_D01_S004,"Matanza de Acentejo, La",326,27,100,511,964,937,34.79188900747065,10.672358591248665
2023,20230101_38025_D01_S005,38025_D01_S005,"Matanza de Acentejo, La",85,16,55,187,343,327,25.99388379204893,16.819571865443425
2023,20230101_38026_D01_S001,38026_D01_S001,"Orotava, La",267,26,58,251,602,576,46.354166666666664,10.069444444444445
2023,20230101_38026_D01_S002,38026_D01_S002,"Orotava, La",336,31,47,310,724,693,48.484848484848484,6.782106782106782
2023,20230101_38026_D01_S004,38026_D01_S004,"Orotava, La",247,29,54,344,674,645,38.29457364341085,8.372093023255815
2023,20230101_38026_D02_S001,38026_D02_S001,"Orotava, La",196,22,76,335,629,607,32.28995057660626,12.520593080724877
2023,20230101_38026_D02_S002,38026_D02_S002,"Orotava, La",114,18,65,314,511,493,23.123732251521297,13.184584178498985
2023,20230101_38026_D02_S003,38026_D02_S003,"Orotava, La",273,31,110,600,1014,983,27.772126144455747,11.190233977619531
2023,20230101_38026_D02_S004,38026_D02_S004,"Orotava, La",143,16,39,233,431,415,34.45783132530121,9.397590361445783
2023,20230101_38026_D03_S001,38026_D03_S001,"Orotava, La",113,23,107,349,592,569,19.85940246045694,18.804920913884008
2023,20230101_38026_D03_S002,38026_D03_S002,"Orotava, La",128,20,59,275,482,462,27.705627705627705,12.770562770562771
2023,20230101_38026_D03_S003,38026_D03_S003,"Orotava, La",317,25,52,340,734,709,44.71086036671368,7.3342736248236955
2023,20230101_38026_D03_S004,38026_D03_S004,"Orotava, La",288,30,85,480,883,853,33.76318874560375,9.964830011723329
2023,20230101_38026_D03_S005,38026_D03_S005,"Orotava, La",98,15,66,279,458,443,22.121896162528216,14.89841986455982
2023,20230101_38026_D03_S006,38026_D03_S006,"Orotava, La",243,26,68,446,783,757,32.1003963011889,8.982826948480845
2023,20230101_38026_D03_S007,38026_D03_S007,"Orotava, La",146,16,83,326,571,555,26.306306306306308,14.954954954954955
2023,20230101_38026_D04_S001,38026_D04_S001,"Orotava, La",350,45,81,482,958,913,38.33515881708653,8.871851040525739
2023,20230101_38026_D04_S002,38026_D04_S002,"Orotava, La",161,20,67,349,597,577,27.902946273830157,11.611785095320624
2023,20230101_38026_D04_S003,38026_D04_S003,"Orotava, La",160,15,35,212,422,407,39.31203931203931,8.5995085995086
2023,20230101_38026_D04_S004,38026_D04_S004,"Orotava, La",69,8,37,166,280,272,25.36764705882353,13.602941176470589
2023,20230101_38026_D04_S005,38026_D04_S005,"Orotava, La",313,30,45,400,788,758,41.29287598944591,5.936675461741425
2023,20230101_38026_D05_S001,38026_D05_S001,"Orotava, La",148,29,128,486,791,762,19.42257217847769,16.79790026246719
2023,20230101_38026_D05_S002,38026_D05_S002,"Orotava, La",117,19,73,278,487,468,25.0,15.598290598290598
2023,20230101_38026_D05_S003,38026_D05_S003,"Orotava, La",160,36,127,446,769,733,21.828103683492497,17.32605729877217
2023,20230101_38026_D05_S004,38026_D05_S004,"Orotava, La",57,5,83,230,375,370,15.405405405405405,22.43243243243243
2023,20230101_38026_D05_S005,38026_D05_S005,"Orotava, La",159,18,90,447,714,696,22.844827586206897,12.931034482758621
2023,20230101_38026_D06_S001,38026_D06_S001,"Orotava, La",39,10,81,204,334,324,12.037037037037036,25.0
2023,20230101_38026_D06_S002,38026_D06_S002,"Orotava, La",52,20,114,271,457,437,11.899313501144166,26.08695652173913
2023,20230101_38026_D06_S003,38026_D06_S003,"Orotava, La",99,18,101,402,620,602,16.44518272425249,16.777408637873755
2023,20230101_38026_D06_S004,38026_D06_S004,"Orotava, La",57,40,188,372,657,617,9.238249594813615,30.47001620745543
2023,20230101_38027_D01_S001,38027_D01_S001,"Paso, El",170,29,73,351,623,594,28.61952861952862,12.289562289562289
2023,20230101_38027_D02_S001,38027_D02_S001,"Paso, El",284,48,199,569,1100,1052,26.99619771863118,18.916349809885933
2023,20230101_38027_D03_S001,38027_D03_S001,"Paso, El",160,24,86,258,528,504,31.746031746031747,17.063492063492063
2023,20230101_38027_D03_S002,38027_D03_S002,"Paso, El",177,28,80,258,543,515,34.36893203883495,15.533980582524272
2023,20230101_38027_D04_S001,38027_D04_S001,"Paso, El",143,26,83,296,548,522,27.39463601532567,15.900383141762452
2023,20230101_38028_D01_S001,38028_D01_S001,Puerto de la Cruz,113,11,26,208,358,347,32.564841498559076,7.492795389048991
2023,20230101_38028_D01_S002,38028_D01_S002,Puerto de la Cruz,201,41,61,366,669,628,32.00636942675159,9.713375796178344
2023,20230101_38028_D01_S003,38028_D01_S003,Puerto de la Cruz,493,58,54,491,1096,1038,47.49518304431599,5.202312138728324
2023,20230101_38028_D01_S004,38028_D01_S004,Puerto de la Cruz,471,46,46,391,954,908,51.87224669603524,5.066079295154185
2023,20230101_38028_D02_S001,38028_D02_S001,Puerto de la Cruz,119,12,19,188,338,326,36.50306748466258,5.828220858895706
2023,20230101_38028_D02_S002,38028_D02_S002,Puerto de la Cruz,94,12,28,129,263,251,37.45019920318725,11.155378486055778
2023,20230101_38028_D02_S003,38028_D02_S003,Puerto de la Cruz,213,17,32,237,499,482,44.190871369294605,6.639004149377594
2023,20230101_38028_D02_S004,38028_D02_S004,Puerto de la Cruz,363,40,68,425,896,856,42.40654205607477,7.94392523364486
2023,20230101_38028_D02_S005,38028_D02_S005,Puerto de la Cruz,214,27,110,427,778,751,28.495339547270305,14.647137150466046
2023,20230101_38028_D03_S001,38028_D03_S001,Puerto de la Cruz,132,12,30,210,384,372,35.483870967741936,8.064516129032258
2023,20230101_38028_D03_S002,38028_D03_S002,Puerto de la Cruz,111,14,51,224,400,386,28.756476683937823,13.212435233160623
2023,20230101_38028_D03_S003,38028_D03_S003,Puerto de la Cruz,76,18,54,190,338,320,23.75,16.875
2023,20230101_38028_D03_S004,38028_D03_S004,Puerto de la Cruz,157,26,55,306,544,518,30.30888030888031,10.617760617760618
2023,20230101_38028_D03_S005,38028_D03_S005,Puerto de la Cruz,91,10,63,254,418,408,22.30392156862745,15.441176470588236
2023,20230101_38028_D03_S006,38028_D03_S006,Puerto de la Cruz,83,16,51,241,391,375,22.133333333333333,13.6
2023,20230101_38028_D04_S001,38028_D04_S001,Puerto de la Cruz,100,21,68,300,489,468,21.367521367521366,14.52991452991453
2023,20230101_38028_D04_S002,38028_D04_S002,Puerto de la Cruz,78,18,79,242,417,399,19.548872180451127,19.79949874686717
2023,20230101_38028_D04_S003,38028_D04_S003,Puerto de la Cruz,133,24,122,472,751,727,18.29436038514443,16.781292984869324
2023,20230101_38028_D04_S004,38028_D04_S004,Puerto de la Cruz,229,29,55,318,631,602,38.03986710963455,9.136212624584717
2023,20230101_38028_D04_S005,38028_D04_S005,Puerto de la Cruz,39,9,51,180,279,270,14.444444444444445,18.88888888888889
2023,20230101_38029_D01_S001,38029_D01_S001,Puntagorda,94,21,72,233,420,399,23.55889724310777,18.045112781954888
2023,20230101_38029_D01_S002,38029_D01_S002,Puntagorda,96,24,56,243,419,395,24.303797468354432,14.177215189873417
2023,20230101_38030_D01_S001,38030_D01_S001,Puntallana,155,29,79,342,605,576,26.90972222222222,13.715277777777779
2023,20230101_38030_D01_S002,38030_D01_S002,Puntallana,143,28,69,236,476,448,31.919642857142858,15.401785714285714
2023,20230101_38031_D01_S001,38031_D01_S001,"Realejos, Los",89,10,66,198,363,353,25.21246458923513,18.69688385269122
2023,20230101_38031_D01_S002,38031_D01_S002,"Realejos, Los",270,38,94,546,948,910,29.67032967032967,10.32967032967033
2023,20230101_38031_D01_S003,38031_D01_S003,"Realejos, Los",253,32,82,496,863,831,30.445246690734056,9.867629362214199
2023,20230101_38031_D01_S004,38031_D01_S004,"Realejos, Los",259,33,134,580,1006,973,26.618705035971225,13.771839671120247
2023,20230101_38031_D01_S005,38031_D01_S005,"Realejos, Los",157,24,107,447,735,711,22.081575246132207,15.049226441631506
2023,20230101_38031_D01_S006,38031_D01_S006,"Realejos, Los",141,23,64,321,549,526,26.806083650190114,12.167300380228136
2023,20230101_38031_D01_S007,38031_D01_S007,"Realejos, Los",78,7,85,282,452,445,17.528089887640448,19.10112359550562
2023,20230101_38031_D01_S008,38031_D01_S008,"Realejos, Los",192,18,80,411,701,683,28.111273792093705,11.71303074670571
2023,20230101_38031_D02_S001,38031_D02_S001,"Realejos, Los",220,27,80,386,713,686,32.06997084548105,11.661807580174926
2023,20230101_38031_D02_S002,38031_D02_S002,"Realejos, Los",158,20,65,367,610,590,26.779661016949152,11.016949152542374
2023,20230101_38031_D02_S003,38031_D02_S003,"Realejos, Los",108,16,94,322,540,524,20.610687022900763,17.938931297709924
2023,20230101_38031_D03_S001,38031_D03_S001,"Realejos, Los",106,29,84,400,619,590,17.966101694915253,14.23728813559322
2023,20230101_38031_D03_S002,38031_D03_S002,"Realejos, Los",84,24,76,264,448,424,19.81132075471698,17.92452830188679
2023,20230101_38031_D03_S003,38031_D03_S003,"Realejos, Los",110,18,124,376,628,610,18.0327868852459,20.327868852459016
2023,20230101_38031_D03_S004,38031_D03_S004,"Realejos, Los",176,16,43,307,542,526,33.460076045627375,8.17490494296578
2023,20230101_38031_D03_S005,38031_D03_S005,"Realejos, Los",129,23,82,412,646,623,20.70626003210273,13.162118780096309
2023,20230101_38031_D04_S001,38031_D04_S001,"Realejos, Los",172,27,74,340,613,586,29.351535836177476,12.627986348122867
2023,20230101_38031_D04_S002,38031_D04_S002,"Realejos, Los",253,28,64,409,754,726,34.84848484848485,8.81542699724518
2023,20230101_38031_D04_S003,38031_D04_S003,"Realejos, Los",220,16,43,245,524,508,43.30708661417323,8.464566929133857
2023,20230101_38031_D04_S004,38031_D04_S004,"Realejos, Los",146,17,84,341,588,571,25.569176882661996,14.711033274956216
2023,20230101_38031_D05_S001,38031_D05_S001,"Realejos, Los",59,14,106,239,418,404,14.603960396039604,26.237623762376238
2023,20230101_38031_D05_S002,38031_D05_S002,"Realejos, Los",48,16,124,231,419,403,11.910669975186105,30.76923076923077
2023,20230101_38031_D05_S003,38031_D05_S003,"Realejos, Los",47,10,95,212,364,354,13.27683615819209,26.836158192090394
2023,20230101_38031_D06_S001,38031_D06_S001,"Realejos, Los",54,11,131,258,454,443,12.18961625282167,29.571106094808126
2023,20230101_38031_D06_S002,38031_D06_S002,"Realejos, Los",74,16,141,353,584,568,13.028169014084508,24.823943661971832
2023,20230101_38032_D01_S001,38032_D01_S001,"Rosario, El",116,13,43,174,346,333,34.83483483483484,12.912912912912914
2023,20230101_38032_D01_S002,38032_D01_S002,"Rosario, El",65,12,59,169,305,293,22.18430034129693,20.13651877133106
2023,20230101_38032_D01_S003,38032_D01_S003,"Rosario, El",266,34,99,406,805,771,34.50064850843061,12.84046692607004
2023,20230101_38032_D01_S004,38032_D01_S004,"Rosario, El",460,41,37,409,947,906,50.77262693156733,4.083885209713024
2023,20230101_38032_D01_S005,38032_D01_S005,"Rosario, El",58,13,62,188,321,308,18.83116883116883,20.12987012987013
2023,20230101_38032_D01_S006,38032_D01_S006,"Rosario, El",586,50,24,347,1007,957,61.23301985370951,2.5078369905956115
2023,20230101_38032_D01_S007,38032_D01_S007,"Rosario, El",183,20,56,365,624,604,30.29801324503311,9.271523178807946
2023,20230101_38032_D01_S008,38032_D01_S008,"Rosario, El",403,40,20,294,757,717,56.206415620641565,2.789400278940028
2023,20230101_38032_D01_S009,38032_D01_S009,"Rosario, El",99,10,51,155,315,305,32.459016393442624,16.721311475409838
2023,20230101_38032_D01_S010,38032_D01_S010,"Rosario, El",189,24,102,383,698,674,28.041543026706233,15.13353115727003
2023,20230101_38032_D01_S011,38032_D01_S011,"Rosario, El",454,55,33,353,895,840,54.04761904761905,3.9285714285714284
2023,20230101_38032_D01_S012,38032_D01_S012,"Rosario, El",392,32,12,227,663,631,62.12361331220285,1.901743264659271
2023,20230101_38032_D01_S013,38032_D01_S013,"Rosario, El",263,29,39,187,518,489,53.78323108384458,7.975460122699387
2023,20230101_38033_D01_S001,38033_D01_S001,San Andrés y Sauces,136,36,71,279,522,486,27.983539094650205,14.609053497942387
2023,20230101_38033_D01_S002,38033_D01_S002,San Andrés y Sauces,70,19,36,178,303,284,24.64788732394366,12.67605633802817
2023,20230101_38033_D01_S003,38033_D01_S003,San Andrés y Sauces,135,51,91,291,568,517,26.11218568665377,17.60154738878143
2023,20230101_38033_D02_S001,38033_D02_S001,San Andrés y Sauces,127,40,83,268,518,478,26.569037656903767,17.364016736401673
2023,20230101_38034_D01_S001,38034_D01_S001,San Juan de la Rambla,189,12,57,230,488,476,39.705882352941174,11.974789915966387
2023,20230101_38034_D01_S002,38034_D01_S002,San Juan de la Rambla,131,30,132,442,735,705,18.581560283687942,18.72340425531915
2023,20230101_38034_D01_S003,38034_D01_S003,San Juan de la Rambla,38,9,42,186,275,266,14.285714285714286,15.789473684210526
2023,20230101_38034_D01_S004,38034_D01_S004,San Juan de la Rambla,58,14,97,298,467,453,12.803532008830022,21.41280353200883
2023,20230101_38035_D01_S001,38035_D01_S001,San Miguel de Abona,260,40,152,615,1067,1027,25.31645569620253,14.800389483933788
2023,20230101_38035_D01_S002,38035_D01_S002,San Miguel de Abona,172,29,142,534,877,848,20.28301886792453,16.745283018867923
2023,20230101_38035_D01_S003,38035_D01_S003,San Miguel de Abona,209,36,145,654,1044,1008,20.734126984126984,14.384920634920634
2023,20230101_38035_D01_S004,38035_D01_S004,San Miguel de Abona,535,117,310,1433,2395,2278,23.485513608428445,13.608428446005268
2023,20230101_38035_D01_S005,38035_D01_S005,San Miguel de Abona,81,12,80,255,428,416,19.471153846153847,19.23076923076923
2023,20230101_38035_D01_S006,38035_D01_S006,San Miguel de Abona,80,26,162,439,707,681,11.747430249632894,23.788546255506606
2023,20230101_38035_D01_S007,38035_D01_S007,San Miguel de Abona,256,46,99,655,1056,1010,25.346534653465348,9.801980198019802
2023,20230101_38035_D01_S008,38035_D01_S008,San Miguel de Abona,286,49,109,690,1134,1085,26.359447004608295,10.046082949308756
2023,20230101_38035_D01_S009,38035_D01_S009,San Miguel de Abona,130,39,253,622,1044,1005,12.935323383084578,25.17412935323383
2023,20230101_38036_D01_S001,38036_D01_S001,San Sebastián de la Gomera,251,30,68,301,650,620,40.483870967741936,10.96774193548387
2023,20230101_38036_D01_S002,38036_D01_S002,San Sebastián de la Gomera,192,44,142,464,842,798,24.06015037593985,17.794486215538846
2023,20230101_38036_D01_S003,38036_D01_S003,San Sebastián de la Gomera,82,11,52,189,334,323,25.386996904024766,16.09907120743034
2023,20230101_38036_D01_S005,38036_D01_S005,San Sebastián de la Gomera,261,42,129,440,872,830,31.44578313253012,15.542168674698795
2023,20230101_38036_D01_S006,38036_D01_S006,San Sebastián de la Gomera,204,22,90,275,591,569,35.85237258347979,15.817223198594025
2023,20230101_38036_D01_S007,38036_D01_S007,San Sebastián de la Gomera,68,15,89,197,369,354,19.2090395480226,25.141242937853107
2023,20230101_38036_D01_S008,38036_D01_S008,San Sebastián de la Gomera,224,27,79,316,646,619,36.18739903069467,12.762520193861066
2023,20230101_38037_D01_S001,38037_D01_S001,Santa Cruz de la Palma,192,25,72,287,576,551,34.84573502722323,13.067150635208712
2023,20230101_38037_D01_S002,38037_D01_S002,Santa Cruz de la Palma,107,17,99,245,468,451,23.725055432372507,21.951219512195124
2023,20230101_38037_D01_S003,38037_D01_S003,Santa Cruz de la Palma,333,31,124,441,929,898,37.08240534521158,13.808463251670378
2023,20230101_38037_D02_S001,38037_D02_S001,Santa Cruz de la Palma,145,9,38,156,348,339,42.772861356932154,11.2094395280236
2023,20230101_38037_D02_S002,38037_D02_S002,Santa Cruz de la Palma,227,18,74,263,582,564,40.248226950354606,13.120567375886525
2023,20230101_38037_D02_S003,38037_D02_S003,Santa Cruz de la Palma,353,39,124,528,1044,1005,35.124378109452735,12.338308457711443
2023,20230101_38037_D02_S005,38037_D02_S005,Santa Cruz de la Palma,10,3,11,19,43,40,25.0,27.5
2023,20230101_38037_D03_S001,38037_D03_S001,Santa Cruz de la Palma,202,20,54,211,487,467,43.25481798715204,11.563169164882227
2023,20230101_38037_D03_S002,38037_D03_S002,Santa Cruz de la Palma,127,16,55,182,380,364,34.89010989010989,15.10989010989011
2023,20230101_38037_D03_S003,38037_D03_S003,Santa Cruz de la Palma,80,13,101,269,463,450,17.77777777777778,22.444444444444443
2023,20230101_38037_D03_S004,38037_D03_S004,Santa Cruz de la Palma,150,23,89,265,527,504,29.761904761904763,17.658730158730158
2023,20230101_38037_D03_S005,38037_D03_S005,Santa Cruz de la Palma,102,33,137,376,648,615,16.585365853658537,22.276422764227643
2023,20230101_38038_D01_S001,38038_D01_S001,Santa Cruz de Tenerife,389,28,23,207,647,619,62.84329563812601,3.715670436187399
2023,20230101_38038_D01_S002,38038_D01_S002,Santa Cruz de Tenerife,204,21,36,165,426,405,50.370370370370374,8.88888888888889
2023,20230101_38038_D01_S003,38038_D01_S003,Santa Cruz de Tenerife,322,38,24,256,640,602,53.48837209302326,3.9867109634551494
2023,20230101_38038_D01_S004,38038_D01_S004,Santa Cruz de Tenerife,266,18,18,167,469,451,58.980044345898,3.991130820399113
2023,20230101_38038_D01_S006,38038_D01_S006,Santa Cruz de Tenerife,454,36,51,301,842,806,56.32754342431762,6.327543424317618
2023,20230101_38038_D01_S007,38038_D01_S007,Santa Cruz de Tenerife,175,19,14,118,326,307,57.00325732899023,4.5602605863192185
2023,20230101_38038_D01_S008,38038_D01_S008,Santa Cruz de Tenerife,585,56,23,231,895,839,69.7258641239571,2.7413587604290823
2023,20230101_38038_D01_S009,38038_D01_S009,Santa Cruz de Tenerife,292,23,10,133,458,435,67.1264367816092,2.2988505747126435
2023,20230101_38038_D01_S010,38038_D01_S010,Santa Cruz de Tenerife,421,42,21,183,667,625,67.36,3.36
2023,20230101_38038_D01_S011,38038_D01_S011,Santa Cruz de Tenerife,257,18,13,123,411,393,65.39440203562341,3.3078880407124682
2023,20230101_38038_D01_S012,38038_D01_S012,Santa Cruz de Tenerife,597,35,12,180,824,789,75.66539923954373,1.520912547528517
2023,20230101_38038_D02_S001,38038_D02_S001,Santa Cruz de Tenerife,261,23,23,176,483,460,56.73913043478261,5.0
2023,20230101_38038_D02_S002,38038_D02_S002,Santa Cruz de Tenerife,236,24,13,145,418,394,59.898477157360404,3.299492385786802
2023,20230101_38038_D02_S003,38038_D02_S003,Santa Cruz de Tenerife,321,26,26,213,586,560,57.32142857142857,4.642857142857143
2023,20230101_38038_D02_S004,38038_D02_S004,Santa Cruz de Tenerife,219,14,24,109,366,352,62.21590909090909,6.818181818181818
2023,20230101_38038_D02_S005,38038_D02_S005,Santa Cruz de Tenerife,400,33,27,229,689,656,60.97560975609756,4.115853658536586
2023,20230101_38038_D02_S006,38038_D02_S006,Santa Cruz de Tenerife,427,39,31,260,757,718,59.47075208913649,4.3175487465181055
2023,20230101_38038_D02_S007,38038_D02_S007,Santa Cruz de Tenerife,207,19,15,96,337,318,65.09433962264151,4.716981132075472
2023,20230101_38038_D02_S008,38038_D02_S008,Santa Cruz de Tenerife,292,20,20,189,521,501,58.28343313373254,3.992015968063872
2023,20230101_38038_D02_S009,38038_D02_S009,Santa Cruz de Tenerife,431,32,41,285,789,757,56.935270805812415,5.416116248348745
2023,20230101_38038_D03_S001,38038_D03_S001,Santa Cruz de Tenerife,425,30,8,171,634,604,70.36423841059603,1.3245033112582782
2023,20230101_38038_D03_S002,38038_D03_S002,Santa Cruz de Tenerife,178,20,21,180,399,379,46.96569920844327,5.54089709762533
2023,20230101_38038_D03_S003,38038_D03_S003,Santa Cruz de Tenerife,335,27,36,236,634,607,55.18945634266886,5.930807248764415
2023,20230101_38038_D03_S004,38038_D03_S004,Santa Cruz de Tenerife,109,10,30,141,290,280,38.92857142857143,10.714285714285714
2023,20230101_38038_D03_S005,38038_D03_S005,Santa Cruz de Tenerife,250,22,57,262,591,569,43.936731107205624,10.017574692442881
2023,20230101_38038_D03_S006,38038_D03_S006,Santa Cruz de Tenerife,191,13,8,84,296,283,67.49116607773851,2.8268551236749118
2023,20230101_38038_D03_S007,38038_D03_S007,Santa Cruz de Tenerife,133,28,29,188,378,350,38.0,8.285714285714286
2023,20230101_38038_D03_S008,38038_D03_S008,Santa Cruz de Tenerife,221,20,22,210,473,453,48.78587196467991,4.856512141280353
2023,20230101_38038_D03_S009,38038_D03_S009,Santa Cruz de Tenerife,310,21,35,206,572,551,56.261343012704174,6.352087114337568
2023,20230101_38038_D03_S010,38038_D03_S010,Santa Cruz de Tenerife,139,15,31,154,339,324,42.901234567901234,9.567901234567902
2023,20230101_38038_D03_S011,38038_D03_S011,Santa Cruz de Tenerife,297,21,23,134,475,454,65.41850220264317,5.066079295154185
2023,20230101_38038_D03_S013,38038_D03_S013,Santa Cruz de Tenerife,255,20,28,217,520,500,51.0,5.6
2023,20230101_38038_D03_S014,38038_D03_S014,Santa Cruz de Tenerife,286,25,39,256,606,581,49.225473321858864,6.712564543889845
2023,20230101_38038_D03_S015,38038_D03_S015,Santa Cruz de Tenerife,286,19,42,219,566,547,52.285191956124315,7.678244972577697
2023,20230101_38038_D03_S016,38038_D03_S016,Santa Cruz de Tenerife,134,10,55,172,371,361,37.119113573407205,15.23545706371191
2023,20230101_38038_D03_S017,38038_D03_S017,Santa Cruz de Tenerife,165,12,26,149,352,340,48.529411764705884,7.647058823529412
2023,20230101_38038_D03_S018,38038_D03_S018,Santa Cruz de Tenerife,109,17,40,170,336,319,34.1692789968652,12.539184952978056
2023,20230101_38038_D03_S019,38038_D03_S019,Santa Cruz de Tenerife,248,13,20,190,471,458,54.148471615720524,4.366812227074236
2023,20230101_38038_D03_S020,38038_D03_S020,Santa Cruz de Tenerife,437,31,30,231,729,698,62.607449856733524,4.2979942693409745
2023,20230101_38038_D03_S021,38038_D03_S021,Santa Cruz de Tenerife,507,38,11,254,810,772,65.67357512953367,1.4248704663212435
2023,20230101_38038_D04_S001,38038_D04_S001,Santa Cruz de Tenerife,43,9,35,107,194,185,23.243243243243242,18.91891891891892
2023,20230101_38038_D04_S002,38038_D04_S002,Santa Cruz de Tenerife,69,15,60,185,329,314,21.97452229299363,19.10828025477707
2023,20230101_38038_D04_S003,38038_D04_S003,Santa Cruz de Tenerife,126,17,88,255,486,469,26.865671641791046,18.763326226012794
2023,20230101_38038_D04_S004,38038_D04_S004,Santa Cruz de Tenerife,92,16,60,230,398,382,24.083769633507853,15.706806282722512
2023,20230101_38038_D04_S005,38038_D04_S005,Santa Cruz de Tenerife,97,23,74,221,415,392,24.744897959183675,18.877551020408163
2023,20230101_38038_D04_S006,38038_D04_S006,Santa Cruz de Tenerife,99,18,68,263,448,430,23.023255813953487,15.813953488372093
2023,20230101_38038_D04_S007,38038_D04_S007,Santa Cruz de Tenerife,79,21,39,209,348,327,24.159021406727827,11.926605504587156
2023,20230101_38038_D04_S009,38038_D04_S009,Santa Cruz de Tenerife,91,12,89,295,487,475,19.157894736842106,18.736842105263158
2023,20230101_38038_D04_S011,38038_D04_S011,Santa Cruz de Tenerife,74,17,65,250,406,389,19.02313624678663,16.709511568123393
2023,20230101_38038_D04_S012,38038_D04_S012,Santa Cruz de Tenerife,70,12,46,198,326,314,22.29299363057325,14.64968152866242
2023,20230101_38038_D04_S014,38038_D04_S014,Santa Cruz de Tenerife,63,17,50,153,283,266,23.68421052631579,18.796992481203006
2023,20230101_38038_D04_S015,38038_D04_S015,Santa Cruz de Tenerife,29,10,40,170,249,239,12.133891213389122,16.736401673640167
2023,20230101_38038_D05_S001,38038_D05_S001,Santa Cruz de Tenerife,417,23,11,158,609,586,71.160409556314,1.8771331058020477
2023,20230101_38038_D05_S002,38038_D05_S002,Santa Cruz de Tenerife,408,34,47,230,719,685,59.56204379562044,6.861313868613139
2023,20230101_38038_D05_S003,38038_D05_S003,Santa Cruz de Tenerife,277,36,45,186,544,508,54.52755905511811,8.858267716535433
2023,20230101_38038_D05_S004,38038_D05_S004,Santa Cruz de Tenerife,223,22,34,153,432,410,54.390243902439025,8.292682926829269
2023,20230101_38038_D05_S005,38038_D05_S005,Santa Cruz de Tenerife,322,24,49,229,624,600,53.666666666666664,8.166666666666666
2023,20230101_38038_D05_S006,38038_D05_S006,Santa Cruz de Tenerife,270,24,49,232,575,551,49.00181488203267,8.892921960072595
2023,20230101_38038_D05_S007,38038_D05_S007,Santa Cruz de Tenerife,257,36,42,208,543,507,50.69033530571992,8.284023668639053
2023,20230101_38038_D05_S008,38038_D05_S008,Santa Cruz de Tenerife,331,22,42,207,602,580,57.06896551724138,7.241379310344827
2023,20230101_38038_D05_S009,38038_D05_S009,Santa Cruz de Tenerife,294,29,30,128,481,452,65.04424778761062,6.6371681415929205
2023,20230101_38038_D05_S010,38038_D05_S010,Santa Cruz de Tenerife,471,37,16,152,676,639,73.70892018779342,2.503912363067293
2023,20230101_38038_D05_S011,38038_D05_S011,Santa Cruz de Tenerife,180,17,27,128,352,335,53.73134328358209,8.059701492537313
2023,20230101_38038_D05_S012,38038_D05_S012,Santa Cruz de Tenerife,474,46,40,247,807,761,62.28646517739816,5.256241787122208
2023,20230101_38038_D05_S013,38038_D05_S013,Santa Cruz de Tenerife,224,15,45,186,470,455,49.23076923076923,9.89010989010989
2023,20230101_38038_D05_S014,38038_D05_S014,Santa Cruz de Tenerife,229,38,59,227,553,515,44.46601941747573,11.45631067961165
2023,20230101_38038_D05_S015,38038_D05_S015,Santa Cruz de Tenerife,188,17,19,110,334,317,59.305993690851736,5.993690851735016
2023,20230101_38038_D06_S001,38038_D06_S001,Santa Cruz de Tenerife,304,28,43,221,596,568,53.521126760563384,7.570422535211268
2023,20230101_38038_D06_S002,38038_D06_S002,Santa Cruz de Tenerife,191,10,8,100,309,299,63.87959866220736,2.6755852842809364
2023,20230101_38038_D06_S003,38038_D06_S003,Santa Cruz de Tenerife,121,18,62,232,433,415,29.156626506024097,14.939759036144578
2023,20230101_38038_D06_S004,38038_D06_S004,Santa Cruz de Tenerife,57,21,68,199,345,324,17.59259259259259,20.987654320987655
2023,20230101_38038_D06_S005,38038_D06_S005,Santa Cruz de Tenerife,184,13,37,187,421,408,45.09803921568628,9.068627450980392
2023,20230101_38038_D06_S006,38038_D06_S006,Santa Cruz de Tenerife,156,10,6,94,266,256,60.9375,2.34375
2023,20230101_38038_D06_S007,38038_D06_S007,Santa Cruz de Tenerife,382,53,70,433,938,885,43.163841807909606,7.909604519774011
2023,20230101_38038_D06_S008,38038_D06_S008,Santa Cruz de Tenerife,232,20,24,155,431,411,56.447688564476884,5.839416058394161
2023,20230101_38038_D06_S010,38038_D06_S010,Santa Cruz de Tenerife,154,12,33,216,415,403,38.21339950372209,8.188585607940446
2023,20230101_38038_D06_S011,38038_D06_S011,Santa Cruz de Tenerife,142,11,55,199,407,396,35.85858585858586,13.88888888888889
2023,20230101_38038_D06_S012,38038_D06_S012,Santa Cruz de Tenerife,278,29,44,269,620,591,47.03891708967851,7.4450084602368864
2023,20230101_38038_D06_S013,38038_D06_S013,Santa Cruz de Tenerife,215,17,26,136,394,377,57.02917771883289,6.896551724137931
2023,20230101_38038_D06_S014,38038_D06_S014,Santa Cruz de Tenerife,185,23,33,219,460,437,42.33409610983982,7.551487414187643
2023,20230101_38038_D06_S016,38038_D06_S016,Santa Cruz de Tenerife,36,14,75,174,299,285,12.631578947368421,26.31578947368421
2023,20230101_38038_D06_S017,38038_D06_S017,Santa Cruz de Tenerife,122,25,72,246,465,440,27.727272727272727,16.363636363636363
2023,20230101_38038_D06_S018,38038_D06_S018,Santa Cruz de Tenerife,153,23,32,190,398,375,40.8,8.533333333333333
2023,20230101_38038_D06_S019,38038_D06_S019,Santa Cruz de Tenerife,177,9,52,185,423,414,42.7536231884058,12.560386473429952
2023,20230101_38038_D06_S020,38038_D06_S020,Santa Cruz de Tenerife,124,8,54,203,389,381,32.54593175853018,14.173228346456693
2023,20230101_38038_D06_S021,38038_D06_S021,Santa Cruz de Tenerife,200,28,61,278,567,539,37.105751391465674,11.317254174397032
2023,20230101_38038_D06_S022,38038_D06_S022,Santa Cruz de Tenerife,407,59,36,364,866,807,50.43370508054523,4.4609665427509295
2023,20230101_38038_D06_S023,38038_D06_S023,Santa Cruz de Tenerife,86,16,67,197,366,350,24.571428571428573,19.142857142857142
2023,20230101_38038_D06_S025,38038_D06_S025,Santa Cruz de Tenerife,516,48,27,294,885,837,61.64874551971326,3.225806451612903
2023,20230101_38038_D06_S026,38038_D06_S026,Santa Cruz de Tenerife,56,2,34,158,250,248,22.580645161290324,13.709677419354838
2023,20230101_38038_D06_S028,38038_D06_S028,Santa Cruz de Tenerife,262,41,61,315,679,638,41.06583072100314,9.561128526645769
2023,20230101_38038_D06_S029,38038_D06_S029,Santa Cruz de Tenerife,81,4,5,42,132,128,63.28125,3.90625
2023,20230101_38038_D07_S001,38038_D07_S001,Santa Cruz de Tenerife,286,34,78,369,767,733,39.017735334242836,10.641200545702592
2023,20230101_38038_D07_S002,38038_D07_S002,Santa Cruz de Tenerife,128,25,96,336,585,560,22.857142857142858,17.142857142857142
2023,20230101_38038_D07_S003,38038_D07_S003,Santa Cruz de Tenerife,152,36,93,391,672,636,23.89937106918239,14.622641509433961
2023,20230101_38038_D07_S004,38038_D07_S004,Santa Cruz de Tenerife,39,6,63,137,245,239,16.317991631799163,26.359832635983263
2023,20230101_38038_D07_S005,38038_D07_S005,Santa Cruz de Tenerife,75,8,58,199,340,332,22.59036144578313,17.46987951807229
2023,20230101_38038_D07_S006,38038_D07_S006,Santa Cruz de Tenerife,107,17,78,233,435,418,25.598086124401913,18.660287081339714
2023,20230101_38038_D07_S007,38038_D07_S007,Santa Cruz de Tenerife,97,15,89,277,478,463,20.950323974082075,19.22246220302376
2023,20230101_38038_D07_S009,38038_D07_S009,Santa Cruz de Tenerife,134,25,65,281,505,480,27.916666666666668,13.541666666666666
2023,20230101_38038_D08_S001,38038_D08_S001,Santa Cruz de Tenerife,63,15,81,228,387,372,16.93548387096774,21.774193548387096
2023,20230101_38038_D09_S001,38038_D09_S001,Santa Cruz de Tenerife,85,12,78,203,378,366,23.224043715846996,21.311475409836067
2023,20230101_38038_D09_S002,38038_D09_S002,Santa Cruz de Tenerife,55,10,46,146,257,247,22.267206477732792,18.62348178137652
2023,20230101_38038_D09_S003,38038_D09_S003,Santa Cruz de Tenerife,82,15,62,242,401,386,21.243523316062177,16.06217616580311
2023,20230101_38038_D09_S006,38038_D09_S006,Santa Cruz de Tenerife,106,15,80,263,464,449,23.608017817371937,17.817371937639198
2023,20230101_38038_D09_S007,38038_D09_S007,Santa Cruz de Tenerife,70,14,43,205,332,318,22.0125786163522,13.522012578616351
2023,20230101_38038_D09_S009,38038_D09_S009,Santa Cruz de Tenerife,78,15,98,305,496,481,16.216216216216218,20.374220374220375
2023,20230101_38038_D09_S010,38038_D09_S010,Santa Cruz de Tenerife,58,17,94,246,415,398,14.57286432160804,23.618090452261306
2023,20230101_38038_D09_S011,38038_D09_S011,Santa Cruz de Tenerife,60,12,95,205,372,360,16.666666666666668,26.38888888888889
2023,20230101_38038_D09_S012,38038_D09_S012,Santa Cruz de Tenerife,128,26,82,390,626,600,21.333333333333332,13.666666666666666
2023,20230101_38038_D09_S014,38038_D09_S014,Santa Cruz de Tenerife,47,15,52,170,284,269,17.472118959107807,19.33085501858736
2023,20230101_38038_D09_S015,38038_D09_S015,Santa Cruz de Tenerife,86,7,44,190,327,320,26.875,13.75
2023,20230101_38038_D09_S016,38038_D09_S016,Santa Cruz de Tenerife,52,10,68,234,364,354,14.689265536723164,19.2090395480226
2023,20230101_38038_D09_S018,38038_D09_S018,Santa Cruz de Tenerife,44,14,43,132,233,219,20.091324200913242,19.634703196347033
2023,20230101_38038_D09_S019,38038_D09_S019,Santa Cruz de Tenerife,133,30,73,348,584,554,24.0072202166065,13.176895306859207
2023,20230101_38038_D09_S021,38038_D09_S021,Santa Cruz de Tenerife,58,10,51,187,306,296,19.594594594594593,17.22972972972973
2023,20230101_38038_D09_S022,38038_D09_S022,Santa Cruz de Tenerife,82,17,91,257,447,430,19.069767441860463,21.162790697674417
2023,20230101_38038_D10_S001,38038_D10_S001,Santa Cruz de Tenerife,54,11,39,183,287,276,19.565217391304348,14.130434782608695
2023,20230101_38038_D10_S002,38038_D10_S002,Santa Cruz de Tenerife,79,10,59,195,343,333,23.723723723723722,17.71771771771772
2023,20230101_38038_D10_S003,38038_D10_S003,Santa Cruz de Tenerife,83,13,56,225,377,364,22.802197802197803,15.384615384615385
2023,20230101_38038_D10_S004,38038_D10_S004,Santa Cruz de Tenerife,43,8,26,146,223,215,20.0,12.093023255813954
2023,20230101_38038_D10_S005,38038_D10_S005,Santa Cruz de Tenerife,51,12,46,158,267,255,20.0,18.03921568627451
2023,20230101_38038_D10_S006,38038_D10_S006,Santa Cruz de Tenerife,224,22,50,282,578,556,40.28776978417266,8.992805755395683
2023,20230101_38038_D10_S007,38038_D10_S007,Santa Cruz de Tenerife,133,17,45,163,358,341,39.002932551319645,13.196480938416423
2023,20230101_38038_D10_S008,38038_D10_S008,Santa Cruz de Tenerife,105,12,47,197,361,349,30.08595988538682,13.46704871060172
2023,20230101_38038_D10_S009,38038_D10_S009,Santa Cruz de Tenerife,87,10,35,194,326,316,27.531645569620252,11.075949367088608
2023,20230101_38038_D10_S010,38038_D10_S010,Santa Cruz de Tenerife,52,10,48,131,241,231,22.51082251082251,20.77922077922078
2023,20230101_38038_D10_S011,38038_D10_S011,Santa Cruz de Tenerife,97,16,57,339,509,493,19.675456389452332,11.561866125760648
2023,20230101_38038_D10_S012,38038_D10_S012,Santa Cruz de Tenerife,60,24,60,197,341,317,18.92744479495268,18.92744479495268
2023,20230101_38038_D10_S013,38038_D10_S013,Santa Cruz de Tenerife,75,11,24,105,215,204,36.76470588235294,11.764705882352942
2023,20230101_38038_D10_S014,38038_D10_S014,Santa Cruz de Tenerife,96,11,41,212,360,349,27.507163323782233,11.74785100286533
2023,20230101_38038_D10_S015,38038_D10_S015,Santa Cruz de Tenerife,183,18,50,184,435,417,43.884892086330936,11.990407673860911
2023,20230101_38038_D10_S016,38038_D10_S016,Santa Cruz de Tenerife,137,23,35,253,448,425,32.23529411764706,8.235294117647058
2023,20230101_38038_D11_S001,38038_D11_S001,Santa Cruz de Tenerife,110,31,108,389,638,607,18.12191103789127,17.792421746293247
2023,20230101_38038_D11_S002,38038_D11_S002,Santa Cruz de Tenerife,207,46,83,480,816,770,26.883116883116884,10.779220779220779
2023,20230101_38038_D11_S003,38038_D11_S003,Santa Cruz de Tenerife,368,62,103,715,1248,1186,31.02866779089376,8.684654300168635
2023,20230101_38038_D11_S004,38038_D11_S004,Santa Cruz de Tenerife,174,50,129,562,915,865,20.115606936416185,14.913294797687861
2023,20230101_38038_D11_S005,38038_D11_S005,Santa Cruz de Tenerife,122,19,61,325,527,508,24.015748031496063,12.007874015748031
2023,20230101_38038_D11_S006,38038_D11_S006,Santa Cruz de Tenerife,159,25,142,467,793,768,20.703125,18.489583333333332
2023,20230101_38038_D11_S007,38038_D11_S007,Santa Cruz de Tenerife,119,18,81,330,548,530,22.452830188679247,15.283018867924529
2023,20230101_38038_D11_S008,38038_D11_S008,Santa Cruz de Tenerife,183,28,59,353,623,595,30.756302521008404,9.915966386554622
2023,20230101_38038_D11_S009,38038_D11_S009,Santa Cruz de Tenerife,84,13,92,252,441,428,19.626168224299064,21.49532710280374
2023,20230101_38038_D11_S010,38038_D11_S010,Santa Cruz de Tenerife,170,24,96,321,611,587,28.960817717206133,16.35434412265758
2023,20230101_38038_D11_S011,38038_D11_S011,Santa Cruz de Tenerife,30,11,89,210,340,329,9.118541033434651,27.051671732522795
2023,20230101_38038_D11_S012,38038_D11_S012,Santa Cruz de Tenerife,74,19,104,345,542,523,14.149139579349905,19.88527724665392
2023,20230101_38038_D11_S013,38038_D11_S013,Santa Cruz de Tenerife,217,41,77,437,772,731,29.685362517099865,10.533515731874145
2023,20230101_38038_D11_S014,38038_D11_S014,Santa Cruz de Tenerife,299,28,17,224,568,540,55.370370370370374,3.1481481481481484
2023,20230101_38038_D11_S015,38038_D11_S015,Santa Cruz de Tenerife,131,29,88,414,662,633,20.69510268562401,13.902053712480253
2023,20230101_38038_D11_S016,38038_D11_S016,Santa Cruz de Tenerife,63,13,67,195,338,325,19.384615384615383,20.615384615384617
2023,20230101_38038_D11_S017,38038_D11_S017,Santa Cruz de Tenerife,66,29,89,243,427,398,16.582914572864322,22.36180904522613
2023,20230101_38038_D11_S018,38038_D11_S018,Santa Cruz de Tenerife,250,39,94,467,850,811,30.826140567200987,11.590628853267571
2023,20230101_38038_D11_S019,38038_D11_S019,Santa Cruz de Tenerife,120,23,81,295,519,496,24.193548387096776,16.330645161290324
2023,20230101_38038_D11_S020,38038_D11_S020,Santa Cruz de Tenerife,203,22,84,426,735,713,28.47124824684432,11.781206171107995
2023,20230101_38038_D11_S021,38038_D11_S021,Santa Cruz de Tenerife,571,43,32,425,1071,1028,55.54474708171206,3.11284046692607
2023,20230101_38038_D12_S001,38038_D12_S001,Santa Cruz de Tenerife,194,32,83,389,698,666,29.12912912912913,12.462462462462462
2023,20230101_38038_D12_S002,38038_D12_S002,Santa Cruz de Tenerife,193,37,134,511,875,838,23.031026252983292,15.990453460620525
2023,20230101_38038_D12_S003,38038_D12_S003,Santa Cruz de Tenerife,60,16,63,198,337,321,18.69158878504673,19.626168224299064
2023,20230101_38038_D12_S004,38038_D12_S004,Santa Cruz de Tenerife,132,18,62,299,511,493,26.774847870182555,12.57606490872211
2023,20230101_38038_D12_S005,38038_D12_S005,Santa Cruz de Tenerife,285,38,121,588,1032,994,28.672032193158955,12.173038229376257
2023,20230101_38038_D12_S006,38038_D12_S006,Santa Cruz de Tenerife,164,29,103,423,719,690,23.768115942028984,14.927536231884059
2023,20230101_38038_D12_S007,38038_D12_S007,Santa Cruz de Tenerife,95,14,45,243,397,383,24.804177545691907,11.74934725848564
2023,20230101_38038_D12_S008,38038_D12_S008,Santa Cruz de Tenerife,279,43,112,609,1043,1000,27.9,11.2
2023,20230101_38038_D12_S009,38038_D12_S009,Santa Cruz de Tenerife,322,50,95,590,1057,1007,31.976166832174776,9.433962264150944
2023,20230101_38038_D12_S010,38038_D12_S010,Santa Cruz de Tenerife,243,25,74,439,781,756,32.142857142857146,9.788359788359788
2023,20230101_38038_D12_S011,38038_D12_S011,Santa Cruz de Tenerife,215,29,119,489,852,823,26.12393681652491,14.459295261239369
2023,20230101_38039_D01_S001,38039_D01_S001,Santa Úrsula,156,19,107,488,770,751,20.77230359520639,14.247669773635153
2023,20230101_38039_D01_S002,38039_D01_S002,Santa Úrsula,107,23,96,404,630,607,17.627677100494235,15.815485996705107
2023,20230101_38039_D01_S003,38039_D01_S003,Santa Úrsula,105,15,117,306,543,528,19.886363636363637,22.15909090909091
2023,20230101_38039_D01_S004,38039_D01_S004,Santa Úrsula,306,30,59,393,788,758,40.36939313984169,7.783641160949868
2023,20230101_38039_D01_S005,38039_D01_S005,Santa Úrsula,128,17,53,341,539,522,24.521072796934867,10.153256704980842
2023,20230101_38039_D01_S006,38039_D01_S006,Santa Úrsula,170,36,102,438,746,710,23.943661971830984,14.366197183098592
2023,20230101_38039_D01_S007,38039_D01_S007,Santa Úrsula,222,33,81,470,806,773,28.71927554980595,10.478654592496765
2023,20230101_38039_D01_S008,38039_D01_S008,Santa Úrsula,106,22,61,284,473,451,23.503325942350333,13.52549889135255
2023,20230101_38039_D01_S009,38039_D01_S009,Santa Úrsula,514,40,31,448,1033,993,51.76233635448137,3.121852970795569
2023,20230101_38040_D01_S001,38040_D01_S001,Santiago del Teide,109,24,110,393,636,612,17.81045751633987,17.973856209150327
2023,20230101_38040_D01_S002,38040_D01_S002,Santiago del Teide,276,59,168,637,1140,1081,25.53191489361702,15.541165587419057
2023,20230101_38040_D01_S003,38040_D01_S003,Santiago del Teide,190,38,283,711,1222,1184,16.0472972972973,23.902027027027028
2023,20230101_38040_D01_S004,38040_D01_S004,Santiago del Teide,273,50,214,907,1444,1394,19.58393113342898,15.351506456241033
2023,20230101_38041_D01_S001,38041_D01_S001,"Sauzal, El",349,39,62,350,800,761,45.860709592641264,8.147174770039422
2023,20230101_38041_D01_S002,38041_D01_S002,"Sauzal, El",65,13,68,240,386,373,17.42627345844504,18.230563002680967
2023,20230101_38041_D01_S003,38041_D01_S003,"Sauzal, El",104,20,111,292,527,507,20.512820512820515,21.893491124260354
2023,20230101_38041_D01_S004,38041_D01_S004,"Sauzal, El",371,17,47,264,699,682,54.39882697947214,6.891495601173021
2023,20230101_38041_D01_S005,38041_D01_S005,"Sauzal, El",284,23,61,362,730,707,40.16973125884017,8.628005657708629
2023,20230101_38041_D01_S006,38041_D01_S006,"Sauzal, El",109,19,105,360,593,574,18.989547038327526,18.29268292682927
2023,20230101_38042_D01_S001,38042_D01_S001,"Silos, Los",153,28,87,230,498,470,32.5531914893617,18.51063829787234
2023,20230101_38042_D01_S002,38042_D01_S002,"Silos, Los",99,11,104,197,411,400,24.75,26.0
2023,20230101_38042_D01_S003,38042_D01_S003,"Silos, Los",71,12,118,182,383,371,19.137466307277627,31.805929919137466
2023,20230101_38042_D01_S004,38042_D01_S004,"Silos, Los",74,9,127,176,386,377,19.628647214854112,33.687002652519894
2023,20230101_38043_D01_S001,38043_D01_S001,Tacoronte,339,31,70,411,851,820,41.34146341463415,8.536585365853659
2023,20230101_38043_D01_S002,38043_D01_S002,Tacoronte,259,29,86,374,748,719,36.02225312934632,11.96105702364395
2023,20230101_38043_D01_S003,38043_D01_S003,Tacoronte,263,39,65,351,718,679,38.73343151693667,9.572901325478645
2023,20230101_38043_D01_S004,38043_D01_S004,Tacoronte,79,18,87,278,462,444,17.792792792792792,19.594594594594593
2023,20230101_38043_D01_S005,38043_D01_S005,Tacoronte,243,28,95,307,673,645,37.674418604651166,14.728682170542635
2023,20230101_38043_D01_S006,38043_D01_S006,Tacoronte,124,12,33,154,323,311,39.87138263665595,10.610932475884244
2023,20230101_38043_D01_S007,38043_D01_S007,Tacoronte,151,26,81,394,652,626,24.121405750798722,12.939297124600639
2023,20230101_38043_D01_S008,38043_D01_S008,Tacoronte,256,23,63,325,667,644,39.75155279503105,9.782608695652174
2023,20230101_38043_D01_S009,38043_D01_S009,Tacoronte,320,42,126,535,1023,981,32.61977573904179,12.844036697247706
2023,20230101_38043_D01_S010,38043_D01_S010,Tacoronte,271,31,58,341,701,670,40.44776119402985,8.656716417910447
2023,20230101_38043_D01_S011,38043_D01_S011,Tacoronte,403,38,74,491,1006,968,41.63223140495868,7.644628099173554
2023,20230101_38043_D01_S012,38043_D01_S012,Tacoronte,145,26,108,448,727,701,20.684736091298145,15.406562054208274
2023,20230101_38043_D01_S013,38043_D01_S013,Tacoronte,165,15,59,300,539,524,31.48854961832061,11.259541984732824
2023,20230101_38043_D01_S014,38043_D01_S014,Tacoronte,278,21,46,235,580,559,49.73166368515206,8.228980322003578
2023,20230101_38043_D01_S015,38043_D01_S015,Tacoronte,222,18,49,305,594,576,38.541666666666664,8.506944444444445
2023,20230101_38044_D01_S001,38044_D01_S001,"Tanque, El",96,16,149,287,548,532,18.045112781954888,28.007518796992482
2023,20230101_38044_D01_S002,38044_D01_S002,"Tanque, El",76,20,154,247,497,477,15.932914046121594,32.285115303983225
2023,20230101_38045_D01_S001,38045_D01_S001,Tazacorte,55,10,62,121,248,238,23.10924369747899,26.050420168067227
2023,20230101_38045_D01_S002,38045_D01_S002,Tazacorte,181,41,149,406,777,736,24.592391304347824,20.244565217391305
2023,20230101_38045_D01_S003,38045_D01_S003,Tazacorte,89,26,73,217,405,379,23.482849604221634,19.261213720316622
2023,20230101_38045_D01_S004,38045_D01_S004,Tazacorte,56,25,134,199,414,389,14.395886889460154,34.447300771208226
2023,20230101_38046_D01_S001,38046_D01_S001,Tegueste,417,44,66,389,916,872,47.821100917431195,7.568807339449541
2023,20230101_38046_D01_S002,38046_D01_S002,Tegueste,249,40,89,385,763,723,34.439834024896264,12.309820193637622
2023,20230101_38046_D01_S003,38046_D01_S003,Tegueste,290,39,88,397,814,775,37.41935483870968,11.35483870967742
2023,20230101_38046_D01_S004,38046_D01_S004,Tegueste,411,50,110,424,995,945,43.492063492063494,11.640211640211641
2023,20230101_38046_D01_S005,38046_D01_S005,Tegueste,181,23,38,205,447,424,42.68867924528302,8.962264150943396
2023,20230101_38046_D01_S006,38046_D01_S006,Tegueste,287,30,27,221,565,535,53.64485981308411,5.046728971962617
2023,20230101_38046_D01_S007,38046_D01_S007,Tegueste,210,32,68,332,642,610,34.42622950819672,11.147540983606557
2023,20230101_38047_D01_S001,38047_D01_S001,Tijarafe,167,39,127,330,663,624,26.762820512820515,20.352564102564102
2023,20230101_38047_D01_S002,38047_D01_S002,Tijarafe,94,30,67,191,382,352,26.704545454545453,19.03409090909091
2023,20230101_38048_D01_S001,38048_D01_S001,Valverde,262,36,94,407,799,763,34.33813892529489,12.319790301441678
2023,20230101_38048_D01_S002,38048_D01_S002,Valverde,241,49,97,434,821,772,31.21761658031088,12.564766839378239
2023,20230101_38048_D01_S004,38048_D01_S004,Valverde,190,23,34,199,446,423,44.917257683215134,8.037825059101655
2023,20230101_38049_D01_S001,38049_D01_S001,Valle Gran Rey,250,45,179,644,1118,1073,23.299161230195715,16.68219944082013
2023,20230101_38049_D01_S002,38049_D01_S002,Valle Gran Rey,128,15,121,394,658,643,19.906687402799378,18.818040435458787
2023,20230101_38050_D01_S001,38050_D01_S001,Vallehermoso,180,21,98,450,749,728,24.725274725274726,13.461538461538462
2023,20230101_38050_D03_S001,38050_D03_S001,Vallehermoso,42,15,75,144,276,261,16.091954022988507,28.735632183908045
2023,20230101_38051_D01_S001,38051_D01_S001,"Victoria de Acentejo, La",67,4,44,199,314,310,21.612903225806452,14.193548387096774
2023,20230101_38051_D01_S002,38051_D01_S002,"Victoria de Acentejo, La",138,18,51,306,513,495,27.87878787878788,10.303030303030303
2023,20230101_38051_D01_S003,38051_D01_S003,"Victoria de Acentejo, La",66,15,76,344,501,486,13.580246913580247,15.637860082304528
2023,20230101_38051_D01_S004,38051_D01_S004,"Victoria de Acentejo, La",60,10,67,202,339,329,18.237082066869302,20.364741641337385
2023,20230101_38051_D01_S005,38051_D01_S005,"Victoria de Acentejo, La",146,18,75,384,623,605,24.132231404958677,12.396694214876034
2023,20230101_38051_D01_S006,38051_D01_S006,"Victoria de Acentejo, La",195,26,106,530,857,831,23.465703971119133,12.755716004813477
2023,20230101_38051_D01_S007,38051_D01_S007,"Victoria de Acentejo, La",146,15,53,366,580,565,25.84070796460177,9.380530973451327
2023,20230101_38052_D01_S001,38052_D01_S001,Vilaflor de Chasna,161,28,126,467,782,754,21.352785145888593,16.71087533156499
2023,20230101_38053_D01_S001,38053_D01_S001,Villa de Mazo,164,25,55,241,485,460,35.65217391304348,11.956521739130435
2023,20230101_38053_D01_S002,38053_D01_S002,Villa de Mazo,115,16,63,205,399,383,30.026109660574413,16.449086161879894
2023,20230101_38053_D01_S003,38053_D01_S003,Villa de Mazo,124,24,78,275,501,477,25.9958071278826,16.352201257861637
2023,20230101_38053_D01_S004,38053_D01_S004,Villa de Mazo,85,16,72,180,353,337,25.222551928783382,21.364985163204746
2023,20230101_38053_D01_S005,38053_D01_S005,Villa de Mazo,68,11,98,212,389,378,17.98941798941799,25.925925925925927
2023,20230101_38901_D01_S001,38901_D01_S001,"Pinar de El Hierro, El",213,42,110,404,769,727,29.298486932599726,15.130674002751032
