year,geocode,section_key,municipio,distrito,seccion,renta_bruta_media_hogar,renta_bruta_media_persona,renta_neta_uc_media,renta_neta_uc_mediana,renta_ratio_media_mediana,map_year_renta
2021,20220101_38001_D01_S001,38001_D01_S001,Adeje,1,1,31387.0,11528.0,15459.0,13650.0,1.1325274725274725,2022
2021,20220101_38001_D01_S002,38001_D01_S002,Adeje,1,2,28541.0,9484.0,13096.0,12250.0,1.069061224489796,2022
2021,20220101_38001_D01_S003,38001_D01_S003,Adeje,1,3,33268.0,11410.0,15370.0,12250.0,1.2546938775510204,2022
2021,20220101_38001_D01_S004,38001_D01_S004,Adeje,1,4,27259.0,9778.0,13441.0,12250.0,1.0972244897959185,2022
2021,20220101_38001_D01_S005,38001_D01_S005,Adeje,1,5,34744.0,11420.0,15824.0,15050.0,1.0514285714285714,2022
2021,20220101_38001_D01_S006,38001_D01_S006,Adeje,1,6,30198.0,9796.0,13823.0,12950.0,1.0674131274131273,2022
2021,20220101_38001_D01_S007,38001_D01_S007,Adeje,1,7,20584.0,8771.0,11700.0,9450.0,1.2380952380952381,2022
2021,20220101_38001_D01_S008,38001_D01_S008,Adeje,1,8,25436.0,10410.0,14054.0,11550.0,1.2167965367965368,2022
2021,20220101_38001_D01_S009,38001_D01_S009,Adeje,1,9,44746.0,15185.0,19506.0,15050.0,1.2960797342192691,2022
2021,20220101_38001_D01_S010,38001_D01_S010,Adeje,1,10,48813.0,14282.0,19295.0,17150.0,1.125072886297376,2022
2021,20220101_38001_D01_S011,38001_D01_S011,Adeje,1,11,20844.0,8892.0,11872.0,9450.0,1.2562962962962962,2022
2021,20220101_38001_D01_S012,38001_D01_S012,Adeje,1,12,34886.0,11747.0,15607.0,12950.0,1.2051737451737452,2022
2021,20220101_38001_D01_S013,38001_D01_S013,Adeje,1,13,33821.0,12177.0,16909.0,12950.0,1.3057142857142856,2022
2021,20220101_38001_D01_S014,38001_D01_S014,Adeje,1,14,29224.0,10723.0,14375.0,12250.0,1.1734693877551021,2022
2021,20220101_38001_D01_S015,38001_D01_S015,Adeje,1,15,28141.0,9505.0,13102.0,12250.0,1.0695510204081633,2022
2021,20220101_38001_D01_S016,38001_D01_S016,Adeje,1,16,32779.0,11052.0,14777.0,13300.0,1.1110526315789473,2022
2021,20220101_38001_D01_S017,38001_D01_S017,Adeje,1,17,23792.0,10113.0,13101.0,10850.0,1.2074654377880185,2022
2021,20220101_38001_D01_S018,38001_D01_S018,Adeje,1,18,31913.0,12041.0,16147.0,12950.0,1.246872586872587,2022
2021,20220101_38002_D01_S001,38002_D01_S001,Agulo,1,1,29977.0,13317.0,17116.0,15750.0,1.0867301587301588,2022
2021,20220101_38003_D01_S001,38003_D01_S001,Alajeró,1,1,30406.0,13166.0,17194.0,15750.0,1.0916825396825396,2022
2021,20220101_38004_D01_S001,38004_D01_S001,Arafo,1,1,36419.0,13502.0,17691.0,15750.0,1.1232380952380951,2022
2021,20220101_38004_D01_S002,38004_D01_S002,Arafo,1,2,35062.0,12342.0,16801.0,14350.0,1.170801393728223,2022
2021,20220101_38004_D01_S003,38004_D01_S003,Arafo,1,3,39797.0,14827.0,19036.0,17150.0,1.1099708454810495,2022
2021,20220101_38005_D01_S001,38005_D01_S001,Arico,1,1,26088.0,9887.0,13187.0,12250.0,1.0764897959183672,2022
2021,20220101_38005_D01_S002,38005_D01_S002,Arico,1,2,28734.0,10627.0,14554.0,12950.0,1.123861003861004,2022
2021,20220101_38005_D01_S003,38005_D01_S003,Arico,1,3,29046.0,11315.0,14780.0,13650.0,1.0827838827838827,2022
2021,20220101_38005_D01_S004,38005_D01_S004,Arico,1,4,29258.0,13275.0,16780.0,15050.0,1.1149501661129568,2022
2021,20220101_38005_D01_S005,38005_D01_S005,Arico,1,5,25533.0,10960.0,14176.0,12950.0,1.0946718146718146,2022
2021,20220101_38005_D01_S006,38005_D01_S006,Arico,1,6,30000.0,11199.0,15136.0,14350.0,1.054773519163763,2022
2021,20220101_38006_D01_S001,38006_D01_S001,Arona,1,1,34966.0,12434.0,16691.0,15050.0,1.1090365448504984,2022
2021,20220101_38006_D01_S002,38006_D01_S002,Arona,1,2,36386.0,12687.0,16559.0,12950.0,1.2786872586872586,2022
2021,20220101_38006_D01_S003,38006_D01_S003,Arona,1,3,31388.0,10960.0,15040.0,13650.0,1.101831501831502,2022
2021,20220101_38006_D01_S004,38006_D01_S004,Arona,1,4,28767.0,9899.0,13781.0,12950.0,1.0641698841698841,2022
2021,20220101_38006_D01_S005,38006_D01_S005,Arona,1,5,25903.0,9834.0,13017.0,11550.0,1.127012987012987,2022
2021,20220101_38006_D01_S006,38006_D01_S006,Arona,1,6,26363.0,11740.0,14142.0,11550.0,1.2244155844155844,2022
2021,20220101_38006_D01_S007,38006_D01_S007,Arona,1,7,21646.0,7594.0,10333.0,8750.0,1.1809142857142858,2022
2021,20220101_38006_D01_S008,38006_D01_S008,Arona,1,8,26142.0,10219.0,13401.0,11550.0,1.1602597402597403,2022
2021,20220101_38006_D01_S009,38006_D01_S009,Arona,1,9,27720.0,9979.0,13748.0,12950.0,1.0616216216216217,2022
2021,20220101_38006_D01_S010,38006_D01_S010,Arona,1,10,30277.0,10844.0,14846.0,14350.0,1.0345644599303137,2022
2021,20220101_38006_D01_S011,38006_D01_S011,Arona,1,11,27479.0,10638.0,13942.0,10850.0,1.2849769585253457,2022
2021,20220101_38006_D01_S012,38006_D01_S012,Arona,1,12,26325.0,8670.0,12407.0,11550.0,1.0741991341991342,2022
2021,20220101_38006_D01_S013,38006_D01_S013,Arona,1,13,22568.0,7460.0,10668.0,10150.0,1.0510344827586207,2022
2021,20220101_38006_D01_S014,38006_D01_S014,Arona,1,14,26902.0,10820.0,13825.0,11550.0,1.196969696969697,2022
2021,20220101_38006_D01_S015,38006_D01_S015,Arona,1,15,30983.0,12081.0,16034.0,12950.0,1.238146718146718,2022
2021,20220101_38006_D01_S016,38006_D01_S016,Arona,1,16,19673.0,9497.0,12033.0,10150.0,1.1855172413793102,2022
2021,20220101_38006_D01_S017,38006_D01_S017,Arona,1,17,27037.0,10914.0,13975.0,11550.0,1.20995670995671,2022
2021,20220101_38006_D01_S018,38006_D01_S018,Arona,1,18,23489.0,8051.0,11240.0,9450.0,1.1894179894179895,2022
2021,20220101_38006_D01_S019,38006_D01_S019,Arona,1,19,26814.0,11882.0,14772.0,11550.0,1.2789610389610389,2022
2021,20220101_38006_D01_S020,38006_D01_S020,Arona,1,20,26004.0,11639.0,15272.0,12250.0,1.2466938775510203,2022
2021,20220101_38006_D01_S021,38006_D01_S021,Arona,1,21,24681.0,8792.0,12329.0,11550.0,1.0674458874458874,2022
2021,20220101_38006_D01_S022,38006_D01_S022,Arona,1,22,30127.0,10571.0,14505.0,12950.0,1.12007722007722,2022
2021,20220101_38006_D01_S023,38006_D01_S023,Arona,1,23,23980.0,9299.0,12280.0,10850.0,1.1317972350230414,2022
2021,20220101_38006_D01_S024,38006_D01_S024,Arona,1,24,29058.0,10209.0,14071.0,12950.0,1.0865637065637066,2022
2021,20220101_38006_D01_S025,38006_D01_S025,Arona,1,25,31162.0,10742.0,14721.0,13650.0,1.0784615384615384,2022
2021,20220101_38006_D01_S026,38006_D01_S026,Arona,1,26,28944.0,11125.0,14702.0,12950.0,1.1352895752895753,2022
2021,20220101_38006_D01_S027,38006_D01_S027,Arona,1,27,27206.0,9862.0,13448.0,12950.0,1.0384555984555985,2022
2021,20220101_38006_D01_S028,38006_D01_S028,Arona,1,28,32548.0,10771.0,14768.0,13650.0,1.081904761904762,2022
2021,20220101_38006_D01_S029,38006_D01_S029,Arona,1,29,21224.0,7295.0,10335.0,9450.0,1.0936507936507935,2022
2021,20220101_38006_D01_S030,38006_D01_S030,Arona,1,30,24645.0,8781.0,12375.0,11550.0,1.0714285714285714,2022
2021,20220101_38006_D01_S031,38006_D01_S031,Arona,1,31,22191.0,7284.0,10344.0,9450.0,1.0946031746031746,2022
2021,20220101_38006_D01_S032,38006_D01_S032,Arona,1,32,21342.0,8957.0,12261.0,10850.0,1.1300460829493089,2022
2021,20220101_38006_D01_S033,38006_D01_S033,Arona,1,33,29435.0,13332.0,16873.0,12950.0,1.302934362934363,2022
2021,20220101_38006_D01_S034,38006_D01_S034,Arona,1,34,27040.0,10058.0,13993.0,12250.0,1.1422857142857143,2022
2021,20220101_38007_D01_S001,38007_D01_S001,Barlovento,1,1,29407.0,11149.0,15054.0,13650.0,1.1028571428571428,2022
2021,20220101_38007_D01_S002,38007_D01_S002,Barlovento,1,2,29737.0,11263.0,15139.0,12950.0,1.169034749034749,2022
2021,20220101_38008_D01_S001,38008_D01_S001,Breña Alta,1,1,35337.0,12957.0,16830.0,14350.0,1.172822299651568,2022
2021,20220101_38008_D01_S002,38008_D01_S002,Breña Alta,1,2,38309.0,14575.0,18653.0,15750.0,1.1843174603174602,2022
2021,20220101_38008_D01_S003,38008_D01_S003,Breña Alta,1,3,42878.0,15744.0,19692.0,17150.0,1.1482215743440234,2022
2021,20220101_38008_D01_S004,38008_D01_S004,Breña Alta,1,4,33437.0,12318.0,16214.0,14350.0,1.1298954703832753,2022
2021,20220101_38009_D01_S001,38009_D01_S001,Breña Baja,1,1,40700.0,15029.0,19169.0,17150.0,1.117725947521866,2022
2021,20220101_38009_D01_S002,38009_D01_S002,Breña Baja,1,2,38688.0,13780.0,18151.0,16450.0,1.103404255319149,2022
2021,20220101_38009_D01_S003,38009_D01_S003,Breña Baja,1,3,47914.0,20057.0,24240.0,22750.0,1.0654945054945055,2022
2021,20220101_38009_D01_S004,38009_D01_S004,Breña Baja,1,4,41990.0,15833.0,20151.0,17150.0,1.1749854227405248,2022
2021,20220101_38010_D01_S001,38010_D01_S001,Buenavista del Norte,1,1,32951.0,12395.0,16524.0,14350.0,1.1514982578397213,2022
2021,20220101_38010_D01_S002,38010_D01_S002,Buenavista del Norte,1,2,23505.0,8907.0,12487.0,11550.0,1.0811255411255412,2022
2021,20220101_38010_D01_S003,38010_D01_S003,Buenavista del Norte,1,3,28946.0,10576.0,14866.0,13650.0,1.0890842490842492,2022
2021,20220101_38010_D01_S004,38010_D01_S004,Buenavista del Norte,1,4,28846.0,10117.0,14185.0,12950.0,1.0953667953667954,2022
2021,20220101_38011_D01_S001,38011_D01_S001,Candelaria,1,1,38638.0,13977.0,18311.0,16450.0,1.113130699088146,2022
2021,20220101_38011_D01_S002,38011_D01_S002,Candelaria,1,2,43426.0,14898.0,19719.0,17850.0,1.1047058823529412,2022
2021,20220101_38011_D01_S003,38011_D01_S003,Candelaria,1,3,39758.0,15613.0,19543.0,17150.0,1.139533527696793,2022
2021,20220101_38011_D01_S004,38011_D01_S004,Candelaria,1,4,32140.0,13182.0,16621.0,15050.0,1.1043853820598006,2022
2021,20220101_38011_D01_S005,38011_D01_S005,Candelaria,1,5,40070.0,16484.0,20047.0,18550.0,1.080700808625337,2022
2021,20220101_38011_D01_S006,38011_D01_S006,Candelaria,1,6,35160.0,16480.0,19736.0,17850.0,1.105658263305322,2022
2021,20220101_38011_D01_S007,38011_D01_S007,Candelaria,1,7,36867.0,16956.0,19937.0,17150.0,1.1625072886297376,2022
2021,20220101_38011_D01_S008,38011_D01_S008,Candelaria,1,8,34582.0,14193.0,17772.0,16450.0,1.0803647416413373,2022
2021,20220101_38011_D01_S009,38011_D01_S009,Candelaria,1,9,41997.0,16979.0,21002.0,18550.0,1.1321832884097036,2022
2021,20220101_38011_D01_S010,38011_D01_S010,Candelaria,1,10,32031.0,14473.0,17723.0,15750.0,1.1252698412698412,2022
2021,20220101_38011_D01_S011,38011_D01_S011,Candelaria,1,11,38822.0,15585.0,19658.0,17850.0,1.1012885154061625,2022
2021,20220101_38011_D01_S012,38011_D01_S012,Candelaria,1,12,38776.0,18340.0,21366.0,19250.0,1.109922077922078,2022
2021,20220101_38011_D02_S001,38011_D02_S001,Candelaria,2,1,43981.0,14790.0,19586.0,17150.0,1.1420408163265305,2022
2021,20220101_38011_D02_S002,38011_D02_S002,Candelaria,2,2,49924.0,16808.0,21654.0,17850.0,1.213109243697479,2022
2021,20220101_38011_D02_S003,38011_D02_S003,Candelaria,2,3,37218.0,13298.0,17536.0,15750.0,1.1133968253968254,2022
2021,20220101_38011_D02_S004,38011_D02_S004,Candelaria,2,4,37310.0,13889.0,18050.0,15750.0,1.146031746031746,2022
2021,20220101_38011_D02_S005,38011_D02_S005,Candelaria,2,5,66816.0,22216.0,27770.0,25550.0,1.0868884540117416,2022
2021,20220101_38012_D01_S001,38012_D01_S001,Fasnia,1,1,34743.0,14250.0,18207.0,16450.0,1.1068085106382979,2022
2021,20220101_38012_D01_S002,38012_D01_S002,Fasnia,1,2,29732.0,13106.0,16663.0,15050.0,1.1071760797342192,2022
2021,20220101_38013_D01_S001,38013_D01_S001,Frontera,1,1,34775.0,12336.0,16518.0,15050.0,1.0975415282392027,2022
2021,20220101_38013_D01_S002,38013_D01_S002,Frontera,1,2,32854.0,11660.0,15924.0,14350.0,1.1096864111498257,2022
2021,20220101_38014_D01_S001,38014_D01_S001,Fuencaliente de La Palma,1,1,28100.0,12105.0,15491.0,13650.0,1.1348717948717948,2022
2021,20220101_38014_D01_S002,38014_D01_S002,Fuencaliente de La Palma,1,2,24127.0,11434.0,14615.0,13650.0,1.0706959706959707,2022
2021,20220101_38015_D01_S001,38015_D01_S001,Garachico,1,1,35074.0,12297.0,16607.0,14350.0,1.1572822299651568,2022
2021,20220101_38015_D01_S002,38015_D01_S002,Garachico,1,2,38955.0,14956.0,18851.0,14350.0,1.313658536585366,2022
2021,20220101_38015_D02_S001,38015_D02_S001,Garachico,2,1,30770.0,10627.0,14425.0,12950.0,1.113899613899614,2022
2021,20220101_38015_D02_S002,38015_D02_S002,Garachico,2,2,25036.0,9372.0,12973.0,12250.0,1.0590204081632653,2022
2021,20220101_38016_D01_S001,38016_D01_S001,Garafía,1,1,20676.0,8740.0,12198.0,10850.0,1.1242396313364056,2022
2021,20220101_38017_D01_S001,38017_D01_S001,Granadilla de Abona,1,1,36715.0,11878.0,16578.0,15750.0,1.0525714285714285,2022
2021,20220101_38017_D01_S002,38017_D01_S002,Granadilla de Abona,1,2,34971.0,11468.0,16038.0,15050.0,1.0656478405315615,2022
2021,20220101_38017_D01_S003,38017_D01_S003,Granadilla de Abona,1,3,27142.0,9242.0,12881.0,11550.0,1.1152380952380951,2022
2021,20220101_38017_D01_S004,38017_D01_S004,Granadilla de Abona,1,4,28682.0,10179.0,14129.0,12950.0,1.091042471042471,2022
2021,20220101_38017_D01_S005,38017_D01_S005,Granadilla de Abona,1,5,30065.0,11212.0,15012.0,13650.0,1.0997802197802198,2022
2021,20220101_38017_D01_S006,38017_D01_S006,Granadilla de Abona,1,6,30284.0,11553.0,15297.0,12950.0,1.1812355212355212,2022
2021,20220101_38017_D01_S007,38017_D01_S007,Granadilla de Abona,1,7,29397.0,12916.0,15562.0,12950.0,1.2016988416988417,2022
2021,20220101_38017_D01_S008,38017_D01_S008,Granadilla de Abona,1,8,27982.0,9760.0,13308.0,12250.0,1.0863673469387756,2022
2021,20220101_38017_D01_S009,38017_D01_S009,Granadilla de Abona,1,9,34143.0,11341.0,15498.0,13650.0,1.1353846153846154,2022
2021,20220101_38017_D01_S010,38017_D01_S010,Granadilla de Abona,1,10,28124.0,11996.0,15151.0,12950.0,1.1699613899613899,2022
2021,20220101_38017_D01_S011,38017_D01_S011,Granadilla de Abona,1,11,28594.0,9074.0,12929.0,11550.0,1.1193939393939394,2022
2021,20220101_38017_D01_S012,38017_D01_S012,Granadilla de Abona,1,12,35015.0,11363.0,15704.0,14350.0,1.094355400696864,2022
2021,20220101_38017_D01_S013,38017_D01_S013,Granadilla de Abona,1,13,26965.0,9019.0,12605.0,12250.0,1.0289795918367346,2022
2021,20220101_38017_D01_S014,38017_D01_S014,Granadilla de Abona,1,14,32331.0,14819.0,17717.0,15050.0,1.1772093023255814,2022
2021,20220101_38017_D01_S015,38017_D01_S015,Granadilla de Abona,1,15,25110.0,8318.0,11548.0,10850.0,1.064331797235023,2022
2021,20220101_38017_D01_S016,38017_D01_S016,Granadilla de Abona,1,16,36158.0,11974.0,15892.0,14350.0,1.1074564459930314,2022
2021,20220101_38017_D01_S017,38017_D01_S017,Granadilla de Abona,1,17,33134.0,10223.0,14467.0,13650.0,1.0598534798534798,2022
2021,20220101_38017_D01_S018,38017_D01_S018,Granadilla de Abona,1,18,46703.0,17392.0,22041.0,17850.0,1.2347899159663867,2022
2021,20220101_38017_D01_S019,38017_D01_S019,Granadilla de Abona,1,19,27752.0,9566.0,13348.0,12250.0,1.0896326530612246,2022
2021,20220101_38017_D01_S020,38017_D01_S020,Granadilla de Abona,1,20,27522.0,9018.0,12599.0,10850.0,1.1611981566820277,2022
2021,20220101_38017_D01_S021,38017_D01_S021,Granadilla de Abona,1,21,26330.0,11143.0,14337.0,11550.0,1.2412987012987013,2022
2021,20220101_38017_D01_S022,38017_D01_S022,Granadilla de Abona,1,22,34470.0,10339.0,14580.0,14350.0,1.01602787456446,2022
2021,20220101_38017_D01_S023,38017_D01_S023,Granadilla de Abona,1,23,26498.0,8749.0,12144.0,10850.0,1.11926267281106,2022
2021,20220101_38017_D01_S024,38017_D01_S024,Granadilla de Abona,1,24,26584.0,8592.0,12178.0,11550.0,1.0543722943722944,2022
2021,20220101_38017_D01_S025,38017_D01_S025,Granadilla de Abona,1,25,25582.0,8738.0,12126.0,10850.0,1.1176036866359447,2022
2021,20220101_38018_D01_S001,38018_D01_S001,La Guancha,1,1,32587.0,12055.0,16365.0,15050.0,1.087375415282392,2022
2021,20220101_38018_D01_S002,38018_D01_S002,La Guancha,1,2,30113.0,10664.0,14796.0,13650.0,1.083956043956044,2022
2021,20220101_38018_D01_S003,38018_D01_S003,La Guancha,1,3,31981.0,11236.0,15432.0,13650.0,1.1305494505494504,2022
2021,20220101_38019_D01_S001,38019_D01_S001,Guía de Isora,1,1,30024.0,11102.0,14925.0,13650.0,1.0934065934065933,2022
2021,20220101_38019_D01_S002,38019_D01_S002,Guía de Isora,1,2,30835.0,10124.0,14384.0,12950.0,1.1107335907335907,2022
2021,20220101_38019_D01_S003,38019_D01_S003,Guía de Isora,1,3,30105.0,11008.0,15074.0,13650.0,1.1043223443223442,2022
2021,20220101_38019_D01_S004,38019_D01_S004,Guía de Isora,1,4,33000.0,11005.0,15480.0,14350.0,1.078745644599303,2022
2021,20220101_38019_D01_S005,38019_D01_S005,Guía de Isora,1,5,27898.0,10168.0,13855.0,12950.0,1.06988416988417,2022
2021,20220101_38019_D01_S007,38019_D01_S007,Guía de Isora,1,7,30099.0,10040.0,14024.0,12950.0,1.0829343629343628,2022
2021,20220101_38019_D01_S008,38019_D01_S008,Guía de Isora,1,8,29250.0,11419.0,15051.0,13650.0,1.1026373626373627,2022
2021,20220101_38019_D01_S009,38019_D01_S009,Guía de Isora,1,9,27103.0,10413.0,13915.0,12250.0,1.1359183673469389,2022
2021,20220101_38019_D01_S010,38019_D01_S010,Guía de Isora,1,10,28095.0,10371.0,14166.0,12950.0,1.093899613899614,2022
2021,20220101_38019_D01_S011,38019_D01_S011,Guía de Isora,1,11,31142.0,10451.0,14486.0,12950.0,1.1186100386100386,2022
2021,20220101_38020_D01_S001,38020_D01_S001,Güímar,1,1,38396.0,13811.0,18064.0,15750.0,1.146920634920635,2022
2021,20220101_38020_D01_S002,38020_D01_S002,Güímar,1,2,34856.0,11968.0,16362.0,15750.0,1.038857142857143,2022
2021,20220101_38020_D01_S003,38020_D01_S003,Güímar,1,3,38021.0,13665.0,17813.0,15750.0,1.130984126984127,2022
2021,20220101_38020_D01_S004,38020_D01_S004,Güímar,1,4,39889.0,12772.0,17356.0,15050.0,1.1532225913621263,2022
2021,20220101_38020_D01_S005,38020_D01_S005,Güímar,1,5,32433.0,11001.0,15181.0,12950.0,1.1722779922779922,2022
2021,20220101_38020_D01_S006,38020_D01_S006,Güímar,1,6,32709.0,10955.0,15058.0,13650.0,1.103150183150183,2022
2021,20220101_38020_D01_S007,38020_D01_S007,Güímar,1,7,32487.0,13968.0,17305.0,15050.0,1.1498338870431895,2022
2021,20220101_38020_D01_S008,38020_D01_S008,Güímar,1,8,32313.0,10727.0,14918.0,13650.0,1.0928937728937729,2022
2021,20220101_38020_D01_S009,38020_D01_S009,Güímar,1,9,24639.0,8536.0,12168.0,11550.0,1.0535064935064935,2022
2021,20220101_38020_D01_S010,38020_D01_S010,Güímar,1,10,46542.0,14594.0,19145.0,17150.0,1.116326530612245,2022
2021,20220101_38020_D01_S011,38020_D01_S011,Güímar,1,11,31980.0,12696.0,16232.0,15050.0,1.0785382059800666,2022
2021,20220101_38020_D02_S001,38020_D02_S001,Güímar,2,1,34909.0,11719.0,15997.0,14350.0,1.114773519163763,2022
2021,20220101_38020_D02_S002,38020_D02_S002,Güímar,2,2,31860.0,11795.0,15823.0,14350.0,1.1026480836236934,2022
2021,20220101_38020_D03_S001,38020_D03_S001,Güímar,3,1,29024.0,11368.0,15150.0,13650.0,1.10989010989011,2022
2021,20220101_38020_D03_S002,38020_D03_S002,Güímar,3,2,27220.0,11641.0,14792.0,12950.0,1.1422393822393822,2022
2021,20220101_38021_D01_S001,38021_D01_S001,Hermigua,1,1,29881.0,11938.0,16181.0,15050.0,1.0751495016611297,2022
2021,20220101_38021_D02_S001,38021_D02_S001,Hermigua,2,1,33092.0,13714.0,17882.0,15750.0,1.1353650793650794,2022
2021,20220101_38022_D01_S001,38022_D01_S001,Icod de los Vinos,1,1,35729.0,12873.0,16951.0,13650.0,1.2418315018315018,2022
2021,20220101_38022_D01_S002,38022_D01_S002,Icod de los Vinos,1,2,32101.0,12250.0,15689.0,12950.0,1.2115057915057914,2022
2021,20220101_38022_D01_S003,38022_D01_S003,Icod de los Vinos,1,3,32359.0,13169.0,16470.0,13650.0,1.2065934065934065,2022
2021,20220101_38022_D01_S004,38022_D01_S004,Icod de los Vinos,1,4,30441.0,12256.0,15873.0,12950.0,1.2257142857142858,2022
2021,20220101_38022_D01_S005,38022_D01_S005,Icod de los Vinos,1,5,30790.0,10912.0,14625.0,12250.0,1.1938775510204083,2022
2021,20220101_38022_D01_S006,38022_D01_S006,Icod de los Vinos,1,6,34554.0,13124.0,16824.0,14350.0,1.172404181184669,2022
2021,20220101_38022_D02_S001,38022_D02_S001,Icod de los Vinos,2,1,23497.0,8343.0,11785.0,10850.0,1.0861751152073733,2022
2021,20220101_38022_D02_S002,38022_D02_S002,Icod de los Vinos,2,2,26262.0,9047.0,12990.0,12250.0,1.0604081632653062,2022
2021,20220101_38022_D03_S001,38022_D03_S001,Icod de los Vinos,3,1,27987.0,10062.0,13874.0,12250.0,1.1325714285714286,2022
2021,20220101_38022_D03_S002,38022_D03_S002,Icod de los Vinos,3,2,28720.0,9943.0,14010.0,12950.0,1.0818532818532818,2022
2021,20220101_38022_D03_S003,38022_D03_S003,Icod de los Vinos,3,3,24551.0,9145.0,12819.0,12250.0,1.0464489795918368,2022
2021,20220101_38022_D03_S004,38022_D03_S004,Icod de los Vinos,3,4,26048.0,9290.0,12994.0,12250.0,1.060734693877551,2022
2021,20220101_38022_D04_S001,38022_D04_S001,Icod de los Vinos,4,1,28831.0,9506.0,13575.0,12250.0,1.1081632653061224,2022
2021,20220101_38022_D04_S002,38022_D04_S002,Icod de los Vinos,4,2,28797.0,10431.0,14209.0,12950.0,1.0972200772200773,2022
2021,20220101_38022_D04_S003,38022_D04_S003,Icod de los Vinos,4,3,27357.0,9705.0,13340.0,12250.0,1.0889795918367347,2022
2021,20220101_38022_D04_S004,38022_D04_S004,Icod de los Vinos,4,4,30120.0,10397.0,14575.0,13650.0,1.0677655677655677,2022
2021,20220101_38022_D05_S001,38022_D05_S001,Icod de los Vinos,5,1,21550.0,10029.0,12862.0,10850.0,1.1854377880184332,2022
2021,20220101_38022_D05_S002,38022_D05_S002,Icod de los Vinos,5,2,29590.0,10244.0,14004.0,12250.0,1.1431836734693877,2022
2021,20220101_38023_D01_S001,38023_D01_S001,San Cristóbal de La Laguna,1,1,57548.0,21745.0,26073.0,22750.0,1.146065934065934,2022
2021,20220101_38023_D01_S002,38023_D01_S002,San Cristóbal de La Laguna,1,2,31041.0,14563.0,17685.0,15750.0,1.1228571428571428,2022
2021,20220101_38023_D01_S003,38023_D01_S003,San Cristóbal de La Laguna,1,3,41026.0,16306.0,20308.0,17850.0,1.137703081232493,2022
2021,20220101_38023_D01_S004,38023_D01_S004,San Cristóbal de La Laguna,1,4,28010.0,10010.0,13777.0,12250.0,1.1246530612244898,2022
2021,20220101_38023_D01_S005,38023_D01_S005,San Cristóbal de La Laguna,1,5,48915.0,18077.0,22417.0,19950.0,1.1236591478696742,2022
2021,20220101_38023_D01_S006,38023_D01_S006,San Cristóbal de La Laguna,1,6,44997.0,16523.0,21007.0,19950.0,1.052982456140351,2022
2021,20220101_38023_D01_S007,38023_D01_S007,San Cristóbal de La Laguna,1,7,39577.0,16007.0,19608.0,17150.0,1.1433236151603499,2022
2021,20220101_38023_D01_S008,38023_D01_S008,San Cristóbal de La Laguna,1,8,39956.0,16163.0,19844.0,17150.0,1.1570845481049563,2022
2021,20220101_38023_D01_S009,38023_D01_S009,San Cristóbal de La Laguna,1,9,48187.0,15940.0,20455.0,17850.0,1.14593837535014,2022
2021,20220101_38023_D01_S010,38023_D01_S010,San Cristóbal de La Laguna,1,10,51421.0,17178.0,21974.0,19950.0,1.101453634085213,2022
2021,20220101_38023_D01_S011,38023_D01_S011,San Cristóbal de La Laguna,1,11,37659.0,14516.0,18081.0,15750.0,1.148,2022
2021,20220101_38023_D01_S012,38023_D01_S012,San Cristóbal de La Laguna,1,12,26871.0,13068.0,16084.0,14350.0,1.1208362369337979,2022
2021,20220101_38023_D01_S013,38023_D01_S013,San Cristóbal de La Laguna,1,13,57056.0,20748.0,25223.0,22050.0,1.1439002267573697,2022
2021,20220101_38023_D01_S014,38023_D01_S014,San Cristóbal de La Laguna,1,14,64720.0,20678.0,25589.0,20650.0,1.2391767554479418,2022
2021,20220101_38023_D01_S015,38023_D01_S015,San Cristóbal de La Laguna,1,15,88313.0,27916.0,33694.0,30450.0,1.1065353037766832,2022
2021,20220101_38023_D01_S016,38023_D01_S016,San Cristóbal de La Laguna,1,16,57566.0,22809.0,26868.0,23450.0,1.1457569296375267,2022
2021,20220101_38023_D01_S017,38023_D01_S017,San Cristóbal de La Laguna,1,17,46962.0,20162.0,23596.0,22050.0,1.0701133786848072,2022
2021,20220101_38023_D01_S018,38023_D01_S018,San Cristóbal de La Laguna,1,18,30307.0,11541.0,15330.0,13650.0,1.123076923076923,2022
2021,20220101_38023_D01_S019,38023_D01_S019,San Cristóbal de La Laguna,1,19,46148.0,20442.0,23914.0,22050.0,1.0845351473922902,2022
2021,20220101_38023_D01_S020,38023_D01_S020,San Cristóbal de La Laguna,1,20,42689.0,19394.0,22599.0,19950.0,1.132781954887218,2022
2021,20220101_38023_D01_S021,38023_D01_S021,San Cristóbal de La Laguna,1,21,43256.0,18279.0,21894.0,19250.0,1.1373506493506493,2022
2021,20220101_38023_D01_S022,38023_D01_S022,San Cristóbal de La Laguna,1,22,36352.0,14613.0,18325.0,16450.0,1.1139817629179332,2022
2021,20220101_38023_D01_S023,38023_D01_S023,San Cristóbal de La Laguna,1,23,37763.0,18140.0,20732.0,19250.0,1.076987012987013,2022
2021,20220101_38023_D01_S024,38023_D01_S024,San Cristóbal de La Laguna,1,24,26737.0,9957.0,13449.0,12950.0,1.0385328185328184,2022
2021,20220101_38023_D01_S025,38023_D01_S025,San Cristóbal de La Laguna,1,25,41784.0,13851.0,18129.0,15750.0,1.151047619047619,2022
2021,20220101_38023_D01_S026,38023_D01_S026,San Cristóbal de La Laguna,1,26,52248.0,22670.0,25960.0,24150.0,1.0749482401656314,2022
2021,20220101_38023_D01_S027,38023_D01_S027,San Cristóbal de La Laguna,1,27,35250.0,13901.0,17447.0,15750.0,1.1077460317460317,2022
2021,20220101_38023_D01_S028,38023_D01_S028,San Cristóbal de La Laguna,1,28,47995.0,18985.0,22620.0,22050.0,1.0258503401360544,2022
2021,20220101_38023_D01_S029,38023_D01_S029,San Cristóbal de La Laguna,1,29,54723.0,21462.0,25865.0,24150.0,1.0710144927536231,2022
2021,20220101_38023_D01_S030,38023_D01_S030,San Cristóbal de La Laguna,1,30,85263.0,26162.0,31867.0,26950.0,1.1824489795918367,2022
2021,20220101_38023_D01_S031,38023_D01_S031,San Cristóbal de La Laguna,1,31,70288.0,23739.0,29462.0,28350.0,1.0392239858906525,2022
2021,20220101_38023_D01_S032,38023_D01_S032,San Cristóbal de La Laguna,1,32,28233.0,10979.0,14246.0,12950.0,1.10007722007722,2022
2021,20220101_38023_D01_S033,38023_D01_S033,San Cristóbal de La Laguna,1,33,49104.0,17757.0,22580.0,19250.0,1.172987012987013,2022
2021,20220101_38023_D02_S001,38023_D02_S001,San Cristóbal de La Laguna,2,1,26977.0,10703.0,13780.0,11550.0,1.1930735930735932,2022
2021,20220101_38023_D02_S002,38023_D02_S002,San Cristóbal de La Laguna,2,2,24943.0,9972.0,13217.0,11550.0,1.1443290043290044,2022
2021,20220101_38023_D02_S003,38023_D02_S003,San Cristóbal de La Laguna,2,3,37055.0,14822.0,18479.0,17150.0,1.0774927113702624,2022
2021,20220101_38023_D02_S004,38023_D02_S004,San Cristóbal de La Laguna,2,4,31166.0,12061.0,15341.0,13650.0,1.1238827838827838,2022
2021,20220101_38023_D02_S005,38023_D02_S005,San Cristóbal de La Laguna,2,5,34140.0,13366.0,17260.0,15750.0,1.0958730158730159,2022
2021,20220101_38023_D02_S006,38023_D02_S006,San Cristóbal de La Laguna,2,6,38325.0,14646.0,18550.0,16450.0,1.127659574468085,2022
2021,20220101_38023_D02_S007,38023_D02_S007,San Cristóbal de La Laguna,2,7,29926.0,11674.0,15167.0,13650.0,1.111135531135531,2022
2021,20220101_38023_D02_S008,38023_D02_S008,San Cristóbal de La Laguna,2,8,25563.0,9748.0,13226.0,12250.0,1.079673469387755,2022
2021,20220101_38023_D02_S009,38023_D02_S009,San Cristóbal de La Laguna,2,9,29968.0,11544.0,15389.0,13650.0,1.1273992673992674,2022
2021,20220101_38023_D02_S010,38023_D02_S010,San Cristóbal de La Laguna,2,10,26359.0,9740.0,13182.0,11550.0,1.1412987012987013,2022
2021,20220101_38023_D02_S011,38023_D02_S011,San Cristóbal de La Laguna,2,11,48797.0,17357.0,22107.0,19250.0,1.1484155844155843,2022
2021,20220101_38023_D02_S012,38023_D02_S012,San Cristóbal de La Laguna,2,12,38800.0,15322.0,18902.0,17150.0,1.1021574344023324,2022
2021,20220101_38023_D02_S013,38023_D02_S013,San Cristóbal de La Laguna,2,13,31724.0,11195.0,14985.0,13650.0,1.097802197802198,2022
2021,20220101_38023_D02_S014,38023_D02_S014,San Cristóbal de La Laguna,2,14,38207.0,13685.0,18032.0,16450.0,1.0961702127659574,2022
2021,20220101_38023_D02_S015,38023_D02_S015,San Cristóbal de La Laguna,2,15,28504.0,10852.0,14160.0,12950.0,1.0934362934362933,2022
2021,20220101_38023_D02_S016,38023_D02_S016,San Cristóbal de La Laguna,2,16,26934.0,9492.0,12837.0,11550.0,1.1114285714285714,2022
2021,20220101_38023_D02_S017,38023_D02_S017,San Cristóbal de La Laguna,2,17,30023.0,11660.0,15033.0,12950.0,1.1608494208494209,2022
2021,20220101_38023_D02_S018,38023_D02_S018,San Cristóbal de La Laguna,2,18,27748.0,10121.0,13526.0,11550.0,1.1710822510822512,2022
2021,20220101_38023_D02_S019,38023_D02_S019,San Cristóbal de La Laguna,2,19,30399.0,12457.0,15616.0,13650.0,1.1440293040293041,2022
2021,20220101_38023_D02_S020,38023_D02_S020,San Cristóbal de La Laguna,2,20,30525.0,10791.0,14390.0,12950.0,1.111196911196911,2022
2021,20220101_38023_D02_S021,38023_D02_S021,San Cristóbal de La Laguna,2,21,51907.0,18664.0,23001.0,22050.0,1.0431292517006803,2022
2021,20220101_38023_D02_S022,38023_D02_S022,San Cristóbal de La Laguna,2,22,32350.0,12945.0,16356.0,13650.0,1.1982417582417582,2022
2021,20220101_38023_D02_S023,38023_D02_S023,San Cristóbal de La Laguna,2,23,37283.0,14273.0,18075.0,15750.0,1.1476190476190475,2022
2021,20220101_38023_D02_S024,38023_D02_S024,San Cristóbal de La Laguna,2,24,32421.0,11792.0,15399.0,13650.0,1.1281318681318682,2022
2021,20220101_38023_D03_S001,38023_D03_S001,San Cristóbal de La Laguna,3,1,26566.0,10213.0,13340.0,11550.0,1.154978354978355,2022
2021,20220101_38023_D03_S002,38023_D03_S002,San Cristóbal de La Laguna,3,2,44475.0,16529.0,20647.0,18550.0,1.113045822102426,2022
2021,20220101_38023_D03_S003,38023_D03_S003,San Cristóbal de La Laguna,3,3,45021.0,16490.0,21067.0,19950.0,1.0559899749373434,2022
2021,20220101_38023_D03_S004,38023_D03_S004,San Cristóbal de La Laguna,3,4,27429.0,9713.0,13506.0,12250.0,1.102530612244898,2022
2021,20220101_38023_D03_S005,38023_D03_S005,San Cristóbal de La Laguna,3,5,27090.0,10165.0,13465.0,12250.0,1.0991836734693878,2022
2021,20220101_38023_D03_S006,38023_D03_S006,San Cristóbal de La Laguna,3,6,59182.0,21191.0,26182.0,24150.0,1.0841407867494823,2022
2021,20220101_38023_D03_S007,38023_D03_S007,San Cristóbal de La Laguna,3,7,26272.0,11808.0,14669.0,13650.0,1.0746520146520147,2022
2021,20220101_38023_D03_S008,38023_D03_S008,San Cristóbal de La Laguna,3,8,28130.0,10609.0,14058.0,12950.0,1.0855598455598456,2022
2021,20220101_38023_D03_S009,38023_D03_S009,San Cristóbal de La Laguna,3,9,26336.0,10055.0,13560.0,12250.0,1.106938775510204,2022
2021,20220101_38023_D03_S010,38023_D03_S010,San Cristóbal de La Laguna,3,10,24042.0,9673.0,12981.0,11550.0,1.123896103896104,2022
2021,20220101_38023_D03_S011,38023_D03_S011,San Cristóbal de La Laguna,3,11,23077.0,9814.0,12964.0,11550.0,1.1224242424242423,2022
2021,20220101_38023_D03_S012,38023_D03_S012,San Cristóbal de La Laguna,3,12,25438.0,9735.0,12918.0,11550.0,1.1184415584415583,2022
2021,20220101_38023_D03_S013,38023_D03_S013,San Cristóbal de La Laguna,3,13,25216.0,9262.0,12443.0,10850.0,1.1468202764976958,2022
2021,20220101_38023_D03_S014,38023_D03_S014,San Cristóbal de La Laguna,3,14,26169.0,8920.0,12630.0,11550.0,1.0935064935064935,2022
2021,20220101_38023_D03_S015,38023_D03_S015,San Cristóbal de La Laguna,3,15,23970.0,9108.0,12396.0,11550.0,1.0732467532467533,2022
2021,20220101_38023_D03_S016,38023_D03_S016,San Cristóbal de La Laguna,3,16,27705.0,10029.0,13815.0,12950.0,1.066795366795367,2022
2021,20220101_38023_D03_S017,38023_D03_S017,San Cristóbal de La Laguna,3,17,23940.0,9527.0,12827.0,11550.0,1.1105627705627705,2022
2021,20220101_38023_D03_S018,38023_D03_S018,San Cristóbal de La Laguna,3,18,27353.0,9535.0,13348.0,12950.0,1.0307335907335908,2022
2021,20220101_38023_D03_S019,38023_D03_S019,San Cristóbal de La Laguna,3,19,35785.0,13433.0,17290.0,16450.0,1.0510638297872341,2022
2021,20220101_38023_D03_S020,38023_D03_S020,San Cristóbal de La Laguna,3,20,32138.0,11523.0,15343.0,13650.0,1.1240293040293041,2022
2021,20220101_38023_D03_S021,38023_D03_S021,San Cristóbal de La Laguna,3,21,34655.0,11997.0,16006.0,14350.0,1.1154006968641115,2022
2021,20220101_38023_D03_S022,38023_D03_S022,San Cristóbal de La Laguna,3,22,82009.0,27302.0,32926.0,29050.0,1.1334251290877797,2022
2021,20220101_38023_D03_S023,38023_D03_S023,San Cristóbal de La Laguna,3,23,24377.0,9300.0,12449.0,10850.0,1.147373271889401,2022
2021,20220101_38023_D03_S024,38023_D03_S024,San Cristóbal de La Laguna,3,24,28869.0,10464.0,14247.0,12950.0,1.10015444015444,2022
2021,20220101_38023_D03_S025,38023_D03_S025,San Cristóbal de La Laguna,3,25,46368.0,16081.0,20342.0,19250.0,1.0567272727272727,2022
2021,20220101_38023_D03_S026,38023_D03_S026,San Cristóbal de La Laguna,3,26,58267.0,19062.0,24369.0,21700.0,1.1229953917050692,2022
2021,20220101_38023_D04_S001,38023_D04_S001,San Cristóbal de La Laguna,4,1,36926.0,12489.0,16636.0,14350.0,1.1593031358885018,2022
2021,20220101_38023_D04_S002,38023_D04_S002,San Cristóbal de La Laguna,4,2,37850.0,13662.0,17764.0,16450.0,1.0798784194528874,2022
2021,20220101_38023_D04_S003,38023_D04_S003,San Cristóbal de La Laguna,4,3,44814.0,14857.0,19640.0,17850.0,1.100280112044818,2022
2021,20220101_38023_D04_S004,38023_D04_S004,San Cristóbal de La Laguna,4,4,44711.0,16171.0,20950.0,19250.0,1.0883116883116883,2022
2021,20220101_38023_D04_S005,38023_D04_S005,San Cristóbal de La Laguna,4,5,59313.0,17960.0,23078.0,19250.0,1.1988571428571428,2022
2021,20220101_38023_D04_S006,38023_D04_S006,San Cristóbal de La Laguna,4,6,38752.0,13557.0,17794.0,15750.0,1.1297777777777778,2022
2021,20220101_38023_D04_S007,38023_D04_S007,San Cristóbal de La Laguna,4,7,48001.0,16175.0,20375.0,17150.0,1.1880466472303206,2022
2021,20220101_38023_D05_S001,38023_D05_S001,San Cristóbal de La Laguna,5,1,33503.0,11111.0,15205.0,14350.0,1.059581881533101,2022
2021,20220101_38023_D05_S002,38023_D05_S002,San Cristóbal de La Laguna,5,2,31887.0,11149.0,15380.0,14350.0,1.0717770034843206,2022
2021,20220101_38023_D05_S003,38023_D05_S003,San Cristóbal de La Laguna,5,3,37954.0,12360.0,16633.0,15050.0,1.1051827242524916,2022
2021,20220101_38023_D05_S004,38023_D05_S004,San Cristóbal de La Laguna,5,4,36746.0,11868.0,16492.0,14350.0,1.1492682926829267,2022
2021,20220101_38023_D05_S005,38023_D05_S005,San Cristóbal de La Laguna,5,5,34826.0,12913.0,16822.0,15050.0,1.1177408637873754,2022
2021,20220101_38023_D05_S006,38023_D05_S006,San Cristóbal de La Laguna,5,6,41769.0,14491.0,18661.0,16450.0,1.1344072948328268,2022
2021,20220101_38023_D05_S007,38023_D05_S007,San Cristóbal de La Laguna,5,7,32086.0,14482.0,17207.0,15050.0,1.1433222591362127,2022
2021,20220101_38023_D05_S008,38023_D05_S008,San Cristóbal de La Laguna,5,8,29507.0,10707.0,14512.0,12950.0,1.1206177606177605,2022
2021,20220101_38023_D05_S009,38023_D05_S009,San Cristóbal de La Laguna,5,9,33515.0,15719.0,18502.0,16450.0,1.124741641337386,2022
2021,20220101_38023_D05_S010,38023_D05_S010,San Cristóbal de La Laguna,5,10,35156.0,12400.0,16485.0,15050.0,1.0953488372093023,2022
2021,20220101_38023_D05_S011,38023_D05_S011,San Cristóbal de La Laguna,5,11,33926.0,11847.0,16034.0,14350.0,1.1173519163763066,2022
2021,20220101_38023_D05_S012,38023_D05_S012,San Cristóbal de La Laguna,5,12,33389.0,11021.0,15227.0,13650.0,1.1155311355311355,2022
2021,20220101_38023_D05_S013,38023_D05_S013,San Cristóbal de La Laguna,5,13,29500.0,12085.0,15426.0,14350.0,1.0749825783972125,2022
2021,20220101_38023_D05_S014,38023_D05_S014,San Cristóbal de La Laguna,5,14,31671.0,12008.0,15833.0,14350.0,1.1033449477351915,2022
2021,20220101_38023_D06_S001,38023_D06_S001,San Cristóbal de La Laguna,6,1,44246.0,13683.0,18409.0,16450.0,1.1190881458966566,2022
2021,20220101_38023_D06_S002,38023_D06_S002,San Cristóbal de La Laguna,6,2,70035.0,21331.0,26838.0,24150.0,1.111304347826087,2022
2021,20220101_38023_D06_S003,38023_D06_S003,San Cristóbal de La Laguna,6,3,37872.0,13573.0,17728.0,15750.0,1.1255873015873017,2022
2021,20220101_38023_D06_S004,38023_D06_S004,San Cristóbal de La Laguna,6,4,34095.0,12316.0,16698.0,14350.0,1.163623693379791,2022
2021,20220101_38024_D01_S001,38024_D01_S001,Los Llanos de Aridane,1,1,39318.0,14124.0,18223.0,15050.0,1.2108305647840532,2022
2021,20220101_38024_D01_S002,38024_D01_S002,Los Llanos de Aridane,1,2,32914.0,12012.0,15785.0,13650.0,1.1564102564102565,2022
2021,20220101_38024_D01_S003,38024_D01_S003,Los Llanos de Aridane,1,3,30067.0,10764.0,14464.0,12950.0,1.116911196911197,2022
2021,20220101_38024_D01_S004,38024_D01_S004,Los Llanos de Aridane,1,4,32738.0,12524.0,15908.0,13650.0,1.1654212454212454,2022
2021,20220101_38024_D01_S005,38024_D01_S005,Los Llanos de Aridane,1,5,38583.0,13739.0,17758.0,15050.0,1.1799335548172758,2022
2021,20220101_38024_D01_S006,38024_D01_S006,Los Llanos de Aridane,1,6,35262.0,12751.0,16982.0,13650.0,1.244102564102564,2022
2021,20220101_38024_D01_S007,38024_D01_S007,Los Llanos de Aridane,1,7,27106.0,10319.0,13814.0,12950.0,1.0667181467181468,2022
2021,20220101_38024_D01_S008,38024_D01_S008,Los Llanos de Aridane,1,8,34531.0,12230.0,16103.0,13650.0,1.1797069597069596,2022
2021,20220101_38024_D02_S001,38024_D02_S001,Los Llanos de Aridane,2,1,32264.0,12288.0,16072.0,13650.0,1.1774358974358974,2022
2021,20220101_38024_D02_S002,38024_D02_S002,Los Llanos de Aridane,2,2,30963.0,11150.0,14972.0,12950.0,1.156138996138996,2022
2021,20220101_38024_D03_S001,38024_D03_S001,Los Llanos de Aridane,3,1,30976.0,10670.0,14676.0,13650.0,1.075164835164835,2022
2021,20220101_38024_D03_S002,38024_D03_S002,Los Llanos de Aridane,3,2,28561.0,11591.0,15625.0,13650.0,1.1446886446886446,2022
2021,20220101_38024_D03_S003,38024_D03_S003,Los Llanos de Aridane,3,3,33845.0,12411.0,17013.0,14350.0,1.1855749128919861,2022
2021,20220101_38025_D01_S001,38025_D01_S001,La Matanza de Acentejo,1,1,33971.0,10876.0,15209.0,14350.0,1.0598606271777002,2022
2021,20220101_38025_D01_S002,38025_D01_S002,La Matanza de Acentejo,1,2,33527.0,11102.0,15218.0,13650.0,1.1148717948717948,2022
2021,20220101_38025_D01_S003,38025_D01_S003,La Matanza de Acentejo,1,3,34090.0,12438.0,16587.0,15050.0,1.1021262458471761,2022
2021,20220101_38025_D01_S004,38025_D01_S004,La Matanza de Acentejo,1,4,36970.0,13792.0,17399.0,14350.0,1.2124738675958189,2022
2021,20220101_38025_D01_S005,38025_D01_S005,La Matanza de Acentejo,1,5,30026.0,11511.0,15094.0,12950.0,1.1655598455598455,2022
2021,20220101_38026_D01_S001,38026_D01_S001,La Orotava,1,1,44651.0,16772.0,20976.0,16450.0,1.2751367781155014,2022
2021,20220101_38026_D01_S002,38026_D01_S002,La Orotava,1,2,47126.0,15465.0,20116.0,17850.0,1.1269467787114846,2022
2021,20220101_38026_D01_S004,38026_D01_S004,La Orotava,1,4,37055.0,13431.0,17491.0,15050.0,1.1621926910299003,2022
2021,20220101_38026_D02_S001,38026_D02_S001,La Orotava,2,1,30705.0,11896.0,15155.0,13650.0,1.1102564102564103,2022
2021,20220101_38026_D02_S002,38026_D02_S002,La Orotava,2,2,29633.0,10238.0,14190.0,12950.0,1.0957528957528957,2022
2021,20220101_38026_D02_S003,38026_D02_S003,La Orotava,2,3,33972.0,11534.0,15737.0,14350.0,1.0966550522648084,2022
2021,20220101_38026_D02_S004,38026_D02_S004,La Orotava,2,4,30832.0,12017.0,15844.0,14350.0,1.1041114982578397,2022
2021,20220101_38026_D03_S001,38026_D03_S001,La Orotava,3,1,29934.0,9971.0,14027.0,13650.0,1.0276190476190477,2022
2021,20220101_38026_D03_S002,38026_D03_S002,La Orotava,3,2,32028.0,11348.0,15512.0,12950.0,1.1978378378378378,2022
2021,20220101_38026_D03_S003,38026_D03_S003,La Orotava,3,3,46032.0,16615.0,21050.0,17850.0,1.1792717086834734,2022
2021,20220101_38026_D03_S004,38026_D03_S004,La Orotava,3,4,32934.0,11828.0,15754.0,14350.0,1.0978397212543554,2022
2021,20220101_38026_D03_S005,38026_D03_S005,La Orotava,3,5,29271.0,10289.0,14244.0,13650.0,1.0435164835164834,2022
2021,20220101_38026_D03_S006,38026_D03_S006,La Orotava,3,6,36830.0,13040.0,17271.0,15050.0,1.1475747508305647,2022
2021,20220101_38026_D03_S007,38026_D03_S007,La Orotava,3,7,32050.0,11298.0,15338.0,14350.0,1.068850174216028,2022
2021,20220101_38026_D04_S001,38026_D04_S001,La Orotava,4,1,44158.0,16086.0,20158.0,15750.0,1.2798730158730158,2022
2021,20220101_38026_D04_S002,38026_D04_S002,La Orotava,4,2,37402.0,12496.0,16875.0,15050.0,1.1212624584717608,2022
2021,20220101_38026_D04_S003,38026_D04_S003,La Orotava,4,3,48167.0,16934.0,21226.0,15750.0,1.3476825396825396,2022
2021,20220101_38026_D04_S004,38026_D04_S004,La Orotava,4,4,29203.0,9832.0,13605.0,12250.0,1.1106122448979592,2022
2021,20220101_38026_D04_S005,38026_D04_S005,La Orotava,4,5,43667.0,15610.0,19652.0,16450.0,1.1946504559270517,2022
2021,20220101_38026_D05_S001,38026_D05_S001,La Orotava,5,1,30565.0,10540.0,14475.0,12950.0,1.1177606177606179,2022
2021,20220101_38026_D05_S002,38026_D05_S002,La Orotava,5,2,31020.0,10602.0,14537.0,13650.0,1.0649816849816849,2022
2021,20220101_38026_D05_S003,38026_D05_S003,La Orotava,5,3,29591.0,10385.0,14294.0,12950.0,1.1037837837837838,2022
2021,20220101_38026_D05_S004,38026_D05_S004,La Orotava,5,4,22409.0,8233.0,11505.0,10850.0,1.06036866359447,2022
2021,20220101_38026_D05_S005,38026_D05_S005,La Orotava,5,5,30050.0,10772.0,14925.0,13650.0,1.0934065934065933,2022
2021,20220101_38026_D06_S001,38026_D06_S001,La Orotava,6,1,26503.0,8909.0,12563.0,11550.0,1.0877056277056276,2022
2021,20220101_38026_D06_S002,38026_D06_S002,La Orotava,6,2,26617.0,9121.0,12783.0,12250.0,1.0435102040816326,2022
2021,20220101_38026_D06_S003,38026_D06_S003,La Orotava,6,3,26649.0,9308.0,12944.0,11550.0,1.1206926406926407,2022
2021,20220101_38026_D06_S004,38026_D06_S004,La Orotava,6,4,30136.0,8868.0,13064.0,12250.0,1.0664489795918368,2022
2021,20220101_38027_D01_S001,38027_D01_S001,El Paso,1,1,35370.0,12100.0,16663.0,15050.0,1.1071760797342192,2022
2021,20220101_38027_D02_S001,38027_D02_S001,El Paso,2,1,35386.0,12166.0,16396.0,14350.0,1.1425783972125436,2022
2021,20220101_38027_D03_S001,38027_D03_S001,El Paso,3,1,38049.0,12858.0,17251.0,14350.0,1.2021602787456447,2022
2021,20220101_38027_D03_S002,38027_D03_S002,El Paso,3,2,34559.0,13089.0,17019.0,14350.0,1.1859930313588851,2022
2021,20220101_38027_D04_S001,38027_D04_S001,El Paso,4,1,34775.0,12071.0,16757.0,14350.0,1.1677351916376306,2022
2021,20220101_38028_D01_S001,38028_D01_S001,Puerto de La Cruz,1,1,25978.0,13066.0,16009.0,12250.0,1.306857142857143,2022
2021,20220101_38028_D01_S002,38028_D01_S002,Puerto de La Cruz,1,2,24158.0,12665.0,14968.0,11550.0,1.295930735930736,2022
2021,20220101_38028_D01_S003,38028_D01_S003,Puerto de La Cruz,1,3,38304.0,18958.0,22395.0,17850.0,1.2546218487394958,2022
2021,20220101_38028_D01_S004,38028_D01_S004,Puerto de La Cruz,1,4,43518.0,19122.0,22963.0,19250.0,1.1928831168831169,2022
2021,20220101_38028_D02_S001,38028_D02_S001,Puerto de La Cruz,2,1,31693.0,16360.0,18667.0,14350.0,1.300836236933798,2022
2021,20220101_38028_D02_S002,38028_D02_S002,Puerto de La Cruz,2,2,29032.0,14058.0,17349.0,14350.0,1.2089895470383276,2022
2021,20220101_38028_D02_S003,38028_D02_S003,Puerto de La Cruz,2,3,38343.0,17562.0,20950.0,15750.0,1.33015873015873,2022
2021,20220101_38028_D02_S004,38028_D02_S004,Puerto de La Cruz,2,4,36818.0,14877.0,18630.0,15050.0,1.237873754152824,2022
2021,20220101_38028_D02_S005,38028_D02_S005,Puerto de La Cruz,2,5,35444.0,12193.0,16267.0,13650.0,1.1917216117216116,2022
2021,20220101_38028_D03_S001,38028_D03_S001,Puerto de La Cruz,3,1,30969.0,13286.0,16322.0,14350.0,1.1374216027874564,2022
2021,20220101_38028_D03_S002,38028_D03_S002,Puerto de La Cruz,3,2,28347.0,12767.0,15888.0,14350.0,1.107177700348432,2022
2021,20220101_38028_D03_S003,38028_D03_S003,Puerto de La Cruz,3,3,24463.0,10813.0,13979.0,12950.0,1.0794594594594595,2022
2021,20220101_38028_D03_S004,38028_D03_S004,Puerto de La Cruz,3,4,28393.0,12872.0,15935.0,14350.0,1.1104529616724739,2022
2021,20220101_38028_D03_S005,38028_D03_S005,Puerto de La Cruz,3,5,30286.0,11703.0,15439.0,14350.0,1.0758885017421602,2022
2021,20220101_38028_D03_S006,38028_D03_S006,Puerto de La Cruz,3,6,26775.0,12029.0,15437.0,14350.0,1.0757491289198606,2022
2021,20220101_38028_D04_S001,38028_D04_S001,Puerto de La Cruz,4,1,31796.0,12237.0,16228.0,15050.0,1.0782724252491693,2022
2021,20220101_38028_D04_S002,38028_D04_S002,Puerto de La Cruz,4,2,27493.0,9281.0,13079.0,12250.0,1.0676734693877552,2022
2021,20220101_38028_D04_S003,38028_D04_S003,Puerto de La Cruz,4,3,31012.0,10657.0,14476.0,12950.0,1.1178378378378377,2022
2021,20220101_38028_D04_S004,38028_D04_S004,Puerto de La Cruz,4,4,33631.0,12323.0,16339.0,14350.0,1.1386062717770036,2022
2021,20220101_38028_D04_S005,38028_D04_S005,Puerto de La Cruz,4,5,26271.0,9232.0,12895.0,11550.0,1.1164502164502164,2022
2021,20220101_38029_D01_S001,38029_D01_S001,Puntagorda,1,1,24503.0,8732.0,12216.0,10500.0,1.1634285714285715,2022
2021,20220101_38029_D01_S002,38029_D01_S002,Puntagorda,1,2,28245.0,9592.0,13350.0,11550.0,1.155844155844156,2022
2021,20220101_38030_D01_S001,38030_D01_S001,Puntallana,1,1,35297.0,12907.0,17026.0,15050.0,1.131295681063123,2022
2021,20220101_38030_D01_S002,38030_D01_S002,Puntallana,1,2,36965.0,13014.0,17706.0,15750.0,1.1241904761904762,2022
2021,20220101_38031_D01_S001,38031_D01_S001,Los Realejos,1,1,29809.0,10509.0,14571.0,13650.0,1.0674725274725274,2022
2021,20220101_38031_D01_S002,38031_D01_S002,Los Realejos,1,2,37453.0,12945.0,17079.0,14350.0,1.1901742160278745,2022
2021,20220101_38031_D01_S003,38031_D01_S003,Los Realejos,1,3,31942.0,11878.0,15578.0,14350.0,1.085574912891986,2022
2021,20220101_38031_D01_S004,38031_D01_S004,Los Realejos,1,4,30184.0,11680.0,15165.0,13650.0,1.110989010989011,2022
2021,20220101_38031_D01_S005,38031_D01_S005,Los Realejos,1,5,30798.0,10510.0,14433.0,12950.0,1.1145173745173744,2022
2021,20220101_38031_D01_S006,38031_D01_S006,Los Realejos,1,6,29525.0,11678.0,15112.0,13650.0,1.107106227106227,2022
2021,20220101_38031_D01_S007,38031_D01_S007,Los Realejos,1,7,29218.0,9516.0,13631.0,12950.0,1.0525868725868726,2022
2021,20220101_38031_D01_S008,38031_D01_S008,Los Realejos,1,8,32759.0,12014.0,15903.0,13650.0,1.165054945054945,2022
2021,20220101_38031_D02_S001,38031_D02_S001,Los Realejos,2,1,30915.0,11501.0,15236.0,13650.0,1.1161904761904762,2022
2021,20220101_38031_D02_S002,38031_D02_S002,Los Realejos,2,2,35321.0,11806.0,16111.0,15050.0,1.0704983388704319,2022
2021,20220101_38031_D02_S003,38031_D02_S003,Los Realejos,2,3,30327.0,9561.0,13517.0,12250.0,1.1034285714285714,2022
2021,20220101_38031_D03_S001,38031_D03_S001,Los Realejos,3,1,30883.0,10382.0,14355.0,12950.0,1.1084942084942084,2022
2021,20220101_38031_D03_S002,38031_D03_S002,Los Realejos,3,2,32223.0,10396.0,14498.0,13650.0,1.0621245421245422,2022
2021,20220101_38031_D03_S003,38031_D03_S003,Los Realejos,3,3,27245.0,9294.0,12994.0,12250.0,1.060734693877551,2022
2021,20220101_38031_D03_S004,38031_D03_S004,Los Realejos,3,4,35484.0,12557.0,16553.0,15050.0,1.0998671096345516,2022
2021,20220101_38031_D03_S005,38031_D03_S005,Los Realejos,3,5,30733.0,10415.0,14486.0,13650.0,1.0612454212454212,2022
2021,20220101_38031_D04_S001,38031_D04_S001,Los Realejos,4,1,27281.0,11434.0,14825.0,13650.0,1.086080586080586,2022
2021,20220101_38031_D04_S002,38031_D04_S002,Los Realejos,4,2,35063.0,14486.0,18267.0,14350.0,1.2729616724738675,2022
2021,20220101_38031_D04_S003,38031_D04_S003,Los Realejos,4,3,41719.0,16507.0,21101.0,17500.0,1.2057714285714285,2022
2021,20220101_38031_D04_S004,38031_D04_S004,Los Realejos,4,4,26236.0,10982.0,14422.0,12250.0,1.1773061224489796,2022
2021,20220101_38031_D05_S001,38031_D05_S001,Los Realejos,5,1,31839.0,9500.0,13776.0,12950.0,1.0637837837837838,2022
2021,20220101_38031_D05_S002,38031_D05_S002,Los Realejos,5,2,29851.0,9429.0,13865.0,13650.0,1.0157509157509157,2022
2021,20220101_38031_D05_S003,38031_D05_S003,Los Realejos,5,3,29562.0,9077.0,13363.0,13650.0,0.978974358974359,2022
2021,20220101_38031_D06_S001,38031_D06_S001,Los Realejos,6,1,31384.0,9087.0,13297.0,12250.0,1.085469387755102,2022
2021,20220101_38031_D06_S002,38031_D06_S002,Los Realejos,6,2,32151.0,8683.0,13127.0,12950.0,1.0136679536679536,2022
2021,20220101_38032_D01_S001,38032_D01_S001,El Rosario,1,1,43289.0,15107.0,19622.0,16450.0,1.1928267477203647,2022
2021,20220101_38032_D01_S002,38032_D01_S002,El Rosario,1,2,38462.0,12491.0,17050.0,15750.0,1.0825396825396825,2022
2021,20220101_38032_D01_S003,38032_D01_S003,El Rosario,1,3,43559.0,14614.0,18946.0,16450.0,1.1517325227963526,2022
2021,20220101_38032_D01_S004,38032_D01_S004,El Rosario,1,4,46709.0,21421.0,24811.0,22050.0,1.1252154195011337,2022
2021,20220101_38032_D01_S005,38032_D01_S005,El Rosario,1,5,35348.0,12078.0,15903.0,14700.0,1.0818367346938775,2022
2021,20220101_38032_D01_S006,38032_D01_S006,El Rosario,1,6,56077.0,21980.0,26016.0,24150.0,1.0772670807453417,2022
2021,20220101_38032_D01_S007,38032_D01_S007,El Rosario,1,7,43197.0,13205.0,18258.0,16450.0,1.1099088145896656,2022
2021,20220101_38032_D01_S008,38032_D01_S008,El Rosario,1,8,62105.0,20920.0,26115.0,24150.0,1.0813664596273291,2022
2021,20220101_38032_D01_S009,38032_D01_S009,El Rosario,1,9,46169.0,13863.0,18671.0,17850.0,1.0459943977591037,2022
2021,20220101_38032_D01_S010,38032_D01_S010,El Rosario,1,10,40938.0,13712.0,18118.0,16450.0,1.1013981762917933,2022
2021,20220101_38032_D01_S011,38032_D01_S011,El Rosario,1,11,59218.0,21553.0,26454.0,23450.0,1.1281023454157784,2022
2021,20220101_38032_D01_S012,38032_D01_S012,El Rosario,1,12,72897.0,27638.0,31809.0,27650.0,1.1504159132007232,2022
2021,20220101_38032_D01_S013,38032_D01_S013,El Rosario,1,13,56548.0,19977.0,24855.0,21350.0,1.1641686182669788,2022
2021,20220101_38033_D01_S001,38033_D01_S001,San Andrés y Sauces,1,1,36130.0,13301.0,17400.0,15750.0,1.1047619047619048,2022
2021,20220101_38033_D01_S002,38033_D01_S002,San Andrés y Sauces,1,2,35615.0,13116.0,17041.0,15050.0,1.1322923588039868,2022
2021,20220101_38033_D01_S003,38033_D01_S003,San Andrés y Sauces,1,3,35870.0,12936.0,17100.0,15050.0,1.1362126245847175,2022
2021,20220101_38033_D02_S001,38033_D02_S001,San Andrés y Sauces,2,1,37344.0,13258.0,17574.0,15750.0,1.1158095238095238,2022
2021,20220101_38034_D01_S001,38034_D01_S001,San Juan de la Rambla,1,1,39348.0,14318.0,18869.0,15750.0,1.198031746031746,2022
2021,20220101_38034_D01_S002,38034_D01_S002,San Juan de la Rambla,1,2,28002.0,10144.0,14282.0,12950.0,1.1028571428571428,2022
2021,20220101_38034_D01_S003,38034_D01_S003,San Juan de la Rambla,1,3,26300.0,9449.0,13234.0,12950.0,1.0219305019305018,2022
2021,20220101_38034_D01_S004,38034_D01_S004,San Juan de la Rambla,1,4,25904.0,9733.0,13319.0,12950.0,1.0284942084942086,2022
2021,20220101_38035_D01_S001,38035_D01_S001,San Miguel de Abona,1,1,34135.0,11733.0,18155.0,16450.0,1.1036474164133738,2022
2021,20220101_38035_D01_S002,38035_D01_S002,San Miguel de Abona,1,2,32893.0,11086.0,15322.0,14350.0,1.0677351916376308,2022
2021,20220101_38035_D01_S003,38035_D01_S003,San Miguel de Abona,1,3,37313.0,12275.0,16688.0,15050.0,1.1088372093023255,2022
2021,20220101_38035_D01_S004,38035_D01_S004,San Miguel de Abona,1,4,21785.0,8875.0,12326.0,10850.0,1.136036866359447,2022
2021,20220101_38035_D01_S005,38035_D01_S005,San Miguel de Abona,1,5,34321.0,11365.0,15638.0,13650.0,1.1456410256410257,2022
2021,20220101_38035_D01_S006,38035_D01_S006,San Miguel de Abona,1,6,25587.0,9262.0,12781.0,12250.0,1.04334693877551,2022
2021,20220101_38035_D01_S007,38035_D01_S007,San Miguel de Abona,1,7,34435.0,11663.0,15929.0,14350.0,1.1100348432055749,2022
2021,20220101_38035_D01_S008,38035_D01_S008,San Miguel de Abona,1,8,35410.0,12340.0,16586.0,14350.0,1.1558188153310105,2022
2021,20220101_38035_D01_S009,38035_D01_S009,San Miguel de Abona,1,9,25038.0,9084.0,12776.0,11550.0,1.106147186147186,2022
2021,20220101_38036_D01_S001,38036_D01_S001,San Sebastián de La Gomera,1,1,43393.0,17072.0,21352.0,18550.0,1.1510512129380055,2022
2021,20220101_38036_D01_S002,38036_D01_S002,San Sebastián de La Gomera,1,2,34961.0,13498.0,18336.0,17150.0,1.0691545189504372,2022
2021,20220101_38036_D01_S003,38036_D01_S003,San Sebastián de La Gomera,1,3,38488.0,14897.0,19655.0,16450.0,1.1948328267477204,2022
2021,20220101_38036_D01_S005,38036_D01_S005,San Sebastián de La Gomera,1,5,39414.0,14441.0,19361.0,17150.0,1.1289212827988337,2022
2021,20220101_38036_D01_S006,38036_D01_S006,San Sebastián de La Gomera,1,6,38493.0,15730.0,19831.0,18550.0,1.069056603773585,2022
2021,20220101_38036_D01_S007,38036_D01_S007,San Sebastián de La Gomera,1,7,36781.0,12375.0,16947.0,15750.0,1.076,2022
2021,20220101_38037_D01_S001,38037_D01_S001,Santa Cruz de La Palma,1,1,44754.0,17681.0,21227.0,17850.0,1.189187675070028,2022
2021,20220101_38037_D01_S002,38037_D01_S002,Santa Cruz de La Palma,1,2,32198.0,12396.0,16152.0,14350.0,1.125574912891986,2022
2021,20220101_38037_D01_S003,38037_D01_S003,Santa Cruz de La Palma,1,3,40784.0,15837.0,19399.0,17150.0,1.131137026239067,2022
2021,20220101_38037_D02_S001,38037_D02_S001,Santa Cruz de La Palma,2,1,45972.0,18123.0,21739.0,18550.0,1.1719137466307277,2022
2021,20220101_38037_D02_S002,38037_D02_S002,Santa Cruz de La Palma,2,2,43028.0,15540.0,19898.0,17150.0,1.1602332361516035,2022
2021,20220101_38037_D02_S003,38037_D02_S003,Santa Cruz de La Palma,2,3,33935.0,12362.0,15983.0,14350.0,1.1137979094076655,2022
2021,20220101_38037_D02_S005,38037_D02_S005,Santa Cruz de La Palma,2,5,47491.0,16851.0,20811.0,17850.0,1.1658823529411764,2022
2021,20220101_38037_D03_S001,38037_D03_S001,Santa Cruz de La Palma,3,1,46259.0,16410.0,20594.0,17850.0,1.1537254901960785,2022
2021,20220101_38037_D03_S002,38037_D03_S002,Santa Cruz de La Palma,3,2,38095.0,13849.0,17909.0,15050.0,1.1899667774086378,2022
2021,20220101_38037_D03_S003,38037_D03_S003,Santa Cruz de La Palma,3,3,31778.0,11340.0,15440.0,14350.0,1.07595818815331,2022
2021,20220101_38037_D03_S004,38037_D03_S004,Santa Cruz de La Palma,3,4,40477.0,14175.0,18792.0,16450.0,1.142370820668693,2022
2021,20220101_38037_D03_S005,38037_D03_S005,Santa Cruz de La Palma,3,5,35495.0,11840.0,16227.0,15050.0,1.0782059800664452,2022
2021,20220101_38038_D01_S001,38038_D01_S001,Santa Cruz de Tenerife,1,1,72677.0,27236.0,32125.0,27650.0,1.1618444846292948,2022
2021,20220101_38038_D01_S002,38038_D01_S002,Santa Cruz de Tenerife,1,2,43363.0,16021.0,19862.0,17850.0,1.1127170868347338,2022
2021,20220101_38038_D01_S003,38038_D01_S003,Santa Cruz de Tenerife,1,3,45879.0,18986.0,22816.0,19250.0,1.1852467532467532,2022
2021,20220101_38038_D01_S004,38038_D01_S004,Santa Cruz de Tenerife,1,4,54219.0,21362.0,25520.0,22750.0,1.1217582417582417,2022
2021,20220101_38038_D01_S006,38038_D01_S006,Santa Cruz de Tenerife,1,6,46059.0,18609.0,22552.0,19250.0,1.1715324675324674,2022
2021,20220101_38038_D01_S007,38038_D01_S007,Santa Cruz de Tenerife,1,7,48037.0,19592.0,23828.0,21350.0,1.1160655737704919,2022
2021,20220101_38038_D01_S008,38038_D01_S008,Santa Cruz de Tenerife,1,8,92772.0,31293.0,37336.0,31850.0,1.1722448979591837,2022
2021,20220101_38038_D01_S009,38038_D01_S009,Santa Cruz de Tenerife,1,9,68049.0,28122.0,31892.0,27650.0,1.1534177215189874,2022
2021,20220101_38038_D01_S010,38038_D01_S010,Santa Cruz de Tenerife,1,10,63979.0,25693.0,29764.0,26950.0,1.1044155844155845,2022
2021,20220101_38038_D01_S011,38038_D01_S011,Santa Cruz de Tenerife,1,11,62671.0,24994.0,29025.0,24850.0,1.1680080482897384,2022
2021,20220101_38038_D01_S012,38038_D01_S012,Santa Cruz de Tenerife,1,12,87733.0,31560.0,36616.0,32550.0,1.124915514592934,2022
2021,20220101_38038_D02_S001,38038_D02_S001,Santa Cruz de Tenerife,2,1,53777.0,22083.0,25409.0,21350.0,1.1901170960187353,2022
2021,20220101_38038_D02_S002,38038_D02_S002,Santa Cruz de Tenerife,2,2,48842.0,22364.0,25150.0,20650.0,1.2179176755447942,2022
2021,20220101_38038_D02_S003,38038_D02_S003,Santa Cruz de Tenerife,2,3,51271.0,20700.0,24698.0,22750.0,1.0856263736263736,2022
2021,20220101_38038_D02_S004,38038_D02_S004,Santa Cruz de Tenerife,2,4,65744.0,24684.0,28881.0,24850.0,1.1622132796780684,2022
2021,20220101_38038_D02_S005,38038_D02_S005,Santa Cruz de Tenerife,2,5,54015.0,22447.0,26081.0,22750.0,1.1464175824175824,2022
2021,20220101_38038_D02_S006,38038_D02_S006,Santa Cruz de Tenerife,2,6,55057.0,22994.0,26433.0,22050.0,1.1987755102040816,2022
2021,20220101_38038_D02_S007,38038_D02_S007,Santa Cruz de Tenerife,2,7,58396.0,22847.0,26803.0,22050.0,1.2155555555555555,2022
2021,20220101_38038_D02_S008,38038_D02_S008,Santa Cruz de Tenerife,2,8,60902.0,25502.0,28251.0,23450.0,1.204733475479744,2022
2021,20220101_38038_D02_S009,38038_D02_S009,Santa Cruz de Tenerife,2,9,51317.0,22316.0,25902.0,24150.0,1.0725465838509316,2022
2021,20220101_38038_D03_S001,38038_D03_S001,Santa Cruz de Tenerife,3,1,74159.0,30429.0,33902.0,29750.0,1.1395630252100841,2022
2021,20220101_38038_D03_S002,38038_D03_S002,Santa Cruz de Tenerife,3,2,47455.0,17265.0,21844.0,19950.0,1.094937343358396,2022
2021,20220101_38038_D03_S003,38038_D03_S003,Santa Cruz de Tenerife,3,3,46258.0,18389.0,22249.0,20650.0,1.0774334140435835,2022
2021,20220101_38038_D03_S004,38038_D03_S004,Santa Cruz de Tenerife,3,4,34650.0,14088.0,17488.0,15050.0,1.1619933554817277,2022
2021,20220101_38038_D03_S005,38038_D03_S005,Santa Cruz de Tenerife,3,5,36405.0,15475.0,18963.0,17150.0,1.1057142857142856,2022
2021,20220101_38038_D03_S006,38038_D03_S006,Santa Cruz de Tenerife,3,6,63432.0,23898.0,28384.0,26950.0,1.0532096474953618,2022
2021,20220101_38038_D03_S007,38038_D03_S007,Santa Cruz de Tenerife,3,7,34525.0,13590.0,17090.0,15050.0,1.135548172757475,2022
2021,20220101_38038_D03_S008,38038_D03_S008,Santa Cruz de Tenerife,3,8,47558.0,17468.0,21932.0,19250.0,1.1393246753246753,2022
2021,20220101_38038_D03_S009,38038_D03_S009,Santa Cruz de Tenerife,3,9,51351.0,18611.0,23200.0,21350.0,1.0866510538641687,2022
2021,20220101_38038_D03_S010,38038_D03_S010,Santa Cruz de Tenerife,3,10,39673.0,15803.0,19503.0,17850.0,1.0926050420168067,2022
2021,20220101_38038_D03_S011,38038_D03_S011,Santa Cruz de Tenerife,3,11,61165.0,23470.0,27777.0,24150.0,1.1501863354037267,2022
2021,20220101_38038_D03_S013,38038_D03_S013,Santa Cruz de Tenerife,3,13,45019.0,19666.0,22722.0,19950.0,1.1389473684210527,2022
2021,20220101_38038_D03_S014,38038_D03_S014,Santa Cruz de Tenerife,3,14,50458.0,19600.0,23596.0,21350.0,1.10519906323185,2022
2021,20220101_38038_D03_S015,38038_D03_S015,Santa Cruz de Tenerife,3,15,44725.0,17420.0,21416.0,18550.0,1.1545013477088948,2022
2021,20220101_38038_D03_S016,38038_D03_S016,Santa Cruz de Tenerife,3,16,38541.0,13525.0,17109.0,14350.0,1.1922648083623693,2022
2021,20220101_38038_D03_S017,38038_D03_S017,Santa Cruz de Tenerife,3,17,46954.0,17869.0,22008.0,18550.0,1.1864150943396226,2022
2021,20220101_38038_D03_S018,38038_D03_S018,Santa Cruz de Tenerife,3,18,34445.0,13280.0,16996.0,14350.0,1.184390243902439,2022
2021,20220101_38038_D03_S019,38038_D03_S019,Santa Cruz de Tenerife,3,19,52346.0,19257.0,24057.0,23450.0,1.0258848614072495,2022
2021,20220101_38038_D03_S020,38038_D03_S020,Santa Cruz de Tenerife,3,20,69138.0,25497.0,30219.0,27650.0,1.0929113924050633,2022
2021,20220101_38038_D04_S001,38038_D04_S001,Santa Cruz de Tenerife,4,1,27141.0,10586.0,14143.0,12250.0,1.154530612244898,2022
2021,20220101_38038_D04_S002,38038_D04_S002,Santa Cruz de Tenerife,4,2,25993.0,9570.0,12558.0,11550.0,1.0872727272727272,2022
2021,20220101_38038_D04_S003,38038_D04_S003,Santa Cruz de Tenerife,4,3,28644.0,10367.0,13813.0,11550.0,1.1959307359307358,2022
2021,20220101_38038_D04_S004,38038_D04_S004,Santa Cruz de Tenerife,4,4,27024.0,10544.0,13666.0,12250.0,1.115591836734694,2022
2021,20220101_38038_D04_S005,38038_D04_S005,Santa Cruz de Tenerife,4,5,25750.0,9864.0,13017.0,10850.0,1.1997235023041475,2022
2021,20220101_38038_D04_S006,38038_D04_S006,Santa Cruz de Tenerife,4,6,24753.0,9714.0,12901.0,11550.0,1.116969696969697,2022
2021,20220101_38038_D04_S007,38038_D04_S007,Santa Cruz de Tenerife,4,7,26899.0,11073.0,14637.0,13650.0,1.0723076923076924,2022
2021,20220101_38038_D04_S009,38038_D04_S009,Santa Cruz de Tenerife,4,9,21706.0,9893.0,12708.0,11550.0,1.1002597402597403,2022
2021,20220101_38038_D04_S011,38038_D04_S011,Santa Cruz de Tenerife,4,11,23137.0,9806.0,12946.0,11550.0,1.1208658008658008,2022
2021,20220101_38038_D04_S012,38038_D04_S012,Santa Cruz de Tenerife,4,12,25550.0,10670.0,14122.0,13650.0,1.0345787545787546,2022
2021,20220101_38038_D04_S014,38038_D04_S014,Santa Cruz de Tenerife,4,14,26915.0,11338.0,14640.0,13650.0,1.0725274725274725,2022
2021,20220101_38038_D04_S015,38038_D04_S015,Santa Cruz de Tenerife,4,15,21634.0,8168.0,11355.0,9450.0,1.2015873015873015,2022
2021,20220101_38038_D05_S001,38038_D05_S001,Santa Cruz de Tenerife,5,1,85104.0,30337.0,35779.0,30450.0,1.175008210180624,2022
2021,20220101_38038_D05_S002,38038_D05_S002,Santa Cruz de Tenerife,5,2,58923.0,22629.0,27252.0,23450.0,1.162132196162047,2022
2021,20220101_38038_D05_S003,38038_D05_S003,Santa Cruz de Tenerife,5,3,48771.0,19659.0,23594.0,20650.0,1.1425665859564165,2022
2021,20220101_38038_D05_S004,38038_D05_S004,Santa Cruz de Tenerife,5,4,49193.0,19604.0,23342.0,19950.0,1.1700250626566415,2022
2021,20220101_38038_D05_S005,38038_D05_S005,Santa Cruz de Tenerife,5,5,47833.0,19518.0,23608.0,21350.0,1.10576112412178,2022
2021,20220101_38038_D05_S006,38038_D05_S006,Santa Cruz de Tenerife,5,6,44259.0,18362.0,22289.0,19250.0,1.15787012987013,2022
2021,20220101_38038_D05_S007,38038_D05_S007,Santa Cruz de Tenerife,5,7,45685.0,17539.0,21215.0,17150.0,1.2370262390670554,2022
2021,20220101_38038_D05_S008,38038_D05_S008,Santa Cruz de Tenerife,5,8,50783.0,19983.0,24069.0,20650.0,1.1655690072639224,2022
2021,20220101_38038_D05_S009,38038_D05_S009,Santa Cruz de Tenerife,5,9,96281.0,33041.0,37052.0,28000.0,1.3232857142857142,2022
2021,20220101_38038_D05_S010,38038_D05_S010,Santa Cruz de Tenerife,5,10,98471.0,32865.0,38338.0,31150.0,1.2307544141252007,2022
2021,20220101_38038_D05_S011,38038_D05_S011,Santa Cruz de Tenerife,5,11,48488.0,19350.0,23516.0,19950.0,1.1787468671679198,2022
2021,20220101_38038_D05_S012,38038_D05_S012,Santa Cruz de Tenerife,5,12,66088.0,24598.0,29671.0,26250.0,1.1303238095238095,2022
2021,20220101_38038_D05_S013,38038_D05_S013,Santa Cruz de Tenerife,5,13,42645.0,15758.0,19600.0,16450.0,1.1914893617021276,2022
2021,20220101_38038_D05_S014,38038_D05_S014,Santa Cruz de Tenerife,5,14,40874.0,16076.0,19559.0,17150.0,1.140466472303207,2022
2021,20220101_38038_D05_S015,38038_D05_S015,Santa Cruz de Tenerife,5,15,46416.0,19267.0,23172.0,20650.0,1.1221307506053269,2022
2021,20220101_38038_D06_S001,38038_D06_S001,Santa Cruz de Tenerife,6,1,45179.0,17852.0,21153.0,19250.0,1.0988571428571428,2022
2021,20220101_38038_D06_S002,38038_D06_S002,Santa Cruz de Tenerife,6,2,61036.0,23612.0,27989.0,24850.0,1.126317907444668,2022
2021,20220101_38038_D06_S003,38038_D06_S003,Santa Cruz de Tenerife,6,3,24752.0,11833.0,14196.0,12250.0,1.1588571428571428,2022
2021,20220101_38038_D06_S004,38038_D06_S004,Santa Cruz de Tenerife,6,4,27616.0,10919.0,14151.0,12250.0,1.1551836734693877,2022
2021,20220101_38038_D06_S005,38038_D06_S005,Santa Cruz de Tenerife,6,5,38921.0,14818.0,18485.0,16450.0,1.1237082066869302,2022
2021,20220101_38038_D06_S006,38038_D06_S006,Santa Cruz de Tenerife,6,6,73811.0,25091.0,30399.0,26950.0,1.1279777365491652,2022
2021,20220101_38038_D06_S007,38038_D06_S007,Santa Cruz de Tenerife,6,7,46848.0,16467.0,20952.0,18550.0,1.129487870619946,2022
2021,20220101_38038_D06_S008,38038_D06_S008,Santa Cruz de Tenerife,6,8,68534.0,23434.0,27854.0,22750.0,1.2243516483516483,2022
2021,20220101_38038_D06_S010,38038_D06_S010,Santa Cruz de Tenerife,6,10,34925.0,13997.0,17538.0,15050.0,1.1653156146179402,2022
2021,20220101_38038_D06_S011,38038_D06_S011,Santa Cruz de Tenerife,6,11,35292.0,13243.0,16735.0,15050.0,1.1119601328903654,2022
2021,20220101_38038_D06_S012,38038_D06_S012,Santa Cruz de Tenerife,6,12,44335.0,17622.0,21499.0,19250.0,1.1168311688311687,2022
2021,20220101_38038_D06_S013,38038_D06_S013,Santa Cruz de Tenerife,6,13,52590.0,22009.0,25956.0,23450.0,1.106865671641791,2022
2021,20220101_38038_D06_S014,38038_D06_S014,Santa Cruz de Tenerife,6,14,54839.0,16452.0,22072.0,20650.0,1.068861985472155,2022
2021,20220101_38038_D06_S016,38038_D06_S016,Santa Cruz de Tenerife,6,16,21748.0,9144.0,12346.0,11550.0,1.0689177489177488,2022
2021,20220101_38038_D06_S017,38038_D06_S017,Santa Cruz de Tenerife,6,17,30402.0,12697.0,15871.0,12950.0,1.2255598455598455,2022
2021,20220101_38038_D06_S018,38038_D06_S018,Santa Cruz de Tenerife,6,18,34110.0,16205.0,19440.0,18550.0,1.0479784366576819,2022
2021,20220101_38038_D06_S019,38038_D06_S019,Santa Cruz de Tenerife,6,19,39990.0,15674.0,18655.0,14350.0,1.3,2022
2021,20220101_38038_D06_S020,38038_D06_S020,Santa Cruz de Tenerife,6,20,31943.0,11417.0,14998.0,12950.0,1.1581467181467182,2022
2021,20220101_38038_D06_S021,38038_D06_S021,Santa Cruz de Tenerife,6,21,35363.0,13897.0,17343.0,14350.0,1.2085714285714286,2022
2021,20220101_38038_D06_S022,38038_D06_S022,Santa Cruz de Tenerife,6,22,45589.0,18421.0,22343.0,21350.0,1.0465105386416862,2022
2021,20220101_38038_D06_S023,38038_D06_S023,Santa Cruz de Tenerife,6,23,29929.0,11571.0,14944.0,12250.0,1.2199183673469387,2022
2021,20220101_38038_D06_S025,38038_D06_S025,Santa Cruz de Tenerife,6,25,67925.0,24153.0,29123.0,27650.0,1.0532730560578663,2022
2021,20220101_38038_D06_S026,38038_D06_S026,Santa Cruz de Tenerife,6,26,22495.0,9500.0,12413.0,10850.0,1.1440552995391704,2022
2021,20220101_38038_D06_S028,38038_D06_S028,Santa Cruz de Tenerife,6,28,40591.0,16752.0,20456.0,19950.0,1.0253634085213033,2022
2021,20220101_38038_D06_S029,38038_D06_S029,Santa Cruz de Tenerife,6,29,49584.0,19216.0,23535.0,22050.0,1.0673469387755101,2022
2021,20220101_38038_D07_S001,38038_D07_S001,Santa Cruz de Tenerife,7,1,44345.0,16128.0,20419.0,17850.0,1.143921568627451,2022
2021,20220101_38038_D07_S002,38038_D07_S002,Santa Cruz de Tenerife,7,2,33261.0,12232.0,16082.0,14350.0,1.1206968641114983,2022
2021,20220101_38038_D07_S003,38038_D07_S003,Santa Cruz de Tenerife,7,3,32043.0,12983.0,16850.0,15750.0,1.0698412698412698,2022
2021,20220101_38038_D07_S004,38038_D07_S004,Santa Cruz de Tenerife,7,4,26599.0,9719.0,13423.0,12950.0,1.0365250965250965,2022
2021,20220101_38038_D07_S005,38038_D07_S005,Santa Cruz de Tenerife,7,5,31510.0,11910.0,15788.0,15050.0,1.0490365448504984,2022
2021,20220101_38038_D07_S006,38038_D07_S006,Santa Cruz de Tenerife,7,6,23821.0,10237.0,13272.0,11550.0,1.1490909090909092,2022
2021,20220101_38038_D07_S007,38038_D07_S007,Santa Cruz de Tenerife,7,7,29239.0,11543.0,15071.0,13650.0,1.1041025641025641,2022
2021,20220101_38038_D07_S009,38038_D07_S009,Santa Cruz de Tenerife,7,9,33758.0,13415.0,17167.0,15050.0,1.1406644518272426,2022
2021,20220101_38038_D08_S001,38038_D08_S001,Santa Cruz de Tenerife,8,1,25754.0,11381.0,14626.0,12950.0,1.1294208494208495,2022
2021,20220101_38038_D09_S001,38038_D09_S001,Santa Cruz de Tenerife,9,1,23843.0,10756.0,13814.0,12950.0,1.0667181467181468,2022
2021,20220101_38038_D09_S002,38038_D09_S002,Santa Cruz de Tenerife,9,2,23576.0,9939.0,12787.0,11550.0,1.1070995670995671,2022
2021,20220101_38038_D09_S003,38038_D09_S003,Santa Cruz de Tenerife,9,3,25701.0,10804.0,14029.0,12950.0,1.0833204633204634,2022
2021,20220101_38038_D09_S006,38038_D09_S006,Santa Cruz de Tenerife,9,6,27674.0,11831.0,14814.0,12950.0,1.1439382239382239,2022
2021,20220101_38038_D09_S007,38038_D09_S007,Santa Cruz de Tenerife,9,7,28900.0,11803.0,15237.0,14350.0,1.0618118466898954,2022
2021,20220101_38038_D09_S009,38038_D09_S009,Santa Cruz de Tenerife,9,9,23944.0,9022.0,12284.0,10850.0,1.1321658986175116,2022
2021,20220101_38038_D09_S010,38038_D09_S010,Santa Cruz de Tenerife,9,10,24622.0,9390.0,12841.0,11550.0,1.1117748917748917,2022
2021,20220101_38038_D09_S011,38038_D09_S011,Santa Cruz de Tenerife,9,11,22890.0,9388.0,12549.0,11550.0,1.0864935064935064,2022
2021,20220101_38038_D09_S012,38038_D09_S012,Santa Cruz de Tenerife,9,12,29153.0,11166.0,14757.0,13650.0,1.0810989010989012,2022
2021,20220101_38038_D09_S014,38038_D09_S014,Santa Cruz de Tenerife,9,14,21368.0,9076.0,11956.0,10150.0,1.1779310344827587,2022
2021,20220101_38038_D09_S015,38038_D09_S015,Santa Cruz de Tenerife,9,15,25617.0,11490.0,14372.0,12250.0,1.1732244897959183,2022
2021,20220101_38038_D09_S016,38038_D09_S016,Santa Cruz de Tenerife,9,16,27953.0,10486.0,14154.0,12950.0,1.092972972972973,2022
2021,20220101_38038_D09_S018,38038_D09_S018,Santa Cruz de Tenerife,9,18,25909.0,11089.0,14294.0,13650.0,1.0471794871794873,2022
2021,20220101_38038_D09_S019,38038_D09_S019,Santa Cruz de Tenerife,9,19,29131.0,11656.0,14944.0,13650.0,1.0947985347985347,2022
2021,20220101_38038_D09_S021,38038_D09_S021,Santa Cruz de Tenerife,9,21,26369.0,11318.0,14343.0,13650.0,1.0507692307692307,2022
2021,20220101_38038_D09_S022,38038_D09_S022,Santa Cruz de Tenerife,9,22,23019.0,9428.0,12346.0,11550.0,1.0689177489177488,2022
2021,20220101_38038_D10_S001,38038_D10_S001,Santa Cruz de Tenerife,10,1,25682.0,11035.0,14279.0,12950.0,1.1026254826254827,2022
2021,20220101_38038_D10_S002,38038_D10_S002,Santa Cruz de Tenerife,10,2,27544.0,11262.0,14619.0,13650.0,1.070989010989011,2022
2021,20220101_38038_D10_S003,38038_D10_S003,Santa Cruz de Tenerife,10,3,27413.0,11308.0,14724.0,12950.0,1.136988416988417,2022
2021,20220101_38038_D10_S004,38038_D10_S004,Santa Cruz de Tenerife,10,4,23734.0,11285.0,14065.0,12950.0,1.0861003861003862,2022
2021,20220101_38038_D10_S005,38038_D10_S005,Santa Cruz de Tenerife,10,5,25233.0,11167.0,14374.0,13650.0,1.0530402930402931,2022
2021,20220101_38038_D10_S006,38038_D10_S006,Santa Cruz de Tenerife,10,6,45941.0,17317.0,21692.0,17850.0,1.2152380952380952,2022
2021,20220101_38038_D10_S007,38038_D10_S007,Santa Cruz de Tenerife,10,7,36709.0,15891.0,19344.0,16450.0,1.1759270516717326,2022
2021,20220101_38038_D10_S008,38038_D10_S008,Santa Cruz de Tenerife,10,8,35394.0,14008.0,17811.0,16450.0,1.0827355623100303,2022
2021,20220101_38038_D10_S009,38038_D10_S009,Santa Cruz de Tenerife,10,9,34073.0,12733.0,16671.0,15050.0,1.1077076411960134,2022
2021,20220101_38038_D10_S010,38038_D10_S010,Santa Cruz de Tenerife,10,10,30437.0,11087.0,14929.0,13650.0,1.0936996336996336,2022
2021,20220101_38038_D10_S011,38038_D10_S011,Santa Cruz de Tenerife,10,11,36487.0,14525.0,18121.0,16450.0,1.101580547112462,2022
2021,20220101_38038_D10_S012,38038_D10_S012,Santa Cruz de Tenerife,10,12,27069.0,10442.0,13889.0,12250.0,1.133795918367347,2022
2021,20220101_38038_D10_S013,38038_D10_S013,Santa Cruz de Tenerife,10,13,30133.0,13269.0,16541.0,15050.0,1.0990697674418604,2022
2021,20220101_38038_D10_S014,38038_D10_S014,Santa Cruz de Tenerife,10,14,33965.0,13447.0,17134.0,16450.0,1.041580547112462,2022
2021,20220101_38038_D10_S015,38038_D10_S015,Santa Cruz de Tenerife,10,15,42127.0,15658.0,19852.0,17150.0,1.1575510204081632,2022
2021,20220101_38038_D10_S016,38038_D10_S016,Santa Cruz de Tenerife,10,16,34542.0,14172.0,17682.0,16450.0,1.0748936170212766,2022
2021,20220101_38038_D11_S001,38038_D11_S001,Santa Cruz de Tenerife,11,1,26819.0,9972.0,13320.0,12950.0,1.0285714285714285,2022
2021,20220101_38038_D11_S002,38038_D11_S002,Santa Cruz de Tenerife,11,2,31619.0,12027.0,15729.0,14350.0,1.0960975609756098,2022
2021,20220101_38038_D11_S003,38038_D11_S003,Santa Cruz de Tenerife,11,3,33845.0,13408.0,17015.0,15750.0,1.0803174603174603,2022
2021,20220101_38038_D11_S004,38038_D11_S004,Santa Cruz de Tenerife,11,4,27979.0,10527.0,14013.0,12950.0,1.082084942084942,2022
2021,20220101_38038_D11_S005,38038_D11_S005,Santa Cruz de Tenerife,11,5,30399.0,11589.0,15327.0,13650.0,1.1228571428571428,2022
2021,20220101_38038_D11_S006,38038_D11_S006,Santa Cruz de Tenerife,11,6,27932.0,10339.0,14041.0,12250.0,1.146204081632653,2022
2021,20220101_38038_D11_S007,38038_D11_S007,Santa Cruz de Tenerife,11,7,27519.0,10452.0,14022.0,12950.0,1.0827799227799229,2022
2021,20220101_38038_D11_S008,38038_D11_S008,Santa Cruz de Tenerife,11,8,34790.0,12790.0,16675.0,15050.0,1.1079734219269104,2022
2021,20220101_38038_D11_S009,38038_D11_S009,Santa Cruz de Tenerife,11,9,22693.0,8805.0,11660.0,10850.0,1.0746543778801843,2022
2021,20220101_38038_D11_S010,38038_D11_S010,Santa Cruz de Tenerife,11,10,29918.0,11176.0,14932.0,13650.0,1.093919413919414,2022
2021,20220101_38038_D11_S011,38038_D11_S011,Santa Cruz de Tenerife,11,11,19567.0,7161.0,10071.0,9450.0,1.0657142857142856,2022
2021,20220101_38038_D11_S012,38038_D11_S012,Santa Cruz de Tenerife,11,12,20174.0,7585.0,10564.0,9450.0,1.117883597883598,2022
2021,20220101_38038_D11_S013,38038_D11_S013,Santa Cruz de Tenerife,11,13,32278.0,11870.0,15561.0,14350.0,1.084390243902439,2022
2021,20220101_38038_D11_S014,38038_D11_S014,Santa Cruz de Tenerife,11,14,61252.0,19254.0,24776.0,22750.0,1.0890549450549452,2022
2021,20220101_38038_D11_S015,38038_D11_S015,Santa Cruz de Tenerife,11,15,30943.0,11612.0,15035.0,13650.0,1.1014652014652015,2022
2021,20220101_38038_D11_S016,38038_D11_S016,Santa Cruz de Tenerife,11,16,28435.0,10327.0,13884.0,12950.0,1.0721235521235521,2022
2021,20220101_38038_D11_S017,38038_D11_S017,Santa Cruz de Tenerife,11,17,29104.0,10159.0,14039.0,13650.0,1.0284981684981684,2022
2021,20220101_38038_D11_S018,38038_D11_S018,Santa Cruz de Tenerife,11,18,36449.0,13321.0,17260.0,15750.0,1.0958730158730159,2022
2021,20220101_38038_D11_S019,38038_D11_S019,Santa Cruz de Tenerife,11,19,26557.0,10122.0,13481.0,12250.0,1.1004897959183673,2022
2021,20220101_38038_D11_S020,38038_D11_S020,Santa Cruz de Tenerife,11,20,33264.0,12557.0,16280.0,15050.0,1.0817275747508306,2022
2021,20220101_38038_D11_S021,38038_D11_S021,Santa Cruz de Tenerife,11,21,59612.0,21938.0,26676.0,24850.0,1.0734808853118711,2022
2021,20220101_38038_D12_S001,38038_D12_S001,Santa Cruz de Tenerife,12,1,39103.0,12628.0,17199.0,15750.0,1.092,2022
2021,20220101_38038_D12_S002,38038_D12_S002,Santa Cruz de Tenerife,12,2,34278.0,11808.0,15982.0,14350.0,1.1137282229965157,2022
2021,20220101_38038_D12_S003,38038_D12_S003,Santa Cruz de Tenerife,12,3,23528.0,10423.0,13702.0,12250.0,1.118530612244898,2022
2021,20220101_38038_D12_S004,38038_D12_S004,Santa Cruz de Tenerife,12,4,34673.0,12072.0,16241.0,15050.0,1.0791362126245847,2022
2021,20220101_38038_D12_S005,38038_D12_S005,Santa Cruz de Tenerife,12,5,36487.0,12572.0,16948.0,15750.0,1.0760634920634922,2022
2021,20220101_38038_D12_S006,38038_D12_S006,Santa Cruz de Tenerife,12,6,31735.0,11430.0,15249.0,14350.0,1.0626480836236933,2022
2021,20220101_38038_D12_S007,38038_D12_S007,Santa Cruz de Tenerife,12,7,32862.0,12101.0,16414.0,15050.0,1.0906312292358804,2022
2021,20220101_38038_D12_S008,38038_D12_S008,Santa Cruz de Tenerife,12,8,35576.0,13076.0,17049.0,15750.0,1.0824761904761904,2022
2021,20220101_38038_D12_S009,38038_D12_S009,Santa Cruz de Tenerife,12,9,39284.0,14197.0,18490.0,17850.0,1.0358543417366948,2022
2021,20220101_38038_D12_S010,38038_D12_S010,Santa Cruz de Tenerife,12,10,37680.0,13372.0,17709.0,15750.0,1.1243809523809525,2022
2021,20220101_38038_D12_S011,38038_D12_S011,Santa Cruz de Tenerife,12,11,28952.0,10902.0,14308.0,12950.0,1.104864864864865,2022
2021,20220101_38039_D01_S001,38039_D01_S001,Santa Úrsula,1,1,25822.0,9827.0,13247.0,11550.0,1.146926406926407,2022
2021,20220101_38039_D01_S002,38039_D01_S002,Santa Úrsula,1,2,26220.0,9730.0,13310.0,12250.0,1.0865306122448979,2022
2021,20220101_38039_D01_S003,38039_D01_S003,Santa Úrsula,1,3,26462.0,9297.0,13009.0,12250.0,1.0619591836734694,2022
2021,20220101_38039_D01_S004,38039_D01_S004,Santa Úrsula,1,4,38471.0,15251.0,18830.0,15750.0,1.1955555555555555,2022
2021,20220101_38039_D01_S005,38039_D01_S005,Santa Úrsula,1,5,28562.0,10929.0,14471.0,12950.0,1.1174517374517374,2022
2021,20220101_38039_D01_S006,38039_D01_S006,Santa Úrsula,1,6,29615.0,11375.0,14752.0,12250.0,1.2042448979591838,2022
2021,20220101_38039_D01_S007,38039_D01_S007,Santa Úrsula,1,7,32699.0,12286.0,15877.0,14350.0,1.106411149825784,2022
2021,20220101_38039_D01_S008,38039_D01_S008,Santa Úrsula,1,8,31636.0,11321.0,15163.0,12950.0,1.170888030888031,2022
2021,20220101_38039_D01_S009,38039_D01_S009,Santa Úrsula,1,9,50987.0,19377.0,23834.0,21350.0,1.1163466042154566,2022
2021,20220101_38040_D01_S001,38040_D01_S001,Santiago del Teide,1,1,29851.0,10454.0,14607.0,13650.0,1.0701098901098902,2022
2021,20220101_38040_D01_S002,38040_D01_S002,Santiago del Teide,1,2,28033.0,11041.0,15150.0,12950.0,1.16988416988417,2022
2021,20220101_38040_D01_S003,38040_D01_S003,Santiago del Teide,1,3,29603.0,10245.0,14142.0,12950.0,1.092046332046332,2022
2021,20220101_38040_D01_S004,38040_D01_S004,Santiago del Teide,1,4,26552.0,9875.0,13661.0,11550.0,1.1827705627705627,2022
2021,20220101_38041_D01_S001,38041_D01_S001,El Sauzal,1,1,49619.0,18396.0,22696.0,18550.0,1.2235040431266846,2022
2021,20220101_38041_D01_S002,38041_D01_S002,El Sauzal,1,2,34327.0,11748.0,16109.0,14350.0,1.1225783972125436,2022
2021,20220101_38041_D01_S003,38041_D01_S003,El Sauzal,1,3,31792.0,10830.0,14814.0,12950.0,1.1439382239382239,2022
2021,20220101_38041_D01_S004,38041_D01_S004,El Sauzal,1,4,48802.0,17989.0,23003.0,20650.0,1.1139467312348668,2022
2021,20220101_38041_D01_S005,38041_D01_S005,El Sauzal,1,5,39207.0,14759.0,18550.0,15750.0,1.1777777777777778,2022
2021,20220101_38041_D01_S006,38041_D01_S006,El Sauzal,1,6,33135.0,11248.0,15359.0,14350.0,1.0703135888501742,2022
2021,20220101_38042_D01_S001,38042_D01_S001,Los Silos,1,1,35662.0,12663.0,16612.0,13650.0,1.216996336996337,2022
2021,20220101_38042_D01_S002,38042_D01_S002,Los Silos,1,2,26941.0,9775.0,13498.0,12250.0,1.1018775510204082,2022
2021,20220101_38042_D01_S003,38042_D01_S003,Los Silos,1,3,28390.0,9862.0,14010.0,13650.0,1.0263736263736263,2022
2021,20220101_38042_D01_S004,38042_D01_S004,Los Silos,1,4,32603.0,10582.0,14840.0,12250.0,1.2114285714285715,2022
2021,20220101_38043_D01_S001,38043_D01_S001,Tacoronte,1,1,37869.0,15071.0,18724.0,16450.0,1.1382370820668692,2022
2021,20220101_38043_D01_S002,38043_D01_S002,Tacoronte,1,2,39156.0,14916.0,18686.0,15050.0,1.241594684385382,2022
2021,20220101_38043_D01_S003,38043_D01_S003,Tacoronte,1,3,42311.0,14405.0,18811.0,16450.0,1.1435258358662614,2022
2021,20220101_38043_D01_S004,38043_D01_S004,Tacoronte,1,4,31723.0,10622.0,14702.0,12950.0,1.1352895752895753,2022
2021,20220101_38043_D01_S005,38043_D01_S005,Tacoronte,1,5,50007.0,17145.0,20949.0,15050.0,1.3919601328903655,2022
2021,20220101_38043_D01_S006,38043_D01_S006,Tacoronte,1,6,37999.0,14352.0,18145.0,15050.0,1.2056478405315614,2022
2021,20220101_38043_D01_S007,38043_D01_S007,Tacoronte,1,7,35344.0,12081.0,16275.0,14350.0,1.1341463414634145,2022
2021,20220101_38043_D01_S008,38043_D01_S008,Tacoronte,1,8,42405.0,15851.0,20002.0,17150.0,1.1662973760932944,2022
2021,20220101_38043_D01_S009,38043_D01_S009,Tacoronte,1,9,37025.0,14711.0,18701.0,13650.0,1.37003663003663,2022
2021,20220101_38043_D01_S010,38043_D01_S010,Tacoronte,1,10,45320.0,16581.0,20848.0,17850.0,1.1679551820728291,2022
2021,20220101_38043_D01_S011,38043_D01_S011,Tacoronte,1,11,40804.0,14749.0,18833.0,16450.0,1.1448632218844985,2022
2021,20220101_38043_D01_S012,38043_D01_S012,Tacoronte,1,12,32341.0,10915.0,14906.0,13650.0,1.092014652014652,2022
2021,20220101_38043_D01_S013,38043_D01_S013,Tacoronte,1,13,33653.0,11694.0,15617.0,14350.0,1.0882926829268293,2022
2021,20220101_38043_D01_S014,38043_D01_S014,Tacoronte,1,14,53402.0,18436.0,22541.0,18550.0,1.2151482479784366,2022
2021,20220101_38043_D01_S015,38043_D01_S015,Tacoronte,1,15,39083.0,14835.0,19029.0,15750.0,1.2081904761904763,2022
2021,20220101_38044_D01_S001,38044_D01_S001,El Tanque,1,1,30278.0,10664.0,14611.0,12250.0,1.192734693877551,2022
2021,20220101_38044_D01_S002,38044_D01_S002,El Tanque,1,2,25148.0,8990.0,12690.0,12250.0,1.0359183673469388,2022
2021,20220101_38045_D01_S001,38045_D01_S001,Tazacorte,1,1,27957.0,11763.0,15586.0,12250.0,1.2723265306122449,2022
2021,20220101_38045_D01_S002,38045_D01_S002,Tazacorte,1,2,28418.0,11901.0,15663.0,12950.0,1.2094980694980695,2022
2021,20220101_38045_D01_S003,38045_D01_S003,Tazacorte,1,3,26517.0,11044.0,15200.0,12950.0,1.1737451737451738,2022
2021,20220101_38045_D01_S004,38045_D01_S004,Tazacorte,1,4,24159.0,9268.0,12844.0,12950.0,0.9918146718146719,2022
2021,20220101_38046_D01_S001,38046_D01_S001,Tegueste,1,1,50282.0,18287.0,22558.0,19250.0,1.171844155844156,2022
2021,20220101_38046_D01_S002,38046_D01_S002,Tegueste,1,2,39512.0,14051.0,18492.0,16450.0,1.1241337386018238,2022
2021,20220101_38046_D01_S003,38046_D01_S003,Tegueste,1,3,41424.0,14258.0,18675.0,17150.0,1.0889212827988337,2022
2021,20220101_38046_D01_S004,38046_D01_S004,Tegueste,1,4,43812.0,15206.0,19672.0,17150.0,1.1470553935860057,2022
2021,20220101_38046_D01_S005,38046_D01_S005,Tegueste,1,5,49966.0,16594.0,21172.0,18550.0,1.1413477088948787,2022
2021,20220101_38046_D01_S006,38046_D01_S006,Tegueste,1,6,62269.0,20906.0,25741.0,22750.0,1.1314725274725275,2022
2021,20220101_38046_D01_S007,38046_D01_S007,Tegueste,1,7,39150.0,14549.0,18762.0,17150.0,1.0939941690962098,2022
2021,20220101_38047_D01_S001,38047_D01_S001,Tijarafe,1,1,32118.0,12919.0,16928.0,14350.0,1.179651567944251,2022
2021,20220101_38047_D01_S002,38047_D01_S002,Tijarafe,1,2,30644.0,12467.0,16590.0,15050.0,1.1023255813953488,2022
2021,20220101_38048_D01_S001,38048_D01_S001,Valverde,1,1,39848.0,16131.0,20235.0,17150.0,1.1798833819241983,2022
2021,20220101_38048_D01_S002,38048_D01_S002,Valverde,1,2,33001.0,13363.0,17287.0,15050.0,1.1486378737541527,2022
2021,20220101_38048_D01_S004,38048_D01_S004,Valverde,1,4,41597.0,18434.0,22098.0,19250.0,1.147948051948052,2022
2021,20220101_38049_D01_S001,38049_D01_S001,Valle Gran Rey,1,1,28714.0,11596.0,16162.0,12950.0,1.2480308880308881,2022
2021,20220101_38049_D01_S002,38049_D01_S002,Valle Gran Rey,1,2,27291.0,11255.0,15875.0,13650.0,1.163003663003663,2022
2021,20220101_38050_D01_S001,38050_D01_S001,Vallehermoso,1,1,26348.0,11968.0,15913.0,14350.0,1.1089198606271777,2022
2021,20220101_38050_D03_S001,38050_D03_S001,Vallehermoso,3,1,20676.0,11733.0,14272.0,12950.0,1.1020849420849421,2022
2021,20220101_38051_D01_S001,38051_D01_S001,La Victoria de Acentejo,1,1,26238.0,10389.0,13872.0,11550.0,1.2010389610389611,2022
2021,20220101_38051_D01_S002,38051_D01_S002,La Victoria de Acentejo,1,2,34059.0,12667.0,16302.0,14350.0,1.1360278745644599,2022
2021,20220101_38051_D01_S003,38051_D01_S003,La Victoria de Acentejo,1,3,24887.0,9202.0,12738.0,12250.0,1.0398367346938775,2022
2021,20220101_38051_D01_S004,38051_D01_S004,La Victoria de Acentejo,1,4,25364.0,9599.0,13314.0,11550.0,1.1527272727272728,2022
2021,20220101_38051_D01_S005,38051_D01_S005,La Victoria de Acentejo,1,5,29131.0,10858.0,14549.0,12950.0,1.1234749034749034,2022
2021,20220101_38051_D01_S006,38051_D01_S006,La Victoria de Acentejo,1,6,28740.0,10789.0,14408.0,12950.0,1.1125868725868726,2022
2021,20220101_38051_D01_S007,38051_D01_S007,La Victoria de Acentejo,1,7,30393.0,11720.0,15458.0,13650.0,1.1324542124542125,2022
2021,20220101_38052_D01_S001,38052_D01_S001,Vilaflor de Chasna,1,1,31356.0,12506.0,16069.0,14350.0,1.1197909407665505,2022
2021,20220101_38053_D01_S001,38053_D01_S001,Villa de Mazo,1,1,40401.0,15252.0,19691.0,16450.0,1.1970212765957446,2022
2021,20220101_38053_D01_S002,38053_D01_S002,Villa de Mazo,1,2,35008.0,13291.0,17137.0,14350.0,1.1942160278745644,2022
2021,20220101_38053_D01_S003,38053_D01_S003,Villa de Mazo,1,3,37123.0,13312.0,17570.0,15750.0,1.1155555555555556,2022
2021,20220101_38053_D01_S004,38053_D01_S004,Villa de Mazo,1,4,30031.0,11677.0,15658.0,13650.0,1.1471062271062271,2022
2021,20220101_38053_D01_S005,38053_D01_S005,Villa de Mazo,1,5,30690.0,10758.0,15028.0,13650.0,1.100952380952381,2022
2021,20220101_38901_D01_S001,38901_D01_S001,El Pinar de El Hierro,1,1,32307.0,12971.0,16587.0,15050.0,1.1021262458471761,2022
2022,20230101_38001_D01_S001,38001_D01_S001,Adeje,1,1,36433.0,13360.0,17621.0,15750.0,1.118793650793651,2023
2022,20230101_38001_D01_S002,38001_D01_S002,Adeje,1,2,33393.0,11271.0,15433.0,14350.0,1.0754703832752612,2023
2022,20230101_38001_D01_S003,38001_D01_S003,Adeje,1,3,36956.0,13035.0,17298.0,14350.0,1.2054355400696863,2023
2022,20230101_38001_D01_S004,38001_D01_S004,Adeje,1,4,31845.0,11359.0,15647.0,14350.0,1.090383275261324,2023
2022,20230101_38001_D01_S005,38001_D01_S005,Adeje,1,5,39194.0,13075.0,17902.0,17150.0,1.0438483965014578,2023
2022,20230101_38001_D01_S006,38001_D01_S006,Adeje,1,6,35127.0,11325.0,15815.0,15050.0,1.0508305647840532,2023
2022,20230101_38001_D01_S007,38001_D01_S007,Adeje,1,7,23136.0,9956.0,12929.0,10850.0,1.1916129032258065,2023
2022,20230101_38001_D01_S008,38001_D01_S008,Adeje,1,8,29381.0,11944.0,16333.0,14350.0,1.1381881533101046,2023
2022,20230101_38001_D01_S009,38001_D01_S009,Adeje,1,9,47085.0,15640.0,20216.0,17850.0,1.1325490196078432,2023
2022,20230101_38001_D01_S010,38001_D01_S010,Adeje,1,10,55119.0,16181.0,21689.0,19250.0,1.1267012987012988,2023
2022,20230101_38001_D01_S011,38001_D01_S011,Adeje,1,11,25406.0,10815.0,14315.0,12250.0,1.1685714285714286,2023
2022,20230101_38001_D01_S012,38001_D01_S012,Adeje,1,12,40387.0,13670.0,18294.0,15750.0,1.1615238095238096,2023
2022,20230101_38001_D01_S013,38001_D01_S013,Adeje,1,13,38061.0,13501.0,18823.0,15050.0,1.2506976744186047,2023
2022,20230101_38001_D01_S014,38001_D01_S014,Adeje,1,14,33759.0,11882.0,16031.0,14350.0,1.1171428571428572,2023
2022,20230101_38001_D01_S015,38001_D01_S015,Adeje,1,15,33264.0,11374.0,15464.0,13650.0,1.132893772893773,2023
2022,20230101_38001_D01_S016,38001_D01_S016,Adeje,1,16,37215.0,12528.0,16685.0,15050.0,1.108637873754153,2023
2022,20230101_38001_D01_S017,38001_D01_S017,Adeje,1,17,27630.0,11771.0,15317.0,12950.0,1.1827799227799227,2023
2022,20230101_38001_D01_S018,38001_D01_S018,Adeje,1,18,38638.0,14344.0,18897.0,15050.0,1.2556146179401992,2023
2022,20230101_38002_D01_S001,38002_D01_S001,Agulo,1,1,32876.0,14846.0,19062.0,17850.0,1.0678991596638656,2023
2022,20230101_38003_D01_S001,38003_D01_S001,Alajeró,1,1,35225.0,15187.0,19520.0,17850.0,1.0935574229691876,2023
2022,20230101_38004_D01_S001,38004_D01_S001,Arafo,1,1,38849.0,14467.0,18755.0,17150.0,1.0935860058309037,2023
2022,20230101_38004_D01_S002,38004_D01_S002,Arafo,1,2,37358.0,13183.0,17730.0,15750.0,1.1257142857142857,2023
2022,20230101_38004_D01_S003,38004_D01_S003,Arafo,1,3,42842.0,15883.0,20161.0,18550.0,1.0868463611859838,2023
2022,20230101_38005_D01_S001,38005_D01_S001,Arico,1,1,29207.0,10569.0,14402.0,12950.0,1.1121235521235522,2023
2022,20230101_38005_D01_S002,38005_D01_S002,Arico,1,2,32256.0,11756.0,15899.0,14350.0,1.1079442508710802,2023
2022,20230101_38005_D01_S003,38005_D01_S003,Arico,1,3,32703.0,12631.0,16673.0,15750.0,1.0586031746031745,2023
2022,20230101_38005_D01_S004,38005_D01_S004,Arico,1,4,31065.0,14096.0,17710.0,15750.0,1.1244444444444444,2023
2022,20230101_38005_D01_S005,38005_D01_S005,Arico,1,5,27511.0,11940.0,15478.0,14350.0,1.0786062717770035,2023
2022,20230101_38005_D01_S006,38005_D01_S006,Arico,1,6,35422.0,13491.0,18109.0,16450.0,1.1008510638297873,2023
2022,20230101_38006_D01_S001,38006_D01_S001,Arona,1,1,38514.0,13676.0,18125.0,16450.0,1.1018237082066868,2023
2022,20230101_38006_D01_S002,38006_D01_S002,Arona,1,2,33137.0,11717.0,15971.0,15050.0,1.0611960132890366,2023
2022,20230101_38006_D01_S003,38006_D01_S003,Arona,1,3,34747.0,12272.0,16516.0,15050.0,1.0974086378737542,2023
2022,20230101_38006_D01_S004,38006_D01_S004,Arona,1,4,32657.0,11201.0,15602.0,15050.0,1.0366777408637873,2023
2022,20230101_38006_D01_S005,38006_D01_S005,Arona,1,5,29662.0,11597.0,15232.0,13650.0,1.1158974358974358,2023
2022,20230101_38006_D01_S006,38006_D01_S006,Arona,1,6,30362.0,13898.0,17530.0,13650.0,1.2842490842490843,2023
2022,20230101_38006_D01_S007,38006_D01_S007,Arona,1,7,25576.0,8731.0,11983.0,10850.0,1.1044239631336406,2023
2022,20230101_38006_D01_S008,38006_D01_S008,Arona,1,8,29457.0,11240.0,14784.0,12950.0,1.1416216216216217,2023
2022,20230101_38006_D01_S009,38006_D01_S009,Arona,1,9,31512.0,11374.0,15692.0,14350.0,1.0935191637630661,2023
2022,20230101_38006_D01_S010,38006_D01_S010,Arona,1,10,34261.0,12270.0,16630.0,15750.0,1.0558730158730159,2023
2022,20230101_38006_D01_S011,38006_D01_S011,Arona,1,11,31175.0,12310.0,16031.0,12950.0,1.237915057915058,2023
2022,20230101_38006_D01_S012,38006_D01_S012,Arona,1,12,30174.0,9988.0,14149.0,13650.0,1.0365567765567765,2023
2022,20230101_38006_D01_S013,38006_D01_S013,Arona,1,13,26152.0,8331.0,11949.0,10850.0,1.1012903225806452,2023
2022,20230101_38006_D01_S014,38006_D01_S014,Arona,1,14,33057.0,13028.0,16646.0,14350.0,1.16,2023
2022,20230101_38006_D01_S015,38006_D01_S015,Arona,1,15,35167.0,13664.0,18036.0,14350.0,1.256864111498258,2023
2022,20230101_38006_D01_S016,38006_D01_S016,Arona,1,16,21719.0,10448.0,13463.0,11550.0,1.1656277056277056,2023
2022,20230101_38006_D01_S017,38006_D01_S017,Arona,1,17,30203.0,12443.0,16150.0,14350.0,1.1254355400696865,2023
2022,20230101_38006_D01_S018,38006_D01_S018,Arona,1,18,27948.0,9547.0,13170.0,12250.0,1.0751020408163265,2023
2022,20230101_38006_D01_S019,38006_D01_S019,Arona,1,19,29629.0,13126.0,16589.0,13650.0,1.2153113553113553,2023
2022,20230101_38006_D01_S020,38006_D01_S020,Arona,1,20,28961.0,13133.0,17098.0,14350.0,1.1914982578397213,2023
2022,20230101_38006_D01_S021,38006_D01_S021,Arona,1,21,28723.0,10382.0,14261.0,13650.0,1.0447619047619048,2023
2022,20230101_38006_D01_S022,38006_D01_S022,Arona,1,22,35763.0,12331.0,16674.0,15050.0,1.107906976744186,2023
2022,20230101_38006_D01_S023,38006_D01_S023,Arona,1,23,26453.0,10299.0,13657.0,12250.0,1.1148571428571428,2023
2022,20230101_38006_D01_S024,38006_D01_S024,Arona,1,24,33252.0,11547.0,15802.0,14350.0,1.101184668989547,2023
2022,20230101_38006_D01_S025,38006_D01_S025,Arona,1,25,35415.0,12430.0,16739.0,16450.0,1.0175683890577507,2023
2022,20230101_38006_D01_S026,38006_D01_S026,Arona,1,26,34679.0,13116.0,17262.0,14350.0,1.2029268292682926,2023
2022,20230101_38006_D01_S027,38006_D01_S027,Arona,1,27,31090.0,11227.0,15298.0,15050.0,1.0164784053156146,2023
2022,20230101_38006_D01_S028,38006_D01_S028,Arona,1,28,38436.0,12743.0,17171.0,15750.0,1.0902222222222222,2023
2022,20230101_38006_D01_S029,38006_D01_S029,Arona,1,29,25537.0,8401.0,11835.0,10850.0,1.0907834101382488,2023
2022,20230101_38006_D01_S030,38006_D01_S030,Arona,1,30,29644.0,10432.0,14339.0,13650.0,1.0504761904761906,2023
2022,20230101_38006_D01_S031,38006_D01_S031,Arona,1,31,25638.0,8396.0,11921.0,10850.0,1.0987096774193548,2023
2022,20230101_38006_D01_S032,38006_D01_S032,Arona,1,32,24361.0,10235.0,13698.0,12250.0,1.118204081632653,2023
2022,20230101_38006_D01_S033,38006_D01_S033,Arona,1,33,34249.0,15374.0,19311.0,15050.0,1.28312292358804,2023
2022,20230101_38006_D01_S034,38006_D01_S034,Arona,1,34,32437.0,11600.0,15917.0,13650.0,1.166080586080586,2023
2022,20230101_38007_D01_S001,38007_D01_S001,Barlovento,1,1,31402.0,11909.0,16965.0,14350.0,1.1822299651567945,2023
2022,20230101_38008_D01_S001,38008_D01_S001,Breña Alta,1,1,38532.0,14347.0,19426.0,16450.0,1.1809118541033434,2023
2022,20230101_38008_D01_S002,38008_D01_S002,Breña Alta,1,2,41063.0,15661.0,21761.0,17150.0,1.268862973760933,2023
2022,20230101_38008_D01_S003,38008_D01_S003,Breña Alta,1,3,45990.0,17150.0,23405.0,19950.0,1.1731829573934838,2023
2022,20230101_38008_D01_S004,38008_D01_S004,Breña Alta,1,4,36928.0,13501.0,18796.0,16450.0,1.142613981762918,2023
2022,20230101_38009_D01_S001,38009_D01_S001,Breña Baja,1,1,44551.0,16784.0,22888.0,19250.0,1.188987012987013,2023
2022,20230101_38009_D01_S002,38009_D01_S002,Breña Baja,1,2,42719.0,15597.0,21998.0,19250.0,1.1427532467532469,2023
2022,20230101_38009_D01_S003,38009_D01_S003,Breña Baja,1,3,50632.0,20484.0,27732.0,24150.0,1.1483229813664597,2023
2022,20230101_38009_D01_S004,38009_D01_S004,Breña Baja,1,4,47087.0,18170.0,24646.0,20650.0,1.1935108958837772,2023
2022,20230101_38010_D01_S001,38010_D01_S001,Buenavista del Norte,1,1,37054.0,14159.0,18742.0,15050.0,1.2453156146179403,2023
2022,20230101_38010_D01_S002,38010_D01_S002,Buenavista del Norte,1,2,26019.0,10216.0,14218.0,13650.0,1.0416117216117216,2023
2022,20230101_38010_D01_S003,38010_D01_S003,Buenavista del Norte,1,3,30956.0,11416.0,16036.0,15050.0,1.065514950166113,2023
2022,20230101_38010_D01_S004,38010_D01_S004,Buenavista del Norte,1,4,31552.0,11503.0,15819.0,14350.0,1.102369337979094,2023
2022,20230101_38011_D01_S001,38011_D01_S001,Candelaria,1,1,42142.0,14955.0,19611.0,18550.0,1.0571967654986523,2023
2022,20230101_38011_D01_S002,38011_D01_S002,Candelaria,1,2,45238.0,16012.0,20700.0,17850.0,1.1596638655462186,2023
2022,20230101_38011_D01_S003,38011_D01_S003,Candelaria,1,3,42277.0,16899.0,21090.0,19250.0,1.0955844155844157,2023
2022,20230101_38011_D01_S004,38011_D01_S004,Candelaria,1,4,34874.0,14207.0,17990.0,15750.0,1.1422222222222222,2023
2022,20230101_38011_D01_S005,38011_D01_S005,Candelaria,1,5,42380.0,17884.0,21673.0,19250.0,1.12587012987013,2023
2022,20230101_38011_D01_S006,38011_D01_S006,Candelaria,1,6,37045.0,17138.0,20508.0,19250.0,1.0653506493506493,2023
2022,20230101_38011_D01_S007,38011_D01_S007,Candelaria,1,7,38875.0,17979.0,21197.0,19950.0,1.0625062656641604,2023
2022,20230101_38011_D01_S008,38011_D01_S008,Candelaria,1,8,36613.0,15046.0,18940.0,17850.0,1.0610644257703081,2023
2022,20230101_38011_D01_S009,38011_D01_S009,Candelaria,1,9,44230.0,17861.0,21974.0,19950.0,1.101453634085213,2023
2022,20230101_38011_D01_S010,38011_D01_S010,Candelaria,1,10,34270.0,15557.0,19172.0,17150.0,1.1179008746355685,2023
2022,20230101_38011_D01_S011,38011_D01_S011,Candelaria,1,11,41832.0,16834.0,20941.0,19950.0,1.049674185463659,2023
2022,20230101_38011_D01_S012,38011_D01_S012,Candelaria,1,12,40655.0,19722.0,22931.0,20650.0,1.1104600484261502,2023
2022,20230101_38011_D02_S001,38011_D02_S001,Candelaria,2,1,46336.0,16050.0,21321.0,19250.0,1.1075844155844157,2023
2022,20230101_38011_D02_S002,38011_D02_S002,Candelaria,2,2,54981.0,18521.0,23865.0,20650.0,1.1556900726392252,2023
2022,20230101_38011_D02_S003,38011_D02_S003,Candelaria,2,3,40109.0,14372.0,18846.0,16450.0,1.1456534954407296,2023
2022,20230101_38011_D02_S004,38011_D02_S004,Candelaria,2,4,38801.0,14739.0,19175.0,17150.0,1.1180758017492711,2023
2022,20230101_38011_D02_S005,38011_D02_S005,Candelaria,2,5,72284.0,24065.0,29672.0,28350.0,1.04663139329806,2023
2022,20230101_38012_D01_S001,38012_D01_S001,Fasnia,1,1,36979.0,15384.0,19266.0,17150.0,1.1233819241982508,2023
2022,20230101_38012_D01_S002,38012_D01_S002,Fasnia,1,2,31465.0,13734.0,17396.0,15750.0,1.1045079365079364,2023
2022,20230101_38013_D01_S001,38013_D01_S001,Frontera,1,1,36578.0,12802.0,17405.0,15050.0,1.1564784053156145,2023
2022,20230101_38013_D01_S002,38013_D01_S002,Frontera,1,2,33594.0,11910.0,16257.0,14350.0,1.1328919860627178,2023
2022,20230101_38014_D01_S001,38014_D01_S001,Fuencaliente de La Palma,1,1,32050.0,13647.0,18450.0,15750.0,1.1714285714285715,2023
2022,20230101_38014_D01_S002,38014_D01_S002,Fuencaliente de La Palma,1,2,25898.0,12591.0,16603.0,14350.0,1.1570034843205574,2023
2022,20230101_38015_D01_S001,38015_D01_S001,Garachico,1,1,38756.0,13706.0,18096.0,15750.0,1.148952380952381,2023
2022,20230101_38015_D01_S002,38015_D01_S002,Garachico,1,2,46168.0,17775.0,21371.0,16450.0,1.2991489361702129,2023
2022,20230101_38015_D02_S001,38015_D02_S001,Garachico,2,1,34840.0,12150.0,16733.0,13650.0,1.2258608058608058,2023
2022,20230101_38015_D02_S002,38015_D02_S002,Garachico,2,2,27105.0,10149.0,14023.0,12950.0,1.082857142857143,2023
2022,20230101_38016_D01_S001,38016_D01_S001,Garafía,1,1,21188.0,9193.0,13771.0,12950.0,1.0633976833976835,2023
2022,20230101_38017_D01_S001,38017_D01_S001,Granadilla de Abona,1,1,40403.0,13039.0,18173.0,17150.0,1.0596501457725946,2023
2022,20230101_38017_D01_S002,38017_D01_S002,Granadilla de Abona,1,2,39011.0,12687.0,17570.0,17150.0,1.0244897959183674,2023
2022,20230101_38017_D01_S003,38017_D01_S003,Granadilla de Abona,1,3,32238.0,10614.0,14760.0,13650.0,1.0813186813186813,2023
2022,20230101_38017_D01_S004,38017_D01_S004,Granadilla de Abona,1,4,31957.0,11111.0,15353.0,14350.0,1.0698954703832753,2023
2022,20230101_38017_D01_S005,38017_D01_S005,Granadilla de Abona,1,5,33046.0,12254.0,16450.0,15400.0,1.0681818181818181,2023
2022,20230101_38017_D01_S006,38017_D01_S006,Granadilla de Abona,1,6,31958.0,12238.0,16113.0,14350.0,1.1228571428571428,2023
2022,20230101_38017_D01_S007,38017_D01_S007,Granadilla de Abona,1,7,33466.0,14836.0,17851.0,15050.0,1.1861129568106312,2023
2022,20230101_38017_D01_S008,38017_D01_S008,Granadilla de Abona,1,8,31276.0,10618.0,14449.0,13650.0,1.0585347985347986,2023
2022,20230101_38017_D01_S009,38017_D01_S009,Granadilla de Abona,1,9,37932.0,12744.0,17221.0,15750.0,1.0933968253968254,2023
2022,20230101_38017_D01_S010,38017_D01_S010,Granadilla de Abona,1,10,32646.0,13453.0,17025.0,14350.0,1.1864111498257839,2023
2022,20230101_38017_D01_S011,38017_D01_S011,Granadilla de Abona,1,11,33043.0,10042.0,14210.0,12950.0,1.0972972972972972,2023
2022,20230101_38017_D01_S012,38017_D01_S012,Granadilla de Abona,1,12,39017.0,12658.0,17665.0,16450.0,1.0738601823708207,2023
2022,20230101_38017_D01_S013,38017_D01_S013,Granadilla de Abona,1,13,31656.0,10341.0,14441.0,13650.0,1.057948717948718,2023
2022,20230101_38017_D01_S014,38017_D01_S014,Granadilla de Abona,1,14,35776.0,16310.0,19634.0,15750.0,1.2466031746031747,2023
2022,20230101_38017_D01_S015,38017_D01_S015,Granadilla de Abona,1,15,29833.0,9825.0,13595.0,12950.0,1.0498069498069498,2023
2022,20230101_38017_D01_S016,38017_D01_S016,Granadilla de Abona,1,16,41566.0,14035.0,18072.0,15750.0,1.1474285714285715,2023
2022,20230101_38017_D01_S017,38017_D01_S017,Granadilla de Abona,1,17,39385.0,11990.0,16612.0,15050.0,1.1037873754152825,2023
2022,20230101_38017_D01_S018,38017_D01_S018,Granadilla de Abona,1,18,46701.0,18041.0,22254.0,18550.0,1.199676549865229,2023
2022,20230101_38017_D01_S019,38017_D01_S019,Granadilla de Abona,1,19,31890.0,10857.0,14937.0,13650.0,1.0942857142857143,2023
2022,20230101_38017_D01_S020,38017_D01_S020,Granadilla de Abona,1,20,32763.0,10526.0,14427.0,12950.0,1.114054054054054,2023
2022,20230101_38017_D01_S021,38017_D01_S021,Granadilla de Abona,1,21,30015.0,12664.0,16264.0,13650.0,1.1915018315018315,2023
2022,20230101_38017_D01_S022,38017_D01_S022,Granadilla de Abona,1,22,38760.0,11633.0,16343.0,15750.0,1.0376507936507937,2023
2022,20230101_38017_D01_S023,38017_D01_S023,Granadilla de Abona,1,23,31767.0,10062.0,14005.0,12950.0,1.0814671814671815,2023
2022,20230101_38017_D01_S024,38017_D01_S024,Granadilla de Abona,1,24,30872.0,9783.0,13900.0,12950.0,1.0733590733590734,2023
2022,20230101_38017_D01_S025,38017_D01_S025,Granadilla de Abona,1,25,28919.0,9459.0,13166.0,12250.0,1.0747755102040817,2023
2022,20230101_38017_D01_S026,38017_D01_S026,Granadilla de Abona,1,26,35370.0,10847.0,15085.0,13650.0,1.1051282051282052,2023
2022,20230101_38017_D01_S027,38017_D01_S027,Granadilla de Abona,1,27,54220.0,19138.0,23998.0,19950.0,1.202907268170426,2023
2022,20230101_38018_D01_S001,38018_D01_S001,La Guancha,1,1,34883.0,12948.0,17456.0,17150.0,1.0178425655976677,2023
2022,20230101_38018_D01_S002,38018_D01_S002,La Guancha,1,2,32910.0,11761.0,16310.0,15050.0,1.083720930232558,2023
2022,20230101_38018_D01_S003,38018_D01_S003,La Guancha,1,3,33921.0,12092.0,16490.0,15050.0,1.0956810631229237,2023
2022,20230101_38019_D01_S001,38019_D01_S001,Guía de Isora,1,1,35104.0,12589.0,17018.0,15050.0,1.130764119601329,2023
2022,20230101_38019_D01_S002,38019_D01_S002,Guía de Isora,1,2,34859.0,11250.0,15919.0,14350.0,1.1093379790940767,2023
2022,20230101_38019_D01_S003,38019_D01_S003,Guía de Isora,1,3,33491.0,12318.0,16936.0,15750.0,1.0753015873015872,2023
2022,20230101_38019_D01_S004,38019_D01_S004,Guía de Isora,1,4,36730.0,12344.0,17302.0,16450.0,1.0517933130699089,2023
2022,20230101_38019_D01_S005,38019_D01_S005,Guía de Isora,1,5,32041.0,11211.0,15106.0,14350.0,1.0526829268292683,2023
2022,20230101_38019_D01_S007,38019_D01_S007,Guía de Isora,1,7,34793.0,11171.0,15628.0,15050.0,1.038405315614618,2023
2022,20230101_38019_D01_S008,38019_D01_S008,Guía de Isora,1,8,34156.0,13140.0,17369.0,15050.0,1.1540863787375415,2023
2022,20230101_38019_D01_S009,38019_D01_S009,Guía de Isora,1,9,30955.0,12052.0,15928.0,15050.0,1.0583388704318937,2023
2022,20230101_38019_D01_S010,38019_D01_S010,Guía de Isora,1,10,32357.0,12023.0,16321.0,15050.0,1.084451827242525,2023
2022,20230101_38019_D01_S011,38019_D01_S011,Guía de Isora,1,11,34176.0,11647.0,16053.0,15050.0,1.0666445182724253,2023
2022,20230101_38020_D01_S001,38020_D01_S001,Güímar,1,1,41521.0,14995.0,19628.0,17150.0,1.1444897959183673,2023
2022,20230101_38020_D01_S002,38020_D01_S002,Güímar,1,2,37082.0,12777.0,17672.0,15750.0,1.122031746031746,2023
2022,20230101_38020_D01_S003,38020_D01_S003,Güímar,1,3,40493.0,14781.0,19107.0,17150.0,1.1141107871720117,2023
2022,20230101_38020_D01_S004,38020_D01_S004,Güímar,1,4,43290.0,14158.0,19011.0,16450.0,1.1556838905775075,2023
2022,20230101_38020_D01_S005,38020_D01_S005,Güímar,1,5,35169.0,12223.0,16484.0,14350.0,1.1487108013937282,2023
2022,20230101_38020_D01_S006,38020_D01_S006,Güímar,1,6,34634.0,11928.0,16352.0,15050.0,1.0865116279069766,2023
2022,20230101_38020_D01_S007,38020_D01_S007,Güímar,1,7,35207.0,15102.0,18612.0,16450.0,1.1314285714285715,2023
2022,20230101_38020_D01_S008,38020_D01_S008,Güímar,1,8,34533.0,11570.0,16042.0,15050.0,1.0659136212624585,2023
2022,20230101_38020_D01_S009,38020_D01_S009,Güímar,1,9,26053.0,9370.0,13133.0,12250.0,1.0720816326530613,2023
2022,20230101_38020_D01_S010,38020_D01_S010,Güímar,1,10,50951.0,16045.0,21184.0,19250.0,1.1004675324675324,2023
2022,20230101_38020_D01_S011,38020_D01_S011,Güímar,1,11,35861.0,14206.0,18472.0,17150.0,1.0770845481049562,2023
2022,20230101_38020_D01_S012,38020_D01_S012,Güímar,1,12,40147.0,18212.0,21545.0,20650.0,1.0433414043583535,2023
2022,20230101_38020_D02_S001,38020_D02_S001,Güímar,2,1,40396.0,13558.0,18252.0,16450.0,1.1095440729483284,2023
2022,20230101_38020_D02_S002,38020_D02_S002,Güímar,2,2,35369.0,13083.0,17273.0,15050.0,1.1477076411960132,2023
2022,20230101_38020_D03_S001,38020_D03_S001,Güímar,3,1,31861.0,12665.0,16574.0,15050.0,1.1012624584717607,2023
2022,20230101_38020_D03_S002,38020_D03_S002,Güímar,3,2,30321.0,12574.0,16154.0,15050.0,1.0733554817275748,2023
2022,20230101_38021_D01_S001,38021_D01_S001,Hermigua,1,1,33814.0,13698.0,18557.0,16450.0,1.1280851063829787,2023
2022,20230101_38021_D02_S001,38021_D02_S001,Hermigua,2,1,34197.0,14187.0,18283.0,16450.0,1.1114285714285714,2023
2022,20230101_38022_D01_S001,38022_D01_S001,Icod de los Vinos,1,1,39179.0,14109.0,18638.0,15050.0,1.238405315614618,2023
2022,20230101_38022_D01_S002,38022_D01_S002,Icod de los Vinos,1,2,34651.0,13371.0,17014.0,15050.0,1.130498338870432,2023
2022,20230101_38022_D01_S003,38022_D01_S003,Icod de los Vinos,1,3,35556.0,15005.0,18622.0,15750.0,1.1823492063492063,2023
2022,20230101_38022_D01_S004,38022_D01_S004,Icod de los Vinos,1,4,32618.0,13218.0,16952.0,13650.0,1.2419047619047618,2023
2022,20230101_38022_D01_S005,38022_D01_S005,Icod de los Vinos,1,5,33131.0,11953.0,16031.0,12950.0,1.237915057915058,2023
2022,20230101_38022_D01_S006,38022_D01_S006,Icod de los Vinos,1,6,35514.0,13484.0,17500.0,15750.0,1.1111111111111112,2023
2022,20230101_38022_D02_S001,38022_D02_S001,Icod de los Vinos,2,1,26156.0,9441.0,13378.0,12250.0,1.0920816326530611,2023
2022,20230101_38022_D02_S002,38022_D02_S002,Icod de los Vinos,2,2,28613.0,10030.0,14360.0,13650.0,1.052014652014652,2023
2022,20230101_38022_D03_S001,38022_D03_S001,Icod de los Vinos,3,1,30094.0,10765.0,14893.0,13650.0,1.091062271062271,2023
2022,20230101_38022_D03_S002,38022_D03_S002,Icod de los Vinos,3,2,31217.0,10880.0,15140.0,13650.0,1.1091575091575092,2023
2022,20230101_38022_D03_S003,38022_D03_S003,Icod de los Vinos,3,3,26334.0,9743.0,13760.0,12950.0,1.0625482625482625,2023
2022,20230101_38022_D03_S004,38022_D03_S004,Icod de los Vinos,3,4,29308.0,10653.0,14522.0,13650.0,1.0638827838827838,2023
2022,20230101_38022_D04_S001,38022_D04_S001,Icod de los Vinos,4,1,33799.0,11045.0,15552.0,13650.0,1.1393406593406594,2023
2022,20230101_38022_D04_S002,38022_D04_S002,Icod de los Vinos,4,2,31994.0,11689.0,15909.0,15050.0,1.0570764119601328,2023
2022,20230101_38022_D04_S003,38022_D04_S003,Icod de los Vinos,4,3,29032.0,10313.0,14155.0,12950.0,1.093050193050193,2023
2022,20230101_38022_D04_S004,38022_D04_S004,Icod de los Vinos,4,4,32808.0,11366.0,15792.0,15050.0,1.0493023255813954,2023
2022,20230101_38022_D05_S001,38022_D05_S001,Icod de los Vinos,5,1,23537.0,11027.0,14247.0,12250.0,1.1630204081632654,2023
2022,20230101_38022_D05_S002,38022_D05_S002,Icod de los Vinos,5,2,31775.0,10960.0,15045.0,13650.0,1.1021978021978023,2023
2022,20230101_38023_D01_S001,38023_D01_S001,San Cristóbal de La Laguna,1,1,61184.0,23253.0,27892.0,25550.0,1.0916634050880627,2023
2022,20230101_38023_D01_S002,38023_D01_S002,San Cristóbal de La Laguna,1,2,33392.0,15926.0,19071.0,16450.0,1.1593313069908815,2023
2022,20230101_38023_D01_S003,38023_D01_S003,San Cristóbal de La Laguna,1,3,43755.0,17454.0,21696.0,19950.0,1.087518796992481,2023
2022,20230101_38023_D01_S004,38023_D01_S004,San Cristóbal de La Laguna,1,4,30780.0,10971.0,14969.0,12950.0,1.155907335907336,2023
2022,20230101_38023_D01_S005,38023_D01_S005,San Cristóbal de La Laguna,1,5,54724.0,20250.0,25103.0,20650.0,1.2156416464891042,2023
2022,20230101_38023_D01_S006,38023_D01_S006,San Cristóbal de La Laguna,1,6,47197.0,17510.0,22023.0,20650.0,1.0664891041162228,2023
2022,20230101_38023_D01_S007,38023_D01_S007,San Cristóbal de La Laguna,1,7,41738.0,17007.0,20860.0,18550.0,1.1245283018867924,2023
2022,20230101_38023_D01_S008,38023_D01_S008,San Cristóbal de La Laguna,1,8,40359.0,16144.0,19714.0,17150.0,1.1495043731778425,2023
2022,20230101_38023_D01_S009,38023_D01_S009,San Cristóbal de La Laguna,1,9,50392.0,16866.0,21802.0,19950.0,1.0928320802005012,2023
2022,20230101_38023_D01_S010,38023_D01_S010,San Cristóbal de La Laguna,1,10,54651.0,18350.0,23324.0,22050.0,1.0577777777777777,2023
2022,20230101_38023_D01_S011,38023_D01_S011,San Cristóbal de La Laguna,1,11,39342.0,15070.0,18822.0,16450.0,1.1441945288753799,2023
2022,20230101_38023_D01_S012,38023_D01_S012,San Cristóbal de La Laguna,1,12,28842.0,14089.0,17261.0,15050.0,1.1469102990033222,2023
2022,20230101_38023_D01_S013,38023_D01_S013,San Cristóbal de La Laguna,1,13,58644.0,22685.0,26812.0,23450.0,1.143368869936034,2023
2022,20230101_38023_D01_S014,38023_D01_S014,San Cristóbal de La Laguna,1,14,67974.0,21815.0,27523.0,22050.0,1.2482086167800452,2023
2022,20230101_38023_D01_S015,38023_D01_S015,San Cristóbal de La Laguna,1,15,92168.0,29923.0,35989.0,32550.0,1.105652841781874,2023
2022,20230101_38023_D01_S016,38023_D01_S016,San Cristóbal de La Laguna,1,16,58915.0,23683.0,27768.0,24850.0,1.117424547283702,2023
2022,20230101_38023_D01_S017,38023_D01_S017,San Cristóbal de La Laguna,1,17,49170.0,21603.0,25163.0,24150.0,1.0419461697722567,2023
2022,20230101_38023_D01_S018,38023_D01_S018,San Cristóbal de La Laguna,1,18,34065.0,12768.0,16988.0,15050.0,1.1287707641196014,2023
2022,20230101_38023_D01_S019,38023_D01_S019,San Cristóbal de La Laguna,1,19,50179.0,22224.0,26004.0,23800.0,1.0926050420168067,2023
2022,20230101_38023_D01_S020,38023_D01_S020,San Cristóbal de La Laguna,1,20,44894.0,20624.0,24010.0,21350.0,1.1245901639344262,2023
2022,20230101_38023_D01_S021,38023_D01_S021,San Cristóbal de La Laguna,1,21,45360.0,19398.0,23105.0,21350.0,1.0822014051522248,2023
2022,20230101_38023_D01_S022,38023_D01_S022,San Cristóbal de La Laguna,1,22,37681.0,15131.0,19111.0,17150.0,1.1143440233236153,2023
2022,20230101_38023_D01_S023,38023_D01_S023,San Cristóbal de La Laguna,1,23,39675.0,19466.0,22359.0,20650.0,1.0827602905569007,2023
2022,20230101_38023_D01_S024,38023_D01_S024,San Cristóbal de La Laguna,1,24,29560.0,11017.0,14950.0,14350.0,1.0418118466898956,2023
2022,20230101_38023_D01_S025,38023_D01_S025,San Cristóbal de La Laguna,1,25,43031.0,14715.0,19263.0,17150.0,1.1232069970845482,2023
2022,20230101_38023_D01_S026,38023_D01_S026,San Cristóbal de La Laguna,1,26,55084.0,23594.0,27299.0,24150.0,1.1303933747412007,2023
2022,20230101_38023_D01_S027,38023_D01_S027,San Cristóbal de La Laguna,1,27,37913.0,14973.0,18733.0,16450.0,1.1387841945288755,2023
2022,20230101_38023_D01_S028,38023_D01_S028,San Cristóbal de La Laguna,1,28,51551.0,20715.0,24549.0,23450.0,1.046865671641791,2023
2022,20230101_38023_D01_S029,38023_D01_S029,San Cristóbal de La Laguna,1,29,55566.0,22624.0,27003.0,24850.0,1.0866398390342051,2023
2022,20230101_38023_D01_S030,38023_D01_S030,San Cristóbal de La Laguna,1,30,91610.0,28196.0,34176.0,29750.0,1.1487731092436975,2023
2022,20230101_38023_D01_S031,38023_D01_S031,San Cristóbal de La Laguna,1,31,77192.0,26226.0,32098.0,29750.0,1.0789243697478992,2023
2022,20230101_38023_D01_S032,38023_D01_S032,San Cristóbal de La Laguna,1,32,30461.0,11886.0,15482.0,13650.0,1.1342124542124543,2023
2022,20230101_38023_D01_S033,38023_D01_S033,San Cristóbal de La Laguna,1,33,52222.0,19397.0,24149.0,20650.0,1.1694430992736078,2023
2022,20230101_38023_D02_S001,38023_D02_S001,San Cristóbal de La Laguna,2,1,29798.0,11332.0,14661.0,12250.0,1.1968163265306122,2023
2022,20230101_38023_D02_S002,38023_D02_S002,San Cristóbal de La Laguna,2,2,28006.0,10991.0,14321.0,12950.0,1.1058687258687259,2023
2022,20230101_38023_D02_S003,38023_D02_S003,San Cristóbal de La Laguna,2,3,39365.0,15788.0,19668.0,18550.0,1.0602695417789758,2023
2022,20230101_38023_D02_S004,38023_D02_S004,San Cristóbal de La Laguna,2,4,32894.0,12530.0,16010.0,14350.0,1.1156794425087109,2023
2022,20230101_38023_D02_S005,38023_D02_S005,San Cristóbal de La Laguna,2,5,35646.0,14183.0,17911.0,15750.0,1.137206349206349,2023
2022,20230101_38023_D02_S006,38023_D02_S006,San Cristóbal de La Laguna,2,6,41083.0,15574.0,19982.0,17150.0,1.165131195335277,2023
2022,20230101_38023_D02_S007,38023_D02_S007,San Cristóbal de La Laguna,2,7,31835.0,12383.0,16040.0,15050.0,1.06578073089701,2023
2022,20230101_38023_D02_S008,38023_D02_S008,San Cristóbal de La Laguna,2,8,28300.0,10560.0,14117.0,12250.0,1.152408163265306,2023
2022,20230101_38023_D02_S009,38023_D02_S009,San Cristóbal de La Laguna,2,9,30521.0,11787.0,15630.0,14350.0,1.0891986062717771,2023
2022,20230101_38023_D02_S010,38023_D02_S010,San Cristóbal de La Laguna,2,10,28712.0,10752.0,14365.0,12950.0,1.1092664092664093,2023
2022,20230101_38023_D02_S011,38023_D02_S011,San Cristóbal de La Laguna,2,11,51815.0,18602.0,23624.0,20650.0,1.1440193704600485,2023
2022,20230101_38023_D02_S012,38023_D02_S012,San Cristóbal de La Laguna,2,12,39711.0,16088.0,19939.0,18550.0,1.074878706199461,2023
2022,20230101_38023_D02_S013,38023_D02_S013,San Cristóbal de La Laguna,2,13,34082.0,12162.0,16331.0,15750.0,1.036888888888889,2023
2022,20230101_38023_D02_S014,38023_D02_S014,San Cristóbal de La Laguna,2,14,40890.0,14940.0,19589.0,17850.0,1.0974229691876751,2023
2022,20230101_38023_D02_S015,38023_D02_S015,San Cristóbal de La Laguna,2,15,30958.0,11634.0,15154.0,14350.0,1.05602787456446,2023
2022,20230101_38023_D02_S016,38023_D02_S016,San Cristóbal de La Laguna,2,16,28349.0,10072.0,13442.0,12250.0,1.0973061224489795,2023
2022,20230101_38023_D02_S017,38023_D02_S017,San Cristóbal de La Laguna,2,17,32618.0,12612.0,16311.0,15050.0,1.0837873754152825,2023
2022,20230101_38023_D02_S018,38023_D02_S018,San Cristóbal de La Laguna,2,18,30523.0,11353.0,15006.0,12950.0,1.1587644787644789,2023
2022,20230101_38023_D02_S019,38023_D02_S019,San Cristóbal de La Laguna,2,19,33137.0,13778.0,17139.0,15050.0,1.1388039867109634,2023
2022,20230101_38023_D02_S020,38023_D02_S020,San Cristóbal de La Laguna,2,20,32023.0,11813.0,15594.0,14350.0,1.0866898954703832,2023
2022,20230101_38023_D02_S021,38023_D02_S021,San Cristóbal de La Laguna,2,21,55358.0,20015.0,24418.0,23450.0,1.0412793176972281,2023
2022,20230101_38023_D02_S022,38023_D02_S022,San Cristóbal de La Laguna,2,22,33690.0,13742.0,17382.0,15050.0,1.1549501661129569,2023
2022,20230101_38023_D02_S023,38023_D02_S023,San Cristóbal de La Laguna,2,23,40111.0,15628.0,19692.0,17150.0,1.1482215743440234,2023
2022,20230101_38023_D02_S024,38023_D02_S024,San Cristóbal de La Laguna,2,24,34294.0,12597.0,16540.0,15050.0,1.0990033222591362,2023
2022,20230101_38023_D03_S001,38023_D03_S001,San Cristóbal de La Laguna,3,1,28921.0,10928.0,14451.0,12950.0,1.115907335907336,2023
2022,20230101_38023_D03_S002,38023_D03_S002,San Cristóbal de La Laguna,3,2,46641.0,17192.0,21480.0,19950.0,1.0766917293233083,2023
2022,20230101_38023_D03_S003,38023_D03_S003,San Cristóbal de La Laguna,3,3,47454.0,17753.0,22397.0,21350.0,1.04903981264637,2023
2022,20230101_38023_D03_S004,38023_D03_S004,San Cristóbal de La Laguna,3,4,29380.0,10543.0,14499.0,13650.0,1.0621978021978022,2023
2022,20230101_38023_D03_S005,38023_D03_S005,San Cristóbal de La Laguna,3,5,27946.0,10998.0,14323.0,12950.0,1.106023166023166,2023
2022,20230101_38023_D03_S006,38023_D03_S006,San Cristóbal de La Laguna,3,6,61899.0,22274.0,27578.0,24850.0,1.1097786720321932,2023
2022,20230101_38023_D03_S007,38023_D03_S007,San Cristóbal de La Laguna,3,7,28308.0,12839.0,16165.0,14350.0,1.1264808362369338,2023
2022,20230101_38023_D03_S008,38023_D03_S008,San Cristóbal de La Laguna,3,8,29904.0,11524.0,15086.0,14350.0,1.0512891986062718,2023
2022,20230101_38023_D03_S009,38023_D03_S009,San Cristóbal de La Laguna,3,9,28699.0,10873.0,14744.0,13650.0,1.0801465201465201,2023
2022,20230101_38023_D03_S010,38023_D03_S010,San Cristóbal de La Laguna,3,10,25722.0,10582.0,13976.0,12950.0,1.0792277992277992,2023
2022,20230101_38023_D03_S011,38023_D03_S011,San Cristóbal de La Laguna,3,11,25267.0,10722.0,14285.0,12950.0,1.103088803088803,2023
2022,20230101_38023_D03_S012,38023_D03_S012,San Cristóbal de La Laguna,3,12,27895.0,10503.0,14048.0,12950.0,1.0847876447876448,2023
2022,20230101_38023_D03_S013,38023_D03_S013,San Cristóbal de La Laguna,3,13,26748.0,9799.0,13278.0,11550.0,1.1496103896103895,2023
2022,20230101_38023_D03_S014,38023_D03_S014,San Cristóbal de La Laguna,3,14,27974.0,9835.0,13792.0,12250.0,1.1258775510204082,2023
2022,20230101_38023_D03_S015,38023_D03_S015,San Cristóbal de La Laguna,3,15,25725.0,9738.0,13126.0,12250.0,1.0715102040816327,2023
2022,20230101_38023_D03_S016,38023_D03_S016,San Cristóbal de La Laguna,3,16,29235.0,10687.0,14603.0,13650.0,1.0698168498168499,2023
2022,20230101_38023_D03_S017,38023_D03_S017,San Cristóbal de La Laguna,3,17,25324.0,10009.0,13404.0,11550.0,1.1605194805194805,2023
2022,20230101_38023_D03_S018,38023_D03_S018,San Cristóbal de La Laguna,3,18,29599.0,10429.0,14265.0,13650.0,1.0450549450549451,2023
2022,20230101_38023_D03_S019,38023_D03_S019,San Cristóbal de La Laguna,3,19,38127.0,14664.0,18759.0,17850.0,1.0509243697478992,2023
2022,20230101_38023_D03_S020,38023_D03_S020,San Cristóbal de La Laguna,3,20,35484.0,12876.0,17011.0,14350.0,1.1854355400696863,2023
2022,20230101_38023_D03_S021,38023_D03_S021,San Cristóbal de La Laguna,3,21,38388.0,13161.0,17608.0,15750.0,1.117968253968254,2023
2022,20230101_38023_D03_S022,38023_D03_S022,San Cristóbal de La Laguna,3,22,86714.0,28612.0,34533.0,31150.0,1.1086035313001605,2023
2022,20230101_38023_D03_S023,38023_D03_S023,San Cristóbal de La Laguna,3,23,27002.0,10358.0,13827.0,12950.0,1.0677220077220078,2023
2022,20230101_38023_D03_S024,38023_D03_S024,San Cristóbal de La Laguna,3,24,30974.0,11151.0,15200.0,14350.0,1.0592334494773519,2023
2022,20230101_38023_D03_S025,38023_D03_S025,San Cristóbal de La Laguna,3,25,49185.0,17228.0,21729.0,20650.0,1.0522518159806296,2023
2022,20230101_38023_D03_S026,38023_D03_S026,San Cristóbal de La Laguna,3,26,61887.0,20317.0,25819.0,22750.0,1.1349010989010988,2023
2022,20230101_38023_D03_S027,38023_D03_S027,San Cristóbal de La Laguna,3,27,38973.0,14939.0,18975.0,17150.0,1.1064139941690962,2023
2022,20230101_38023_D03_S028,38023_D03_S028,San Cristóbal de La Laguna,3,28,33787.0,13004.0,16828.0,15050.0,1.1181395348837209,2023
2022,20230101_38023_D03_S029,38023_D03_S029,San Cristóbal de La Laguna,3,29,31922.0,11877.0,15627.0,14350.0,1.0889895470383275,2023
2022,20230101_38023_D04_S001,38023_D04_S001,San Cristóbal de La Laguna,4,1,40992.0,13963.0,18642.0,17850.0,1.0443697478991596,2023
2022,20230101_38023_D04_S002,38023_D04_S002,San Cristóbal de La Laguna,4,2,40117.0,15186.0,19425.0,17150.0,1.1326530612244898,2023
2022,20230101_38023_D04_S003,38023_D04_S003,San Cristóbal de La Laguna,4,3,47255.0,15970.0,20737.0,18550.0,1.1178975741239892,2023
2022,20230101_38023_D04_S004,38023_D04_S004,San Cristóbal de La Laguna,4,4,46648.0,17072.0,21886.0,20650.0,1.0598547215496368,2023
2022,20230101_38023_D04_S005,38023_D04_S005,San Cristóbal de La Laguna,4,5,63358.0,19515.0,24701.0,20650.0,1.1961743341404358,2023
2022,20230101_38023_D04_S006,38023_D04_S006,San Cristóbal de La Laguna,4,6,40432.0,14175.0,18739.0,17150.0,1.0926530612244898,2023
2022,20230101_38023_D04_S007,38023_D04_S007,San Cristóbal de La Laguna,4,7,51556.0,17380.0,22239.0,18550.0,1.1988679245283018,2023
2022,20230101_38023_D04_S008,38023_D04_S008,San Cristóbal de La Laguna,4,8,44547.0,15139.0,19818.0,17850.0,1.110252100840336,2023
2022,20230101_38023_D05_S001,38023_D05_S001,San Cristóbal de La Laguna,5,1,36122.0,12319.0,16473.0,15050.0,1.0945514950166113,2023
2022,20230101_38023_D05_S002,38023_D05_S002,San Cristóbal de La Laguna,5,2,34084.0,12073.0,16413.0,15050.0,1.090564784053156,2023
2022,20230101_38023_D05_S003,38023_D05_S003,San Cristóbal de La Laguna,5,3,39331.0,13343.0,17745.0,16450.0,1.078723404255319,2023
2022,20230101_38023_D05_S004,38023_D05_S004,San Cristóbal de La Laguna,5,4,38177.0,12606.0,17290.0,15050.0,1.1488372093023256,2023
2022,20230101_38023_D05_S005,38023_D05_S005,San Cristóbal de La Laguna,5,5,37422.0,14122.0,18274.0,17150.0,1.065539358600583,2023
2022,20230101_38023_D05_S006,38023_D05_S006,San Cristóbal de La Laguna,5,6,42382.0,15134.0,19340.0,16450.0,1.1756838905775076,2023
2022,20230101_38023_D05_S007,38023_D05_S007,San Cristóbal de La Laguna,5,7,34950.0,15599.0,18669.0,16450.0,1.1348936170212767,2023
2022,20230101_38023_D05_S008,38023_D05_S008,San Cristóbal de La Laguna,5,8,31170.0,11477.0,15397.0,13650.0,1.1279853479853479,2023
2022,20230101_38023_D05_S009,38023_D05_S009,San Cristóbal de La Laguna,5,9,33623.0,16561.0,19571.0,17850.0,1.0964145658263305,2023
2022,20230101_38023_D05_S010,38023_D05_S010,San Cristóbal de La Laguna,5,10,37713.0,13484.0,17754.0,16450.0,1.0792705167173253,2023
2022,20230101_38023_D05_S011,38023_D05_S011,San Cristóbal de La Laguna,5,11,37688.0,13145.0,17670.0,15750.0,1.121904761904762,2023
2022,20230101_38023_D05_S012,38023_D05_S012,San Cristóbal de La Laguna,5,12,35230.0,11902.0,16314.0,15050.0,1.0839867109634551,2023
2022,20230101_38023_D05_S013,38023_D05_S013,San Cristóbal de La Laguna,5,13,31122.0,12841.0,16205.0,15050.0,1.0767441860465117,2023
2022,20230101_38023_D05_S014,38023_D05_S014,San Cristóbal de La Laguna,5,14,33862.0,12962.0,16821.0,15750.0,1.068,2023
2022,20230101_38023_D05_S015,38023_D05_S015,San Cristóbal de La Laguna,5,15,38414.0,17057.0,20500.0,17850.0,1.1484593837535013,2023
2022,20230101_38023_D06_S001,38023_D06_S001,San Cristóbal de La Laguna,6,1,46873.0,14768.0,19598.0,17850.0,1.0979271708683473,2023
2022,20230101_38023_D06_S002,38023_D06_S002,San Cristóbal de La Laguna,6,2,71325.0,22199.0,28108.0,26250.0,1.0707809523809524,2023
2022,20230101_38023_D06_S003,38023_D06_S003,San Cristóbal de La Laguna,6,3,39867.0,14543.0,19095.0,16450.0,1.160790273556231,2023
2022,20230101_38023_D06_S004,38023_D06_S004,San Cristóbal de La Laguna,6,4,38601.0,14110.0,18562.0,15750.0,1.1785396825396826,2023
2022,20230101_38024_D01_S001,38024_D01_S001,Los Llanos de Aridane,1,1,42150.0,14977.0,20706.0,16450.0,1.2587234042553193,2023
2022,20230101_38024_D01_S002,38024_D01_S002,Los Llanos de Aridane,1,2,35275.0,12948.0,17924.0,14350.0,1.2490592334494774,2023
2022,20230101_38024_D01_S003,38024_D01_S003,Los Llanos de Aridane,1,3,33570.0,12055.0,17189.0,15050.0,1.1421262458471761,2023
2022,20230101_38024_D01_S004,38024_D01_S004,Los Llanos de Aridane,1,4,36706.0,13618.0,18898.0,14700.0,1.285578231292517,2023
2022,20230101_38024_D01_S005,38024_D01_S005,Los Llanos de Aridane,1,5,42143.0,14945.0,20868.0,17150.0,1.216793002915452,2023
2022,20230101_38024_D01_S006,38024_D01_S006,Los Llanos de Aridane,1,6,37516.0,13473.0,19089.0,15050.0,1.2683720930232558,2023
2022,20230101_38024_D01_S007,38024_D01_S007,Los Llanos de Aridane,1,7,30268.0,11513.0,16033.0,14350.0,1.1172822299651568,2023
2022,20230101_38024_D01_S008,38024_D01_S008,Los Llanos de Aridane,1,8,37756.0,13663.0,19296.0,15750.0,1.225142857142857,2023
2022,20230101_38024_D02_S001,38024_D02_S001,Los Llanos de Aridane,2,1,35817.0,13452.0,18833.0,15750.0,1.1957460317460318,2023
2022,20230101_38024_D02_S002,38024_D02_S002,Los Llanos de Aridane,2,2,34340.0,12248.0,17172.0,15050.0,1.1409966777408638,2023
2022,20230101_38024_D03_S001,38024_D03_S001,Los Llanos de Aridane,3,1,35731.0,12601.0,18287.0,15750.0,1.1610793650793652,2023
2022,20230101_38024_D03_S002,38024_D03_S002,Los Llanos de Aridane,3,2,31379.0,13373.0,18869.0,16450.0,1.1470516717325228,2023
2022,20230101_38024_D03_S003,38024_D03_S003,Los Llanos de Aridane,3,3,38247.0,14497.0,20521.0,17150.0,1.1965597667638483,2023
2022,20230101_38025_D01_S001,38025_D01_S001,La Matanza de Acentejo,1,1,37871.0,11990.0,16675.0,15050.0,1.1079734219269104,2023
2022,20230101_38025_D01_S002,38025_D01_S002,La Matanza de Acentejo,1,2,38180.0,12644.0,17233.0,15750.0,1.09415873015873,2023
2022,20230101_38025_D01_S003,38025_D01_S003,La Matanza de Acentejo,1,3,37073.0,13798.0,18340.0,16450.0,1.1148936170212767,2023
2022,20230101_38025_D01_S004,38025_D01_S004,La Matanza de Acentejo,1,4,39393.0,14948.0,18802.0,15750.0,1.1937777777777778,2023
2022,20230101_38025_D01_S005,38025_D01_S005,La Matanza de Acentejo,1,5,32955.0,12731.0,16744.0,15050.0,1.1125581395348838,2023
2022,20230101_38026_D01_S001,38026_D01_S001,La Orotava,1,1,48420.0,18327.0,22928.0,17850.0,1.2844817927170868,2023
2022,20230101_38026_D01_S002,38026_D01_S002,La Orotava,1,2,50568.0,17180.0,21744.0,19250.0,1.1295584415584417,2023
2022,20230101_38026_D01_S004,38026_D01_S004,La Orotava,1,4,39193.0,14312.0,18704.0,17150.0,1.0906122448979592,2023
2022,20230101_38026_D02_S001,38026_D02_S001,La Orotava,2,1,34206.0,13294.0,16972.0,15050.0,1.1277076411960132,2023
2022,20230101_38026_D02_S002,38026_D02_S002,La Orotava,2,2,32531.0,11517.0,15806.0,15050.0,1.0502325581395349,2023
2022,20230101_38026_D02_S003,38026_D02_S003,La Orotava,2,3,36928.0,12587.0,16972.0,15750.0,1.0775873015873016,2023
2022,20230101_38026_D02_S004,38026_D02_S004,La Orotava,2,4,33531.0,12781.0,17043.0,15750.0,1.082095238095238,2023
2022,20230101_38026_D03_S001,38026_D03_S001,La Orotava,3,1,32018.0,11128.0,15387.0,15050.0,1.022392026578073,2023
2022,20230101_38026_D03_S002,38026_D03_S002,La Orotava,3,2,36162.0,12960.0,17245.0,15050.0,1.1458471760797342,2023
2022,20230101_38026_D03_S003,38026_D03_S003,La Orotava,3,3,52386.0,19127.0,23809.0,19950.0,1.1934335839598997,2023
2022,20230101_38026_D03_S004,38026_D03_S004,La Orotava,3,4,36820.0,13178.0,17545.0,16450.0,1.066565349544073,2023
2022,20230101_38026_D03_S005,38026_D03_S005,La Orotava,3,5,31930.0,11378.0,15582.0,15050.0,1.0353488372093023,2023
2022,20230101_38026_D03_S006,38026_D03_S006,La Orotava,3,6,40235.0,14443.0,19039.0,16450.0,1.157386018237082,2023
2022,20230101_38026_D03_S007,38026_D03_S007,La Orotava,3,7,35001.0,12606.0,17045.0,15750.0,1.0822222222222222,2023
2022,20230101_38026_D04_S001,38026_D04_S001,La Orotava,4,1,47466.0,17288.0,21901.0,17850.0,1.2269467787114845,2023
2022,20230101_38026_D04_S002,38026_D04_S002,La Orotava,4,2,41388.0,13754.0,18598.0,17150.0,1.0844314868804665,2023
2022,20230101_38026_D04_S003,38026_D04_S003,La Orotava,4,3,49648.0,17593.0,22267.0,17850.0,1.247450980392157,2023
2022,20230101_38026_D04_S004,38026_D04_S004,La Orotava,4,4,31975.0,10794.0,14895.0,12950.0,1.1501930501930502,2023
2022,20230101_38026_D04_S005,38026_D04_S005,La Orotava,4,5,46498.0,16670.0,20881.0,17850.0,1.1698039215686276,2023
2022,20230101_38026_D05_S001,38026_D05_S001,La Orotava,5,1,32651.0,11473.0,15794.0,14350.0,1.1006271777003485,2023
2022,20230101_38026_D05_S002,38026_D05_S002,La Orotava,5,2,34019.0,11587.0,15789.0,14350.0,1.1002787456445993,2023
2022,20230101_38026_D05_S003,38026_D05_S003,La Orotava,5,3,32977.0,11532.0,15808.0,14350.0,1.101602787456446,2023
2022,20230101_38026_D05_S004,38026_D05_S004,La Orotava,5,4,25537.0,9405.0,12972.0,11550.0,1.1231168831168832,2023
2022,20230101_38026_D05_S005,38026_D05_S005,La Orotava,5,5,32646.0,11764.0,16206.0,15050.0,1.0768106312292358,2023
2022,20230101_38026_D06_S001,38026_D06_S001,La Orotava,6,1,28609.0,9789.0,13741.0,12950.0,1.0610810810810811,2023
2022,20230101_38026_D06_S002,38026_D06_S002,La Orotava,6,2,30009.0,10208.0,14155.0,13650.0,1.036996336996337,2023
2022,20230101_38026_D06_S003,38026_D06_S003,La Orotava,6,3,28837.0,10463.0,14236.0,12950.0,1.0993050193050193,2023
2022,20230101_38026_D06_S004,38026_D06_S004,La Orotava,6,4,32740.0,9702.0,14234.0,12950.0,1.0991505791505791,2023
2022,20230101_38027_D01_S001,38027_D01_S001,El Paso,1,1,37946.0,13042.0,18826.0,16450.0,1.144437689969605,2023
2022,20230101_38027_D02_S001,38027_D02_S001,El Paso,2,1,38535.0,13757.0,19650.0,16450.0,1.1945288753799392,2023
2022,20230101_38027_D03_S001,38027_D03_S001,El Paso,3,1,43064.0,14948.0,21211.0,16450.0,1.2894224924012159,2023
2022,20230101_38027_D03_S002,38027_D03_S002,El Paso,3,2,37739.0,14538.0,20350.0,16450.0,1.237082066869301,2023
2022,20230101_38027_D04_S001,38027_D04_S001,El Paso,4,1,36563.0,13296.0,19384.0,16450.0,1.1783586626139817,2023
2022,20230101_38028_D01_S001,38028_D01_S001,Puerto de La Cruz,1,1,27808.0,14128.0,17201.0,13650.0,1.26014652014652,2023
2022,20230101_38028_D01_S002,38028_D01_S002,Puerto de La Cruz,1,2,26103.0,13368.0,16087.0,12950.0,1.2422393822393822,2023
2022,20230101_38028_D01_S003,38028_D01_S003,Puerto de La Cruz,1,3,47365.0,23698.0,27049.0,19250.0,1.4051428571428572,2023
2022,20230101_38028_D01_S004,38028_D01_S004,Puerto de La Cruz,1,4,46746.0,20284.0,24302.0,20650.0,1.1768523002421307,2023
2022,20230101_38028_D02_S001,38028_D02_S001,Puerto de La Cruz,2,1,34410.0,17390.0,20180.0,15750.0,1.2812698412698413,2023
2022,20230101_38028_D02_S002,38028_D02_S002,Puerto de La Cruz,2,2,30242.0,15300.0,18583.0,15050.0,1.234750830564784,2023
2022,20230101_38028_D02_S003,38028_D02_S003,Puerto de La Cruz,2,3,37355.0,16863.0,20201.0,17150.0,1.1779008746355686,2023
2022,20230101_38028_D02_S004,38028_D02_S004,Puerto de La Cruz,2,4,39817.0,16233.0,20028.0,17150.0,1.1678134110787173,2023
2022,20230101_38028_D02_S005,38028_D02_S005,Puerto de La Cruz,2,5,39705.0,13749.0,18139.0,15050.0,1.2052491694352159,2023
2022,20230101_38028_D03_S001,38028_D03_S001,Puerto de La Cruz,3,1,33407.0,14622.0,18049.0,15750.0,1.1459682539682539,2023
2022,20230101_38028_D03_S002,38028_D03_S002,Puerto de La Cruz,3,2,30251.0,13758.0,16957.0,14350.0,1.1816724738675959,2023
2022,20230101_38028_D03_S003,38028_D03_S003,Puerto de La Cruz,3,3,26997.0,11873.0,15309.0,14350.0,1.066829268292683,2023
2022,20230101_38028_D03_S004,38028_D03_S004,Puerto de La Cruz,3,4,29719.0,13607.0,16909.0,15050.0,1.1235215946843853,2023
2022,20230101_38028_D03_S005,38028_D03_S005,Puerto de La Cruz,3,5,33018.0,13122.0,16884.0,16450.0,1.0263829787234042,2023
2022,20230101_38028_D03_S006,38028_D03_S006,Puerto de La Cruz,3,6,27695.0,12607.0,16198.0,15050.0,1.0762790697674418,2023
2022,20230101_38028_D04_S001,38028_D04_S001,Puerto de La Cruz,4,1,33686.0,13455.0,17265.0,15750.0,1.0961904761904762,2023
2022,20230101_38028_D04_S002,38028_D04_S002,Puerto de La Cruz,4,2,29971.0,10307.0,14345.0,13650.0,1.050915750915751,2023
2022,20230101_38028_D04_S003,38028_D04_S003,Puerto de La Cruz,4,3,34766.0,11949.0,16310.0,14350.0,1.1365853658536584,2023
2022,20230101_38028_D04_S004,38028_D04_S004,Puerto de La Cruz,4,4,36779.0,13575.0,18104.0,16450.0,1.100547112462006,2023
2022,20230101_38028_D04_S005,38028_D04_S005,Puerto de La Cruz,4,5,28956.0,10230.0,14290.0,12950.0,1.1034749034749034,2023
2022,20230101_38029_D01_S001,38029_D01_S001,Puntagorda,1,1,26775.0,9743.0,14220.0,11550.0,1.2311688311688311,2023
2022,20230101_38029_D01_S002,38029_D01_S002,Puntagorda,1,2,29038.0,10142.0,15169.0,12950.0,1.1713513513513514,2023
2022,20230101_38030_D01_S001,38030_D01_S001,Puntallana,1,1,39563.0,14432.0,20305.0,17150.0,1.1839650145772596,2023
2022,20230101_38030_D01_S002,38030_D01_S002,Puntallana,1,2,39994.0,14177.0,20416.0,17850.0,1.1437535014005602,2023
2022,20230101_38031_D01_S001,38031_D01_S001,Los Realejos,1,1,33172.0,12022.0,16434.0,15050.0,1.0919601328903654,2023
2022,20230101_38031_D01_S002,38031_D01_S002,Los Realejos,1,2,37804.0,13244.0,17418.0,15750.0,1.105904761904762,2023
2022,20230101_38031_D01_S003,38031_D01_S003,Los Realejos,1,3,34789.0,12956.0,16891.0,15050.0,1.1223255813953488,2023
2022,20230101_38031_D01_S004,38031_D01_S004,Los Realejos,1,4,32477.0,13068.0,16666.0,15050.0,1.107375415282392,2023
2022,20230101_38031_D01_S005,38031_D01_S005,Los Realejos,1,5,33136.0,11419.0,15579.0,14350.0,1.0856445993031358,2023
2022,20230101_38031_D01_S006,38031_D01_S006,Los Realejos,1,6,32864.0,12991.0,16744.0,15050.0,1.1125581395348838,2023
2022,20230101_38031_D01_S007,38031_D01_S007,Los Realejos,1,7,32377.0,10466.0,14920.0,15050.0,0.9913621262458472,2023
2022,20230101_38031_D01_S008,38031_D01_S008,Los Realejos,1,8,36650.0,13123.0,17261.0,15750.0,1.095936507936508,2023
2022,20230101_38031_D02_S001,38031_D02_S001,Los Realejos,2,1,33828.0,12609.0,16731.0,15050.0,1.1116943521594684,2023
2022,20230101_38031_D02_S002,38031_D02_S002,Los Realejos,2,2,38208.0,12516.0,17186.0,15750.0,1.0911746031746032,2023
2022,20230101_38031_D02_S003,38031_D02_S003,Los Realejos,2,3,32928.0,10382.0,14712.0,13650.0,1.0778021978021979,2023
2022,20230101_38031_D03_S001,38031_D03_S001,Los Realejos,3,1,33091.0,11379.0,15740.0,14350.0,1.0968641114982578,2023
2022,20230101_38031_D03_S002,38031_D03_S002,Los Realejos,3,2,35510.0,11654.0,16239.0,15050.0,1.0790033222591362,2023
2022,20230101_38031_D03_S003,38031_D03_S003,Los Realejos,3,3,29206.0,10187.0,14213.0,12950.0,1.0975289575289575,2023
2022,20230101_38031_D03_S004,38031_D03_S004,Los Realejos,3,4,39162.0,13729.0,18156.0,16450.0,1.1037082066869301,2023
2022,20230101_38031_D03_S005,38031_D03_S005,Los Realejos,3,5,33911.0,11640.0,15993.0,15750.0,1.0154285714285713,2023
2022,20230101_38031_D04_S001,38031_D04_S001,Los Realejos,4,1,30021.0,12944.0,16514.0,15050.0,1.0972757475083057,2023
2022,20230101_38031_D04_S002,38031_D04_S002,Los Realejos,4,2,38380.0,15716.0,19476.0,16450.0,1.183951367781155,2023
2022,20230101_38031_D04_S003,38031_D04_S003,Los Realejos,4,3,44890.0,17978.0,22802.0,17850.0,1.277422969187675,2023
2022,20230101_38031_D04_S004,38031_D04_S004,Los Realejos,4,4,29063.0,12289.0,16081.0,13650.0,1.178095238095238,2023
2022,20230101_38031_D05_S001,38031_D05_S001,Los Realejos,5,1,35257.0,10333.0,14984.0,14350.0,1.0441811846689895,2023
2022,20230101_38031_D05_S002,38031_D05_S002,Los Realejos,5,2,32694.0,10363.0,15075.0,14350.0,1.0505226480836236,2023
2022,20230101_38031_D05_S003,38031_D05_S003,Los Realejos,5,3,33219.0,10302.0,15107.0,15050.0,1.0037873754152824,2023
2022,20230101_38031_D06_S001,38031_D06_S001,Los Realejos,6,1,33287.0,9933.0,14536.0,13650.0,1.0649084249084249,2023
2022,20230101_38031_D06_S002,38031_D06_S002,Los Realejos,6,2,34983.0,9602.0,14339.0,13650.0,1.0504761904761906,2023
2022,20230101_38032_D01_S001,38032_D01_S001,El Rosario,1,1,45178.0,16227.0,20893.0,17850.0,1.1704761904761904,2023
2022,20230101_38032_D01_S002,38032_D01_S002,El Rosario,1,2,41883.0,13597.0,18295.0,16450.0,1.1121580547112462,2023
2022,20230101_38032_D01_S003,38032_D01_S003,El Rosario,1,3,46001.0,15431.0,19860.0,17150.0,1.1580174927113702,2023
2022,20230101_38032_D01_S004,38032_D01_S004,El Rosario,1,4,50145.0,22909.0,26300.0,23450.0,1.1215351812366738,2023
2022,20230101_38032_D01_S005,38032_D01_S005,El Rosario,1,5,37177.0,12657.0,17167.0,15750.0,1.089968253968254,2023
2022,20230101_38032_D01_S006,38032_D01_S006,El Rosario,1,6,64095.0,25576.0,30051.0,26250.0,1.1448,2023
2022,20230101_38032_D01_S007,38032_D01_S007,El Rosario,1,7,45735.0,14082.0,19257.0,17150.0,1.1228571428571428,2023
2022,20230101_38032_D01_S008,38032_D01_S008,El Rosario,1,8,64283.0,22091.0,27222.0,24850.0,1.0954527162977867,2023
2022,20230101_38032_D01_S009,38032_D01_S009,El Rosario,1,9,49222.0,15067.0,20043.0,18550.0,1.0804851752021563,2023
2022,20230101_38032_D01_S010,38032_D01_S010,El Rosario,1,10,43893.0,14818.0,19356.0,17150.0,1.1286297376093295,2023
2022,20230101_38032_D01_S011,38032_D01_S011,El Rosario,1,11,64482.0,24330.0,29256.0,26250.0,1.1145142857142858,2023
2022,20230101_38032_D01_S012,38032_D01_S012,El Rosario,1,12,79305.0,30497.0,35242.0,28350.0,1.2431040564373899,2023
2022,20230101_38032_D01_S013,38032_D01_S013,El Rosario,1,13,62685.0,21824.0,27082.0,24850.0,1.0898189134808853,2023
2022,20230101_38033_D01_S001,38033_D01_S001,San Andrés y Sauces,1,1,39352.0,14310.0,20005.0,17150.0,1.166472303206997,2023
2022,20230101_38033_D01_S002,38033_D01_S002,San Andrés y Sauces,1,2,37575.0,13806.0,19308.0,16450.0,1.1737386018237081,2023
2022,20230101_38033_D01_S003,38033_D01_S003,San Andrés y Sauces,1,3,36845.0,13729.0,19060.0,16450.0,1.1586626139817628,2023
2022,20230101_38033_D02_S001,38033_D02_S001,San Andrés y Sauces,2,1,38627.0,14082.0,19763.0,17150.0,1.1523615160349854,2023
2022,20230101_38034_D01_S001,38034_D01_S001,San Juan de la Rambla,1,1,41044.0,15217.0,20127.0,17150.0,1.1735860058309038,2023
2022,20230101_38034_D01_S002,38034_D01_S002,San Juan de la Rambla,1,2,31181.0,11346.0,15690.0,15050.0,1.0425249169435216,2023
2022,20230101_38034_D01_S003,38034_D01_S003,San Juan de la Rambla,1,3,28885.0,10461.0,14560.0,14350.0,1.0146341463414634,2023
2022,20230101_38034_D01_S004,38034_D01_S004,San Juan de la Rambla,1,4,28677.0,10987.0,14908.0,14350.0,1.0388850174216029,2023
2022,20230101_38035_D01_S001,38035_D01_S001,San Miguel de Abona,1,1,44294.0,15279.0,20409.0,17850.0,1.143361344537815,2023
2022,20230101_38035_D01_S002,38035_D01_S002,San Miguel de Abona,1,2,37350.0,12579.0,17307.0,15750.0,1.0988571428571428,2023
2022,20230101_38035_D01_S003,38035_D01_S003,San Miguel de Abona,1,3,42553.0,14083.0,18932.0,17150.0,1.1039067055393585,2023
2022,20230101_38035_D01_S004,38035_D01_S004,San Miguel de Abona,1,4,25799.0,10372.0,14518.0,12950.0,1.1210810810810812,2023
2022,20230101_38035_D01_S005,38035_D01_S005,San Miguel de Abona,1,5,37532.0,12305.0,16854.0,15050.0,1.1198671096345516,2023
2022,20230101_38035_D01_S006,38035_D01_S006,San Miguel de Abona,1,6,30800.0,11053.0,15151.0,14350.0,1.0558188153310104,2023
2022,20230101_38035_D01_S007,38035_D01_S007,San Miguel de Abona,1,7,38405.0,12735.0,17211.0,15750.0,1.0927619047619048,2023
2022,20230101_38035_D01_S008,38035_D01_S008,San Miguel de Abona,1,8,40169.0,13829.0,18492.0,16450.0,1.1241337386018238,2023
2022,20230101_38035_D01_S009,38035_D01_S009,San Miguel de Abona,1,9,29883.0,10858.0,14767.0,14350.0,1.0290592334494773,2023
2022,20230101_38036_D01_S001,38036_D01_S001,San Sebastián de La Gomera,1,1,49749.0,19470.0,23916.0,20650.0,1.1581598062953995,2023
2022,20230101_38036_D01_S002,38036_D01_S002,San Sebastián de La Gomera,1,2,36180.0,14288.0,19597.0,18550.0,1.05644204851752,2023
2022,20230101_38036_D01_S003,38036_D01_S003,San Sebastián de La Gomera,1,3,40667.0,15386.0,20652.0,18550.0,1.1133153638814015,2023
2022,20230101_38036_D01_S005,38036_D01_S005,San Sebastián de La Gomera,1,5,42837.0,15502.0,20742.0,18550.0,1.118167115902965,2023
2022,20230101_38036_D01_S006,38036_D01_S006,San Sebastián de La Gomera,1,6,40890.0,16542.0,20886.0,18550.0,1.1259299191374663,2023
2022,20230101_38036_D01_S007,38036_D01_S007,San Sebastián de La Gomera,1,7,38204.0,13152.0,17697.0,17150.0,1.0318950437317784,2023
2022,20230101_38036_D01_S008,38036_D01_S008,San Sebastián de La Gomera,1,8,43899.0,16530.0,20887.0,18550.0,1.1259838274932614,2023
2022,20230101_38037_D01_S001,38037_D01_S001,Santa Cruz de La Palma,1,1,48145.0,19088.0,25365.0,19950.0,1.2714285714285714,2023
2022,20230101_38037_D01_S002,38037_D01_S002,Santa Cruz de La Palma,1,2,34823.0,13417.0,18462.0,15750.0,1.1721904761904762,2023
2022,20230101_38037_D01_S003,38037_D01_S003,Santa Cruz de La Palma,1,3,44616.0,17265.0,22874.0,18550.0,1.233099730458221,2023
2022,20230101_38037_D02_S001,38037_D02_S001,Santa Cruz de La Palma,2,1,49926.0,19698.0,25867.0,20650.0,1.252639225181598,2023
2022,20230101_38037_D02_S002,38037_D02_S002,Santa Cruz de La Palma,2,2,45647.0,16562.0,22464.0,18550.0,1.2109973045822102,2023
2022,20230101_38037_D02_S003,38037_D02_S003,Santa Cruz de La Palma,2,3,37554.0,13571.0,19229.0,16450.0,1.1689361702127659,2023
2022,20230101_38037_D02_S005,38037_D02_S005,Santa Cruz de La Palma,2,5,52387.0,18465.0,25199.0,20650.0,1.2202905569007263,2023
2022,20230101_38037_D03_S001,38037_D03_S001,Santa Cruz de La Palma,3,1,49095.0,17658.0,24161.0,19950.0,1.211077694235589,2023
2022,20230101_38037_D03_S002,38037_D03_S002,Santa Cruz de La Palma,3,2,40675.0,15135.0,20647.0,17150.0,1.2039067055393586,2023
2022,20230101_38037_D03_S003,38037_D03_S003,Santa Cruz de La Palma,3,3,35435.0,12797.0,18019.0,16450.0,1.0953799392097265,2023
2022,20230101_38037_D03_S004,38037_D03_S004,Santa Cruz de La Palma,3,4,45515.0,15871.0,22176.0,18550.0,1.1954716981132076,2023
2022,20230101_38037_D03_S005,38037_D03_S005,Santa Cruz de La Palma,3,5,39987.0,13250.0,19105.0,17850.0,1.0703081232492997,2023
2022,20230101_38038_D01_S001,38038_D01_S001,Santa Cruz de Tenerife,1,1,77346.0,29679.0,34446.0,29750.0,1.1578487394957984,2023
2022,20230101_38038_D01_S002,38038_D01_S002,Santa Cruz de Tenerife,1,2,47183.0,17562.0,21567.0,19250.0,1.1203636363636365,2023
2022,20230101_38038_D01_S003,38038_D01_S003,Santa Cruz de Tenerife,1,3,49347.0,20818.0,24606.0,21350.0,1.1525058548009368,2023
2022,20230101_38038_D01_S004,38038_D01_S004,Santa Cruz de Tenerife,1,4,59872.0,24057.0,28188.0,24850.0,1.1343259557344065,2023
2022,20230101_38038_D01_S006,38038_D01_S006,Santa Cruz de Tenerife,1,6,48956.0,19856.0,24142.0,20650.0,1.1691041162227602,2023
2022,20230101_38038_D01_S007,38038_D01_S007,Santa Cruz de Tenerife,1,7,52099.0,21489.0,25479.0,24850.0,1.0253118712273641,2023
2022,20230101_38038_D01_S008,38038_D01_S008,Santa Cruz de Tenerife,1,8,102416.0,34334.0,40911.0,33250.0,1.230406015037594,2023
2022,20230101_38038_D01_S009,38038_D01_S009,Santa Cruz de Tenerife,1,9,73802.0,30789.0,34853.0,30450.0,1.1445977011494253,2023
2022,20230101_38038_D01_S010,38038_D01_S010,Santa Cruz de Tenerife,1,10,72028.0,28619.0,33444.0,29750.0,1.1241680672268908,2023
2022,20230101_38038_D01_S011,38038_D01_S011,Santa Cruz de Tenerife,1,11,68314.0,26697.0,30853.0,25550.0,1.2075538160469668,2023
2022,20230101_38038_D01_S012,38038_D01_S012,Santa Cruz de Tenerife,1,12,97805.0,34950.0,40520.0,33950.0,1.193519882179676,2023
2022,20230101_38038_D02_S001,38038_D02_S001,Santa Cruz de Tenerife,2,1,58837.0,24097.0,28115.0,23450.0,1.1989339019189766,2023
2022,20230101_38038_D02_S002,38038_D02_S002,Santa Cruz de Tenerife,2,2,54284.0,24599.0,27651.0,24150.0,1.1449689440993789,2023
2022,20230101_38038_D02_S003,38038_D02_S003,Santa Cruz de Tenerife,2,3,54660.0,22242.0,26267.0,23450.0,1.1201279317697228,2023
2022,20230101_38038_D02_S004,38038_D02_S004,Santa Cruz de Tenerife,2,4,71005.0,26742.0,31485.0,26950.0,1.168274582560297,2023
2022,20230101_38038_D02_S005,38038_D02_S005,Santa Cruz de Tenerife,2,5,58532.0,24444.0,28279.0,24850.0,1.1379879275653924,2023
2022,20230101_38038_D02_S006,38038_D02_S006,Santa Cruz de Tenerife,2,6,61724.0,25964.0,29412.0,24150.0,1.2178881987577639,2023
2022,20230101_38038_D02_S007,38038_D02_S007,Santa Cruz de Tenerife,2,7,68119.0,27031.0,30598.0,23450.0,1.304818763326226,2023
2022,20230101_38038_D02_S008,38038_D02_S008,Santa Cruz de Tenerife,2,8,68831.0,27979.0,32012.0,23450.0,1.3651172707889125,2023
2022,20230101_38038_D02_S009,38038_D02_S009,Santa Cruz de Tenerife,2,9,54690.0,23802.0,27860.0,25550.0,1.0904109589041096,2023
2022,20230101_38038_D03_S001,38038_D03_S001,Santa Cruz de Tenerife,3,1,79338.0,34060.0,37257.0,33250.0,1.1205112781954887,2023
2022,20230101_38038_D03_S002,38038_D03_S002,Santa Cruz de Tenerife,3,2,51411.0,18541.0,23431.0,21350.0,1.0974707259953163,2023
2022,20230101_38038_D03_S003,38038_D03_S003,Santa Cruz de Tenerife,3,3,51264.0,20306.0,24235.0,22050.0,1.099092970521542,2023
2022,20230101_38038_D03_S004,38038_D03_S004,Santa Cruz de Tenerife,3,4,36789.0,14967.0,18893.0,16450.0,1.1485106382978723,2023
2022,20230101_38038_D03_S005,38038_D03_S005,Santa Cruz de Tenerife,3,5,40187.0,16794.0,20527.0,18550.0,1.106576819407008,2023
2022,20230101_38038_D03_S006,38038_D03_S006,Santa Cruz de Tenerife,3,6,68085.0,25802.0,30430.0,28350.0,1.0733686067019401,2023
2022,20230101_38038_D03_S007,38038_D03_S007,Santa Cruz de Tenerife,3,7,38782.0,15416.0,19167.0,17150.0,1.117609329446064,2023
2022,20230101_38038_D03_S008,38038_D03_S008,Santa Cruz de Tenerife,3,8,49368.0,18387.0,22909.0,21350.0,1.0730210772833724,2023
2022,20230101_38038_D03_S009,38038_D03_S009,Santa Cruz de Tenerife,3,9,55353.0,20372.0,25191.0,23450.0,1.0742430703624732,2023
2022,20230101_38038_D03_S010,38038_D03_S010,Santa Cruz de Tenerife,3,10,41454.0,16940.0,21045.0,19250.0,1.0932467532467534,2023
2022,20230101_38038_D03_S011,38038_D03_S011,Santa Cruz de Tenerife,3,11,68177.0,26602.0,31186.0,25550.0,1.220587084148728,2023
2022,20230101_38038_D03_S013,38038_D03_S013,Santa Cruz de Tenerife,3,13,46326.0,20652.0,24111.0,21350.0,1.1293208430913348,2023
2022,20230101_38038_D03_S014,38038_D03_S014,Santa Cruz de Tenerife,3,14,52684.0,20621.0,24847.0,22050.0,1.1268480725623582,2023
2022,20230101_38038_D03_S015,38038_D03_S015,Santa Cruz de Tenerife,3,15,50322.0,19763.0,24064.0,20650.0,1.1653268765133171,2023
2022,20230101_38038_D03_S016,38038_D03_S016,Santa Cruz de Tenerife,3,16,41289.0,14873.0,18542.0,15750.0,1.1772698412698412,2023
2022,20230101_38038_D03_S017,38038_D03_S017,Santa Cruz de Tenerife,3,17,53365.0,20088.0,24967.0,19950.0,1.2514786967418547,2023
2022,20230101_38038_D03_S018,38038_D03_S018,Santa Cruz de Tenerife,3,18,37733.0,14684.0,18645.0,15750.0,1.1838095238095239,2023
2022,20230101_38038_D03_S019,38038_D03_S019,Santa Cruz de Tenerife,3,19,57460.0,21285.0,26312.0,25550.0,1.0298238747553816,2023
2022,20230101_38038_D03_S020,38038_D03_S020,Santa Cruz de Tenerife,3,20,74068.0,27389.0,32001.0,29750.0,1.0756638655462185,2023
2022,20230101_38038_D03_S021,38038_D03_S021,Santa Cruz de Tenerife,3,21,78507.0,30903.0,34620.0,30450.0,1.1369458128078818,2023
2022,20230101_38038_D04_S001,38038_D04_S001,Santa Cruz de Tenerife,4,1,27077.0,10768.0,14223.0,12950.0,1.0983011583011584,2023
2022,20230101_38038_D04_S002,38038_D04_S002,Santa Cruz de Tenerife,4,2,28074.0,10469.0,13796.0,12950.0,1.0653281853281853,2023
2022,20230101_38038_D04_S003,38038_D04_S003,Santa Cruz de Tenerife,4,3,30128.0,11274.0,14783.0,12250.0,1.2067755102040816,2023
2022,20230101_38038_D04_S004,38038_D04_S004,Santa Cruz de Tenerife,4,4,28653.0,11240.0,14468.0,12250.0,1.181061224489796,2023
2022,20230101_38038_D04_S005,38038_D04_S005,Santa Cruz de Tenerife,4,5,27239.0,10325.0,13737.0,12250.0,1.1213877551020408,2023
2022,20230101_38038_D04_S006,38038_D04_S006,Santa Cruz de Tenerife,4,6,26928.0,10432.0,13866.0,12250.0,1.1319183673469388,2023
2022,20230101_38038_D04_S007,38038_D04_S007,Santa Cruz de Tenerife,4,7,29075.0,11979.0,15838.0,15050.0,1.052358803986711,2023
2022,20230101_38038_D04_S009,38038_D04_S009,Santa Cruz de Tenerife,4,9,23535.0,10442.0,13633.0,12250.0,1.1128979591836734,2023
2022,20230101_38038_D04_S011,38038_D04_S011,Santa Cruz de Tenerife,4,11,25044.0,10496.0,14029.0,12250.0,1.1452244897959183,2023
2022,20230101_38038_D04_S012,38038_D04_S012,Santa Cruz de Tenerife,4,12,28025.0,11660.0,15273.0,14350.0,1.0643205574912893,2023
2022,20230101_38038_D04_S014,38038_D04_S014,Santa Cruz de Tenerife,4,14,29376.0,11912.0,15677.0,14350.0,1.0924738675958188,2023
2022,20230101_38038_D04_S015,38038_D04_S015,Santa Cruz de Tenerife,4,15,23365.0,8881.0,12316.0,10850.0,1.135115207373272,2023
2022,20230101_38038_D05_S001,38038_D05_S001,Santa Cruz de Tenerife,5,1,93907.0,33372.0,40268.0,33250.0,1.2110676691729323,2023
2022,20230101_38038_D05_S002,38038_D05_S002,Santa Cruz de Tenerife,5,2,63121.0,24289.0,29027.0,24850.0,1.1680885311871227,2023
2022,20230101_38038_D05_S003,38038_D05_S003,Santa Cruz de Tenerife,5,3,53429.0,21735.0,25858.0,22750.0,1.1366153846153846,2023
2022,20230101_38038_D05_S004,38038_D05_S004,Santa Cruz de Tenerife,5,4,52415.0,20853.0,24730.0,20650.0,1.1975786924939467,2023
2022,20230101_38038_D05_S005,38038_D05_S005,Santa Cruz de Tenerife,5,5,50499.0,20666.0,24905.0,22050.0,1.1294784580498867,2023
2022,20230101_38038_D05_S006,38038_D05_S006,Santa Cruz de Tenerife,5,6,47462.0,19165.0,23295.0,19950.0,1.1676691729323307,2023
2022,20230101_38038_D05_S007,38038_D05_S007,Santa Cruz de Tenerife,5,7,48651.0,18715.0,22760.0,19250.0,1.1823376623376622,2023
2022,20230101_38038_D05_S008,38038_D05_S008,Santa Cruz de Tenerife,5,8,52696.0,20627.0,25100.0,22750.0,1.1032967032967034,2023
2022,20230101_38038_D05_S009,38038_D05_S009,Santa Cruz de Tenerife,5,9,102293.0,35085.0,41501.0,30450.0,1.3629228243021347,2023
2022,20230101_38038_D05_S010,38038_D05_S010,Santa Cruz de Tenerife,5,10,109791.0,36807.0,42009.0,33250.0,1.2634285714285713,2023
2022,20230101_38038_D05_S011,38038_D05_S011,Santa Cruz de Tenerife,5,11,49021.0,19863.0,24579.0,22050.0,1.1146938775510205,2023
2022,20230101_38038_D05_S012,38038_D05_S012,Santa Cruz de Tenerife,5,12,72102.0,27002.0,31865.0,26250.0,1.2139047619047618,2023
2022,20230101_38038_D05_S013,38038_D05_S013,Santa Cruz de Tenerife,5,13,45135.0,16571.0,20913.0,17150.0,1.2194169096209913,2023
2022,20230101_38038_D05_S014,38038_D05_S014,Santa Cruz de Tenerife,5,14,42591.0,17068.0,20553.0,17850.0,1.1514285714285715,2023
2022,20230101_38038_D05_S015,38038_D05_S015,Santa Cruz de Tenerife,5,15,49190.0,20557.0,24727.0,22050.0,1.12140589569161,2023
2022,20230101_38038_D06_S001,38038_D06_S001,Santa Cruz de Tenerife,6,1,50623.0,20188.0,23699.0,20650.0,1.1476513317191284,2023
2022,20230101_38038_D06_S002,38038_D06_S002,Santa Cruz de Tenerife,6,2,63923.0,25075.0,29155.0,26250.0,1.1106666666666667,2023
2022,20230101_38038_D06_S003,38038_D06_S003,Santa Cruz de Tenerife,6,3,27401.0,13107.0,15866.0,13650.0,1.1623443223443224,2023
2022,20230101_38038_D06_S004,38038_D06_S004,Santa Cruz de Tenerife,6,4,28932.0,11650.0,15249.0,12950.0,1.1775289575289576,2023
2022,20230101_38038_D06_S005,38038_D06_S005,Santa Cruz de Tenerife,6,5,41555.0,15713.0,19391.0,17850.0,1.0863305322128851,2023
2022,20230101_38038_D06_S006,38038_D06_S006,Santa Cruz de Tenerife,6,6,77109.0,26370.0,31543.0,27650.0,1.1407956600361664,2023
2022,20230101_38038_D06_S007,38038_D06_S007,Santa Cruz de Tenerife,6,7,49650.0,17666.0,22394.0,21350.0,1.0488992974238875,2023
2022,20230101_38038_D06_S008,38038_D06_S008,Santa Cruz de Tenerife,6,8,76420.0,26879.0,32030.0,26250.0,1.2201904761904763,2023
2022,20230101_38038_D06_S010,38038_D06_S010,Santa Cruz de Tenerife,6,10,38151.0,15029.0,18919.0,15750.0,1.2012063492063492,2023
2022,20230101_38038_D06_S011,38038_D06_S011,Santa Cruz de Tenerife,6,11,37599.0,14307.0,17928.0,15750.0,1.1382857142857143,2023
2022,20230101_38038_D06_S012,38038_D06_S012,Santa Cruz de Tenerife,6,12,46225.0,18612.0,22865.0,20650.0,1.1072639225181597,2023
2022,20230101_38038_D06_S013,38038_D06_S013,Santa Cruz de Tenerife,6,13,55282.0,23649.0,27811.0,24150.0,1.1515942028985506,2023
2022,20230101_38038_D06_S014,38038_D06_S014,Santa Cruz de Tenerife,6,14,57807.0,17296.0,23220.0,22050.0,1.0530612244897959,2023
2022,20230101_38038_D06_S016,38038_D06_S016,Santa Cruz de Tenerife,6,16,23904.0,9970.0,13380.0,12250.0,1.0922448979591837,2023
2022,20230101_38038_D06_S017,38038_D06_S017,Santa Cruz de Tenerife,6,17,33036.0,13320.0,16765.0,13650.0,1.2282051282051283,2023
2022,20230101_38038_D06_S018,38038_D06_S018,Santa Cruz de Tenerife,6,18,39929.0,17666.0,21620.0,20650.0,1.0469733656174334,2023
2022,20230101_38038_D06_S019,38038_D06_S019,Santa Cruz de Tenerife,6,19,43225.0,17512.0,20976.0,17150.0,1.2230903790087464,2023
2022,20230101_38038_D06_S020,38038_D06_S020,Santa Cruz de Tenerife,6,20,34984.0,12805.0,16578.0,14350.0,1.155261324041812,2023
2022,20230101_38038_D06_S021,38038_D06_S021,Santa Cruz de Tenerife,6,21,38071.0,15243.0,18909.0,15750.0,1.2005714285714286,2023
2022,20230101_38038_D06_S022,38038_D06_S022,Santa Cruz de Tenerife,6,22,49240.0,20296.0,24045.0,22750.0,1.0569230769230769,2023
2022,20230101_38038_D06_S023,38038_D06_S023,Santa Cruz de Tenerife,6,23,32394.0,12642.0,16197.0,13650.0,1.1865934065934065,2023
2022,20230101_38038_D06_S025,38038_D06_S025,Santa Cruz de Tenerife,6,25,71176.0,25435.0,30624.0,29050.0,1.054182444061962,2023
2022,20230101_38038_D06_S026,38038_D06_S026,Santa Cruz de Tenerife,6,26,23708.0,10622.0,13653.0,12250.0,1.114530612244898,2023
2022,20230101_38038_D06_S028,38038_D06_S028,Santa Cruz de Tenerife,6,28,44158.0,18097.0,21882.0,20650.0,1.0596610169491525,2023
2022,20230101_38038_D06_S029,38038_D06_S029,Santa Cruz de Tenerife,6,29,52737.0,19904.0,24594.0,22750.0,1.0810549450549451,2023
2022,20230101_38038_D07_S001,38038_D07_S001,Santa Cruz de Tenerife,7,1,46666.0,16921.0,21323.0,19250.0,1.1076883116883116,2023
2022,20230101_38038_D07_S002,38038_D07_S002,Santa Cruz de Tenerife,7,2,34848.0,13082.0,17227.0,15750.0,1.0937777777777777,2023
2022,20230101_38038_D07_S003,38038_D07_S003,Santa Cruz de Tenerife,7,3,33553.0,13860.0,17854.0,16450.0,1.0853495440729484,2023
2022,20230101_38038_D07_S004,38038_D07_S004,Santa Cruz de Tenerife,7,4,27948.0,10189.0,14126.0,13650.0,1.034871794871795,2023
2022,20230101_38038_D07_S005,38038_D07_S005,Santa Cruz de Tenerife,7,5,34114.0,12967.0,17083.0,15750.0,1.0846349206349206,2023
2022,20230101_38038_D07_S006,38038_D07_S006,Santa Cruz de Tenerife,7,6,25002.0,10778.0,14129.0,12250.0,1.1533877551020408,2023
2022,20230101_38038_D07_S007,38038_D07_S007,Santa Cruz de Tenerife,7,7,30691.0,12360.0,15981.0,14350.0,1.113658536585366,2023
2022,20230101_38038_D07_S009,38038_D07_S009,Santa Cruz de Tenerife,7,9,35083.0,14076.0,17868.0,15750.0,1.1344761904761904,2023
2022,20230101_38038_D08_S001,38038_D08_S001,Santa Cruz de Tenerife,8,1,27210.0,12254.0,15608.0,14350.0,1.0876655052264808,2023
2022,20230101_38038_D09_S001,38038_D09_S001,Santa Cruz de Tenerife,9,1,26228.0,11677.0,15291.0,14350.0,1.065574912891986,2023
2022,20230101_38038_D09_S002,38038_D09_S002,Santa Cruz de Tenerife,9,2,26210.0,10859.0,13762.0,12250.0,1.1234285714285714,2023
2022,20230101_38038_D09_S003,38038_D09_S003,Santa Cruz de Tenerife,9,3,27562.0,11435.0,14894.0,13650.0,1.091135531135531,2023
2022,20230101_38038_D09_S006,38038_D09_S006,Santa Cruz de Tenerife,9,6,28906.0,12229.0,15598.0,13650.0,1.1427106227106227,2023
2022,20230101_38038_D09_S007,38038_D09_S007,Santa Cruz de Tenerife,9,7,30990.0,12396.0,16271.0,15750.0,1.033079365079365,2023
2022,20230101_38038_D09_S009,38038_D09_S009,Santa Cruz de Tenerife,9,9,26083.0,9813.0,13234.0,12250.0,1.080326530612245,2023
2022,20230101_38038_D09_S010,38038_D09_S010,Santa Cruz de Tenerife,9,10,26607.0,10262.0,13995.0,12950.0,1.0806949806949806,2023
2022,20230101_38038_D09_S011,38038_D09_S011,Santa Cruz de Tenerife,9,11,23854.0,9953.0,13111.0,12250.0,1.0702857142857143,2023
2022,20230101_38038_D09_S012,38038_D09_S012,Santa Cruz de Tenerife,9,12,31379.0,12179.0,15967.0,15750.0,1.0137777777777779,2023
2022,20230101_38038_D09_S014,38038_D09_S014,Santa Cruz de Tenerife,9,14,24074.0,10247.0,13462.0,12250.0,1.098938775510204,2023
2022,20230101_38038_D09_S015,38038_D09_S015,Santa Cruz de Tenerife,9,15,27531.0,12072.0,15282.0,12950.0,1.18007722007722,2023
2022,20230101_38038_D09_S016,38038_D09_S016,Santa Cruz de Tenerife,9,16,28209.0,10904.0,14618.0,13650.0,1.070915750915751,2023
2022,20230101_38038_D09_S018,38038_D09_S018,Santa Cruz de Tenerife,9,18,29417.0,12452.0,15762.0,14350.0,1.098397212543554,2023
2022,20230101_38038_D09_S019,38038_D09_S019,Santa Cruz de Tenerife,9,19,32888.0,12857.0,16574.0,15050.0,1.1012624584717607,2023
2022,20230101_38038_D09_S021,38038_D09_S021,Santa Cruz de Tenerife,9,21,28748.0,12344.0,15666.0,14350.0,1.0917073170731708,2023
2022,20230101_38038_D09_S022,38038_D09_S022,Santa Cruz de Tenerife,9,22,24622.0,10216.0,13316.0,12250.0,1.0870204081632653,2023
2022,20230101_38038_D10_S001,38038_D10_S001,Santa Cruz de Tenerife,10,1,27111.0,11586.0,15111.0,13650.0,1.107032967032967,2023
2022,20230101_38038_D10_S002,38038_D10_S002,Santa Cruz de Tenerife,10,2,28750.0,11873.0,15381.0,13650.0,1.1268131868131868,2023
2022,20230101_38038_D10_S003,38038_D10_S003,Santa Cruz de Tenerife,10,3,29754.0,12288.0,16082.0,14350.0,1.1206968641114983,2023
2022,20230101_38038_D10_S004,38038_D10_S004,Santa Cruz de Tenerife,10,4,24650.0,11832.0,14841.0,14350.0,1.0342160278745645,2023
2022,20230101_38038_D10_S005,38038_D10_S005,Santa Cruz de Tenerife,10,5,26836.0,11999.0,15339.0,14350.0,1.0689198606271777,2023
2022,20230101_38038_D10_S006,38038_D10_S006,Santa Cruz de Tenerife,10,6,49340.0,18755.0,23016.0,19950.0,1.1536842105263159,2023
2022,20230101_38038_D10_S007,38038_D10_S007,Santa Cruz de Tenerife,10,7,38890.0,16219.0,20027.0,18550.0,1.0796226415094339,2023
2022,20230101_38038_D10_S008,38038_D10_S008,Santa Cruz de Tenerife,10,8,37598.0,15064.0,19056.0,18550.0,1.027277628032345,2023
2022,20230101_38038_D10_S009,38038_D10_S009,Santa Cruz de Tenerife,10,9,35741.0,13721.0,17868.0,16450.0,1.0862006079027355,2023
2022,20230101_38038_D10_S010,38038_D10_S010,Santa Cruz de Tenerife,10,10,31688.0,11625.0,15750.0,13650.0,1.1538461538461537,2023
2022,20230101_38038_D10_S011,38038_D10_S011,Santa Cruz de Tenerife,10,11,39106.0,15799.0,19622.0,17850.0,1.0992717086834733,2023
2022,20230101_38038_D10_S012,38038_D10_S012,Santa Cruz de Tenerife,10,12,30073.0,11300.0,15247.0,14350.0,1.0625087108013938,2023
2022,20230101_38038_D10_S013,38038_D10_S013,Santa Cruz de Tenerife,10,13,32646.0,13814.0,17490.0,15750.0,1.1104761904761904,2023
2022,20230101_38038_D10_S014,38038_D10_S014,Santa Cruz de Tenerife,10,14,36737.0,14847.0,18627.0,17850.0,1.0435294117647058,2023
2022,20230101_38038_D10_S015,38038_D10_S015,Santa Cruz de Tenerife,10,15,43240.0,16501.0,20744.0,17850.0,1.1621288515406163,2023
2022,20230101_38038_D10_S016,38038_D10_S016,Santa Cruz de Tenerife,10,16,38474.0,16019.0,19701.0,17150.0,1.1487463556851312,2023
2022,20230101_38038_D11_S001,38038_D11_S001,Santa Cruz de Tenerife,11,1,28273.0,10634.0,14390.0,13650.0,1.0542124542124542,2023
2022,20230101_38038_D11_S002,38038_D11_S002,Santa Cruz de Tenerife,11,2,33317.0,12857.0,16773.0,15750.0,1.0649523809523809,2023
2022,20230101_38038_D11_S003,38038_D11_S003,Santa Cruz de Tenerife,11,3,36329.0,14200.0,18163.0,17150.0,1.059067055393586,2023
2022,20230101_38038_D11_S004,38038_D11_S004,Santa Cruz de Tenerife,11,4,29012.0,11216.0,15195.0,14350.0,1.0588850174216027,2023
2022,20230101_38038_D11_S005,38038_D11_S005,Santa Cruz de Tenerife,11,5,32686.0,12724.0,16421.0,15750.0,1.0426031746031745,2023
2022,20230101_38038_D11_S006,38038_D11_S006,Santa Cruz de Tenerife,11,6,31289.0,11719.0,15758.0,14350.0,1.0981184668989548,2023
2022,20230101_38038_D11_S007,38038_D11_S007,Santa Cruz de Tenerife,11,7,30170.0,11600.0,15522.0,14350.0,1.0816724738675958,2023
2022,20230101_38038_D11_S008,38038_D11_S008,Santa Cruz de Tenerife,11,8,36578.0,13692.0,17680.0,17150.0,1.0309037900874636,2023
2022,20230101_38038_D11_S009,38038_D11_S009,Santa Cruz de Tenerife,11,9,25837.0,10078.0,13336.0,12250.0,1.0886530612244898,2023
2022,20230101_38038_D11_S010,38038_D11_S010,Santa Cruz de Tenerife,11,10,31931.0,12128.0,16089.0,14350.0,1.121184668989547,2023
2022,20230101_38038_D11_S011,38038_D11_S011,Santa Cruz de Tenerife,11,11,20887.0,7744.0,10964.0,10150.0,1.0801970443349753,2023
2022,20230101_38038_D11_S012,38038_D11_S012,Santa Cruz de Tenerife,11,12,22936.0,8488.0,11984.0,10850.0,1.104516129032258,2023
2022,20230101_38038_D11_S013,38038_D11_S013,Santa Cruz de Tenerife,11,13,36300.0,13388.0,17500.0,15750.0,1.1111111111111112,2023
2022,20230101_38038_D11_S014,38038_D11_S014,Santa Cruz de Tenerife,11,14,63682.0,20981.0,26801.0,25550.0,1.0489628180039139,2023
2022,20230101_38038_D11_S015,38038_D11_S015,Santa Cruz de Tenerife,11,15,32618.0,12071.0,15835.0,14350.0,1.1034843205574913,2023
2022,20230101_38038_D11_S016,38038_D11_S016,Santa Cruz de Tenerife,11,16,29968.0,11103.0,14849.0,13650.0,1.0878388278388278,2023
2022,20230101_38038_D11_S017,38038_D11_S017,Santa Cruz de Tenerife,11,17,30938.0,11033.0,15031.0,13650.0,1.1011721611721612,2023
2022,20230101_38038_D11_S018,38038_D11_S018,Santa Cruz de Tenerife,11,18,39915.0,14577.0,18769.0,17150.0,1.094402332361516,2023
2022,20230101_38038_D11_S019,38038_D11_S019,Santa Cruz de Tenerife,11,19,28980.0,11012.0,14542.0,13650.0,1.0653479853479852,2023
2022,20230101_38038_D11_S020,38038_D11_S020,Santa Cruz de Tenerife,11,20,36419.0,13905.0,17885.0,15750.0,1.1355555555555557,2023
2022,20230101_38038_D11_S021,38038_D11_S021,Santa Cruz de Tenerife,11,21,64246.0,24059.0,29096.0,26950.0,1.0796289424860854,2023
2022,20230101_38038_D12_S001,38038_D12_S001,Santa Cruz de Tenerife,12,1,42061.0,13804.0,18577.0,17150.0,1.0832069970845482,2023
2022,20230101_38038_D12_S002,38038_D12_S002,Santa Cruz de Tenerife,12,2,35555.0,12521.0,16908.0,15050.0,1.1234551495016611,2023
2022,20230101_38038_D12_S003,38038_D12_S003,Santa Cruz de Tenerife,12,3,25335.0,11254.0,14430.0,12950.0,1.1142857142857143,2023
2022,20230101_38038_D12_S004,38038_D12_S004,Santa Cruz de Tenerife,12,4,36460.0,12842.0,17189.0,15750.0,1.0913650793650793,2023
2022,20230101_38038_D12_S005,38038_D12_S005,Santa Cruz de Tenerife,12,5,38758.0,13204.0,17678.0,16450.0,1.0746504559270518,2023
2022,20230101_38038_D12_S006,38038_D12_S006,Santa Cruz de Tenerife,12,6,34992.0,12817.0,16883.0,15400.0,1.0962987012987013,2023
2022,20230101_38038_D12_S007,38038_D12_S007,Santa Cruz de Tenerife,12,7,34747.0,12718.0,17112.0,15750.0,1.0864761904761904,2023
2022,20230101_38038_D12_S008,38038_D12_S008,Santa Cruz de Tenerife,12,8,38541.0,14245.0,18492.0,17150.0,1.0782507288629737,2023
2022,20230101_38038_D12_S009,38038_D12_S009,Santa Cruz de Tenerife,12,9,42761.0,15170.0,19723.0,18550.0,1.063234501347709,2023
2022,20230101_38038_D12_S010,38038_D12_S010,Santa Cruz de Tenerife,12,10,39617.0,14262.0,18699.0,17150.0,1.090320699708455,2023
2022,20230101_38038_D12_S011,38038_D12_S011,Santa Cruz de Tenerife,12,11,31442.0,11772.0,15491.0,13650.0,1.1348717948717948,2023
2022,20230101_38039_D01_S001,38039_D01_S001,Santa Úrsula,1,1,28023.0,10820.0,14445.0,12950.0,1.1154440154440155,2023
2022,20230101_38039_D01_S002,38039_D01_S002,Santa Úrsula,1,2,27508.0,10423.0,14346.0,12950.0,1.107799227799228,2023
2022,20230101_38039_D01_S003,38039_D01_S003,Santa Úrsula,1,3,28629.0,10214.0,14228.0,12950.0,1.0986872586872587,2023
2022,20230101_38039_D01_S004,38039_D01_S004,Santa Úrsula,1,4,41985.0,16500.0,20119.0,16450.0,1.2230395136778116,2023
2022,20230101_38039_D01_S005,38039_D01_S005,Santa Úrsula,1,5,30133.0,11392.0,15034.0,13650.0,1.1013919413919413,2023
2022,20230101_38039_D01_S006,38039_D01_S006,Santa Úrsula,1,6,32912.0,12901.0,16561.0,14350.0,1.1540766550522648,2023
2022,20230101_38039_D01_S007,38039_D01_S007,Santa Úrsula,1,7,34382.0,13144.0,16944.0,15050.0,1.1258471760797342,2023
2022,20230101_38039_D01_S008,38039_D01_S008,Santa Úrsula,1,8,33579.0,12384.0,16583.0,15050.0,1.101860465116279,2023
2022,20230101_38039_D01_S009,38039_D01_S009,Santa Úrsula,1,9,56925.0,22318.0,26870.0,23450.0,1.1458422174840086,2023
2022,20230101_38040_D01_S001,38040_D01_S001,Santiago del Teide,1,1,34017.0,12171.0,16743.0,15750.0,1.063047619047619,2023
2022,20230101_38040_D01_S002,38040_D01_S002,Santiago del Teide,1,2,30454.0,11438.0,16124.0,14350.0,1.123623693379791,2023
2022,20230101_38040_D01_S003,38040_D01_S003,Santiago del Teide,1,3,34180.0,11620.0,16154.0,15050.0,1.0733554817275748,2023
2022,20230101_38040_D01_S004,38040_D01_S004,Santiago del Teide,1,4,30323.0,11263.0,15721.0,13650.0,1.1517216117216118,2023
2022,20230101_38041_D01_S001,38041_D01_S001,El Sauzal,1,1,52047.0,19327.0,24174.0,19950.0,1.2117293233082707,2023
2022,20230101_38041_D01_S002,38041_D01_S002,El Sauzal,1,2,36648.0,12903.0,17370.0,15750.0,1.1028571428571428,2023
2022,20230101_38041_D01_S003,38041_D01_S003,El Sauzal,1,3,33289.0,11500.0,15715.0,14350.0,1.0951219512195123,2023
2022,20230101_38041_D01_S004,38041_D01_S004,El Sauzal,1,4,51949.0,19289.0,24279.0,22050.0,1.1010884353741497,2023
2022,20230101_38041_D01_S005,38041_D01_S005,El Sauzal,1,5,41587.0,15570.0,19699.0,17150.0,1.1486297376093295,2023
2022,20230101_38041_D01_S006,38041_D01_S006,El Sauzal,1,6,35379.0,12105.0,16448.0,15750.0,1.0443174603174603,2023
2022,20230101_38042_D01_S001,38042_D01_S001,Los Silos,1,1,36780.0,13321.0,17637.0,15050.0,1.1718936877076411,2023
2022,20230101_38042_D01_S002,38042_D01_S002,Los Silos,1,2,28818.0,10584.0,14811.0,13650.0,1.0850549450549452,2023
2022,20230101_38042_D01_S003,38042_D01_S003,Los Silos,1,3,30827.0,10974.0,15597.0,14700.0,1.0610204081632653,2023
2022,20230101_38042_D01_S004,38042_D01_S004,Los Silos,1,4,36601.0,11917.0,16639.0,13650.0,1.218974358974359,2023
2022,20230101_38043_D01_S001,38043_D01_S001,Tacoronte,1,1,40559.0,15861.0,19878.0,17150.0,1.159067055393586,2023
2022,20230101_38043_D01_S002,38043_D01_S002,Tacoronte,1,2,42671.0,16235.0,20585.0,16450.0,1.2513677811550152,2023
2022,20230101_38043_D01_S003,38043_D01_S003,Tacoronte,1,3,44819.0,15503.0,20257.0,17850.0,1.1348459383753502,2023
2022,20230101_38043_D01_S004,38043_D01_S004,Tacoronte,1,4,33191.0,11426.0,15895.0,14350.0,1.1076655052264808,2023
2022,20230101_38043_D01_S005,38043_D01_S005,Tacoronte,1,5,52168.0,17878.0,22206.0,16450.0,1.3499088145896656,2023
2022,20230101_38043_D01_S006,38043_D01_S006,Tacoronte,1,6,41152.0,15711.0,19722.0,17150.0,1.1499708454810496,2023
2022,20230101_38043_D01_S007,38043_D01_S007,Tacoronte,1,7,38481.0,13239.0,17678.0,15750.0,1.1224126984126983,2023
2022,20230101_38043_D01_S008,38043_D01_S008,Tacoronte,1,8,44393.0,16629.0,21129.0,18550.0,1.1390296495956873,2023
2022,20230101_38043_D01_S009,38043_D01_S009,Tacoronte,1,9,36504.0,14684.0,18221.0,15050.0,1.2106976744186047,2023
2022,20230101_38043_D01_S010,38043_D01_S010,Tacoronte,1,10,47274.0,17188.0,21676.0,18550.0,1.1685175202156335,2023
2022,20230101_38043_D01_S011,38043_D01_S011,Tacoronte,1,11,43387.0,15744.0,20076.0,17850.0,1.1247058823529412,2023
2022,20230101_38043_D01_S012,38043_D01_S012,Tacoronte,1,12,34536.0,11829.0,16033.0,14350.0,1.1172822299651568,2023
2022,20230101_38043_D01_S013,38043_D01_S013,Tacoronte,1,13,36421.0,12926.0,17048.0,15050.0,1.1327574750830565,2023
2022,20230101_38043_D01_S014,38043_D01_S014,Tacoronte,1,14,55587.0,19382.0,24191.0,21350.0,1.1330679156908665,2023
2022,20230101_38043_D01_S015,38043_D01_S015,Tacoronte,1,15,40225.0,15570.0,19706.0,17150.0,1.1490379008746356,2023
2022,20230101_38044_D01_S001,38044_D01_S001,El Tanque,1,1,33587.0,11948.0,16206.0,14350.0,1.1293379790940767,2023
2022,20230101_38044_D01_S002,38044_D01_S002,El Tanque,1,2,29948.0,10621.0,14719.0,13650.0,1.0783150183150183,2023
2022,20230101_38045_D01_S001,38045_D01_S001,Tazacorte,1,1,31150.0,12815.0,17731.0,15050.0,1.178139534883721,2023
2022,20230101_38045_D01_S002,38045_D01_S002,Tazacorte,1,2,30223.0,13547.0,18471.0,15750.0,1.1727619047619047,2023
2022,20230101_38045_D01_S003,38045_D01_S003,Tazacorte,1,3,31235.0,12759.0,18038.0,15050.0,1.1985382059800664,2023
2022,20230101_38045_D01_S004,38045_D01_S004,Tazacorte,1,4,28236.0,11020.0,15639.0,14350.0,1.0898257839721255,2023
2022,20230101_38046_D01_S001,38046_D01_S001,Tegueste,1,1,53105.0,19548.0,23974.0,20650.0,1.1609685230024214,2023
2022,20230101_38046_D01_S002,38046_D01_S002,Tegueste,1,2,41679.0,15065.0,19731.0,17150.0,1.1504956268221573,2023
2022,20230101_38046_D01_S003,38046_D01_S003,Tegueste,1,3,44148.0,15360.0,20058.0,18550.0,1.0812938005390835,2023
2022,20230101_38046_D01_S004,38046_D01_S004,Tegueste,1,4,47856.0,16967.0,21857.0,18550.0,1.1782749326145552,2023
2022,20230101_38046_D01_S005,38046_D01_S005,Tegueste,1,5,54216.0,18236.0,23100.0,19250.0,1.2,2023
2022,20230101_38046_D01_S006,38046_D01_S006,Tegueste,1,6,67713.0,23027.0,28120.0,24150.0,1.1643892339544513,2023
2022,20230101_38046_D01_S007,38046_D01_S007,Tegueste,1,7,41873.0,15481.0,19737.0,17850.0,1.1057142857142856,2023
2022,20230101_38047_D01_S001,38047_D01_S001,Tijarafe,1,1,33846.0,14086.0,19198.0,15750.0,1.218920634920635,2023
2022,20230101_38047_D01_S002,38047_D01_S002,Tijarafe,1,2,30796.0,12332.0,18197.0,15050.0,1.2091029900332226,2023
2022,20230101_38048_D01_S001,38048_D01_S001,Valverde,1,1,40268.0,16552.0,20464.0,17850.0,1.1464425770308124,2023
2022,20230101_38048_D01_S002,38048_D01_S002,Valverde,1,2,35187.0,14356.0,18512.0,15750.0,1.1753650793650794,2023
2022,20230101_38048_D01_S004,38048_D01_S004,Valverde,1,4,44058.0,20015.0,23678.0,21350.0,1.10903981264637,2023
2022,20230101_38049_D01_S001,38049_D01_S001,Valle Gran Rey,1,1,31753.0,12910.0,17745.0,14350.0,1.2365853658536585,2023
2022,20230101_38049_D01_S002,38049_D01_S002,Valle Gran Rey,1,2,28747.0,12007.0,16902.0,14350.0,1.1778397212543554,2023
2022,20230101_38050_D01_S001,38050_D01_S001,Vallehermoso,1,1,28002.0,12705.0,17025.0,15050.0,1.1312292358803986,2023
2022,20230101_38050_D03_S001,38050_D03_S001,Vallehermoso,3,1,22742.0,12677.0,15588.0,14350.0,1.0862717770034844,2023
2022,20230101_38051_D01_S001,38051_D01_S001,La Victoria de Acentejo,1,1,28793.0,11380.0,14928.0,12950.0,1.1527413127413126,2023
2022,20230101_38051_D01_S002,38051_D01_S002,La Victoria de Acentejo,1,2,34889.0,13186.0,16985.0,15050.0,1.1285714285714286,2023
2022,20230101_38051_D01_S003,38051_D01_S003,La Victoria de Acentejo,1,3,27986.0,10223.0,13991.0,13650.0,1.024981684981685,2023
2022,20230101_38051_D01_S004,38051_D01_S004,La Victoria de Acentejo,1,4,26660.0,10057.0,13822.0,12950.0,1.0673359073359074,2023
2022,20230101_38051_D01_S005,38051_D01_S005,La Victoria de Acentejo,1,5,31760.0,11979.0,15842.0,14350.0,1.1039721254355401,2023
2022,20230101_38051_D01_S006,38051_D01_S006,La Victoria de Acentejo,1,6,31622.0,11918.0,15983.0,14350.0,1.1137979094076655,2023
2022,20230101_38051_D01_S007,38051_D01_S007,La Victoria de Acentejo,1,7,32527.0,12542.0,16419.0,14350.0,1.1441811846689895,2023
2022,20230101_38052_D01_S001,38052_D01_S001,Vilaflor de Chasna,1,1,34019.0,13615.0,17412.0,15750.0,1.1055238095238096,2023
2022,20230101_38053_D01_S001,38053_D01_S001,Villa de Mazo,1,1,43058.0,16523.0,23016.0,18550.0,1.2407547169811322,2023
2022,20230101_38053_D01_S002,38053_D01_S002,Villa de Mazo,1,2,37781.0,14229.0,19567.0,16450.0,1.189483282674772,2023
2022,20230101_38053_D01_S003,38053_D01_S003,Villa de Mazo,1,3,40408.0,14629.0,20481.0,17150.0,1.1942274052478135,2023
2022,20230101_38053_D01_S004,38053_D01_S004,Villa de Mazo,1,4,32729.0,12749.0,17843.0,15750.0,1.1328888888888888,2023
2022,20230101_38053_D01_S005,38053_D01_S005,Villa de Mazo,1,5,32971.0,11978.0,17212.0,16450.0,1.046322188449848,2023
2022,20230101_38901_D01_S001,38901_D01_S001,El Pinar de El Hierro,1,1,33662.0,13691.0,17576.0,15750.0,1.115936507936508,2023
2023,20240101_38001_D01_S001,38001_D01_S001,Adeje,1,1,40516.0,14822.0,19133.0,17850.0,1.0718767507002802,2024
2023,20240101_38001_D01_S002,38001_D01_S002,Adeje,1,2,37425.0,12642.0,16791.0,16450.0,1.0207294832826748,2024
2023,20240101_38001_D01_S003,38001_D01_S003,Adeje,1,3,48975.0,16821.0,20955.0,15750.0,1.3304761904761904,2024
2023,20240101_38001_D01_S004,38001_D01_S004,Adeje,1,4,34987.0,12433.0,16663.0,15750.0,1.057968253968254,2024
2023,20240101_38001_D01_S005,38001_D01_S005,Adeje,1,5,43456.0,14126.0,18812.0,17150.0,1.0969096209912537,2024
2023,20240101_38001_D01_S006,38001_D01_S006,Adeje,1,6,39473.0,12556.0,17186.0,17150.0,1.0020991253644316,2024
2023,20240101_38001_D01_S007,38001_D01_S007,Adeje,1,7,29288.0,12334.0,14856.0,12950.0,1.147181467181467,2024
2023,20240101_38001_D01_S008,38001_D01_S008,Adeje,1,8,37303.0,14967.0,17974.0,16450.0,1.092644376899696,2024
2023,20240101_38001_D01_S009,38001_D01_S009,Adeje,1,9,52506.0,17495.0,21861.0,19250.0,1.1356363636363636,2024
2023,20240101_38001_D01_S010,38001_D01_S010,Adeje,1,10,62234.0,17919.0,23549.0,21350.0,1.1029976580796252,2024
2023,20240101_38001_D01_S011,38001_D01_S011,Adeje,1,11,31699.0,13447.0,15773.0,12950.0,1.217992277992278,2024
2023,20240101_38001_D01_S012,38001_D01_S012,Adeje,1,12,41070.0,13817.0,18173.0,17150.0,1.0596501457725946,2024
2023,20240101_38001_D01_S013,38001_D01_S013,Adeje,1,13,47646.0,16588.0,20819.0,16450.0,1.2655927051671731,2024
2023,20240101_38001_D01_S014,38001_D01_S014,Adeje,1,14,38502.0,13510.0,17452.0,15050.0,1.1596013289036544,2024
2023,20240101_38001_D01_S015,38001_D01_S015,Adeje,1,15,37708.0,12546.0,16741.0,15050.0,1.112358803986711,2024
2023,20240101_38001_D01_S016,38001_D01_S016,Adeje,1,16,42798.0,14608.0,18697.0,16450.0,1.136595744680851,2024
2023,20240101_38001_D01_S017,38001_D01_S017,Adeje,1,17,33065.0,13613.0,16296.0,14350.0,1.1356097560975609,2024
2023,20240101_38001_D01_S018,38001_D01_S018,Adeje,1,18,45234.0,16914.0,20261.0,16450.0,1.2316717325227964,2024
2023,20240101_38002_D01_S001,38002_D01_S001,Agulo,1,1,37568.0,16826.0,20808.0,19250.0,1.0809350649350649,2024
2023,20240101_38003_D01_S001,38003_D01_S001,Alajeró,1,1,39053.0,16840.0,20500.0,19250.0,1.0649350649350648,2024
2023,20240101_38004_D01_S001,38004_D01_S001,Arafo,1,1,43062.0,16167.0,20466.0,18550.0,1.103288409703504,2024
2023,20240101_38004_D01_S002,38004_D01_S002,Arafo,1,2,40479.0,14130.0,18586.0,16450.0,1.1298480243161093,2024
2023,20240101_38004_D01_S003,38004_D01_S003,Arafo,1,3,45754.0,17149.0,21470.0,19250.0,1.1153246753246753,2024
2023,20240101_38005_D01_S001,38005_D01_S001,Arico,1,1,31696.0,12166.0,16018.0,15050.0,1.0643189368770765,2024
2023,20240101_38005_D01_S002,38005_D01_S002,Arico,1,2,35893.0,12929.0,17275.0,15750.0,1.096825396825397,2024
2023,20240101_38005_D01_S003,38005_D01_S003,Arico,1,3,35715.0,13743.0,17723.0,17150.0,1.033411078717201,2024
2023,20240101_38005_D01_S004,38005_D01_S004,Arico,1,4,35502.0,15993.0,19125.0,17150.0,1.1151603498542273,2024
2023,20240101_38005_D01_S005,38005_D01_S005,Arico,1,5,31184.0,13430.0,16745.0,15750.0,1.0631746031746032,2024
2023,20240101_38005_D01_S006,38005_D01_S006,Arico,1,6,37055.0,13931.0,18256.0,17150.0,1.0644897959183675,2024
2023,20240101_38006_D01_S001,38006_D01_S001,Arona,1,1,40900.0,14293.0,18831.0,18550.0,1.0151482479784366,2024
2023,20240101_38006_D01_S002,38006_D01_S002,Arona,1,2,36475.0,13053.0,17164.0,15750.0,1.0897777777777777,2024
2023,20240101_38006_D01_S003,38006_D01_S003,Arona,1,3,40039.0,13826.0,18346.0,16450.0,1.115258358662614,2024
2023,20240101_38006_D01_S004,38006_D01_S004,Arona,1,4,36035.0,12408.0,16866.0,16450.0,1.025288753799392,2024
2023,20240101_38006_D01_S005,38006_D01_S005,Arona,1,5,33159.0,12894.0,16482.0,14350.0,1.1485714285714286,2024
2023,20240101_38006_D01_S006,38006_D01_S006,Arona,1,6,34487.0,16018.0,19195.0,15750.0,1.2187301587301587,2024
2023,20240101_38006_D01_S007,38006_D01_S007,Arona,1,7,28923.0,9535.0,13080.0,11550.0,1.1324675324675324,2024
2023,20240101_38006_D01_S008,38006_D01_S008,Arona,1,8,32795.0,12150.0,15732.0,14350.0,1.0963066202090592,2024
2023,20240101_38006_D01_S009,38006_D01_S009,Arona,1,9,35677.0,12853.0,16976.0,15750.0,1.0778412698412698,2024
2023,20240101_38006_D01_S010,38006_D01_S010,Arona,1,10,37171.0,13353.0,17752.0,17150.0,1.0351020408163265,2024
2023,20240101_38006_D01_S011,38006_D01_S011,Arona,1,11,37250.0,14896.0,17765.0,14350.0,1.237979094076655,2024
2023,20240101_38006_D01_S012,38006_D01_S012,Arona,1,12,34002.0,11350.0,15851.0,15050.0,1.0532225913621263,2024
2023,20240101_38006_D01_S013,38006_D01_S013,Arona,1,13,29940.0,9300.0,13050.0,12250.0,1.0653061224489795,2024
2023,20240101_38006_D01_S014,38006_D01_S014,Arona,1,14,39480.0,15542.0,19103.0,15750.0,1.212888888888889,2024
2023,20240101_38006_D01_S015,38006_D01_S015,Arona,1,15,44846.0,16658.0,20701.0,16450.0,1.258419452887538,2024
2023,20240101_38006_D01_S016,38006_D01_S016,Arona,1,16,26791.0,12539.0,14851.0,13650.0,1.087985347985348,2024
2023,20240101_38006_D01_S017,38006_D01_S017,Arona,1,17,34478.0,14234.0,17470.0,15050.0,1.160797342192691,2024
2023,20240101_38006_D01_S018,38006_D01_S018,Arona,1,18,41578.0,13699.0,18057.0,17150.0,1.0528862973760933,2024
2023,20240101_38006_D01_S019,38006_D01_S019,Arona,1,19,36396.0,15538.0,18608.0,14350.0,1.2967247386759582,2024
2023,20240101_38006_D01_S020,38006_D01_S020,Arona,1,20,36190.0,16603.0,18937.0,15750.0,1.2023492063492063,2024
2023,20240101_38006_D01_S021,38006_D01_S021,Arona,1,21,31519.0,11476.0,15380.0,14350.0,1.0717770034843206,2024
2023,20240101_38006_D01_S022,38006_D01_S022,Arona,1,22,39495.0,13486.0,17818.0,17150.0,1.0389504373177842,2024
2023,20240101_38006_D01_S023,38006_D01_S023,Arona,1,23,30345.0,11250.0,14756.0,13650.0,1.081025641025641,2024
2023,20240101_38006_D01_S024,38006_D01_S024,Arona,1,24,37287.0,12587.0,16984.0,15750.0,1.0783492063492064,2024
2023,20240101_38006_D01_S025,38006_D01_S025,Arona,1,25,40324.0,14589.0,18911.0,17850.0,1.0594397759103642,2024
2023,20240101_38006_D01_S026,38006_D01_S026,Arona,1,26,41724.0,15729.0,19042.0,15750.0,1.209015873015873,2024
2023,20240101_38006_D01_S027,38006_D01_S027,Arona,1,27,35311.0,12508.0,16512.0,15750.0,1.0483809523809524,2024
2023,20240101_38006_D01_S028,38006_D01_S028,Arona,1,28,32423.0,10825.0,14624.0,13650.0,1.0713553113553114,2024
2023,20240101_38006_D01_S029,38006_D01_S029,Arona,1,29,30048.0,9923.0,13750.0,12950.0,1.0617760617760619,2024
2023,20240101_38006_D01_S030,38006_D01_S030,Arona,1,30,33155.0,11766.0,15559.0,15050.0,1.0338205980066446,2024
2023,20240101_38006_D01_S031,38006_D01_S031,Arona,1,31,29249.0,9492.0,13055.0,12250.0,1.0657142857142856,2024
2023,20240101_38006_D01_S032,38006_D01_S032,Arona,1,32,29149.0,12274.0,15365.0,14350.0,1.0707317073170732,2024
2023,20240101_38006_D01_S033,38006_D01_S033,Arona,1,33,38576.0,17610.0,19780.0,16450.0,1.2024316109422493,2024
2023,20240101_38006_D01_S034,38006_D01_S034,Arona,1,34,34398.0,12353.0,16293.0,14350.0,1.1354006968641115,2024
2023,20240101_38007_D01_S001,38007_D01_S001,Barlovento,1,1,35588.0,13717.0,18344.0,15050.0,1.2188704318936876,2024
2023,20240101_38008_D01_S001,38008_D01_S001,Breña Alta,1,1,43016.0,15805.0,21472.0,17150.0,1.2520116618075803,2024
2023,20240101_38008_D01_S002,38008_D01_S002,Breña Alta,1,2,46891.0,17603.0,23939.0,19250.0,1.2435844155844156,2024
2023,20240101_38008_D01_S003,38008_D01_S003,Breña Alta,1,3,51043.0,19104.0,25588.0,21350.0,1.1985011709601874,2024
2023,20240101_38008_D01_S004,38008_D01_S004,Breña Alta,1,4,39199.0,14434.0,19898.0,17850.0,1.114733893557423,2024
2023,20240101_38009_D01_S001,38009_D01_S001,Breña Baja,1,1,48535.0,17847.0,24312.0,19950.0,1.2186466165413534,2024
2023,20240101_38009_D01_S002,38009_D01_S002,Breña Baja,1,2,47539.0,17070.0,23136.0,20650.0,1.1203874092009685,2024
2023,20240101_38009_D01_S003,38009_D01_S003,Breña Baja,1,3,53138.0,22374.0,28796.0,24150.0,1.1923809523809523,2024
2023,20240101_38009_D01_S004,38009_D01_S004,Breña Baja,1,4,51287.0,20574.0,26960.0,21350.0,1.2627634660421545,2024
2023,20240101_38010_D01_S001,38010_D01_S001,Buenavista del Norte,1,1,37986.0,14642.0,19054.0,15750.0,1.2097777777777778,2024
2023,20240101_38010_D01_S002,38010_D01_S002,Buenavista del Norte,1,2,28646.0,10982.0,15268.0,14350.0,1.06397212543554,2024
2023,20240101_38010_D01_S003,38010_D01_S003,Buenavista del Norte,1,3,34158.0,12827.0,17085.0,15750.0,1.0847619047619048,2024
2023,20240101_38010_D01_S004,38010_D01_S004,Buenavista del Norte,1,4,35179.0,12948.0,17447.0,15750.0,1.1077460317460317,2024
2023,20240101_38011_D01_S001,38011_D01_S001,Candelaria,1,1,47519.0,16974.0,21639.0,19250.0,1.124103896103896,2024
2023,20240101_38011_D01_S002,38011_D01_S002,Candelaria,1,2,46340.0,16413.0,21085.0,19250.0,1.0953246753246753,2024
2023,20240101_38011_D01_S003,38011_D01_S003,Candelaria,1,3,41682.0,17868.0,21571.0,19250.0,1.1205714285714286,2024
2023,20240101_38011_D01_S004,38011_D01_S004,Candelaria,1,4,38905.0,16608.0,20172.0,17850.0,1.1300840336134454,2024
2023,20240101_38011_D01_S005,38011_D01_S005,Candelaria,1,5,49455.0,19527.0,23591.0,20650.0,1.1424213075060532,2024
2023,20240101_38011_D01_S006,38011_D01_S006,Candelaria,1,6,39917.0,18107.0,21380.0,19950.0,1.0716791979949876,2024
2023,20240101_38011_D01_S007,38011_D01_S007,Candelaria,1,7,42652.0,19563.0,22728.0,20650.0,1.1006295399515738,2024
2023,20240101_38011_D01_S008,38011_D01_S008,Candelaria,1,8,40072.0,16469.0,20492.0,19250.0,1.0645194805194804,2024
2023,20240101_38011_D01_S009,38011_D01_S009,Candelaria,1,9,66240.0,22489.0,27411.0,26250.0,1.0442285714285715,2024
2023,20240101_38011_D01_S010,38011_D01_S010,Candelaria,1,10,38247.0,17287.0,20521.0,18550.0,1.1062533692722372,2024
2023,20240101_38011_D01_S011,38011_D01_S011,Candelaria,1,11,44862.0,19014.0,22873.0,21350.0,1.0713348946135832,2024
2023,20240101_38011_D01_S012,38011_D01_S012,Candelaria,1,12,45283.0,21471.0,24573.0,22050.0,1.1144217687074829,2024
2023,20240101_38011_D02_S001,38011_D02_S001,Candelaria,2,1,50013.0,17439.0,22620.0,20650.0,1.0953995157384988,2024
2023,20240101_38011_D02_S002,38011_D02_S002,Candelaria,2,2,58220.0,20119.0,25377.0,22050.0,1.1508843537414966,2024
2023,20240101_38011_D02_S003,38011_D02_S003,Candelaria,2,3,44440.0,16025.0,20721.0,17850.0,1.1608403361344537,2024
2023,20240101_38011_D02_S004,38011_D02_S004,Candelaria,2,4,42796.0,16239.0,20565.0,18550.0,1.1086253369272236,2024
2023,20240101_38011_D02_S005,38011_D02_S005,Candelaria,2,5,80889.0,26689.0,31769.0,30450.0,1.0433169129720854,2024
2023,20240101_38012_D01_S001,38012_D01_S001,Fasnia,1,1,39531.0,16336.0,20434.0,18550.0,1.1015633423180593,2024
2023,20240101_38012_D01_S002,38012_D01_S002,Fasnia,1,2,34480.0,14885.0,18376.0,17150.0,1.0714868804664723,2024
2023,20240101_38013_D01_S001,38013_D01_S001,Frontera,1,1,39968.0,13934.0,18170.0,15750.0,1.1536507936507936,2024
2023,20240101_38013_D01_S002,38013_D01_S002,Frontera,1,2,39042.0,13667.0,17750.0,15750.0,1.126984126984127,2024
2023,20240101_38014_D01_S001,38014_D01_S001,Fuencaliente de La Palma,1,1,32757.0,13991.0,18335.0,17150.0,1.0690962099125365,2024
2023,20240101_38014_D01_S002,38014_D01_S002,Fuencaliente de La Palma,1,2,29193.0,13647.0,17525.0,15750.0,1.1126984126984127,2024
2023,20240101_38015_D01_S001,38015_D01_S001,Garachico,1,1,39609.0,14111.0,18465.0,16450.0,1.1224924012158055,2024
2023,20240101_38015_D01_S002,38015_D01_S002,Garachico,1,2,45179.0,17583.0,21587.0,17150.0,1.2587172011661807,2024
2023,20240101_38015_D02_S001,38015_D02_S001,Garachico,2,1,36651.0,12790.0,17090.0,14350.0,1.1909407665505227,2024
2023,20240101_38015_D02_S002,38015_D02_S002,Garachico,2,2,30532.0,11391.0,15312.0,14350.0,1.0670383275261324,2024
2023,20240101_38016_D01_S001,38016_D01_S001,Garafía,1,1,26264.0,11139.0,14713.0,12950.0,1.136138996138996,2024
2023,20240101_38017_D01_S001,38017_D01_S001,Granadilla de Abona,1,1,44937.0,14376.0,19660.0,17850.0,1.1014005602240897,2024
2023,20240101_38017_D01_S002,38017_D01_S002,Granadilla de Abona,1,2,44416.0,14176.0,19439.0,18550.0,1.0479245283018868,2024
2023,20240101_38017_D01_S003,38017_D01_S003,Granadilla de Abona,1,3,35014.0,11617.0,15763.0,15050.0,1.047375415282392,2024
2023,20240101_38017_D01_S004,38017_D01_S004,Granadilla de Abona,1,4,35435.0,12100.0,16461.0,15050.0,1.0937541528239203,2024
2023,20240101_38017_D01_S005,38017_D01_S005,Granadilla de Abona,1,5,37050.0,13533.0,17842.0,17150.0,1.0403498542274052,2024
2023,20240101_38017_D01_S006,38017_D01_S006,Granadilla de Abona,1,6,43552.0,14968.0,19053.0,16450.0,1.1582370820668693,2024
2023,20240101_38017_D01_S007,38017_D01_S007,Granadilla de Abona,1,7,38448.0,16640.0,19333.0,16450.0,1.175258358662614,2024
2023,20240101_38017_D01_S008,38017_D01_S008,Granadilla de Abona,1,8,33925.0,11564.0,15589.0,14350.0,1.0863414634146342,2024
2023,20240101_38017_D01_S009,38017_D01_S009,Granadilla de Abona,1,9,41560.0,13792.0,18543.0,17150.0,1.0812244897959185,2024
2023,20240101_38017_D01_S010,38017_D01_S010,Granadilla de Abona,1,10,37462.0,15064.0,18265.0,16450.0,1.1103343465045592,2024
2023,20240101_38017_D01_S011,38017_D01_S011,Granadilla de Abona,1,11,37031.0,10996.0,15356.0,15050.0,1.0203322259136212,2024
2023,20240101_38017_D01_S012,38017_D01_S012,Granadilla de Abona,1,12,42979.0,14165.0,19016.0,17850.0,1.0653221288515407,2024
2023,20240101_38017_D01_S013,38017_D01_S013,Granadilla de Abona,1,13,35165.0,11284.0,15479.0,14350.0,1.0786759581881533,2024
2023,20240101_38017_D01_S014,38017_D01_S014,Granadilla de Abona,1,14,39948.0,17853.0,20680.0,17850.0,1.1585434173669469,2024
2023,20240101_38017_D01_S015,38017_D01_S015,Granadilla de Abona,1,15,33546.0,10695.0,14832.0,14350.0,1.033588850174216,2024
2023,20240101_38017_D01_S016,38017_D01_S016,Granadilla de Abona,1,16,36733.0,13185.0,17461.0,15750.0,1.1086349206349206,2024
2023,20240101_38017_D01_S017,38017_D01_S017,Granadilla de Abona,1,17,44396.0,13493.0,18325.0,17850.0,1.026610644257703,2024
2023,20240101_38017_D01_S018,38017_D01_S018,Granadilla de Abona,1,18,56524.0,20292.0,23650.0,19950.0,1.1854636591478698,2024
2023,20240101_38017_D01_S019,38017_D01_S019,Granadilla de Abona,1,19,35537.0,12088.0,16109.0,15050.0,1.0703654485049834,2024
2023,20240101_38017_D01_S020,38017_D01_S020,Granadilla de Abona,1,20,37023.0,11517.0,15744.0,14350.0,1.0971428571428572,2024
2023,20240101_38017_D01_S021,38017_D01_S021,Granadilla de Abona,1,21,33920.0,13933.0,16919.0,14350.0,1.1790243902439024,2024
2023,20240101_38017_D01_S022,38017_D01_S022,Granadilla de Abona,1,22,42304.0,12673.0,17455.0,16450.0,1.061094224924012,2024
2023,20240101_38017_D01_S023,38017_D01_S023,Granadilla de Abona,1,23,35409.0,10963.0,15072.0,13650.0,1.1041758241758242,2024
2023,20240101_38017_D01_S024,38017_D01_S024,Granadilla de Abona,1,24,35704.0,10965.0,15250.0,15050.0,1.0132890365448506,2024
2023,20240101_38017_D01_S025,38017_D01_S025,Granadilla de Abona,1,25,34003.0,10797.0,14794.0,14350.0,1.0309407665505226,2024
2023,20240101_38017_D01_S026,38017_D01_S026,Granadilla de Abona,1,26,38370.0,11868.0,16165.0,15050.0,1.0740863787375414,2024
2023,20240101_38017_D01_S027,38017_D01_S027,Granadilla de Abona,1,27,63080.0,22331.0,26772.0,22750.0,1.1767912087912087,2024
2023,20240101_38018_D01_S001,38018_D01_S001,La Guancha,1,1,37717.0,14114.0,18672.0,17850.0,1.0460504201680672,2024
2023,20240101_38018_D01_S002,38018_D01_S002,La Guancha,1,2,35532.0,12715.0,17209.0,15750.0,1.0926349206349206,2024
2023,20240101_38018_D01_S003,38018_D01_S003,La Guancha,1,3,37301.0,13460.0,18094.0,16450.0,1.0999392097264438,2024
2023,20240101_38019_D01_S001,38019_D01_S001,Guía de Isora,1,1,37910.0,13642.0,18261.0,17150.0,1.0647813411078717,2024
2023,20240101_38019_D01_S002,38019_D01_S002,Guía de Isora,1,2,38731.0,12619.0,17351.0,16450.0,1.0547720364741642,2024
2023,20240101_38019_D01_S003,38019_D01_S003,Guía de Isora,1,3,37659.0,13660.0,18130.0,17150.0,1.0571428571428572,2024
2023,20240101_38019_D01_S004,38019_D01_S004,Guía de Isora,1,4,42410.0,13966.0,18735.0,17850.0,1.0495798319327732,2024
2023,20240101_38019_D01_S005,38019_D01_S005,Guía de Isora,1,5,36529.0,13184.0,17036.0,16450.0,1.0356231003039513,2024
2023,20240101_38019_D01_S007,38019_D01_S007,Guía de Isora,1,7,39766.0,12710.0,17394.0,16450.0,1.057386018237082,2024
2023,20240101_38019_D01_S008,38019_D01_S008,Guía de Isora,1,8,38876.0,14946.0,18956.0,17150.0,1.1053061224489795,2024
2023,20240101_38019_D01_S009,38019_D01_S009,Guía de Isora,1,9,34759.0,13057.0,16868.0,15750.0,1.070984126984127,2024
2023,20240101_38019_D01_S010,38019_D01_S010,Guía de Isora,1,10,38249.0,13897.0,18060.0,17150.0,1.0530612244897959,2024
2023,20240101_38019_D01_S011,38019_D01_S011,Guía de Isora,1,11,38339.0,13026.0,17657.0,15750.0,1.1210793650793651,2024
2023,20240101_38020_D01_S001,38020_D01_S001,Güímar,1,1,43478.0,16257.0,20509.0,17850.0,1.1489635854341738,2024
2023,20240101_38020_D01_S002,38020_D01_S002,Güímar,1,2,44775.0,15651.0,20429.0,18550.0,1.1012938005390835,2024
2023,20240101_38020_D01_S003,38020_D01_S003,Güímar,1,3,44146.0,16187.0,20653.0,18550.0,1.1133692722371968,2024
2023,20240101_38020_D01_S004,38020_D01_S004,Güímar,1,4,48220.0,15906.0,20738.0,18550.0,1.1179514824797843,2024
2023,20240101_38020_D01_S005,38020_D01_S005,Güímar,1,5,38473.0,13472.0,18106.0,15750.0,1.1495873015873015,2024
2023,20240101_38020_D01_S006,38020_D01_S006,Güímar,1,6,37454.0,12938.0,17399.0,16450.0,1.0576899696048632,2024
2023,20240101_38020_D01_S007,38020_D01_S007,Güímar,1,7,38364.0,16444.0,19902.0,17850.0,1.1149579831932772,2024
2023,20240101_38020_D01_S008,38020_D01_S008,Güímar,1,8,39383.0,13062.0,17864.0,16450.0,1.0859574468085107,2024
2023,20240101_38020_D01_S009,38020_D01_S009,Güímar,1,9,28582.0,10486.0,14541.0,13650.0,1.0652747252747252,2024
2023,20240101_38020_D01_S010,38020_D01_S010,Güímar,1,10,56604.0,17921.0,23350.0,21350.0,1.0936768149882905,2024
2023,20240101_38020_D01_S011,38020_D01_S011,Güímar,1,11,37881.0,15461.0,19506.0,18550.0,1.0515363881401618,2024
2023,20240101_38020_D01_S012,38020_D01_S012,Güímar,1,12,42957.0,19916.0,23254.0,21350.0,1.0891803278688525,2024
2023,20240101_38020_D02_S001,38020_D02_S001,Güímar,2,1,42301.0,14125.0,18722.0,17150.0,1.091661807580175,2024
2023,20240101_38020_D02_S002,38020_D02_S002,Güímar,2,2,38975.0,14465.0,18680.0,16450.0,1.135562310030395,2024
2023,20240101_38020_D03_S001,38020_D03_S001,Güímar,3,1,34809.0,13913.0,17948.0,17150.0,1.0465306122448979,2024
2023,20240101_38020_D03_S002,38020_D03_S002,Güímar,3,2,33138.0,13616.0,17077.0,15050.0,1.1346843853820598,2024
2023,20240101_38021_D01_S001,38021_D01_S001,Hermigua,1,1,38024.0,15756.0,20274.0,18550.0,1.0929380053908355,2024
2023,20240101_38021_D02_S001,38021_D02_S001,Hermigua,2,1,38536.0,15868.0,19786.0,17850.0,1.1084593837535015,2024
2023,20240101_38022_D01_S001,38022_D01_S001,Icod de los Vinos,1,1,42189.0,15381.0,19700.0,15750.0,1.2507936507936508,2024
2023,20240101_38022_D01_S002,38022_D01_S002,Icod de los Vinos,1,2,37516.0,14378.0,18040.0,15750.0,1.1453968253968254,2024
2023,20240101_38022_D01_S003,38022_D01_S003,Icod de los Vinos,1,3,39823.0,16641.0,20203.0,17150.0,1.1780174927113702,2024
2023,20240101_38022_D01_S004,38022_D01_S004,Icod de los Vinos,1,4,37298.0,14516.0,18234.0,15050.0,1.21156146179402,2024
2023,20240101_38022_D01_S005,38022_D01_S005,Icod de los Vinos,1,5,35223.0,12580.0,16335.0,14350.0,1.1383275261324042,2024
2023,20240101_38022_D01_S006,38022_D01_S006,Icod de los Vinos,1,6,37639.0,14489.0,18555.0,16450.0,1.1279635258358662,2024
2023,20240101_38022_D02_S001,38022_D02_S001,Icod de los Vinos,2,1,28614.0,10598.0,14602.0,13650.0,1.0697435897435899,2024
2023,20240101_38022_D02_S002,38022_D02_S002,Icod de los Vinos,2,2,31111.0,10992.0,15246.0,14350.0,1.062439024390244,2024
2023,20240101_38022_D03_S001,38022_D03_S001,Icod de los Vinos,3,1,33078.0,11735.0,15903.0,15050.0,1.0566777408637873,2024
2023,20240101_38022_D03_S002,38022_D03_S002,Icod de los Vinos,3,2,32683.0,11393.0,15591.0,15050.0,1.0359468438538206,2024
2023,20240101_38022_D03_S003,38022_D03_S003,Icod de los Vinos,3,3,31760.0,11398.0,15505.0,15050.0,1.0302325581395348,2024
2023,20240101_38022_D03_S004,38022_D03_S004,Icod de los Vinos,3,4,32125.0,11493.0,15591.0,14350.0,1.0864808362369338,2024
2023,20240101_38022_D04_S001,38022_D04_S001,Icod de los Vinos,4,1,38126.0,12463.0,17179.0,15750.0,1.0907301587301588,2024
2023,20240101_38022_D04_S002,38022_D04_S002,Icod de los Vinos,4,2,35246.0,12883.0,17063.0,15750.0,1.0833650793650793,2024
2023,20240101_38022_D04_S003,38022_D04_S003,Icod de los Vinos,4,3,31667.0,11464.0,15370.0,14350.0,1.0710801393728222,2024
2023,20240101_38022_D04_S004,38022_D04_S004,Icod de los Vinos,4,4,37043.0,13069.0,17732.0,17150.0,1.033935860058309,2024
2023,20240101_38022_D05_S001,38022_D05_S001,Icod de los Vinos,5,1,27053.0,12156.0,14740.0,12950.0,1.1382239382239383,2024
2023,20240101_38022_D05_S002,38022_D05_S002,Icod de los Vinos,5,2,35359.0,12508.0,16579.0,14350.0,1.1553310104529617,2024
2023,20240101_38023_D01_S001,38023_D01_S001,San Cristóbal de La Laguna,1,1,65920.0,24343.0,28416.0,25200.0,1.1276190476190475,2024
2023,20240101_38023_D01_S002,38023_D01_S002,San Cristóbal de La Laguna,1,2,37861.0,17659.0,20821.0,18550.0,1.1224258760107817,2024
2023,20240101_38023_D01_S003,38023_D01_S003,San Cristóbal de La Laguna,1,3,47166.0,18714.0,22914.0,21350.0,1.073255269320843,2024
2023,20240101_38023_D01_S004,38023_D01_S004,San Cristóbal de La Laguna,1,4,32472.0,11567.0,15575.0,14350.0,1.0853658536585367,2024
2023,20240101_38023_D01_S005,38023_D01_S005,San Cristóbal de La Laguna,1,5,62891.0,23621.0,28722.0,22050.0,1.3025850340136054,2024
2023,20240101_38023_D01_S006,38023_D01_S006,San Cristóbal de La Laguna,1,6,49621.0,18373.0,22847.0,21350.0,1.0701170960187354,2024
2023,20240101_38023_D01_S007,38023_D01_S007,San Cristóbal de La Laguna,1,7,44106.0,17950.0,21735.0,19250.0,1.1290909090909091,2024
2023,20240101_38023_D01_S008,38023_D01_S008,San Cristóbal de La Laguna,1,8,43743.0,18361.0,21580.0,18550.0,1.1633423180592992,2024
2023,20240101_38023_D01_S009,38023_D01_S009,San Cristóbal de La Laguna,1,9,55750.0,18349.0,23447.0,20650.0,1.1354479418886199,2024
2023,20240101_38023_D01_S010,38023_D01_S010,San Cristóbal de La Laguna,1,10,55572.0,19450.0,24085.0,21350.0,1.128103044496487,2024
2023,20240101_38023_D01_S011,38023_D01_S011,San Cristóbal de La Laguna,1,11,45923.0,17916.0,22010.0,19250.0,1.1433766233766234,2024
2023,20240101_38023_D01_S012,38023_D01_S012,San Cristóbal de La Laguna,1,12,31043.0,15179.0,18178.0,16450.0,1.1050455927051672,2024
2023,20240101_38023_D01_S013,38023_D01_S013,San Cristóbal de La Laguna,1,13,61732.0,23672.0,27798.0,24850.0,1.1186317907444667,2024
2023,20240101_38023_D01_S014,38023_D01_S014,San Cristóbal de La Laguna,1,14,81150.0,25032.0,30710.0,24850.0,1.2358148893360161,2024
2023,20240101_38023_D01_S015,38023_D01_S015,San Cristóbal de La Laguna,1,15,105751.0,34445.0,40700.0,33250.0,1.2240601503759398,2024
2023,20240101_38023_D01_S016,38023_D01_S016,San Cristóbal de La Laguna,1,16,63709.0,25546.0,29282.0,25550.0,1.1460665362035225,2024
2023,20240101_38023_D01_S017,38023_D01_S017,San Cristóbal de La Laguna,1,17,53952.0,23744.0,27075.0,25550.0,1.0596868884540118,2024
2023,20240101_38023_D01_S018,38023_D01_S018,San Cristóbal de La Laguna,1,18,36143.0,13951.0,18047.0,16450.0,1.0970820668693009,2024
2023,20240101_38023_D01_S019,38023_D01_S019,San Cristóbal de La Laguna,1,19,53323.0,23976.0,26729.0,24150.0,1.1067908902691512,2024
2023,20240101_38023_D01_S020,38023_D01_S020,San Cristóbal de La Laguna,1,20,48609.0,21504.0,24861.0,22050.0,1.127482993197279,2024
2023,20240101_38023_D01_S021,38023_D01_S021,San Cristóbal de La Laguna,1,21,50800.0,21957.0,25484.0,23450.0,1.0867377398720681,2024
2023,20240101_38023_D01_S022,38023_D01_S022,San Cristóbal de La Laguna,1,22,40220.0,16290.0,20086.0,17850.0,1.125266106442577,2024
2023,20240101_38023_D01_S023,38023_D01_S023,San Cristóbal de La Laguna,1,23,41646.0,19942.0,22282.0,20650.0,1.0790314769975786,2024
2023,20240101_38023_D01_S024,38023_D01_S024,San Cristóbal de La Laguna,1,24,31513.0,12046.0,15827.0,15750.0,1.004888888888889,2024
2023,20240101_38023_D01_S025,38023_D01_S025,San Cristóbal de La Laguna,1,25,48376.0,16906.0,21592.0,19250.0,1.1216623376623376,2024
2023,20240101_38023_D01_S026,38023_D01_S026,San Cristóbal de La Laguna,1,26,57999.0,24641.0,28147.0,25550.0,1.1016438356164384,2024
2023,20240101_38023_D01_S027,38023_D01_S027,San Cristóbal de La Laguna,1,27,40209.0,15947.0,20028.0,18550.0,1.0796765498652292,2024
2023,20240101_38023_D01_S028,38023_D01_S028,San Cristóbal de La Laguna,1,28,55747.0,22535.0,26429.0,25550.0,1.0344031311154598,2024
2023,20240101_38023_D01_S029,38023_D01_S029,San Cristóbal de La Laguna,1,29,61193.0,24232.0,28239.0,25550.0,1.1052446183953033,2024
2023,20240101_38023_D01_S030,38023_D01_S030,San Cristóbal de La Laguna,1,30,93007.0,29463.0,34928.0,31850.0,1.096640502354788,2024
2023,20240101_38023_D01_S031,38023_D01_S031,San Cristóbal de La Laguna,1,31,79331.0,27162.0,32910.0,31150.0,1.0565008025682183,2024
2023,20240101_38023_D01_S032,38023_D01_S032,San Cristóbal de La Laguna,1,32,32507.0,12951.0,16534.0,15050.0,1.0986046511627907,2024
2023,20240101_38023_D01_S033,38023_D01_S033,San Cristóbal de La Laguna,1,33,46464.0,17053.0,21377.0,18550.0,1.152398921832884,2024
2023,20240101_38023_D02_S001,38023_D02_S001,San Cristóbal de La Laguna,2,1,32354.0,12774.0,16277.0,14350.0,1.1342857142857143,2024
2023,20240101_38023_D02_S002,38023_D02_S002,San Cristóbal de La Laguna,2,2,30208.0,11476.0,14881.0,12950.0,1.1491119691119691,2024
2023,20240101_38023_D02_S003,38023_D02_S003,San Cristóbal de La Laguna,2,3,37695.0,15203.0,19031.0,17850.0,1.0661624649859944,2024
2023,20240101_38023_D02_S004,38023_D02_S004,San Cristóbal de La Laguna,2,4,37583.0,13937.0,17626.0,15750.0,1.1191111111111112,2024
2023,20240101_38023_D02_S005,38023_D02_S005,San Cristóbal de La Laguna,2,5,38101.0,15194.0,18962.0,17150.0,1.105655976676385,2024
2023,20240101_38023_D02_S006,38023_D02_S006,San Cristóbal de La Laguna,2,6,31844.0,11297.0,15137.0,13650.0,1.108937728937729,2024
2023,20240101_38023_D02_S007,38023_D02_S007,San Cristóbal de La Laguna,2,7,33756.0,13076.0,16796.0,15750.0,1.0664126984126985,2024
2023,20240101_38023_D02_S008,38023_D02_S008,San Cristóbal de La Laguna,2,8,30714.0,11327.0,15072.0,13650.0,1.1041758241758242,2024
2023,20240101_38023_D02_S009,38023_D02_S009,San Cristóbal de La Laguna,2,9,32464.0,12815.0,16525.0,15750.0,1.0492063492063493,2024
2023,20240101_38023_D02_S010,38023_D02_S010,San Cristóbal de La Laguna,2,10,32217.0,12126.0,15881.0,14350.0,1.1066898954703832,2024
2023,20240101_38023_D02_S011,38023_D02_S011,San Cristóbal de La Laguna,2,11,59056.0,21116.0,26324.0,23450.0,1.1225586353944563,2024
2023,20240101_38023_D02_S012,38023_D02_S012,San Cristóbal de La Laguna,2,12,44783.0,17983.0,21753.0,19950.0,1.090375939849624,2024
2023,20240101_38023_D02_S013,38023_D02_S013,San Cristóbal de La Laguna,2,13,37762.0,13488.0,17673.0,16450.0,1.0743465045592706,2024
2023,20240101_38023_D02_S014,38023_D02_S014,San Cristóbal de La Laguna,2,14,43156.0,15557.0,20138.0,18550.0,1.0856064690026954,2024
2023,20240101_38023_D02_S015,38023_D02_S015,San Cristóbal de La Laguna,2,15,33646.0,12460.0,16213.0,15050.0,1.0772757475083057,2024
2023,20240101_38023_D02_S016,38023_D02_S016,San Cristóbal de La Laguna,2,16,44172.0,17012.0,21075.0,19250.0,1.094805194805195,2024
2023,20240101_38023_D02_S017,38023_D02_S017,San Cristóbal de La Laguna,2,17,36039.0,14050.0,17869.0,16450.0,1.0862613981762919,2024
2023,20240101_38023_D02_S018,38023_D02_S018,San Cristóbal de La Laguna,2,18,32526.0,12116.0,15937.0,14350.0,1.1105923344947735,2024
2023,20240101_38023_D02_S019,38023_D02_S019,San Cristóbal de La Laguna,2,19,34789.0,14402.0,17692.0,15750.0,1.1233015873015872,2024
2023,20240101_38023_D02_S020,38023_D02_S020,San Cristóbal de La Laguna,2,20,35476.0,12999.0,17034.0,15750.0,1.0815238095238096,2024
2023,20240101_38023_D02_S021,38023_D02_S021,San Cristóbal de La Laguna,2,21,58817.0,21683.0,25881.0,23450.0,1.1036673773987207,2024
2023,20240101_38023_D02_S022,38023_D02_S022,San Cristóbal de La Laguna,2,22,37581.0,15386.0,19013.0,16450.0,1.15580547112462,2024
2023,20240101_38023_D02_S023,38023_D02_S023,San Cristóbal de La Laguna,2,23,41854.0,16446.0,20200.0,17850.0,1.1316526610644257,2024
2023,20240101_38023_D02_S024,38023_D02_S024,San Cristóbal de La Laguna,2,24,38858.0,14232.0,18242.0,17150.0,1.0636734693877552,2024
2023,20240101_38023_D03_S001,38023_D03_S001,San Cristóbal de La Laguna,3,1,34737.0,13048.0,16455.0,14350.0,1.1466898954703832,2024
2023,20240101_38023_D03_S002,38023_D03_S002,San Cristóbal de La Laguna,3,2,49038.0,19052.0,23215.0,22050.0,1.0528344671201815,2024
2023,20240101_38023_D03_S003,38023_D03_S003,San Cristóbal de La Laguna,3,3,66029.0,23976.0,29213.0,26950.0,1.0839703153988869,2024
2023,20240101_38023_D03_S004,38023_D03_S004,San Cristóbal de La Laguna,3,4,31578.0,11299.0,15427.0,14350.0,1.0750522648083625,2024
2023,20240101_38023_D03_S005,38023_D03_S005,San Cristóbal de La Laguna,3,5,31777.0,11760.0,15758.0,15050.0,1.0470431893687708,2024
2023,20240101_38023_D03_S006,38023_D03_S006,San Cristóbal de La Laguna,3,6,61247.0,22858.0,27626.0,24850.0,1.1117102615694165,2024
2023,20240101_38023_D03_S007,38023_D03_S007,San Cristóbal de La Laguna,3,7,30496.0,13582.0,16501.0,15750.0,1.0476825396825398,2024
2023,20240101_38023_D03_S008,38023_D03_S008,San Cristóbal de La Laguna,3,8,31672.0,11991.0,15648.0,15050.0,1.039734219269103,2024
2023,20240101_38023_D03_S009,38023_D03_S009,San Cristóbal de La Laguna,3,9,31908.0,11954.0,16025.0,15050.0,1.064784053156146,2024
2023,20240101_38023_D03_S010,38023_D03_S010,San Cristóbal de La Laguna,3,10,27695.0,11760.0,15227.0,15050.0,1.0117607973421927,2024
2023,20240101_38023_D03_S011,38023_D03_S011,San Cristóbal de La Laguna,3,11,27986.0,11872.0,15299.0,14350.0,1.0661324041811846,2024
2023,20240101_38023_D03_S012,38023_D03_S012,San Cristóbal de La Laguna,3,12,31135.0,11189.0,14905.0,13650.0,1.0919413919413918,2024
2023,20240101_38023_D03_S013,38023_D03_S013,San Cristóbal de La Laguna,3,13,29711.0,10716.0,14206.0,12950.0,1.096988416988417,2024
2023,20240101_38023_D03_S014,38023_D03_S014,San Cristóbal de La Laguna,3,14,30618.0,10515.0,14720.0,14350.0,1.0257839721254356,2024
2023,20240101_38023_D03_S015,38023_D03_S015,San Cristóbal de La Laguna,3,15,27792.0,10754.0,14291.0,13650.0,1.046959706959707,2024
2023,20240101_38023_D03_S016,38023_D03_S016,San Cristóbal de La Laguna,3,16,32146.0,11743.0,15831.0,14350.0,1.103205574912892,2024
2023,20240101_38023_D03_S017,38023_D03_S017,San Cristóbal de La Laguna,3,17,29639.0,11219.0,14757.0,13650.0,1.0810989010989012,2024
2023,20240101_38023_D03_S018,38023_D03_S018,San Cristóbal de La Laguna,3,18,32681.0,11384.0,15429.0,15050.0,1.0251827242524918,2024
2023,20240101_38023_D03_S019,38023_D03_S019,San Cristóbal de La Laguna,3,19,40927.0,16116.0,20001.0,18550.0,1.0782210242587602,2024
2023,20240101_38023_D03_S020,38023_D03_S020,San Cristóbal de La Laguna,3,20,43692.0,15700.0,20418.0,17850.0,1.1438655462184875,2024
2023,20240101_38023_D03_S021,38023_D03_S021,San Cristóbal de La Laguna,3,21,41318.0,14507.0,19037.0,17150.0,1.1100291545189505,2024
2023,20240101_38023_D03_S022,38023_D03_S022,San Cristóbal de La Laguna,3,22,96645.0,31478.0,37530.0,33250.0,1.1287218045112781,2024
2023,20240101_38023_D03_S023,38023_D03_S023,San Cristóbal de La Laguna,3,23,29111.0,10883.0,14644.0,13650.0,1.0728205128205128,2024
2023,20240101_38023_D03_S024,38023_D03_S024,San Cristóbal de La Laguna,3,24,33831.0,12970.0,16633.0,15050.0,1.1051827242524916,2024
2023,20240101_38023_D03_S025,38023_D03_S025,San Cristóbal de La Laguna,3,25,40356.0,14601.0,18650.0,16450.0,1.1337386018237081,2024
2023,20240101_38023_D03_S026,38023_D03_S026,San Cristóbal de La Laguna,3,26,49324.0,18137.0,22726.0,20650.0,1.1005326876513317,2024
2023,20240101_38023_D03_S027,38023_D03_S027,San Cristóbal de La Laguna,3,27,40932.0,16221.0,20008.0,17850.0,1.1208963585434173,2024
2023,20240101_38023_D03_S028,38023_D03_S028,San Cristóbal de La Laguna,3,28,37953.0,14833.0,18890.0,17150.0,1.1014577259475218,2024
2023,20240101_38023_D03_S029,38023_D03_S029,San Cristóbal de La Laguna,3,29,34011.0,12455.0,16353.0,15050.0,1.086578073089701,2024
2023,20240101_38023_D04_S001,38023_D04_S001,San Cristóbal de La Laguna,4,1,62183.0,20808.0,26421.0,22750.0,1.1613626373626373,2024
2023,20240101_38023_D04_S002,38023_D04_S002,San Cristóbal de La Laguna,4,2,43129.0,16253.0,20476.0,18550.0,1.1038274932614556,2024
2023,20240101_38023_D04_S003,38023_D04_S003,San Cristóbal de La Laguna,4,3,51465.0,17293.0,22100.0,19250.0,1.148051948051948,2024
2023,20240101_38023_D04_S004,38023_D04_S004,San Cristóbal de La Laguna,4,4,50983.0,18494.0,23397.0,21350.0,1.0958782201405153,2024
2023,20240101_38023_D04_S005,38023_D04_S005,San Cristóbal de La Laguna,4,5,73515.0,24266.0,29624.0,25550.0,1.1594520547945206,2024
2023,20240101_38023_D04_S006,38023_D04_S006,San Cristóbal de La Laguna,4,6,46818.0,15657.0,20514.0,19250.0,1.0656623376623378,2024
2023,20240101_38023_D04_S007,38023_D04_S007,San Cristóbal de La Laguna,4,7,55988.0,18598.0,23636.0,20650.0,1.1446004842615012,2024
2023,20240101_38023_D04_S008,38023_D04_S008,San Cristóbal de La Laguna,4,8,49429.0,16596.0,21639.0,19950.0,1.0846616541353384,2024
2023,20240101_38023_D05_S001,38023_D05_S001,San Cristóbal de La Laguna,5,1,37079.0,12668.0,17034.0,15750.0,1.0815238095238096,2024
2023,20240101_38023_D05_S002,38023_D05_S002,San Cristóbal de La Laguna,5,2,37236.0,13169.0,17782.0,16450.0,1.0809726443768997,2024
2023,20240101_38023_D05_S003,38023_D05_S003,San Cristóbal de La Laguna,5,3,43532.0,14591.0,19232.0,17850.0,1.077422969187675,2024
2023,20240101_38023_D05_S004,38023_D05_S004,San Cristóbal de La Laguna,5,4,39222.0,13750.0,18299.0,16450.0,1.112401215805471,2024
2023,20240101_38023_D05_S005,38023_D05_S005,San Cristóbal de La Laguna,5,5,41052.0,15591.0,19726.0,18550.0,1.0633962264150942,2024
2023,20240101_38023_D05_S006,38023_D05_S006,San Cristóbal de La Laguna,5,6,45374.0,16500.0,20764.0,18550.0,1.1193530997304582,2024
2023,20240101_38023_D05_S007,38023_D05_S007,San Cristóbal de La Laguna,5,7,39067.0,17481.0,20536.0,17850.0,1.1504761904761904,2024
2023,20240101_38023_D05_S008,38023_D05_S008,San Cristóbal de La Laguna,5,8,35278.0,13042.0,17303.0,15750.0,1.0986031746031746,2024
2023,20240101_38023_D05_S009,38023_D05_S009,San Cristóbal de La Laguna,5,9,37798.0,18483.0,21313.0,19250.0,1.1071688311688312,2024
2023,20240101_38023_D05_S010,38023_D05_S010,San Cristóbal de La Laguna,5,10,40642.0,14470.0,18936.0,17150.0,1.104139941690962,2024
2023,20240101_38023_D05_S011,38023_D05_S011,San Cristóbal de La Laguna,5,11,41889.0,14227.0,19073.0,16450.0,1.159452887537994,2024
2023,20240101_38023_D05_S012,38023_D05_S012,San Cristóbal de La Laguna,5,12,40670.0,13651.0,18318.0,16450.0,1.1135562310030396,2024
2023,20240101_38023_D05_S013,38023_D05_S013,San Cristóbal de La Laguna,5,13,33930.0,14023.0,17791.0,17150.0,1.0373760932944607,2024
2023,20240101_38023_D05_S014,38023_D05_S014,San Cristóbal de La Laguna,5,14,36685.0,14067.0,18047.0,16450.0,1.0970820668693009,2024
2023,20240101_38023_D05_S015,38023_D05_S015,San Cristóbal de La Laguna,5,15,41486.0,18187.0,21153.0,18550.0,1.140323450134771,2024
2023,20240101_38023_D06_S001,38023_D06_S001,San Cristóbal de La Laguna,6,1,50486.0,16039.0,21199.0,19950.0,1.0626065162907268,2024
2023,20240101_38023_D06_S002,38023_D06_S002,San Cristóbal de La Laguna,6,2,78126.0,24197.0,30314.0,28350.0,1.0692768959435626,2024
2023,20240101_38023_D06_S003,38023_D06_S003,San Cristóbal de La Laguna,6,3,44332.0,16318.0,21016.0,19250.0,1.0917402597402597,2024
2023,20240101_38023_D06_S004,38023_D06_S004,San Cristóbal de La Laguna,6,4,40005.0,14886.0,19260.0,17150.0,1.1230320699708454,2024
2023,20240101_38024_D01_S001,38024_D01_S001,Los Llanos de Aridane,1,1,45979.0,16261.0,22149.0,17850.0,1.2408403361344538,2024
2023,20240101_38024_D01_S002,38024_D01_S002,Los Llanos de Aridane,1,2,39653.0,14406.0,19750.0,16450.0,1.2006079027355623,2024
2023,20240101_38024_D01_S003,38024_D01_S003,Los Llanos de Aridane,1,3,38531.0,13504.0,18941.0,15750.0,1.2026031746031747,2024
2023,20240101_38024_D01_S004,38024_D01_S004,Los Llanos de Aridane,1,4,38961.0,14218.0,19518.0,15050.0,1.2968770764119602,2024
2023,20240101_38024_D01_S005,38024_D01_S005,Los Llanos de Aridane,1,5,48550.0,17612.0,23961.0,19950.0,1.2010526315789474,2024
2023,20240101_38024_D01_S006,38024_D01_S006,Los Llanos de Aridane,1,6,42236.0,15112.0,20944.0,15750.0,1.3297777777777777,2024
2023,20240101_38024_D01_S007,38024_D01_S007,Los Llanos de Aridane,1,7,34564.0,12585.0,17633.0,15750.0,1.1195555555555556,2024
2023,20240101_38024_D01_S008,38024_D01_S008,Los Llanos de Aridane,1,8,43014.0,15287.0,21138.0,17150.0,1.232536443148688,2024
2023,20240101_38024_D02_S001,38024_D02_S001,Los Llanos de Aridane,2,1,38937.0,14197.0,19600.0,16450.0,1.1914893617021276,2024
2023,20240101_38024_D02_S002,38024_D02_S002,Los Llanos de Aridane,2,2,37040.0,13046.0,18215.0,15750.0,1.1565079365079365,2024
2023,20240101_38024_D03_S001,38024_D03_S001,Los Llanos de Aridane,3,1,37505.0,13288.0,18759.0,16450.0,1.1403647416413374,2024
2023,20240101_38024_D03_S002,38024_D03_S002,Los Llanos de Aridane,3,2,34573.0,14440.0,19266.0,15750.0,1.2232380952380952,2024
2023,20240101_38024_D03_S003,38024_D03_S003,Los Llanos de Aridane,3,3,36717.0,14182.0,19596.0,16450.0,1.1912462006079028,2024
2023,20240101_38025_D01_S001,38025_D01_S001,La Matanza de Acentejo,1,1,40912.0,13007.0,17836.0,16450.0,1.0842553191489361,2024
2023,20240101_38025_D01_S002,38025_D01_S002,La Matanza de Acentejo,1,2,40482.0,13538.0,18315.0,16450.0,1.1133738601823708,2024
2023,20240101_38025_D01_S003,38025_D01_S003,La Matanza de Acentejo,1,3,40070.0,14963.0,19259.0,17150.0,1.1229737609329447,2024
2023,20240101_38025_D01_S004,38025_D01_S004,La Matanza de Acentejo,1,4,43279.0,16475.0,20022.0,17150.0,1.1674635568513119,2024
2023,20240101_38025_D01_S005,38025_D01_S005,La Matanza de Acentejo,1,5,37112.0,14300.0,18318.0,16450.0,1.1135562310030396,2024
2023,20240101_38026_D01_S001,38026_D01_S001,La Orotava,1,1,50456.0,19384.0,23758.0,18550.0,1.280754716981132,2024
2023,20240101_38026_D01_S002,38026_D01_S002,La Orotava,1,2,54358.0,18245.0,23150.0,21350.0,1.0843091334894615,2024
2023,20240101_38026_D01_S004,38026_D01_S004,La Orotava,1,4,42427.0,15513.0,19839.0,17850.0,1.1114285714285714,2024
2023,20240101_38026_D02_S001,38026_D02_S001,La Orotava,2,1,37190.0,14442.0,17996.0,16450.0,1.0939817629179331,2024
2023,20240101_38026_D02_S002,38026_D02_S002,La Orotava,2,2,34831.0,12546.0,16972.0,15750.0,1.0775873015873016,2024
2023,20240101_38026_D02_S003,38026_D02_S003,La Orotava,2,3,40553.0,13761.0,18263.0,17150.0,1.0648979591836734,2024
2023,20240101_38026_D02_S004,38026_D02_S004,La Orotava,2,4,36028.0,13978.0,18240.0,17150.0,1.0635568513119533,2024
2023,20240101_38026_D03_S001,38026_D03_S001,La Orotava,3,1,35587.0,12338.0,17060.0,16450.0,1.0370820668693008,2024
2023,20240101_38026_D03_S002,38026_D03_S002,La Orotava,3,2,40970.0,14291.0,18618.0,15750.0,1.182095238095238,2024
2023,20240101_38026_D03_S003,38026_D03_S003,La Orotava,3,3,54104.0,19794.0,24320.0,20650.0,1.17772397094431,2024
2023,20240101_38026_D03_S004,38026_D03_S004,La Orotava,3,4,39150.0,14164.0,18540.0,17150.0,1.0810495626822156,2024
2023,20240101_38026_D03_S005,38026_D03_S005,La Orotava,3,5,34858.0,12357.0,16791.0,16450.0,1.0207294832826748,2024
2023,20240101_38026_D03_S006,38026_D03_S006,La Orotava,3,6,43559.0,15712.0,20304.0,17850.0,1.1374789915966386,2024
2023,20240101_38026_D03_S007,38026_D03_S007,La Orotava,3,7,37498.0,13619.0,18190.0,17150.0,1.0606413994169097,2024
2023,20240101_38026_D04_S001,38026_D04_S001,La Orotava,4,1,52375.0,19205.0,22975.0,18550.0,1.238544474393531,2024
2023,20240101_38026_D04_S002,38026_D04_S002,La Orotava,4,2,45882.0,15329.0,20157.0,18550.0,1.0866307277628033,2024
2023,20240101_38026_D04_S003,38026_D04_S003,La Orotava,4,3,54999.0,19497.0,24000.0,19250.0,1.2467532467532467,2024
2023,20240101_38026_D04_S004,38026_D04_S004,La Orotava,4,4,34243.0,11622.0,15935.0,14350.0,1.1104529616724739,2024
2023,20240101_38026_D04_S005,38026_D04_S005,La Orotava,4,5,50307.0,18213.0,22437.0,19250.0,1.1655584415584415,2024
2023,20240101_38026_D05_S001,38026_D05_S001,La Orotava,5,1,35958.0,12732.0,17199.0,15750.0,1.092,2024
2023,20240101_38026_D05_S002,38026_D05_S002,La Orotava,5,2,37937.0,12913.0,17334.0,16450.0,1.0537386018237083,2024
2023,20240101_38026_D05_S003,38026_D05_S003,La Orotava,5,3,35304.0,12447.0,16817.0,15750.0,1.0677460317460317,2024
2023,20240101_38026_D05_S004,38026_D05_S004,La Orotava,5,4,26726.0,10008.0,13835.0,12950.0,1.0683397683397684,2024
2023,20240101_38026_D05_S005,38026_D05_S005,La Orotava,5,5,35829.0,12820.0,17452.0,16450.0,1.0609118541033435,2024
2023,20240101_38026_D06_S001,38026_D06_S001,La Orotava,6,1,32870.0,11072.0,15306.0,14350.0,1.0666202090592334,2024
2023,20240101_38026_D06_S002,38026_D06_S002,La Orotava,6,2,32312.0,11106.0,15297.0,14350.0,1.065993031358885,2024
2023,20240101_38026_D06_S003,38026_D06_S003,La Orotava,6,3,31737.0,11399.0,15446.0,14350.0,1.076376306620209,2024
2023,20240101_38026_D06_S004,38026_D06_S004,La Orotava,6,4,36612.0,10866.0,15678.0,15050.0,1.0417275747508306,2024
2023,20240101_38027_D01_S001,38027_D01_S001,El Paso,1,1,42672.0,14435.0,20337.0,17850.0,1.139327731092437,2024
2023,20240101_38027_D02_S001,38027_D02_S001,El Paso,2,1,42464.0,14785.0,20717.0,17150.0,1.20798833819242,2024
2023,20240101_38027_D03_S001,38027_D03_S001,El Paso,3,1,50073.0,18051.0,24477.0,17850.0,1.3712605042016808,2024
2023,20240101_38027_D03_S002,38027_D03_S002,El Paso,3,2,44636.0,16652.0,22435.0,17850.0,1.2568627450980392,2024
2023,20240101_38027_D04_S001,38027_D04_S001,El Paso,4,1,38404.0,13835.0,19347.0,17150.0,1.1281049562682215,2024
2023,20240101_38028_D01_S001,38028_D01_S001,Puerto de La Cruz,1,1,30505.0,15309.0,17817.0,15050.0,1.1838538205980067,2024
2023,20240101_38028_D01_S002,38028_D01_S002,Puerto de La Cruz,1,2,28873.0,14852.0,16860.0,13650.0,1.2351648351648352,2024
2023,20240101_38028_D01_S003,38028_D01_S003,Puerto de La Cruz,1,3,47614.0,23617.0,25697.0,19950.0,1.2880701754385966,2024
2023,20240101_38028_D01_S004,38028_D01_S004,Puerto de La Cruz,1,4,53002.0,22948.0,26431.0,22050.0,1.1986848072562357,2024
2023,20240101_38028_D02_S001,38028_D02_S001,Puerto de La Cruz,2,1,36155.0,18365.0,20932.0,17150.0,1.220524781341108,2024
2023,20240101_38028_D02_S002,38028_D02_S002,Puerto de La Cruz,2,2,34228.0,16838.0,19827.0,15750.0,1.258857142857143,2024
2023,20240101_38028_D02_S003,38028_D02_S003,Puerto de La Cruz,2,3,45953.0,20530.0,23840.0,19250.0,1.2384415584415585,2024
2023,20240101_38028_D02_S004,38028_D02_S004,Puerto de La Cruz,2,4,43403.0,17722.0,21453.0,17850.0,1.2018487394957984,2024
2023,20240101_38028_D02_S005,38028_D02_S005,Puerto de La Cruz,2,5,46186.0,16121.0,20691.0,17150.0,1.206472303206997,2024
2023,20240101_38028_D03_S001,38028_D03_S001,Puerto de La Cruz,3,1,36204.0,15967.0,19125.0,17150.0,1.1151603498542273,2024
2023,20240101_38028_D03_S002,38028_D03_S002,Puerto de La Cruz,3,2,32872.0,14950.0,18080.0,15750.0,1.147936507936508,2024
2023,20240101_38028_D03_S003,38028_D03_S003,Puerto de La Cruz,3,3,29676.0,12948.0,16373.0,15750.0,1.0395555555555556,2024
2023,20240101_38028_D03_S004,38028_D03_S004,Puerto de La Cruz,3,4,32792.0,14942.0,18049.0,15750.0,1.1459682539682539,2024
2023,20240101_38028_D03_S005,38028_D03_S005,Puerto de La Cruz,3,5,34331.0,13794.0,17620.0,17150.0,1.027405247813411,2024
2023,20240101_38028_D03_S006,38028_D03_S006,Puerto de La Cruz,3,6,31010.0,14385.0,17710.0,15750.0,1.1244444444444444,2024
2023,20240101_38028_D04_S001,38028_D04_S001,Puerto de La Cruz,4,1,32990.0,11751.0,15990.0,15750.0,1.0152380952380953,2024
2023,20240101_38028_D04_S002,38028_D04_S002,Puerto de La Cruz,4,2,33482.0,11561.0,15833.0,14350.0,1.1033449477351915,2024
2023,20240101_38028_D04_S003,38028_D04_S003,Puerto de La Cruz,4,3,36813.0,12527.0,16935.0,15050.0,1.125249169435216,2024
2023,20240101_38028_D04_S004,38028_D04_S004,Puerto de La Cruz,4,4,44449.0,18441.0,21433.0,17850.0,1.2007282913165267,2024
2023,20240101_38028_D04_S005,38028_D04_S005,Puerto de La Cruz,4,5,31357.0,10740.0,15034.0,14350.0,1.047665505226481,2024
2023,20240101_38029_D01_S001,38029_D01_S001,Puntagorda,1,1,32686.0,11849.0,16419.0,13650.0,1.2028571428571428,2024
2023,20240101_38029_D01_S002,38029_D01_S002,Puntagorda,1,2,35066.0,11978.0,16693.0,14350.0,1.1632752613240418,2024
2023,20240101_38030_D01_S001,38030_D01_S001,Puntallana,1,1,42331.0,15114.0,20811.0,18550.0,1.1218867924528302,2024
2023,20240101_38030_D01_S002,38030_D01_S002,Puntallana,1,2,42804.0,14998.0,21069.0,17850.0,1.1803361344537815,2024
2023,20240101_38031_D01_S001,38031_D01_S001,Los Realejos,1,1,38311.0,14298.0,18777.0,16450.0,1.1414589665653496,2024
2023,20240101_38031_D01_S002,38031_D01_S002,Los Realejos,1,2,42775.0,14950.0,19380.0,17150.0,1.1300291545189505,2024
2023,20240101_38031_D01_S003,38031_D01_S003,Los Realejos,1,3,38293.0,14185.0,18348.0,17150.0,1.0698542274052478,2024
2023,20240101_38031_D01_S004,38031_D01_S004,Los Realejos,1,4,34600.0,13782.0,17402.0,15750.0,1.1048888888888888,2024
2023,20240101_38031_D01_S005,38031_D01_S005,Los Realejos,1,5,36031.0,12511.0,16847.0,15750.0,1.0696507936507937,2024
2023,20240101_38031_D01_S006,38031_D01_S006,Los Realejos,1,6,36702.0,14582.0,18361.0,16450.0,1.1161702127659574,2024
2023,20240101_38031_D01_S007,38031_D01_S007,Los Realejos,1,7,35561.0,11675.0,16380.0,15750.0,1.04,2024
2023,20240101_38031_D01_S008,38031_D01_S008,Los Realejos,1,8,38725.0,13897.0,18139.0,17150.0,1.057667638483965,2024
2023,20240101_38031_D02_S001,38031_D02_S001,Los Realejos,2,1,39036.0,14230.0,18577.0,16450.0,1.1293009118541033,2024
2023,20240101_38031_D02_S002,38031_D02_S002,Los Realejos,2,2,39515.0,12851.0,17723.0,16450.0,1.077386018237082,2024
2023,20240101_38031_D02_S003,38031_D02_S003,Los Realejos,2,3,35673.0,11618.0,16165.0,15050.0,1.0740863787375414,2024
2023,20240101_38031_D03_S001,38031_D03_S001,Los Realejos,3,1,35856.0,12516.0,16865.0,15750.0,1.0707936507936509,2024
2023,20240101_38031_D03_S002,38031_D03_S002,Los Realejos,3,2,40886.0,13695.0,18419.0,16450.0,1.119696048632219,2024
2023,20240101_38031_D03_S003,38031_D03_S003,Los Realejos,3,3,32820.0,11380.0,15712.0,15050.0,1.043986710963455,2024
2023,20240101_38031_D03_S004,38031_D03_S004,Los Realejos,3,4,42538.0,14941.0,19439.0,17150.0,1.133469387755102,2024
2023,20240101_38031_D03_S005,38031_D03_S005,Los Realejos,3,5,36314.0,12614.0,17214.0,16450.0,1.0464437689969606,2024
2023,20240101_38031_D04_S001,38031_D04_S001,Los Realejos,4,1,34492.0,14576.0,18223.0,16450.0,1.1077811550151975,2024
2023,20240101_38031_D04_S002,38031_D04_S002,Los Realejos,4,2,43137.0,17348.0,20802.0,17850.0,1.1653781512605041,2024
2023,20240101_38031_D04_S003,38031_D04_S003,Los Realejos,4,3,49127.0,19604.0,23604.0,19950.0,1.1831578947368422,2024
2023,20240101_38031_D04_S004,38031_D04_S004,Los Realejos,4,4,33955.0,14045.0,17645.0,15750.0,1.1203174603174604,2024
2023,20240101_38031_D05_S001,38031_D05_S001,Los Realejos,5,1,37785.0,11055.0,16071.0,15750.0,1.0203809523809524,2024
2023,20240101_38031_D05_S002,38031_D05_S002,Los Realejos,5,2,35381.0,11417.0,16359.0,15750.0,1.0386666666666666,2024
2023,20240101_38031_D05_S003,38031_D05_S003,Los Realejos,5,3,37129.0,11439.0,16396.0,15750.0,1.041015873015873,2024
2023,20240101_38031_D06_S001,38031_D06_S001,Los Realejos,6,1,37679.0,10765.0,15735.0,14350.0,1.0965156794425086,2024
2023,20240101_38031_D06_S002,38031_D06_S002,Los Realejos,6,2,38348.0,10894.0,16004.0,15050.0,1.063388704318937,2024
2023,20240101_38032_D01_S001,38032_D01_S001,El Rosario,1,1,50162.0,16898.0,21813.0,18550.0,1.1759029649595687,2024
2023,20240101_38032_D01_S002,38032_D01_S002,El Rosario,1,2,44033.0,14830.0,19788.0,18550.0,1.0667385444743935,2024
2023,20240101_38032_D01_S003,38032_D01_S003,El Rosario,1,3,50570.0,16875.0,21599.0,19250.0,1.122025974025974,2024
2023,20240101_38032_D01_S004,38032_D01_S004,El Rosario,1,4,54473.0,24582.0,27540.0,23450.0,1.174413646055437,2024
2023,20240101_38032_D01_S005,38032_D01_S005,El Rosario,1,5,40970.0,14347.0,19002.0,17850.0,1.0645378151260505,2024
2023,20240101_38032_D01_S006,38032_D01_S006,El Rosario,1,6,66922.0,27818.0,31586.0,28350.0,1.1141446208112875,2024
2023,20240101_38032_D01_S007,38032_D01_S007,El Rosario,1,7,47912.0,15356.0,20607.0,19250.0,1.0704935064935064,2024
2023,20240101_38032_D01_S008,38032_D01_S008,El Rosario,1,8,68821.0,23986.0,28845.0,26250.0,1.0988571428571428,2024
2023,20240101_38032_D01_S009,38032_D01_S009,El Rosario,1,9,52012.0,16198.0,21644.0,20650.0,1.048135593220339,2024
2023,20240101_38032_D01_S010,38032_D01_S010,El Rosario,1,10,48348.0,15980.0,20717.0,18550.0,1.1168194070080864,2024
2023,20240101_38032_D01_S011,38032_D01_S011,El Rosario,1,11,71310.0,26641.0,31277.0,26950.0,1.160556586270872,2024
2023,20240101_38032_D01_S012,38032_D01_S012,El Rosario,1,12,86230.0,34122.0,38085.0,30450.0,1.2507389162561577,2024
2023,20240101_38032_D01_S013,38032_D01_S013,El Rosario,1,13,67798.0,24190.0,29066.0,26250.0,1.1072761904761905,2024
2023,20240101_38033_D01_S001,38033_D01_S001,San Andrés y Sauces,1,1,40870.0,14781.0,20527.0,16450.0,1.2478419452887537,2024
2023,20240101_38033_D01_S002,38033_D01_S002,San Andrés y Sauces,1,2,40445.0,15586.0,21094.0,17150.0,1.2299708454810496,2024
2023,20240101_38033_D01_S003,38033_D01_S003,San Andrés y Sauces,1,3,43450.0,15806.0,22379.0,17850.0,1.2537254901960784,2024
2023,20240101_38033_D02_S001,38033_D02_S001,San Andrés y Sauces,2,1,41523.0,15304.0,21130.0,18550.0,1.1390835579514824,2024
2023,20240101_38034_D01_S001,38034_D01_S001,San Juan de la Rambla,1,1,44193.0,16729.0,21338.0,18550.0,1.1502964959568733,2024
2023,20240101_38034_D01_S002,38034_D01_S002,San Juan de la Rambla,1,2,35221.0,12564.0,17162.0,16450.0,1.0432826747720365,2024
2023,20240101_38034_D01_S003,38034_D01_S003,San Juan de la Rambla,1,3,32498.0,11451.0,15613.0,15750.0,0.9913015873015874,2024
2023,20240101_38034_D01_S004,38034_D01_S004,San Juan de la Rambla,1,4,31061.0,12031.0,15961.0,15050.0,1.060531561461794,2024
2023,20240101_38035_D01_S001,38035_D01_S001,San Miguel de Abona,1,1,47731.0,16243.0,21056.0,18550.0,1.1350943396226416,2024
2023,20240101_38035_D01_S002,38035_D01_S002,San Miguel de Abona,1,2,41221.0,13947.0,18825.0,17150.0,1.097667638483965,2024
2023,20240101_38035_D01_S003,38035_D01_S003,San Miguel de Abona,1,3,45158.0,15136.0,19960.0,17850.0,1.1182072829131653,2024
2023,20240101_38035_D01_S004,38035_D01_S004,San Miguel de Abona,1,4,33149.0,12921.0,16122.0,14350.0,1.1234843205574914,2024
2023,20240101_38035_D01_S005,38035_D01_S005,San Miguel de Abona,1,5,42017.0,13611.0,18580.0,17150.0,1.0833819241982507,2024
2023,20240101_38035_D01_S006,38035_D01_S006,San Miguel de Abona,1,6,34327.0,12313.0,16472.0,15750.0,1.0458412698412698,2024
2023,20240101_38035_D01_S007,38035_D01_S007,San Miguel de Abona,1,7,44709.0,14485.0,19127.0,17850.0,1.0715406162464987,2024
2023,20240101_38035_D01_S008,38035_D01_S008,San Miguel de Abona,1,8,45865.0,15618.0,19994.0,17850.0,1.1201120448179271,2024
2023,20240101_38035_D01_S009,38035_D01_S009,San Miguel de Abona,1,9,33406.0,11904.0,15912.0,15050.0,1.0572757475083057,2024
2023,20240101_38036_D01_S001,38036_D01_S001,San Sebastián de La Gomera,1,1,53375.0,20731.0,24897.0,21350.0,1.166135831381733,2024
2023,20240101_38036_D01_S002,38036_D01_S002,San Sebastián de La Gomera,1,2,42269.0,16565.0,21152.0,19250.0,1.098805194805195,2024
2023,20240101_38036_D01_S003,38036_D01_S003,San Sebastián de La Gomera,1,3,47021.0,17499.0,22170.0,19250.0,1.1516883116883117,2024
2023,20240101_38036_D01_S005,38036_D01_S005,San Sebastián de La Gomera,1,5,47917.0,17459.0,22168.0,19950.0,1.1111779448621555,2024
2023,20240101_38036_D01_S006,38036_D01_S006,San Sebastián de La Gomera,1,6,46130.0,17811.0,22165.0,19950.0,1.1110275689223057,2024
2023,20240101_38036_D01_S007,38036_D01_S007,San Sebastián de La Gomera,1,7,42609.0,14708.0,19583.0,18550.0,1.0556873315363882,2024
2023,20240101_38036_D01_S008,38036_D01_S008,San Sebastián de La Gomera,1,8,48717.0,18317.0,22779.0,19950.0,1.1418045112781956,2024
2023,20240101_38037_D01_S001,38037_D01_S001,Santa Cruz de La Palma,1,1,51583.0,20666.0,26372.0,21350.0,1.2352224824355973,2024
2023,20240101_38037_D01_S002,38037_D01_S002,Santa Cruz de La Palma,1,2,36997.0,14063.0,19116.0,17150.0,1.1146355685131195,2024
2023,20240101_38037_D01_S003,38037_D01_S003,Santa Cruz de La Palma,1,3,47801.0,18195.0,23895.0,20650.0,1.1571428571428573,2024
2023,20240101_38037_D02_S001,38037_D02_S001,Santa Cruz de La Palma,2,1,56771.0,22390.0,28405.0,22750.0,1.2485714285714287,2024
2023,20240101_38037_D02_S002,38037_D02_S002,Santa Cruz de La Palma,2,2,47821.0,17513.0,23402.0,19250.0,1.2156883116883117,2024
2023,20240101_38037_D02_S003,38037_D02_S003,Santa Cruz de La Palma,2,3,50398.0,18128.0,24505.0,20650.0,1.186682808716707,2024
2023,20240101_38037_D02_S005,38037_D02_S005,Santa Cruz de La Palma,2,5,35576.0,13655.0,18614.0,17150.0,1.0853644314868804,2024
2023,20240101_38037_D03_S001,38037_D03_S001,Santa Cruz de La Palma,3,1,53641.0,19209.0,26105.0,22750.0,1.1474725274725275,2024
2023,20240101_38037_D03_S002,38037_D03_S002,Santa Cruz de La Palma,3,2,45322.0,16672.0,22436.0,18550.0,1.2094878706199461,2024
2023,20240101_38037_D03_S003,38037_D03_S003,Santa Cruz de La Palma,3,3,36713.0,13505.0,18761.0,16450.0,1.1404863221884498,2024
2023,20240101_38037_D03_S004,38037_D03_S004,Santa Cruz de La Palma,3,4,46228.0,16502.0,22555.0,19250.0,1.1716883116883117,2024
2023,20240101_38037_D03_S005,38037_D03_S005,Santa Cruz de La Palma,3,5,42418.0,14016.0,19892.0,18550.0,1.0723450134770889,2024
2023,20240101_38038_D01_S001,38038_D01_S001,Santa Cruz de Tenerife,1,1,85024.0,32147.0,36231.0,31150.0,1.1631139646869983,2024
2023,20240101_38038_D01_S002,38038_D01_S002,Santa Cruz de Tenerife,1,2,50706.0,18810.0,22467.0,19250.0,1.1671168831168832,2024
2023,20240101_38038_D01_S003,38038_D01_S003,Santa Cruz de Tenerife,1,3,53973.0,22329.0,26086.0,23450.0,1.112409381663113,2024
2023,20240101_38038_D01_S004,38038_D01_S004,Santa Cruz de Tenerife,1,4,62410.0,23942.0,28144.0,24150.0,1.1653830227743271,2024
2023,20240101_38038_D01_S006,38038_D01_S006,Santa Cruz de Tenerife,1,6,54131.0,21493.0,25239.0,22400.0,1.1267410714285715,2024
2023,20240101_38038_D01_S007,38038_D01_S007,Santa Cruz de Tenerife,1,7,57084.0,23634.0,27762.0,25550.0,1.0865753424657534,2024
2023,20240101_38038_D01_S008,38038_D01_S008,Santa Cruz de Tenerife,1,8,104916.0,35443.0,40529.0,34650.0,1.1696681096681096,2024
2023,20240101_38038_D01_S009,38038_D01_S009,Santa Cruz de Tenerife,1,9,79716.0,32663.0,36504.0,33250.0,1.0978646616541354,2024
2023,20240101_38038_D01_S010,38038_D01_S010,Santa Cruz de Tenerife,1,10,78294.0,30843.0,35140.0,31150.0,1.1280898876404495,2024
2023,20240101_38038_D01_S011,38038_D01_S011,Santa Cruz de Tenerife,1,11,74782.0,29557.0,33622.0,26950.0,1.247569573283859,2024
2023,20240101_38038_D01_S012,38038_D01_S012,Santa Cruz de Tenerife,1,12,107446.0,38487.0,42860.0,35350.0,1.2124469589816125,2024
2023,20240101_38038_D02_S001,38038_D02_S001,Santa Cruz de Tenerife,2,1,62280.0,25009.0,28298.0,25550.0,1.1075538160469667,2024
2023,20240101_38038_D02_S002,38038_D02_S002,Santa Cruz de Tenerife,2,2,61891.0,27082.0,30244.0,25550.0,1.1837181996086106,2024
2023,20240101_38038_D02_S003,38038_D02_S003,Santa Cruz de Tenerife,2,3,62240.0,25092.0,28773.0,25550.0,1.1261448140900197,2024
2023,20240101_38038_D02_S004,38038_D02_S004,Santa Cruz de Tenerife,2,4,78313.0,30025.0,34278.0,30450.0,1.1257142857142857,2024
2023,20240101_38038_D02_S005,38038_D02_S005,Santa Cruz de Tenerife,2,5,64882.0,26810.0,30588.0,25550.0,1.1971819960861056,2024
2023,20240101_38038_D02_S006,38038_D02_S006,Santa Cruz de Tenerife,2,6,66630.0,27290.0,30728.0,26250.0,1.1705904761904762,2024
2023,20240101_38038_D02_S007,38038_D02_S007,Santa Cruz de Tenerife,2,7,71806.0,28723.0,31968.0,26250.0,1.2178285714285715,2024
2023,20240101_38038_D02_S008,38038_D02_S008,Santa Cruz de Tenerife,2,8,67846.0,27576.0,31014.0,23450.0,1.3225586353944563,2024
2023,20240101_38038_D02_S009,38038_D02_S009,Santa Cruz de Tenerife,2,9,57706.0,25166.0,28663.0,25550.0,1.121839530332681,2024
2023,20240101_38038_D03_S001,38038_D03_S001,Santa Cruz de Tenerife,3,1,87004.0,36766.0,39435.0,35350.0,1.1155586987270156,2024
2023,20240101_38038_D03_S002,38038_D03_S002,Santa Cruz de Tenerife,3,2,56994.0,20082.0,25047.0,22750.0,1.100967032967033,2024
2023,20240101_38038_D03_S003,38038_D03_S003,Santa Cruz de Tenerife,3,3,56625.0,22961.0,26879.0,23450.0,1.146226012793177,2024
2023,20240101_38038_D03_S004,38038_D03_S004,Santa Cruz de Tenerife,3,4,41494.0,16786.0,21144.0,18550.0,1.1398382749326146,2024
2023,20240101_38038_D03_S005,38038_D03_S005,Santa Cruz de Tenerife,3,5,44922.0,18486.0,21970.0,19950.0,1.1012531328320803,2024
2023,20240101_38038_D03_S006,38038_D03_S006,Santa Cruz de Tenerife,3,6,76402.0,27294.0,32343.0,31150.0,1.038298555377207,2024
2023,20240101_38038_D03_S007,38038_D03_S007,Santa Cruz de Tenerife,3,7,42187.0,17260.0,21081.0,19250.0,1.0951168831168832,2024
2023,20240101_38038_D03_S008,38038_D03_S008,Santa Cruz de Tenerife,3,8,53404.0,20647.0,24885.0,23450.0,1.0611940298507463,2024
2023,20240101_38038_D03_S009,38038_D03_S009,Santa Cruz de Tenerife,3,9,60474.0,22379.0,27113.0,24850.0,1.0910663983903421,2024
2023,20240101_38038_D03_S010,38038_D03_S010,Santa Cruz de Tenerife,3,10,47416.0,18855.0,22775.0,21350.0,1.0667447306791569,2024
2023,20240101_38038_D03_S011,38038_D03_S011,Santa Cruz de Tenerife,3,11,70425.0,27969.0,32009.0,26250.0,1.2193904761904761,2024
2023,20240101_38038_D03_S013,38038_D03_S013,Santa Cruz de Tenerife,3,13,48832.0,21541.0,24664.0,22050.0,1.118548752834467,2024
2023,20240101_38038_D03_S014,38038_D03_S014,Santa Cruz de Tenerife,3,14,56391.0,22143.0,26446.0,24150.0,1.095072463768116,2024
2023,20240101_38038_D03_S015,38038_D03_S015,Santa Cruz de Tenerife,3,15,53136.0,21254.0,25139.0,21350.0,1.177470725995316,2024
2023,20240101_38038_D03_S016,38038_D03_S016,Santa Cruz de Tenerife,3,16,45550.0,15978.0,19905.0,17850.0,1.115126050420168,2024
2023,20240101_38038_D03_S017,38038_D03_S017,Santa Cruz de Tenerife,3,17,53142.0,20258.0,24379.0,20650.0,1.1805811138014528,2024
2023,20240101_38038_D03_S018,38038_D03_S018,Santa Cruz de Tenerife,3,18,43490.0,16436.0,20626.0,17850.0,1.155518207282913,2024
2023,20240101_38038_D03_S019,38038_D03_S019,Santa Cruz de Tenerife,3,19,59637.0,22574.0,27414.0,25550.0,1.0729549902152642,2024
2023,20240101_38038_D03_S020,38038_D03_S020,Santa Cruz de Tenerife,3,20,77131.0,29508.0,33597.0,29750.0,1.129310924369748,2024
2023,20240101_38038_D03_S021,38038_D03_S021,Santa Cruz de Tenerife,3,21,85116.0,33101.0,36901.0,32550.0,1.1336712749615976,2024
2023,20240101_38038_D04_S001,38038_D04_S001,Santa Cruz de Tenerife,4,1,26830.0,11094.0,14196.0,12250.0,1.1588571428571428,2024
2023,20240101_38038_D04_S002,38038_D04_S002,Santa Cruz de Tenerife,4,2,31256.0,11255.0,14822.0,13650.0,1.085860805860806,2024
2023,20240101_38038_D04_S003,38038_D04_S003,Santa Cruz de Tenerife,4,3,32239.0,11818.0,15545.0,13650.0,1.1388278388278388,2024
2023,20240101_38038_D04_S004,38038_D04_S004,Santa Cruz de Tenerife,4,4,31284.0,12107.0,15668.0,14350.0,1.0918466898954704,2024
2023,20240101_38038_D04_S005,38038_D04_S005,Santa Cruz de Tenerife,4,5,31607.0,11870.0,15269.0,12950.0,1.179073359073359,2024
2023,20240101_38038_D04_S006,38038_D04_S006,Santa Cruz de Tenerife,4,6,29906.0,11193.0,14811.0,13650.0,1.0850549450549452,2024
2023,20240101_38038_D04_S007,38038_D04_S007,Santa Cruz de Tenerife,4,7,30877.0,12655.0,16337.0,15750.0,1.0372698412698413,2024
2023,20240101_38038_D04_S009,38038_D04_S009,Santa Cruz de Tenerife,4,9,25511.0,10931.0,14069.0,12950.0,1.0864092664092664,2024
2023,20240101_38038_D04_S011,38038_D04_S011,Santa Cruz de Tenerife,4,11,28009.0,11847.0,15322.0,13650.0,1.1224908424908424,2024
2023,20240101_38038_D04_S012,38038_D04_S012,Santa Cruz de Tenerife,4,12,30326.0,12197.0,16088.0,15050.0,1.068970099667774,2024
2023,20240101_38038_D04_S014,38038_D04_S014,Santa Cruz de Tenerife,4,14,31888.0,12913.0,16543.0,15750.0,1.0503492063492064,2024
2023,20240101_38038_D04_S015,38038_D04_S015,Santa Cruz de Tenerife,4,15,25167.0,9750.0,13272.0,12250.0,1.0834285714285714,2024
2023,20240101_38038_D05_S001,38038_D05_S001,Santa Cruz de Tenerife,5,1,101346.0,36362.0,42946.0,36750.0,1.1685986394557824,2024
2023,20240101_38038_D05_S002,38038_D05_S002,Santa Cruz de Tenerife,5,2,68819.0,26188.0,30533.0,26250.0,1.1631619047619048,2024
2023,20240101_38038_D05_S003,38038_D05_S003,Santa Cruz de Tenerife,5,3,57131.0,23194.0,26875.0,23450.0,1.1460554371002132,2024
2023,20240101_38038_D05_S004,38038_D05_S004,Santa Cruz de Tenerife,5,4,59483.0,22989.0,26876.0,22750.0,1.1813626373626374,2024
2023,20240101_38038_D05_S005,38038_D05_S005,Santa Cruz de Tenerife,5,5,54620.0,22877.0,26537.0,24150.0,1.098840579710145,2024
2023,20240101_38038_D05_S006,38038_D05_S006,Santa Cruz de Tenerife,5,6,50877.0,19867.0,23613.0,20650.0,1.1434866828087167,2024
2023,20240101_38038_D05_S007,38038_D05_S007,Santa Cruz de Tenerife,5,7,53759.0,20064.0,23509.0,19950.0,1.1783959899749374,2024
2023,20240101_38038_D05_S008,38038_D05_S008,Santa Cruz de Tenerife,5,8,56503.0,22352.0,26513.0,23450.0,1.1306183368869935,2024
2023,20240101_38038_D05_S009,38038_D05_S009,Santa Cruz de Tenerife,5,9,124345.0,42862.0,48743.0,31850.0,1.530392464678179,2024
2023,20240101_38038_D05_S010,38038_D05_S010,Santa Cruz de Tenerife,5,10,113744.0,37405.0,42610.0,33950.0,1.255081001472754,2024
2023,20240101_38038_D05_S011,38038_D05_S011,Santa Cruz de Tenerife,5,11,53670.0,22061.0,26022.0,24850.0,1.0471629778672031,2024
2023,20240101_38038_D05_S012,38038_D05_S012,Santa Cruz de Tenerife,5,12,77351.0,28281.0,32779.0,27650.0,1.185497287522604,2024
2023,20240101_38038_D05_S013,38038_D05_S013,Santa Cruz de Tenerife,5,13,48306.0,17940.0,21978.0,18550.0,1.1847978436657682,2024
2023,20240101_38038_D05_S014,38038_D05_S014,Santa Cruz de Tenerife,5,14,46018.0,18177.0,21856.0,19250.0,1.1353766233766234,2024
2023,20240101_38038_D05_S015,38038_D05_S015,Santa Cruz de Tenerife,5,15,50850.0,21434.0,24671.0,22750.0,1.0844395604395605,2024
2023,20240101_38038_D06_S001,38038_D06_S001,Santa Cruz de Tenerife,6,1,54461.0,21834.0,25598.0,22050.0,1.160907029478458,2024
2023,20240101_38038_D06_S002,38038_D06_S002,Santa Cruz de Tenerife,6,2,69919.0,26383.0,30577.0,29050.0,1.052564543889845,2024
2023,20240101_38038_D06_S003,38038_D06_S003,Santa Cruz de Tenerife,6,3,30672.0,13606.0,16392.0,14350.0,1.1422996515679442,2024
2023,20240101_38038_D06_S004,38038_D06_S004,Santa Cruz de Tenerife,6,4,31877.0,13033.0,16502.0,14350.0,1.1499651567944251,2024
2023,20240101_38038_D06_S005,38038_D06_S005,Santa Cruz de Tenerife,6,5,45317.0,16994.0,20773.0,19250.0,1.0791168831168831,2024
2023,20240101_38038_D06_S006,38038_D06_S006,Santa Cruz de Tenerife,6,6,90426.0,29855.0,35467.0,30450.0,1.1647619047619047,2024
2023,20240101_38038_D06_S007,38038_D06_S007,Santa Cruz de Tenerife,6,7,57083.0,20365.0,24838.0,20650.0,1.2028087167070218,2024
2023,20240101_38038_D06_S008,38038_D06_S008,Santa Cruz de Tenerife,6,8,82304.0,28705.0,33965.0,27650.0,1.228390596745027,2024
2023,20240101_38038_D06_S010,38038_D06_S010,Santa Cruz de Tenerife,6,10,40734.0,15986.0,19617.0,16450.0,1.1925227963525835,2024
2023,20240101_38038_D06_S011,38038_D06_S011,Santa Cruz de Tenerife,6,11,39810.0,15156.0,18763.0,15750.0,1.1913015873015873,2024
2023,20240101_38038_D06_S012,38038_D06_S012,Santa Cruz de Tenerife,6,12,51159.0,20678.0,24797.0,22050.0,1.1245804988662131,2024
2023,20240101_38038_D06_S013,38038_D06_S013,Santa Cruz de Tenerife,6,13,60914.0,25484.0,29865.0,26250.0,1.1377142857142857,2024
2023,20240101_38038_D06_S014,38038_D06_S014,Santa Cruz de Tenerife,6,14,63901.0,19324.0,25467.0,24850.0,1.0248289738430583,2024
2023,20240101_38038_D06_S016,38038_D06_S016,Santa Cruz de Tenerife,6,16,27215.0,11010.0,14726.0,13650.0,1.0788278388278387,2024
2023,20240101_38038_D06_S017,38038_D06_S017,Santa Cruz de Tenerife,6,17,36122.0,14600.0,18231.0,15050.0,1.2113621262458472,2024
2023,20240101_38038_D06_S018,38038_D06_S018,Santa Cruz de Tenerife,6,18,44508.0,19576.0,23315.0,21350.0,1.0920374707259952,2024
2023,20240101_38038_D06_S019,38038_D06_S019,Santa Cruz de Tenerife,6,19,45601.0,17923.0,21234.0,17850.0,1.189579831932773,2024
2023,20240101_38038_D06_S020,38038_D06_S020,Santa Cruz de Tenerife,6,20,39019.0,14178.0,18146.0,16450.0,1.1031003039513678,2024
2023,20240101_38038_D06_S021,38038_D06_S021,Santa Cruz de Tenerife,6,21,41100.0,16490.0,20275.0,17150.0,1.1822157434402332,2024
2023,20240101_38038_D06_S022,38038_D06_S022,Santa Cruz de Tenerife,6,22,51231.0,21086.0,24809.0,23450.0,1.057953091684435,2024
2023,20240101_38038_D06_S023,38038_D06_S023,Santa Cruz de Tenerife,6,23,34709.0,13826.0,17569.0,15050.0,1.167375415282392,2024
2023,20240101_38038_D06_S025,38038_D06_S025,Santa Cruz de Tenerife,6,25,77087.0,27747.0,33103.0,30450.0,1.0871264367816091,2024
2023,20240101_38038_D06_S026,38038_D06_S026,Santa Cruz de Tenerife,6,26,25210.0,11409.0,14485.0,12950.0,1.1185328185328185,2024
2023,20240101_38038_D06_S028,38038_D06_S028,Santa Cruz de Tenerife,6,28,49203.0,19336.0,23342.0,22050.0,1.05859410430839,2024
2023,20240101_38038_D06_S029,38038_D06_S029,Santa Cruz de Tenerife,6,29,60633.0,21420.0,27029.0,25550.0,1.0578864970645792,2024
2023,20240101_38038_D07_S001,38038_D07_S001,Santa Cruz de Tenerife,7,1,50533.0,18476.0,22920.0,21350.0,1.073536299765808,2024
2023,20240101_38038_D07_S002,38038_D07_S002,Santa Cruz de Tenerife,7,2,38277.0,13999.0,18242.0,17150.0,1.0636734693877552,2024
2023,20240101_38038_D07_S003,38038_D07_S003,Santa Cruz de Tenerife,7,3,37211.0,15351.0,19536.0,17150.0,1.139125364431487,2024
2023,20240101_38038_D07_S004,38038_D07_S004,Santa Cruz de Tenerife,7,4,31378.0,11526.0,15876.0,15050.0,1.0548837209302326,2024
2023,20240101_38038_D07_S005,38038_D07_S005,Santa Cruz de Tenerife,7,5,35807.0,13423.0,17672.0,16450.0,1.0742857142857143,2024
2023,20240101_38038_D07_S006,38038_D07_S006,Santa Cruz de Tenerife,7,6,27025.0,11785.0,15099.0,13650.0,1.106153846153846,2024
2023,20240101_38038_D07_S007,38038_D07_S007,Santa Cruz de Tenerife,7,7,32215.0,13151.0,16911.0,15050.0,1.1236544850498338,2024
2023,20240101_38038_D07_S009,38038_D07_S009,Santa Cruz de Tenerife,7,9,38540.0,15410.0,19317.0,17150.0,1.1263556851311953,2024
2023,20240101_38038_D08_S001,38038_D08_S001,Santa Cruz de Tenerife,8,1,29449.0,13184.0,16643.0,15750.0,1.0566984126984127,2024
2023,20240101_38038_D09_S001,38038_D09_S001,Santa Cruz de Tenerife,9,1,29895.0,12971.0,16506.0,16450.0,1.003404255319149,2024
2023,20240101_38038_D09_S002,38038_D09_S002,Santa Cruz de Tenerife,9,2,28392.0,10804.0,14253.0,12250.0,1.1635102040816327,2024
2023,20240101_38038_D09_S003,38038_D09_S003,Santa Cruz de Tenerife,9,3,29548.0,12232.0,15650.0,14350.0,1.0905923344947734,2024
2023,20240101_38038_D09_S006,38038_D09_S006,Santa Cruz de Tenerife,9,6,32171.0,12879.0,16366.0,14700.0,1.1133333333333333,2024
2023,20240101_38038_D09_S007,38038_D09_S007,Santa Cruz de Tenerife,9,7,32961.0,12999.0,16975.0,16450.0,1.0319148936170213,2024
2023,20240101_38038_D09_S009,38038_D09_S009,Santa Cruz de Tenerife,9,9,28708.0,11094.0,14711.0,13650.0,1.0777289377289376,2024
2023,20240101_38038_D09_S010,38038_D09_S010,Santa Cruz de Tenerife,9,10,28715.0,11232.0,15072.0,14350.0,1.0503135888501742,2024
2023,20240101_38038_D09_S011,38038_D09_S011,Santa Cruz de Tenerife,9,11,26127.0,10923.0,14360.0,12950.0,1.108880308880309,2024
2023,20240101_38038_D09_S012,38038_D09_S012,Santa Cruz de Tenerife,9,12,33974.0,13142.0,16900.0,16450.0,1.027355623100304,2024
2023,20240101_38038_D09_S014,38038_D09_S014,Santa Cruz de Tenerife,9,14,27235.0,11553.0,14970.0,13650.0,1.0967032967032968,2024
2023,20240101_38038_D09_S015,38038_D09_S015,Santa Cruz de Tenerife,9,15,30384.0,12857.0,16218.0,14350.0,1.1301742160278745,2024
2023,20240101_38038_D09_S016,38038_D09_S016,Santa Cruz de Tenerife,9,16,30204.0,12110.0,15972.0,14350.0,1.1130313588850174,2024
2023,20240101_38038_D09_S018,38038_D09_S018,Santa Cruz de Tenerife,9,18,96186.0,12704.0,20351.0,20650.0,0.9855205811138015,2024
2023,20240101_38038_D09_S019,38038_D09_S019,Santa Cruz de Tenerife,9,19,35615.0,13776.0,17653.0,15750.0,1.1208253968253967,2024
2023,20240101_38038_D09_S021,38038_D09_S021,Santa Cruz de Tenerife,9,21,31809.0,13441.0,17089.0,15750.0,1.085015873015873,2024
2023,20240101_38038_D09_S022,38038_D09_S022,Santa Cruz de Tenerife,9,22,26631.0,11210.0,14448.0,12950.0,1.1156756756756756,2024
2023,20240101_38038_D10_S001,38038_D10_S001,Santa Cruz de Tenerife,10,1,31149.0,12575.0,16540.0,15750.0,1.05015873015873,2024
2023,20240101_38038_D10_S002,38038_D10_S002,Santa Cruz de Tenerife,10,2,30929.0,12761.0,16299.0,15050.0,1.0829900332225915,2024
2023,20240101_38038_D10_S003,38038_D10_S003,Santa Cruz de Tenerife,10,3,31968.0,13104.0,16882.0,15750.0,1.0718730158730159,2024
2023,20240101_38038_D10_S004,38038_D10_S004,Santa Cruz de Tenerife,10,4,28451.0,12735.0,16047.0,15750.0,1.018857142857143,2024
2023,20240101_38038_D10_S005,38038_D10_S005,Santa Cruz de Tenerife,10,5,29643.0,13024.0,16403.0,15750.0,1.0414603174603174,2024
2023,20240101_38038_D10_S006,38038_D10_S006,Santa Cruz de Tenerife,10,6,51170.0,19395.0,23682.0,19250.0,1.2302337662337661,2024
2023,20240101_38038_D10_S007,38038_D10_S007,Santa Cruz de Tenerife,10,7,42733.0,17822.0,21636.0,19600.0,1.1038775510204082,2024
2023,20240101_38038_D10_S008,38038_D10_S008,Santa Cruz de Tenerife,10,8,41222.0,15557.0,19608.0,17850.0,1.0984873949579832,2024
2023,20240101_38038_D10_S009,38038_D10_S009,Santa Cruz de Tenerife,10,9,37566.0,14302.0,18479.0,16450.0,1.1233434650455927,2024
2023,20240101_38038_D10_S010,38038_D10_S010,Santa Cruz de Tenerife,10,10,35181.0,12825.0,17098.0,15050.0,1.136079734219269,2024
2023,20240101_38038_D10_S011,38038_D10_S011,Santa Cruz de Tenerife,10,11,41365.0,16439.0,20577.0,19250.0,1.0689350649350648,2024
2023,20240101_38038_D10_S012,38038_D10_S012,Santa Cruz de Tenerife,10,12,32839.0,12257.0,16307.0,15050.0,1.0835215946843855,2024
2023,20240101_38038_D10_S013,38038_D10_S013,Santa Cruz de Tenerife,10,13,36389.0,14532.0,18331.0,17150.0,1.068862973760933,2024
2023,20240101_38038_D10_S014,38038_D10_S014,Santa Cruz de Tenerife,10,14,41277.0,15813.0,19842.0,19250.0,1.0307532467532468,2024
2023,20240101_38038_D10_S015,38038_D10_S015,Santa Cruz de Tenerife,10,15,47146.0,18073.0,22384.0,18550.0,1.2066846361185983,2024
2023,20240101_38038_D10_S016,38038_D10_S016,Santa Cruz de Tenerife,10,16,40342.0,16115.0,20094.0,17850.0,1.1257142857142857,2024
2023,20240101_38038_D11_S001,38038_D11_S001,Santa Cruz de Tenerife,11,1,31593.0,12057.0,15899.0,15050.0,1.0564119601328903,2024
2023,20240101_38038_D11_S002,38038_D11_S002,Santa Cruz de Tenerife,11,2,36626.0,14252.0,18233.0,17150.0,1.0631486880466472,2024
2023,20240101_38038_D11_S003,38038_D11_S003,Santa Cruz de Tenerife,11,3,40013.0,15574.0,19641.0,18550.0,1.0588140161725068,2024
2023,20240101_38038_D11_S004,38038_D11_S004,Santa Cruz de Tenerife,11,4,31511.0,12105.0,15945.0,15050.0,1.059468438538206,2024
2023,20240101_38038_D11_S005,38038_D11_S005,Santa Cruz de Tenerife,11,5,36355.0,14002.0,17884.0,16450.0,1.0871732522796353,2024
2023,20240101_38038_D11_S006,38038_D11_S006,Santa Cruz de Tenerife,11,6,34315.0,12801.0,17004.0,16100.0,1.0561490683229813,2024
2023,20240101_38038_D11_S007,38038_D11_S007,Santa Cruz de Tenerife,11,7,32834.0,12639.0,16570.0,15750.0,1.0520634920634921,2024
2023,20240101_38038_D11_S008,38038_D11_S008,Santa Cruz de Tenerife,11,8,40160.0,15203.0,19325.0,17850.0,1.0826330532212884,2024
2023,20240101_38038_D11_S009,38038_D11_S009,Santa Cruz de Tenerife,11,9,28652.0,10990.0,14589.0,13650.0,1.0687912087912088,2024
2023,20240101_38038_D11_S010,38038_D11_S010,Santa Cruz de Tenerife,11,10,34782.0,13289.0,17348.0,15750.0,1.1014603174603175,2024
2023,20240101_38038_D11_S011,38038_D11_S011,Santa Cruz de Tenerife,11,11,22675.0,8544.0,11992.0,11550.0,1.0382683982683982,2024
2023,20240101_38038_D11_S012,38038_D11_S012,Santa Cruz de Tenerife,11,12,25377.0,9437.0,13190.0,12250.0,1.076734693877551,2024
2023,20240101_38038_D11_S013,38038_D11_S013,Santa Cruz de Tenerife,11,13,40232.0,14934.0,19201.0,16450.0,1.1672340425531915,2024
2023,20240101_38038_D11_S014,38038_D11_S014,Santa Cruz de Tenerife,11,14,69222.0,22765.0,28287.0,26250.0,1.0776,2024
2023,20240101_38038_D11_S015,38038_D11_S015,Santa Cruz de Tenerife,11,15,35804.0,13220.0,17008.0,15750.0,1.0798730158730159,2024
2023,20240101_38038_D11_S016,38038_D11_S016,Santa Cruz de Tenerife,11,16,32819.0,12069.0,15968.0,14350.0,1.1127526132404182,2024
2023,20240101_38038_D11_S017,38038_D11_S017,Santa Cruz de Tenerife,11,17,30243.0,11406.0,15353.0,13650.0,1.1247619047619049,2024
2023,20240101_38038_D11_S018,38038_D11_S018,Santa Cruz de Tenerife,11,18,44070.0,16078.0,20348.0,19250.0,1.057038961038961,2024
2023,20240101_38038_D11_S019,38038_D11_S019,Santa Cruz de Tenerife,11,19,31460.0,12360.0,15858.0,14350.0,1.1050871080139373,2024
2023,20240101_38038_D11_S020,38038_D11_S020,Santa Cruz de Tenerife,11,20,36611.0,13891.0,17758.0,16450.0,1.0795136778115502,2024
2023,20240101_38038_D11_S021,38038_D11_S021,Santa Cruz de Tenerife,11,21,70671.0,25950.0,30742.0,27650.0,1.1118264014466546,2024
2023,20240101_38038_D12_S001,38038_D12_S001,Santa Cruz de Tenerife,12,1,44844.0,14823.0,19799.0,18550.0,1.0673315363881402,2024
2023,20240101_38038_D12_S002,38038_D12_S002,Santa Cruz de Tenerife,12,2,38885.0,13801.0,18061.0,16450.0,1.097933130699088,2024
2023,20240101_38038_D12_S003,38038_D12_S003,Santa Cruz de Tenerife,12,3,29230.0,12404.0,15848.0,14350.0,1.1043902439024391,2024
2023,20240101_38038_D12_S004,38038_D12_S004,Santa Cruz de Tenerife,12,4,38483.0,13550.0,17893.0,17150.0,1.0433236151603498,2024
2023,20240101_38038_D12_S005,38038_D12_S005,Santa Cruz de Tenerife,12,5,43487.0,14951.0,19695.0,18550.0,1.0617250673854448,2024
2023,20240101_38038_D12_S006,38038_D12_S006,Santa Cruz de Tenerife,12,6,36840.0,13563.0,17666.0,16450.0,1.0739209726443768,2024
2023,20240101_38038_D12_S007,38038_D12_S007,Santa Cruz de Tenerife,12,7,37431.0,13237.0,17756.0,16450.0,1.0793920972644377,2024
2023,20240101_38038_D12_S008,38038_D12_S008,Santa Cruz de Tenerife,12,8,40830.0,15343.0,19602.0,17850.0,1.0981512605042016,2024
2023,20240101_38038_D12_S009,38038_D12_S009,Santa Cruz de Tenerife,12,9,46832.0,16572.0,21212.0,19950.0,1.0632581453634085,2024
2023,20240101_38038_D12_S010,38038_D12_S010,Santa Cruz de Tenerife,12,10,42799.0,15561.0,19886.0,18550.0,1.072021563342318,2024
2023,20240101_38038_D12_S011,38038_D12_S011,Santa Cruz de Tenerife,12,11,35202.0,13059.0,16932.0,14350.0,1.1799303135888501,2024
2023,20240101_38039_D01_S001,38039_D01_S001,Santa Úrsula,1,1,31142.0,12405.0,16223.0,14350.0,1.1305226480836237,2024
2023,20240101_38039_D01_S002,38039_D01_S002,Santa Úrsula,1,2,29923.0,11632.0,15579.0,14350.0,1.0856445993031358,2024
2023,20240101_38039_D01_S003,38039_D01_S003,Santa Úrsula,1,3,32140.0,11470.0,15744.0,14350.0,1.0971428571428572,2024
2023,20240101_38039_D01_S004,38039_D01_S004,Santa Úrsula,1,4,47645.0,18364.0,22026.0,18550.0,1.1873854447439354,2024
2023,20240101_38039_D01_S005,38039_D01_S005,Santa Úrsula,1,5,33607.0,12693.0,16518.0,15050.0,1.0975415282392027,2024
2023,20240101_38039_D01_S006,38039_D01_S006,Santa Úrsula,1,6,36246.0,14306.0,17806.0,15750.0,1.1305396825396825,2024
2023,20240101_38039_D01_S007,38039_D01_S007,Santa Úrsula,1,7,38956.0,14973.0,18546.0,16450.0,1.1274164133738602,2024
2023,20240101_38039_D01_S008,38039_D01_S008,Santa Úrsula,1,8,37591.0,13838.0,18133.0,15750.0,1.1513015873015873,2024
2023,20240101_38039_D01_S009,38039_D01_S009,Santa Úrsula,1,9,57954.0,22977.0,26478.0,23450.0,1.1291257995735609,2024
2023,20240101_38040_D01_S001,38040_D01_S001,Santiago del Teide,1,1,37973.0,13306.0,18062.0,17150.0,1.0531778425655978,2024
2023,20240101_38040_D01_S002,38040_D01_S002,Santiago del Teide,1,2,36900.0,13878.0,16874.0,15050.0,1.1211960132890366,2024
2023,20240101_38040_D01_S003,38040_D01_S003,Santiago del Teide,1,3,38669.0,12612.0,17249.0,16450.0,1.0485714285714285,2024
2023,20240101_38040_D01_S004,38040_D01_S004,Santiago del Teide,1,4,37338.0,13387.0,17075.0,15050.0,1.1345514950166113,2024
2023,20240101_38041_D01_S001,38041_D01_S001,El Sauzal,1,1,60157.0,22323.0,27045.0,20650.0,1.309685230024213,2024
2023,20240101_38041_D01_S002,38041_D01_S002,El Sauzal,1,2,40694.0,14313.0,18976.0,17150.0,1.1064723032069972,2024
2023,20240101_38041_D01_S003,38041_D01_S003,El Sauzal,1,3,36596.0,12845.0,17183.0,15750.0,1.090984126984127,2024
2023,20240101_38041_D01_S004,38041_D01_S004,El Sauzal,1,4,59821.0,21398.0,25589.0,22750.0,1.1247912087912089,2024
2023,20240101_38041_D01_S005,38041_D01_S005,El Sauzal,1,5,45121.0,16931.0,20919.0,18550.0,1.1277088948787062,2024
2023,20240101_38041_D01_S006,38041_D01_S006,El Sauzal,1,6,39703.0,13586.0,18439.0,17150.0,1.0751603498542275,2024
2023,20240101_38042_D01_S001,38042_D01_S001,Los Silos,1,1,37718.0,13787.0,17879.0,15750.0,1.1351746031746033,2024
2023,20240101_38042_D01_S002,38042_D01_S002,Los Silos,1,2,31677.0,11812.0,15740.0,15050.0,1.0458471760797343,2024
2023,20240101_38042_D01_S003,38042_D01_S003,Los Silos,1,3,32742.0,11768.0,16195.0,15750.0,1.0282539682539682,2024
2023,20240101_38042_D01_S004,38042_D01_S004,Los Silos,1,4,38486.0,12905.0,17480.0,14350.0,1.2181184668989546,2024
2023,20240101_38043_D01_S001,38043_D01_S001,Tacoronte,1,1,44318.0,17397.0,21178.0,18550.0,1.1416711590296496,2024
2023,20240101_38043_D01_S002,38043_D01_S002,Tacoronte,1,2,47533.0,18222.0,22190.0,17850.0,1.2431372549019608,2024
2023,20240101_38043_D01_S003,38043_D01_S003,Tacoronte,1,3,50595.0,17169.0,22165.0,19250.0,1.1514285714285715,2024
2023,20240101_38043_D01_S004,38043_D01_S004,Tacoronte,1,4,35959.0,12261.0,16674.0,15050.0,1.107906976744186,2024
2023,20240101_38043_D01_S005,38043_D01_S005,Tacoronte,1,5,55839.0,19138.0,23423.0,17850.0,1.3122128851540615,2024
2023,20240101_38043_D01_S006,38043_D01_S006,Tacoronte,1,6,44263.0,16699.0,20606.0,17850.0,1.1543977591036414,2024
2023,20240101_38043_D01_S007,38043_D01_S007,Tacoronte,1,7,40800.0,14128.0,18686.0,17150.0,1.0895626822157434,2024
2023,20240101_38043_D01_S008,38043_D01_S008,Tacoronte,1,8,47103.0,17693.0,21963.0,19250.0,1.140935064935065,2024
2023,20240101_38043_D01_S009,38043_D01_S009,Tacoronte,1,9,39852.0,15835.0,19405.0,16100.0,1.20527950310559,2024
2023,20240101_38043_D01_S010,38043_D01_S010,Tacoronte,1,10,52722.0,19130.0,23888.0,19950.0,1.1973934837092732,2024
2023,20240101_38043_D01_S011,38043_D01_S011,Tacoronte,1,11,46959.0,17336.0,21558.0,19250.0,1.119896103896104,2024
2023,20240101_38043_D01_S012,38043_D01_S012,Tacoronte,1,12,38036.0,12860.0,17443.0,16450.0,1.0603647416413373,2024
2023,20240101_38043_D01_S013,38043_D01_S013,Tacoronte,1,13,41028.0,14634.0,18966.0,16450.0,1.1529483282674773,2024
2023,20240101_38043_D01_S014,38043_D01_S014,Tacoronte,1,14,64854.0,22783.0,27379.0,22050.0,1.2416780045351474,2024
2023,20240101_38043_D01_S015,38043_D01_S015,Tacoronte,1,15,44214.0,17011.0,21122.0,18550.0,1.1386522911051213,2024
2023,20240101_38044_D01_S001,38044_D01_S001,El Tanque,1,1,36846.0,13291.0,17675.0,15750.0,1.1222222222222222,2024
2023,20240101_38044_D01_S002,38044_D01_S002,El Tanque,1,2,32669.0,11487.0,15702.0,15050.0,1.0433222591362126,2024
2023,20240101_38045_D01_S001,38045_D01_S001,Tazacorte,1,1,35475.0,14375.0,19151.0,15750.0,1.2159365079365079,2024
2023,20240101_38045_D01_S002,38045_D01_S002,Tazacorte,1,2,35327.0,14734.0,19461.0,15750.0,1.2356190476190476,2024
2023,20240101_38045_D01_S003,38045_D01_S003,Tazacorte,1,3,32211.0,14054.0,18646.0,15750.0,1.183873015873016,2024
2023,20240101_38045_D01_S004,38045_D01_S004,Tazacorte,1,4,30414.0,11970.0,16576.0,15050.0,1.1013953488372092,2024
2023,20240101_38046_D01_S001,38046_D01_S001,Tegueste,1,1,57376.0,21271.0,25534.0,22050.0,1.1580045351473922,2024
2023,20240101_38046_D01_S002,38046_D01_S002,Tegueste,1,2,46109.0,16543.0,21417.0,19250.0,1.1125714285714285,2024
2023,20240101_38046_D01_S003,38046_D01_S003,Tegueste,1,3,48097.0,16908.0,21798.0,19950.0,1.0926315789473684,2024
2023,20240101_38046_D01_S004,38046_D01_S004,Tegueste,1,4,50586.0,17973.0,22706.0,19950.0,1.1381453634085212,2024
2023,20240101_38046_D01_S005,38046_D01_S005,Tegueste,1,5,58809.0,19988.0,24966.0,21350.0,1.169367681498829,2024
2023,20240101_38046_D01_S006,38046_D01_S006,Tegueste,1,6,69713.0,24270.0,29415.0,25550.0,1.1512720156555774,2024
2023,20240101_38046_D01_S007,38046_D01_S007,Tegueste,1,7,46340.0,17190.0,21523.0,19950.0,1.0788471177944863,2024
2023,20240101_38047_D01_S001,38047_D01_S001,Tijarafe,1,1,38044.0,16055.0,20898.0,17850.0,1.1707563025210084,2024
2023,20240101_38047_D01_S002,38047_D01_S002,Tijarafe,1,2,36031.0,14248.0,19655.0,17150.0,1.1460641399416909,2024
2023,20240101_38048_D01_S001,38048_D01_S001,Valverde,1,1,45197.0,18415.0,22184.0,19950.0,1.1119799498746867,2024
2023,20240101_38048_D01_S002,38048_D01_S002,Valverde,1,2,39604.0,16351.0,20066.0,17850.0,1.1241456582633054,2024
2023,20240101_38048_D01_S004,38048_D01_S004,Valverde,1,4,49452.0,21995.0,25200.0,22400.0,1.125,2024
2023,20240101_38049_D01_S001,38049_D01_S001,Valle Gran Rey,1,1,37477.0,15024.0,18799.0,15750.0,1.1935873015873015,2024
2023,20240101_38049_D01_S002,38049_D01_S002,Valle Gran Rey,1,2,34201.0,14187.0,17928.0,15750.0,1.1382857142857143,2024
2023,20240101_38050_D01_S001,38050_D01_S001,Vallehermoso,1,1,33636.0,14966.0,18660.0,17150.0,1.0880466472303207,2024
2023,20240101_38050_D03_S001,38050_D03_S001,Vallehermoso,3,1,25890.0,14019.0,16500.0,15750.0,1.0476190476190477,2024
2023,20240101_38051_D01_S001,38051_D01_S001,La Victoria de Acentejo,1,1,31562.0,12248.0,16008.0,15050.0,1.063654485049834,2024
2023,20240101_38051_D01_S002,38051_D01_S002,La Victoria de Acentejo,1,2,37242.0,13833.0,17742.0,15750.0,1.1264761904761904,2024
2023,20240101_38051_D01_S003,38051_D01_S003,La Victoria de Acentejo,1,3,30301.0,11296.0,15367.0,14350.0,1.0708710801393728,2024
2023,20240101_38051_D01_S004,38051_D01_S004,La Victoria de Acentejo,1,4,28808.0,11052.0,15069.0,14350.0,1.0501045296167248,2024
2023,20240101_38051_D01_S005,38051_D01_S005,La Victoria de Acentejo,1,5,34516.0,12890.0,16855.0,15750.0,1.07015873015873,2024
2023,20240101_38051_D01_S006,38051_D01_S006,La Victoria de Acentejo,1,6,34700.0,13121.0,17104.0,15750.0,1.085968253968254,2024
2023,20240101_38051_D01_S007,38051_D01_S007,La Victoria de Acentejo,1,7,35641.0,13648.0,17736.0,15750.0,1.126095238095238,2024
2023,20240101_38052_D01_S001,38052_D01_S001,Vilaflor de Chasna,1,1,38042.0,14940.0,18826.0,17150.0,1.097725947521866,2024
2023,20240101_38053_D01_S001,38053_D01_S001,Villa de Mazo,1,1,46956.0,17916.0,24114.0,19950.0,1.2087218045112782,2024
2023,20240101_38053_D01_S002,38053_D01_S002,Villa de Mazo,1,2,38885.0,14385.0,19441.0,15750.0,1.2343492063492063,2024
2023,20240101_38053_D01_S003,38053_D01_S003,Villa de Mazo,1,3,43556.0,15907.0,21752.0,18550.0,1.1726145552560647,2024
2023,20240101_38053_D01_S004,38053_D01_S004,Villa de Mazo,1,4,36883.0,14053.0,19130.0,15050.0,1.2710963455149502,2024
2023,20240101_38053_D01_S005,38053_D01_S005,Villa de Mazo,1,5,36834.0,13485.0,18885.0,17150.0,1.1011661807580175,2024
2023,20240101_38901_D01_S001,38901_D01_S001,El Pinar de El Hierro,1,1,38412.0,15389.0,19135.0,17150.0,1.1157434402332362,2024
